Case ID;Actual;Prefix Length;Prediction;Prediction Probability;SHAP Subset Stability;SHAP Weight Stability;SHAP Adjusted Weight Stability;MAPE Correctness;RMSE Correctness;R2 Correctness;Mode
1040_5;1;5;1;1.0;0.666189035716181;-2.8503529243612524;-2.8503529243612524;0.5967170901717613;0.5967181534798403;-0.5870964604012631;baseline_max
1048_5;0;5;1;0.9999988811106852;0.16467463479415667;-4.407735519025601;-4.407735519025601;0.38451181859690803;0.38451181859690803;-0.38451181859690803;baseline_max
1066_5;1;5;1;1.0;0.311624482648838;-5.4200180902234685;-5.4200180902234685;0.0983429900611681;0.0983429900611681;-0.0982637385171479;baseline_max
1076_5;1;5;1;1.0;0.3995226730310264;-4.200856048227715;-4.200856048227715;;;;baseline_max
1111_5;0;5;0;1.0;0.24808734459674853;-3.50685724327726;-3.50685724327726;0.006399451086178266;0.006399451086178266;-0.006399451086178266;baseline_max
1137_5;1;5;1;1.0;0.3326967960959051;-2.650853461121612;-2.650853461121612;0.08981289980880809;0.08981289980880809;-0.08976228498501357;baseline_max
933_5;0;5;1;1.0;0.24904489016236864;-5.339550101101554;-5.339550101101554;0.6057197023874092;0.6057197023874092;-0.6067521550033987;baseline_max
999_5;0;5;1;1.0;0.24904489016236864;-4.998777851098259;-4.998777851098259;0.5965339028910402;0.5965339028910402;-0.5869125511640982;baseline_max
