"Case ID;Actual;Prefix Length;Prediction;Prediction Probability;SHAP Subset Stability;SHAP Weight Stability;SHAP Adjusted Weight Stability";MAPE Correctness;RMSE Correctness;R2 Correctness;Mode
"1023_2;0;2;0;1.0;1.0;0.9993866274382264;0.9993866274382264";0.007478621796436696;0.007478621796436696;-0.007478621796436696;baseline_0
"1055_2;1;2;0;0.9999999301830964;1.0;0.9823282668032121;0.9823282668032121";0.026668530344938053;0.026668530344938053;-0.026668530344938053;baseline_0
"1098_2;0;2;0;1.0;1.0;0.9593389003197995;0.9593389003197995";0.007277853426062556;0.007277853426062556;-0.007277853426062556;baseline_0
"1104_2;1;2;0;1.0;1.0;0.9264145325731055;0.9264145325731055";;;;baseline_0
"928_2;0;2;0;1.0;1.0;0.9997422399166659;0.9997422399166659";0.007277853426062556;0.007277853426062556;-0.007277853426062556;baseline_0
"933_2;0;2;0;1.0;0.6492545260915867;-0.8470320138360716;-0.8470320138360716";0.038766622340130966;0.038766622340130966;-0.03874143219813572;baseline_0
"955_2;1;2;1;1.0;0.7266336135104776;0.5204394192249779;0.5204394192249779";0.047180567037922776;0.047180567037922776;-0.047180567037922776;baseline_0
"981_2;1;2;1;1.0;0.8746803750266354;0.29574149556018436;0.29574149556018436";;;;baseline_0
