"Case ID;Actual;Prefix Length;Prediction;Prediction Probability;SHAP Subset Stability;SHAP Weight Stability;SHAP Adjusted Weight Stability";MAPE Correctness;RMSE Correctness;R2 Correctness;Mode
"1040_5;1;5;1;1.0;0.666189035716181;-2.8503529243612524;-2.8503529243612524";;;;baseline_0
"1048_5;0;5;1;0.9999988811106852;0.16467463479415667;-4.407735519025601;-4.407735519025601";-0.16236827865065293;-0.16236827865065293;0.16236827865065293;baseline_0
"1066_5;1;5;1;1.0;0.311624482648838;-5.4200180902234685;-5.4200180902234685";;;;baseline_0
"1076_5;1;5;1;1.0;0.3995226730310264;-4.200856048227715;-4.200856048227715";;;;baseline_0
"1111_5;0;5;0;1.0;0.24808734459674853;-3.50685724327726;-3.50685724327726";0.006295796700962851;0.006295796700962851;-0.006295796700962851;baseline_0
"1137_5;1;5;1;1.0;0.3326967960959051;-2.650853461121612;-2.650853461121612";;;;baseline_0
"933_5;0;5;1;1.0;0.24904489016236864;-5.339550101101554;-5.339550101101554";;;;baseline_0
"999_5;0;5;1;1.0;0.24904489016236864;-4.998777851098259;-4.998777851098259";;;;baseline_0
