Case ID;Actual;Prefix Length;Prediction;Prediction Probability;SHAP Subset Stability;SHAP Weight Stability;SHAP Adjusted Weight Stability;MAPE Correctness;RMSE Correctness;R2 Correctness;Mode
1030_9;1;9;1;1.0;0.7092332630094103;-0.7889525679171829;-0.7889525679171829;;;;baseline_min
1038_9;0;9;0;1.0;1.0;0.9995542826404986;0.9995542826404986;;;;baseline_min
1119_9;1;9;1;1.0;0.9281594700026904;-1.7231317122238412;-1.7231317122238412;;;;baseline_min
1140_9;0;9;0;1.0;1.0;-0.6617969400268418;-0.6617969400268418;0.03683691268554429;0.03683691268554429;-0.03683691268554429;baseline_min
1142_9;0;9;1;1.0;0.9210977068011099;-1.4149063788139076;-1.4149063788139076;;;;baseline_min
916_9;0;9;1;1.0;0.6734714873603762;-2.004513485814779;-2.004513485814779;;;;baseline_min
941_9;1;9;1;1.0;0.6908969234386587;-2.126277582743808;-2.126277582743808;;;;baseline_min
969_9;1;9;1;1.0;0.6734714873603762;-2.8892843733314546;-2.8892843733314546;;;;baseline_min
