Case ID;Actual;Prefix Length;Prediction;Prediction Probability;SHAP Subset Stability;SHAP Weight Stability;SHAP Adjusted Weight Stability;MAPE Correctness;RMSE Correctness;R2 Correctness;Mode
1020_13;1;13;1;1.0;1.0;0.9981099358349703;0.9981099358349703;;;;baseline_mean
1023_13;0;13;1;1.0;0.9847552360607191;0.12462140171944747;0.12462140171944747;0.2184188414552965;0.2184188414552965;-0.2184188414552965;baseline_mean
1031_13;0;13;0;1.0;1.0;0.9997948784724411;0.9997948784724411;0.031096924280862727;0.031096924280862727;-0.031096924280862727;baseline_mean
1113_13;1;13;1;1.0;0.9847552360607191;0.3947586454834706;0.3947586454834706;;;;baseline_mean
1120_13;1;13;1;1.0;1.0;0.997143068770071;0.997143068770071;0.30680355813385884;0.30680355813385884;-0.30680355813385884;baseline_mean
940_13;0;13;0;1.0;1.0;0.9947147454977763;0.9947147454977763;0.03109688942776035;0.03109688942776035;-0.03109688942776035;baseline_mean
957_13;1;13;1;1.0;1.0;0.9992851495085879;0.9992851495085879;;;;baseline_mean
970_13;0;13;1;1.0;1.0;0.9882749482733444;0.9882749482733444;0.2184188414552965;0.2184188414552965;-0.2184188414552965;baseline_mean
