Case ID;Actual;Prefix Length;Prediction;Prediction Probability;SHAP Subset Stability;SHAP Weight Stability;SHAP Adjusted Weight Stability;MAPE Correctness;RMSE Correctness;R2 Correctness;Mode
1008_11;1;11;0;1.0;1.0;0.999552481867803;0.999552481867803;;;;baseline_mean
1028_11;1;11;1;1.0;0.9647018208469716;-1.0352789658336934;-1.0352789658336934;;;;baseline_mean
1034_11;0;11;1;1.0;0.9647018208469716;-0.5023644483139151;-0.5023644483139151;;;;baseline_mean
1038_11;0;11;0;1.0;1.0;0.35196893486981884;0.35196893486981884;;;;baseline_mean
1095_11;0;11;1;1.0;0.9820376382876382;-0.32095911037491076;-0.32095911037491076;;;;baseline_mean
1140_11;0;11;1;1.0;0.6923004297923565;-1.975193091107808;-1.975193091107808;0.03287721558775299;0.03287721558775299;-0.03287721558775299;baseline_mean
926_11;1;11;1;1.0;1.0;0.14004648225949667;0.14004648225949667;;;;baseline_mean
980_11;1;11;1;1.0;0.9820376382876382;-0.6155760662793499;-0.6155760662793499;;;;baseline_mean
