Case ID;Actual;Prefix Length;Prediction;Prediction Probability;SHAP Subset Stability;SHAP Weight Stability;SHAP Adjusted Weight Stability;MAPE Correctness;RMSE Correctness;R2 Correctness;Mode
1020_13;1;13;1;1.0;1.0;0.9981099358349703;0.9981099358349703;;;;baseline_0
1023_13;0;13;1;1.0;0.9847552360607191;0.12462140171944747;0.12462140171944747;;;;baseline_0
1031_13;0;13;0;1.0;1.0;0.9997948784724411;0.9997948784724411;0.0326797739307195;0.0326797739307195;-0.0326797739307195;baseline_0
1113_13;1;13;1;1.0;0.9847552360607191;0.3947586454834706;0.3947586454834706;;;;baseline_0
1120_13;1;13;1;1.0;1.0;0.997143068770071;0.997143068770071;0.031069379237332724;0.031069379237332724;-0.031069379237332724;baseline_0
940_13;0;13;0;1.0;1.0;0.9947147454977763;0.9947147454977763;0.03252485703199512;0.03252485703199512;-0.03252485703199512;baseline_0
957_13;1;13;1;1.0;1.0;0.9992851495085879;0.9992851495085879;;;;baseline_0
970_13;0;13;1;1.0;1.0;0.9882749482733444;0.9882749482733444;;;;baseline_0
