"Case ID;Actual;Prefix Length;Prediction;Prediction Probability;SHAP Subset Stability;SHAP Weight Stability;SHAP Adjusted Weight Stability";MAPE Correctness;RMSE Correctness;R2 Correctness;Mode
"1031_12;0;12;0;1.0;1.0;0.711936617325781;0.711936617325781";0.03154544519053556;0.03154544519053556;-0.03154544519053556;baseline_mean
"1057_12;1;12;1;1.0;1.0;0.8256001436935086;0.8256001436935086";;;;baseline_mean
"1098_12;0;12;1;1.0;0.9675437783452601;0.013694048827361027;0.013694048827361027";;;;baseline_mean
"1118_12;0;12;1;1.0;0.728664027709055;-0.8137019810224697;-0.8137019810224697";;;;baseline_mean
"1136_12;0;12;1;1.0;1.0;0.7870919804073087;0.7870919804073087";;;;baseline_mean
"1139_12;1;12;1;1.0;0.9675437783452601;0.35396836689227906;0.35396836689227906";;;;baseline_mean
"978_12;1;12;1;1.0;0.9528277053810326;0.527481345359253;0.527481345359253";0.031545437458678986;0.031545437458678986;-0.031545437458678986;baseline_mean
"986_12;1;12;1;1.0;0.9835074886233341;0.46147703297708;0.46147703297708";;;;baseline_mean
