Case ID;Actual;Prefix Length;Prediction;Prediction Probability;SHAP Subset Stability;SHAP Weight Stability;SHAP Adjusted Weight Stability;MAPE Correctness;RMSE Correctness;R2 Correctness;Mode
972.0;0.0;1.0;0.0;1.0;1.0;0.9999862648543066;0.9999862648543066;0.6717916369083035;0.6717916369083035;-0.6717916369083035;baseline_mean
991.0;1.0;1.0;0.0;1.0;1.0;0.9999792663756608;0.9999792663756608;0.668660778045043;0.668660778045043;-0.668660778045043;baseline_mean
1042.0;1.0;1.0;0.0;1.0;1.0;0.9999889744425398;0.9999889744425398;0.6717916369083035;0.6717916369083035;-0.6717916369083035;baseline_mean
1088.0;0.0;1.0;0.0;1.0;1.0;0.999980895233315;0.999980895233315;0.6717916369083035;0.6717916369083035;-0.6717916369083035;baseline_mean
1090.0;1.0;1.0;1.0;1.0;1.0;0.9999647291859303;0.9999647291859303;;;;baseline_mean
1102.0;0.0;1.0;1.0;1.0;1.0;0.9999635190803758;0.9999635190803758;;;;baseline_mean
1133.0;0.0;1.0;0.0;1.0;1.0;0.9999607896022012;0.9999607896022012;;;;baseline_mean
1137.0;1.0;1.0;1.0;1.0;1.0;0.9999673031543331;0.9999673031543331;;;;baseline_mean
