Case ID;Actual;Prefix Length;Prediction;Prediction Probability;SHAP Subset Stability;SHAP Weight Stability;SHAP Adjusted Weight Stability;MAPE Correctness;RMSE Correctness;R2 Correctness;Mode
1020_13;1;13;1;1.0;1.0;0.9981099358349703;0.9981099358349703;;;;baseline_max
1023_13;0;13;1;1.0;0.9847552360607191;0.12462140171944747;0.12462140171944747;0.5941362685403382;0.5941362685403382;-0.5938953970372047;baseline_max
1031_13;0;13;0;1.0;1.0;0.9997948784724411;0.9997948784724411;0.17444968730089314;0.17444968730089314;-0.17444968730089314;baseline_max
1113_13;1;13;1;1.0;0.9847552360607191;0.3947586454834706;0.3947586454834706;;;;baseline_max
1120_13;1;13;1;1.0;1.0;0.997143068770071;0.997143068770071;0.5841364950136084;0.5841364950136084;-0.583891978738527;baseline_max
940_13;0;13;0;1.0;1.0;0.9947147454977763;0.9947147454977763;0.17211387144691176;0.17211387144691176;-0.17211387144691176;baseline_max
957_13;1;13;1;1.0;1.0;0.9992851495085879;0.9992851495085879;;;;baseline_max
970_13;0;13;1;1.0;1.0;0.9882749482733444;0.9882749482733444;0.594088856899451;0.594088856899451;-0.5938479697447184;baseline_max
