"Case ID;Actual;Prefix Length;Prediction;Prediction Probability;SHAP Subset Stability;SHAP Weight Stability;SHAP Adjusted Weight Stability";MAPE Correctness;RMSE Correctness;R2 Correctness;Mode
"1030_9;1;9;1;1.0;0.7092332630094103;-0.7889525679171829;-0.7889525679171829";0.6109641081234382;0.6109641081234382;-0.6109641081234382;baseline_max
"1038_9;0;9;0;1.0;1.0;0.9995542826404986;0.9995542826404986";;;;baseline_max
"1119_9;1;9;1;1.0;0.9281594700026904;-1.7231317122238412;-1.7231317122238412";;;;baseline_max
"1140_9;0;9;0;1.0;1.0;-0.6617969400268418;-0.6617969400268418";0.12917204105889524;0.12917204105889524;-0.12917204105889524;baseline_max
"1142_9;0;9;1;1.0;0.9210977068011099;-1.4149063788139076;-1.4149063788139076";0.6123183901959982;0.6123183901959982;-0.6123183901959982;baseline_max
"916_9;0;9;1;1.0;0.6734714873603762;-2.004513485814779;-2.004513485814779";0.6108952503067804;0.6108952503067804;-0.6108952503067804;baseline_max
"941_9;1;9;1;1.0;0.6908969234386587;-2.126277582743808;-2.126277582743808";;;;baseline_max
"969_9;1;9;1;1.0;0.6734714873603762;-2.8892843733314546;-2.8892843733314546";;;;baseline_max
