Case ID;Actual;Prefix Length;Prediction;Prediction Probability;SHAP Subset Stability;SHAP Weight Stability;SHAP Adjusted Weight Stability;MAPE Correctness;RMSE Correctness;R2 Correctness;Mode
972.0;0.0;1.0;0.0;1.0;1.0;0.9999862648543066;0.9999862648543066;0.6717916369083035;0.6717916369083035;-0.6717916369083035;baseline_max
991.0;1.0;1.0;0.0;1.0;1.0;0.9999792663756608;0.9999792663756608;0.6401014086338185;0.6401014086338185;-0.6312140288840457;baseline_max
1042.0;1.0;1.0;0.0;1.0;1.0;0.9999889744425398;0.9999889744425398;0.6680799107912649;0.6680799107912649;-0.666391381523303;baseline_max
1088.0;0.0;1.0;0.0;1.0;1.0;0.999980895233315;0.999980895233315;0.6442957361132724;0.6442986165307181;-0.6345737047667644;baseline_max
1090.0;1.0;1.0;1.0;1.0;1.0;0.9999647291859303;0.9999647291859303;-0.304063233900072;-0.304063233900072;0.304063233900072;baseline_max
1102.0;0.0;1.0;1.0;1.0;1.0;0.9999635190803758;0.9999635190803758;-0.30120127130345775;-0.30120127130345775;0.30120127130345775;baseline_max
1133.0;0.0;1.0;0.0;1.0;1.0;0.9999607896022012;0.9999607896022012;;;;baseline_max
1137.0;1.0;1.0;1.0;1.0;1.0;0.9999673031543331;0.9999673031543331;-0.29539575192222794;-0.29539575192222794;0.29539575192222794;baseline_max
