"Case ID;Actual;Prefix Length;Prediction;Prediction Probability;SHAP Subset Stability;SHAP Weight Stability;SHAP Adjusted Weight Stability";MAPE Correctness;RMSE Correctness;R2 Correctness;Mode
"1023_2;0;2;0;1.0;1.0;0.9993866274382264;0.9993866274382264";0.5237194306559164;0.5237194306559164;-0.5125538396510841;baseline_max
"1055_2;1;2;0;0.9999999301830964;1.0;0.9823282668032121;0.9823282668032121";0.43880134853889213;0.43880134853889213;-0.43880134853889213;baseline_max
"1098_2;0;2;0;1.0;1.0;0.9593389003197995;0.9593389003197995";0.5188228840325516;0.5188228840325516;-0.5075817182369343;baseline_max
"1104_2;1;2;0;1.0;1.0;0.9264145325731055;0.9264145325731055";0.21404161126522814;0.21404161126522814;-0.2130786272605859;baseline_max
"928_2;0;2;0;1.0;1.0;0.9997422399166659;0.9997422399166659";0.5188228840325516;0.5188228840325516;-0.5075817182369343;baseline_max
"933_2;0;2;0;1.0;0.6492545260915867;-0.8470320138360716;-0.8470320138360716";0.6011953135473284;0.6011953135473284;-0.5854686914964055;baseline_max
"955_2;1;2;1;1.0;0.7266336135104776;0.5204394192249779;0.5204394192249779";-0.23533940764844286;-0.23533940764844286;0.24412729299329972;baseline_max
"981_2;1;2;1;1.0;0.8746803750266354;0.29574149556018436;0.29574149556018436";;;;baseline_max
