"Case ID;Actual;Prefix Length;Prediction;Prediction Probability;SHAP Subset Stability;SHAP Weight Stability;SHAP Adjusted Weight Stability";MAPE Correctness;RMSE Correctness;R2 Correctness;Mode
"1057_7;1;7;1;1.0;0.418029891304348;-3.5187577233370373;-3.5187577233370373";;;;baseline_min
"1058_7;1;7;1;1.0;0.972086149287129;-0.5848284206180177;-0.5848284206180177";;;;baseline_min
"1063_7;1;7;1;1.0;0.6987763426240652;-0.8786148745934912;-0.8786148745934912";;;;baseline_min
"1069_7;0;7;0;1.0;0.8528415431213136;-4.150584760379002;-4.150584760379002";0.03490017368149083;0.03490017368149083;-0.03490017368149083;baseline_min
"1071_7;1;7;1;1.0;0.20848993240636216;-2.6103526901662035;-2.6103526901662035";;;;baseline_min
"1106_7;0;7;1;1.0;0.6704470114239087;-2.5474675848747115;-2.5474675848747115";;;;baseline_min
"1135_7;0;7;1;1.0;0.6499509512975237;-2.7443631231437204;-2.7443631231437204";;;;baseline_min
"934_7;0;7;1;1.0;0.6547540119679043;-2.5530583428322635;-2.5530583428322635";;;;baseline_min
