Case ID;Actual;Prefix Length;Prediction;Prediction Probability;SHAP Subset Stability;SHAP Weight Stability;SHAP Adjusted Weight Stability;MAPE Correctness;RMSE Correctness;R2 Correctness;Mode
1020_13;1;13;1;1.0;1.0;0.9981099358349703;0.9981099358349703;;;;permutation
1023_13;0;13;1;1.0;0.9847552360607191;0.12462140171944747;0.12462140171944747;0.5444081962900628;0.5447646989426218;-0.5938953970372047;permutation
1031_13;0;13;0;1.0;1.0;0.9997948784724411;0.9997948784724411;0.0323306875382813;0.0323306875382813;-0.03233774628097066;permutation
1113_13;1;13;1;1.0;0.9847552360607191;0.3947586454834706;0.3947586454834706;;;;permutation
1120_13;1;13;1;1.0;1.0;0.997143068770071;0.997143068770071;0.5371427807300629;0.537199344565555;-0.5850931840493764;permutation
940_13;0;13;0;1.0;1.0;0.9947147454977763;0.9947147454977763;0.03217583573350403;0.03217583573350403;-0.032182829765587236;permutation
957_13;1;13;1;1.0;1.0;0.9992851495085879;0.9992851495085879;;;;permutation
970_13;0;13;1;1.0;1.0;0.9882749482733444;0.9882749482733444;0.5444043870894568;0.5449567103592985;-0.5938479697447184;permutation
