"Case ID;Actual;Prefix Length;Prediction;Prediction Probability;SHAP Subset Stability;SHAP Weight Stability;SHAP Adjusted Weight Stability";MAPE Correctness;RMSE Correctness;R2 Correctness;Mode
"1011_10;0;10;1;1.0;0.4981771984091914;-2.3456746264876056;-2.3456746264876056";0.5351902218414278;0.5352857476815343;-0.5933191387595373;permutation
"1028_10;1;10;1;1.0;0.9613170511543145;-0.9010753135734615;-0.9010753135734615";;;;permutation
"1079_10;0;10;1;1.0;0.4996695671329442;-0.2733237828573716;-0.2733237828573716";0.535289101343317;0.5355273165161778;-0.5933270510061851;permutation
"1132_10;1;10;1;1.0;0.7145265004876773;-0.42701771523331633;-0.42701771523331633";;;;permutation
"923_10;0;10;1;1.0;0.7487833204291561;-0.5561161324264792;-0.5561161324264792";;;;permutation
"932_10;0;10;1;1.0;0.28078790553961597;-0.5402783800928652;-0.5402783800928652";0.5343901879615407;0.5343888887364202;-0.5924315412617245;permutation
"938_10;1;10;1;1.0;0.7249187743216274;-0.6239912933086533;-0.6239912933086533";;;;permutation
"943_10;1;10;1;1.0;0.9359760394644115;-1.0292901741879348;-1.0292901741879348";;;;permutation
