Case ID;Actual;Prefix Length;Prediction;Prediction Probability;SHAP Subset Stability;SHAP Weight Stability;SHAP Adjusted Weight Stability;MAPE Correctness;RMSE Correctness;R2 Correctness;Mode
1008_11;1;11;0;1.0;1.0;0.999552481867803;0.999552481867803;;;;permutation
1028_11;1;11;1;1.0;0.9647018208469716;-1.0352789658336934;-1.0352789658336934;;;;permutation
1034_11;0;11;1;1.0;0.9647018208469716;-0.5023644483139151;-0.5023644483139151;0.5439331926685721;0.5439455104670086;-0.5952724640914854;permutation
1038_11;0;11;0;1.0;1.0;0.35196893486981884;0.35196893486981884;;;;permutation
1095_11;0;11;1;1.0;0.9820376382876382;-0.32095911037491076;-0.32095911037491076;;;;permutation
1140_11;0;11;1;1.0;0.6923004297923565;-1.975193091107808;-1.975193091107808;0.5439000585653329;0.5438092790537262;-0.596363009030095;permutation
926_11;1;11;1;1.0;1.0;0.14004648225949667;0.14004648225949667;;;;permutation
980_11;1;11;1;1.0;0.9820376382876382;-0.6155760662793499;-0.6155760662793499;;;;permutation
