"Case ID;Actual;Prefix Length;Prediction;Prediction Probability;SHAP Subset Stability;SHAP Weight Stability;SHAP Adjusted Weight Stability";MAPE Correctness;RMSE Correctness;R2 Correctness;Mode
"972.0;0.0;1.0;0.0;1.0;1.0;0.9999862648543066;0.9999862648543066";0.6114724601033585;0.6118979746799387;-0.6717916369083035;permutation
"991.0;1.0;1.0;0.0;1.0;1.0;0.9999792663756608;0.9999792663756608";0.591841806284587;0.5926365630448518;-0.6312140288840457;permutation
"1042.0;1.0;1.0;0.0;1.0;1.0;0.9999889744425398;0.9999889744425398";0.6119311620507734;0.6118440412586954;-0.666391381523303;permutation
"1088.0;0.0;1.0;0.0;1.0;1.0;0.999980895233315;0.999980895233315";0.594756360543417;0.5953093401108537;-0.6345737047667644;permutation
"1090.0;1.0;1.0;1.0;1.0;1.0;0.9999647291859303;0.9999647291859303";0.04924676473144815;0.04924676473144815;-0.04931195128562584;permutation
"1102.0;0.0;1.0;1.0;1.0;1.0;0.9999635190803758;0.9999635190803758";0.04939158878940524;0.04939158878940524;-0.04945686560384119;permutation
"1133.0;0.0;1.0;0.0;1.0;1.0;0.9999607896022012;0.9999607896022012";;;;permutation
"1137.0;1.0;1.0;1.0;1.0;1.0;0.9999673031543331;0.9999673031543331";0.025130740614336785;0.025130740614336785;-0.02509507824371033;permutation
