"Case ID;Actual;Prefix Length;Prediction;Prediction Probability;SHAP Subset Stability;SHAP Weight Stability;SHAP Adjusted Weight Stability";MAPE Correctness;RMSE Correctness;R2 Correctness;Mode
"1040_5;1;5;1;1.0;0.666189035716181;-2.8503529243612524;-2.8503529243612524";0.5419180215015784;0.5418255857120026;-0.5870964604012631;permutation
"1048_5;0;5;1;0.9999988811106852;0.16467463479415667;-4.407735519025601;-4.407735519025601";0.3819485820359804;0.3769474969405991;-0.3769474969405991;permutation
"1066_5;1;5;1;1.0;0.311624482648838;-5.4200180902234685;-5.4200180902234685";0.08033449256552544;0.08033449256552544;-0.08031816764519509;permutation
"1076_5;1;5;1;1.0;0.3995226730310264;-4.200856048227715;-4.200856048227715";;;;permutation
"1111_5;0;5;0;1.0;0.24808734459674853;-3.50685724327726;-3.50685724327726";0.02472036152864852;0.024523291778299865;-0.007035460078490707;permutation
"1137_5;1;5;1;1.0;0.3326967960959051;-2.650853461121612;-2.650853461121612";0.08033449256552544;0.08033449256552544;-0.08031816764519509;permutation
"933_5;0;5;1;1.0;0.24904489016236864;-5.339550101101554;-5.339550101101554";0.5486012202687616;0.5483388081070435;-0.6067521550033987;permutation
"999_5;0;5;1;1.0;0.24904489016236864;-4.998777851098259;-4.998777851098259";0.5417463550352233;0.5418519959375956;-0.5869125511640982;permutation
