Case ID;Actual;Prefix Length;Prediction;Prediction Probability;SHAP Subset Stability;SHAP Weight Stability;SHAP Adjusted Weight Stability;MAPE Correctness;RMSE Correctness;R2 Correctness;Mode
1025_6;0;6;1;1.0;0.9238751552546176;-1.5308196675399364;-1.5308196675399364;0.5588155483170495;0.5594291578556154;-0.6202426836418174;permutation
1089_6;0;6;0;1.0;0.9086501863055411;-2.3591656553142566;-2.3591656553142566;0.008909293819993369;0.008909293819993369;-0.00884734248901771;permutation
1095_6;0;6;1;1.0;0.6653456627036548;-2.905449696892466;-2.905449696892466;;;;permutation
1115_6;1;6;1;1.0;1.0;0.7234645753315904;0.7234645753315904;;;;permutation
1122_6;1;6;0;1.0;1.0;0.9997236106959112;0.9997236106959112;;;;permutation
1127_6;1;6;1;1.0;0.6839375703312296;-1.783375372271364;-1.783375372271364;0.5595548235233843;0.5604457071352363;-0.62173770547199;permutation
946_6;1;6;1;1.0;0.7189728539985327;-1.3055492768769725;-1.3055492768769725;;;;permutation
973_6;0;6;0;1.0;1.0;0.9997425159657906;0.9997425159657906;;;;permutation
