"Case ID;Actual;Prefix Length;Prediction;Prediction Probability;SHAP Subset Stability;SHAP Weight Stability;SHAP Adjusted Weight Stability";MAPE Correctness;RMSE Correctness;R2 Correctness;Mode
"1080_4;0;4;1;1.0;0.8331590869489458;-5.118887871043089;-5.118887871043089";-0.03372828243924174;-0.033601751055112254;0.11159299416431308;permutation
"1081_4;1;4;0;1.0;1.0;0.5483821006124479;0.5483821006124479";;;;permutation
"1084_4;0;4;1;1.0;0.5618899250479343;-8.638221750700836;-8.638221750700836";-0.03372444815487417;-0.033532733936496174;0.11159299416431308;permutation
"921_4;0;4;1;1.0;0.1993031358885018;-7.828459551773138;-7.828459551773138";0.015687056238506775;0.015584993413272508;-0.002135582407890634;permutation
"949_4;1;4;0;1.0;0.39947735191637634;-7.870717341822729;-7.870717341822729";0.5571441253215836;0.5571482342055788;-0.6005251930600499;permutation
"953_4;0;4;0;1.0;1.0;0.9608312541246173;0.9608312541246173";0.5108980894189924;0.5109968180595205;-0.5681876654915721;permutation
"981_4;1;4;1;1.0;0.3805198406178114;-2.281429031407196;-2.281429031407196";;;;permutation
"990_4;1;4;1;1.0;0.7854528705870637;-4.96106084397891;-4.96106084397891";-0.01725654090687416;-0.01733863114564284;0.07408431320457558;permutation
