Case ID;Actual;Prefix Length;Prediction;Prediction Probability;SHAP Subset Stability;SHAP Weight Stability;SHAP Adjusted Weight Stability;MAPE Correctness;RMSE Correctness;R2 Correctness;Mode
1031_12;0;12;0;1.0;1.0;0.711936617325781;0.711936617325781;0.15835706412763345;0.15837474561777834;-0.15893416940321134;permutation
1057_12;1;12;1;1.0;1.0;0.8256001436935086;0.8256001436935086;;;;permutation
1098_12;0;12;1;1.0;0.9675437783452601;0.013694048827361027;0.013694048827361027;0.5307963576066373;0.5307733240984184;-0.5883581719965038;permutation
1118_12;0;12;1;1.0;0.728664027709055;-0.8137019810224697;-0.8137019810224697;;;;permutation
1136_12;0;12;1;1.0;1.0;0.7870919804073087;0.7870919804073087;0.5309589470764178;0.530880362166024;-0.5883581719965038;permutation
1139_12;1;12;1;1.0;0.9675437783452601;0.35396836689227906;0.35396836689227906;;;;permutation
978_12;1;12;1;1.0;0.9528277053810326;0.527481345359253;0.527481345359253;0.5319790948988589;0.5319194002436747;-0.5865322374692798;permutation
986_12;1;12;1;1.0;0.9835074886233341;0.46147703297708;0.46147703297708;;;;permutation
