Case ID;Actual;Prefix Length;Prediction;Prediction Probability;SHAP Subset Stability;SHAP Weight Stability;SHAP Adjusted Weight Stability;MAPE Correctness;RMSE Correctness;R2 Correctness;Mode
1023_2;0;2;0;1.0;1.0;0.9993866274382264;0.9993866274382264;0.47424338657217996;0.4745902642925536;-0.5129062133073873;permutation
1055_2;1;2;0;0.9999999301830964;1.0;0.9823282668032121;0.9823282668032121;0.4251142752448104;0.4244987477796058;-0.4244987477796058;permutation
1098_2;0;2;0;1.0;1.0;0.9593389003197995;0.9593389003197995;0.468693343046201;0.4689730831432765;-0.5079222529821937;permutation
1104_2;1;2;0;1.0;1.0;0.9264145325731055;0.9264145325731055;0.21326616735684226;0.21324511234969873;-0.2130786272605859;permutation
928_2;0;2;0;1.0;1.0;0.9997422399166659;0.9997422399166659;0.46854787819572175;0.4689786779452181;-0.5079222529821937;permutation
933_2;0;2;0;1.0;0.6492545260915867;-0.8470320138360716;-0.8470320138360716;0.5282716404490757;0.528722502537169;-0.5885070074407688;permutation
955_2;1;2;1;1.0;0.7266336135104776;0.5204394192249779;0.5204394192249779;-0.1830112459505169;-0.18296523070835133;0.24089519705209692;permutation
981_2;1;2;1;1.0;0.8746803750266354;0.29574149556018436;0.29574149556018436;;;;permutation
