Case ID;Actual;Prefix Length;Prediction;Prediction Probability;SHAP Subset Stability;SHAP Weight Stability;SHAP Adjusted Weight Stability;LIME Precision;LIME Recall;LIME Correlation
1015_8;0;8;0;1.0;0.8994314592545799;-3.1368296476480872;-3.1368296476480872;0.0;0.0;0.5922814230099039
1029_8;0;8;0;1.0;0.21754253308128524;-2.905738335208237;-2.905738335208237;0.0;0.0;0.5947145521703917
1036_8;1;8;1;1.0;0.7273726904010815;-2.358775489900312;-2.358775489900312;0.0;0.0;0.600418922673155
1064_8;1;8;1;1.0;0.4827039156545906;-3.917688320812196;-3.917688320812196;0.0;0.0;0.5966550189651815
1066_8;1;8;1;1.0;0.6562537370945668;-2.1640147229754416;-2.1640147229754416;0.0;0.0;0.598818311711264
1091_8;1;8;1;1.0;0.1795506081220366;-4.895383054813607;-4.895383054813607;0.0;0.0;0.5980883000634009
1108_8;0;8;1;1.0;0.3320746800923011;-4.294232404768771;-4.294232404768771;0.0;0.0;0.5974799982311219
1124_8;0;8;1;1.0;0.4494688749750813;-3.8827973348439047;-3.8827973348439047;0.0;0.0;0.5968556462185716
