Case ID;Actual;Prefix Length;Prediction;Prediction Probability;SHAP Subset Stability;SHAP Weight Stability;SHAP Adjusted Weight Stability;LIME Precision;LIME Recall;LIME Correlation;SHAP Precision;SHAP Recall;SHAP Correlation
1023_2;0;2;0;1.0;1.0;0.9993866274382264;0.9993866274382264;0.0;0.0;0.5389610395433119;0.0;0.0;-0.10695811693800103
1055_2;1;2;0;0.9999999301830964;1.0;0.982328266803212;0.982328266803212;0.0;0.0;0.5386000506541756;0.0;0.0;-0.1142928021251643
1098_2;0;2;0;1.0;1.0;0.9593389003197996;0.9593389003197996;0.0;0.0;0.5314265534982601;0.0;0.0;-0.08948785340934079
1104_2;1;2;0;1.0;1.0;0.9264145325731056;0.9264145325731056;0.0;0.0;0.5342980498960774;1.0;1.0;-0.08374337999860328
928_2;0;2;0;1.0;1.0;0.999742239916666;0.999742239916666;0.0;0.0;0.5312321748656482;0.0;0.0;-0.08858353935616553
933_2;0;2;0;1.0;0.6492545260915867;-0.8470320138360716;-0.8470320138360716;0.0;0.0;0.5456456300173803;1.0;1.0;-0.11395835048647616
955_2;1;2;1;1.0;0.7266336135104776;0.5204394192249779;0.5204394192249779;0.0;0.0;0.5376651819925659;1.0;1.0;-0.08516983741892385
981_2;1;2;1;1.0;0.8746803750266354;0.2957414955601844;0.2957414955601844;0.0;0.0;0.5436144028759776;1.0;0.3333333333333333;-0.08966707817783275
