Case ID;Actual;Prefix Length;Prediction;Prediction Probability;SHAP Subset Stability;SHAP Weight Stability;SHAP Adjusted Weight Stability;LIME Precision;LIME Recall;LIME Correlation
1008_11;1;11;0;1.0;1.0;0.999552481867803;0.999552481867803;0.0;0.0;0.5851256091533137
1028_11;1;11;1;1.0;0.9647018208469716;-1.0352789658336934;-1.0352789658336934;0.0;0.0;0.6319200317023758
1034_11;0;11;1;1.0;0.9647018208469716;-0.5023644483139151;-0.5023644483139151;0.0;0.0;0.6266083232220754
1038_11;0;11;0;1.0;1.0;0.35196893486981884;0.35196893486981884;0.0;0.0;0.5897155853032704
1095_11;0;11;1;1.0;0.9820376382876382;-0.3209591103749108;-0.3209591103749108;0.0;0.0;0.6147417570138172
1140_11;0;11;1;1.0;0.6923004297923565;-1.9751930911078082;-1.9751930911078082;0.0;0.0;0.6239119638697146
926_11;1;11;1;1.0;1.0;0.14004648225949667;0.14004648225949667;0.0;0.0;0.62628778926102
980_11;1;11;1;1.0;0.9820376382876382;-0.6155760662793499;-0.6155760662793499;0.0;0.0;0.6301469299291382
