Case ID;Actual;Prefix Length;Prediction;Prediction Probability;SHAP Subset Stability;SHAP Weight Stability;SHAP Adjusted Weight Stability;LIME Precision;LIME Recall;LIME Correlation;SHAP Precision;SHAP Recall;SHAP Correlation
1008_11;1;11;0;1.0;1.0;0.999552481867803;0.999552481867803;0.0;0.0;0.5851256091533137;1.0;0.08333333333333333;-0.006984661050183754
1028_11;1;11;1;1.0;0.9647018208469716;-1.0352789658336934;-1.0352789658336934;0.0;0.0;0.6319200317023758;1.0;0.5;-0.10150986667591985
1034_11;0;11;1;1.0;0.9647018208469716;-0.5023644483139151;-0.5023644483139151;0.0;0.0;0.6266083232220754;0.0;0.0;-0.10761921214003145
1038_11;0;11;0;1.0;1.0;0.3519689348698188;0.3519689348698188;0.0;0.0;0.5897155853032704;1.0;0.1;-0.041197993432378885
1095_11;0;11;1;1.0;0.9820376382876382;-0.3209591103749108;-0.3209591103749108;0.0;0.0;0.6147417570138172;1.0;1.0;-0.08153559281857982
1140_11;0;11;1;1.0;0.6923004297923565;-1.975193091107808;-1.975193091107808;0.0;0.0;0.6239119638697146;1.0;0.5;-0.09409659568689391
926_11;1;11;1;1.0;1.0;0.1400464822594966;0.1400464822594966;0.0;0.0;0.62628778926102;1.0;0.5;-0.05132299578289327
980_11;1;11;1;1.0;0.9820376382876382;-0.6155760662793499;-0.6155760662793499;0.0;0.0;0.6301469299291382;1.0;1.0;-0.07217080625137363
