Case ID;Actual;Prefix Length;Prediction;Prediction Probability;SHAP Subset Stability;SHAP Weight Stability;SHAP Adjusted Weight Stability;LIME Precision;LIME Recall;LIME Correlation
1010_14;0;14;1;1.0;0.7866241951733484;0.6184087332061654;0.6184087332061654;0.0;0.0;0.5841269978035826
1022_14;0;14;1;1.0;0.9720428982735088;0.3153798520141691;0.3153798520141691;0.0;0.0;0.5843775478041358
1040_14;1;14;1;1.0;0.9720428982735088;0.01883196779718166;0.01883196779718166;0.0;0.0;0.5810290517741398
1057_14;1;14;1;1.0;0.7151440513509479;0.010323686493787121;0.010323686493787121;0.0;0.0;0.5791560641302235
919_14;0;14;1;1.0;0.7866241951733484;0.6549983806874657;0.6549983806874657;0.0;0.0;0.5820261226585607
954_14;1;14;1;1.0;0.7103419278256937;-0.4532491763612303;-0.4532491763612303;0.0;0.0;0.5585441362997027
967_14;0;14;0;1.0;1.0;0.814789824836226;0.814789824836226;0.0;0.0;0.5600990187094081
995_14;1;14;1;1.0;0.9602572333605562;0.6789769271823036;0.6789769271823036;0.0;0.0;0.5801382048361154
