Case ID;Actual;Prefix Length;Prediction;Prediction Probability;SHAP Subset Stability;SHAP Weight Stability;SHAP Adjusted Weight Stability;LIME Precision;LIME Recall;LIME Correlation;SHAP Precision;SHAP Recall;SHAP Correlation
1057_7;1;7;1;1.0;0.418029891304348;-3.5187577233370373;-3.5187577233370373;0.0;0.0;0.5984816260711715;0.0;0.0;-0.0819223952315901
1058_7;1;7;1;1.0;0.972086149287129;-0.5848284206180177;-0.5848284206180177;0.0;0.0;0.5978174279777884;1.0;1.0;-0.0815009199498747
1063_7;1;7;1;1.0;0.6987763426240652;-0.8786148745934912;-0.8786148745934912;0.0;0.0;0.5984036279258604;1.0;1.0;-0.06629026258764174
1069_7;0;7;0;1.0;0.8528415431213136;-4.150584760379002;-4.150584760379002;0.5;1.0;0.5986624435990711;1.0;1.0;-0.04390387936593252
1071_7;1;7;1;1.0;0.2084899324063621;-2.6103526901662035;-2.6103526901662035;0.0;0.0;0.596704382617296;0.0;0.0;-0.07763283500057436
1106_7;0;7;1;1.0;0.6704470114239087;-2.5474675848747115;-2.5474675848747115;0.0;0.0;0.5935306009426113;0.0;0.0;-0.0966574269773718
1135_7;0;7;1;1.0;0.6499509512975237;-2.7443631231437204;-2.7443631231437204;0.0;0.0;0.59504478540196;0.5;1.0;-0.1479077892764085
934_7;0;7;1;1.0;0.6547540119679043;-2.5530583428322635;-2.5530583428322635;0.0;0.0;0.5985101299443294;0.0;0.0;-0.09710325164494334
