Case ID;Actual;Prefix Length;Prediction;Prediction Probability;SHAP Subset Stability;SHAP Weight Stability;SHAP Adjusted Weight Stability;LIME Precision;LIME Recall;LIME Correlation;SHAP Precision;SHAP Recall;SHAP Correlation
1040_5;1;5;1;1.0;0.666189035716181;-2.8503529243612524;-2.8503529243612524;0.0;0.0;0.5807412886741887;1.0;1.0;-0.2273687003313687
1048_5;0;5;1;0.9999988811106852;0.1646746347941566;-4.407735519025602;-4.407735519025602;0.0;0.0;0.5797653789356776;1.0;1.0;-0.25207564969427765
1066_5;1;5;1;1.0;0.311624482648838;-5.4200180902234685;-5.4200180902234685;0.0;0.0;0.5764868295462202;1.0;1.0;-0.19823316568099061
1076_5;1;5;1;1.0;0.3995226730310264;-4.200856048227715;-4.200856048227715;0.0;0.0;0.5666714177713092;1.0;1.0;-0.15957036555600543
1111_5;0;5;0;1.0;0.2480873445967485;-3.50685724327726;-3.50685724327726;0.0;0.0;0.5676599189899367;1.0;1.0;-0.12738063520367354
1137_5;1;5;1;1.0;0.3326967960959051;-2.650853461121612;-2.650853461121612;0.0;0.0;0.5769661639976362;1.0;1.0;-0.20901605179164595
933_5;0;5;1;1.0;0.2490448901623686;-5.339550101101554;-5.339550101101554;0.0;0.0;0.5653128039465021;0.0;0.0;-0.1803905611633247
999_5;0;5;1;1.0;0.2490448901623686;-4.998777851098258;-4.998777851098258;0.0;0.0;0.5809284182598784;1.0;1.0;-0.213151598358696
