Case ID;Actual;Prefix Length;Prediction;Prediction Probability;SHAP Subset Stability;SHAP Weight Stability;SHAP Adjusted Weight Stability;LIME Precision;LIME Recall;LIME Correlation
1020_13;1;13;1;1.0;1.0;0.9981099358349704;0.9981099358349704;0.0;0.0;0.5897479449753872
1023_13;0;13;1;1.0;0.9847552360607192;0.12462140171944748;0.12462140171944748;0.0;0.0;0.5883951107132557
1031_13;0;13;0;1.0;1.0;0.9997948784724412;0.9997948784724412;0.0;0.0;0.5864803122124536
1113_13;1;13;1;1.0;0.9847552360607192;0.3947586454834706;0.3947586454834706;0.0;0.0;0.57958899724243
1120_13;1;13;1;1.0;1.0;0.997143068770071;0.997143068770071;0.0;0.0;0.5788584546255517
940_13;0;13;0;1.0;1.0;0.9947147454977764;0.9947147454977764;0.0;0.0;0.5823720439817991
957_13;1;13;1;1.0;1.0;0.999285149508588;0.999285149508588;0.0;0.0;0.5886852849213059
970_13;0;13;1;1.0;1.0;0.9882749482733444;0.9882749482733444;0.0;0.0;0.5837827779147826
