Case ID;Actual;Prefix Length;Prediction;Prediction Probability;SHAP Subset Stability;SHAP Weight Stability;SHAP Adjusted Weight Stability;LIME Precision;LIME Recall;LIME Correlation
1030_9;1;9;1;1.0;0.7092332630094103;-0.7889525679171829;-0.7889525679171829;0.0;0.0;0.6112553472345486
1038_9;0;9;0;1.0;1.0;0.9995542826404986;0.9995542826404986;0.0;0.0;0.5795949796862827
1119_9;1;9;1;1.0;0.9281594700026904;-1.7231317122238412;-1.7231317122238412;0.0;0.0;0.611105983106429
1140_9;0;9;0;1.0;1.0;-0.6617969400268418;-0.6617969400268418;0.0;0.0;0.6098281975462783
1142_9;0;9;1;1.0;0.92109770680111;-1.4149063788139076;-1.4149063788139076;0.0;0.0;0.6103976302718981
916_9;0;9;1;1.0;0.6734714873603762;-2.0045134858147793;-2.0045134858147793;0.0;0.0;0.6074834639183913
941_9;1;9;1;1.0;0.6908969234386587;-2.126277582743808;-2.126277582743808;0.0;0.0;0.61042812062989
969_9;1;9;1;1.0;0.6734714873603762;-2.8892843733314546;-2.8892843733314546;0.0;0.0;0.6060796190268508
