Case ID;Actual;Prefix Length;Prediction;Prediction Probability;SHAP Subset Stability;SHAP Weight Stability;SHAP Adjusted Weight Stability;LIME Precision;LIME Recall;LIME Correlation;SHAP Precision;SHAP Recall;SHAP Correlation
1031_12;0;12;0;1.0;1.0;0.7119366173257808;0.7119366173257808;0.0;0.0;0.5998319311641137;1.0;1.0;-0.013756036633765394
1057_12;1;12;1;1.0;1.0;0.8256001436935086;0.8256001436935086;0.0;0.0;0.5938208539887257;1.0;1.0;0.014905272604431117
1098_12;0;12;1;1.0;0.96754377834526;0.013694048827361;0.013694048827361;0.0;0.0;0.5974727928290012;0.0;0.0;-0.019091072991987826
1118_12;0;12;1;1.0;0.7286640277090551;-0.8137019810224697;-0.8137019810224697;0.0;0.0;0.5990927880770764;1.0;1.0;-0.06123393381171732
1136_12;0;12;1;1.0;1.0;0.7870919804073087;0.7870919804073087;0.0;0.0;0.5985770615631454;0.0;0.0;-0.03177471643353337
1139_12;1;12;1;1.0;0.96754377834526;0.353968366892279;0.353968366892279;0.0;0.0;0.5960840190375589;1.0;1.0;-0.010865646583405717
978_12;1;12;1;1.0;0.9528277053810326;0.527481345359253;0.527481345359253;0.0;0.0;0.5917834507834467;1.0;0.5;0.0552260273532619
986_12;1;12;1;1.0;0.983507488623334;0.46147703297708;0.46147703297708;0.0;0.0;0.5917508383707845;1.0;1.0;0.023313828569964536
