Case ID;Actual;Prefix Length;Prediction;Prediction Probability;SHAP Subset Stability;SHAP Weight Stability;SHAP Adjusted Weight Stability;LIME Precision;LIME Recall;LIME Correlation
1011_10;0;10;1;1.0;0.4981771984091914;-2.3456746264876056;-2.3456746264876056;0.0;0.0;0.5941319162849448
1028_10;1;10;1;1.0;0.9613170511543144;-0.9010753135734616;-0.9010753135734616;0.0;0.0;0.5969485226487412
1079_10;0;10;1;1.0;0.4996695671329442;-0.2733237828573716;-0.2733237828573716;0.0;0.0;0.5939684697019401
1132_10;1;10;1;1.0;0.7145265004876773;-0.4270177152333163;-0.4270177152333163;0.0;0.0;0.5980007880366518
923_10;0;10;1;1.0;0.7487833204291561;-0.5561161324264792;-0.5561161324264792;0.0;0.0;0.5955755433900808
932_10;0;10;1;1.0;0.280787905539616;-0.5402783800928652;-0.5402783800928652;0.0;0.0;0.5937947977720811
938_10;1;10;1;1.0;0.7249187743216274;-0.6239912933086533;-0.6239912933086533;0.0;0.0;0.5965851822779287
943_10;1;10;1;1.0;0.9359760394644115;-1.0292901741879348;-1.0292901741879348;0.0;0.0;0.5916347990619325
