Case ID;Actual;Prefix Length;Prediction;Prediction Probability;SHAP Subset Stability;SHAP Weight Stability;SHAP Adjusted Weight Stability;LIME Precision;LIME Recall;LIME Correlation;SHAP Precision;SHAP Recall;SHAP Correlation
1080_4;0;4;1;1.0;0.8331590869489458;-5.118887871043089;-5.118887871043089;0.0;0.0;0.5352587311357702;1.0;1.0;-0.2980241869746229
1081_4;1;4;0;1.0;1.0;0.5483821006124479;0.5483821006124479;0.0;0.0;0.4881566965289706;1.0;0.3333333333333333;-0.07946821468892004
1084_4;0;4;1;1.0;0.5618899250479343;-8.638221750700836;-8.638221750700836;0.0;0.0;0.535453514619931;1.0;1.0;-0.2881719133822302
921_4;0;4;1;1.0;0.1993031358885018;-7.828459551773138;-7.828459551773138;0.0;0.0;0.5345895556176047;1.0;1.0;-0.2192029442038783
949_4;1;4;0;1.0;0.3994773519163763;-7.870717341822729;-7.870717341822729;0.0;0.0;0.5308883424638868;1.0;1.0;-0.10236087637545441
953_4;0;4;0;1.0;1.0;0.9608312541246172;0.9608312541246172;0.0;0.0;0.487271291568309;1.0;0.5;-0.02746485554208979
981_4;1;4;1;1.0;0.3805198406178114;-2.281429031407196;-2.281429031407196;0.0;0.0;0.4983736079068054;1.0;0.3333333333333333;-0.15199896159996612
990_4;1;4;1;1.0;0.7854528705870637;-4.961060843978911;-4.961060843978911;0.0;0.0;0.5360410067415129;0.0;0.0;-0.2638621687164222
