Case ID;Actual;Prefix Length;Prediction;Prediction Probability;SHAP Subset Stability;SHAP Weight Stability;SHAP Adjusted Weight Stability;LIME Precision;LIME Recall;LIME Correlation;SHAP Precision;SHAP Recall;SHAP Correlation
972.0;0.0;1.0;0.0;1.0;1.0;0.9999862648543066;0.9999862648543066;0.0;0.0;0.6297707389692306;0.0;0.0;-0.060935961943972446
991.0;1.0;1.0;0.0;1.0;1.0;0.9999792663756608;0.9999792663756608;0.0;0.0;0.6258270632919397;0.0;0.0;-0.0949416754448997
1042.0;1.0;1.0;0.0;1.0;1.0;0.9999889744425398;0.9999889744425398;0.0;0.0;0.6301735229179783;0.0;0.0;-0.07335338246238463
1088.0;0.0;1.0;0.0;1.0;1.0;0.9999808952333148;0.9999808952333148;0.0;0.0;0.63049214305654;0.0;0.0;-0.09491223160603242
1090.0;1.0;1.0;1.0;1.0;1.0;0.9999647291859304;0.9999647291859304;0.0;0.0;0.6217660578108571;1.0;1.0;-0.05273747757321099
1102.0;0.0;1.0;1.0;1.0;1.0;0.9999635190803758;0.9999635190803758;0.0;0.0;0.6254291876930372;1.0;1.0;-0.04953782916148881
1133.0;0.0;1.0;0.0;1.0;1.0;0.9999607896022012;0.9999607896022012;0.0;0.0;0.6302677604991638;1.0;1.0;-0.05105640479494062
1137.0;1.0;1.0;1.0;1.0;1.0;0.9999673031543332;0.9999673031543332;0.0;0.0;0.6341247383170482;1.0;1.0;-0.0715146933562061
