"Case ID;Actual;Prefix Length;Prediction;Prediction Probability;SHAP Subset Stability;SHAP Weight Stability;SHAP Adjusted Weight Stability;LIME Subset Stability;LIME Weight Stability;LIME Adjusted Weight Stability;ACV Subset Stability;ACV Weight Stability;ACV Adjusted Weight Stability;LINDA Subset Stability;LINDA Weight Stability;LINDA Adjusted Weight Stability";MAPE Correctness;RMSE Correctness;R2 Correctness;Mode
"205179_2;0;2;0;0.8228469099727626;1.0;0.9555156949182142;0.9555156949182142;0.6703296703296706;0.9879420959800252;0.9879420959800252;;1.0;1.0;;1.0;1.0";0.708377979973663;0.708377979973663;-0.708377979973663;baseline_min
"205424_2;1;2;0;0.5330579620213505;1.0;0.9689101378417552;0.9689101378417552;0.6647509578544064;0.996085891483404;0.996085891483404;;1.0;1.0;;1.0;1.0";0.626416891381669;0.626416891381669;-0.626416891381669;baseline_min
"207041_2;0;2;0;0.5996800871041754;1.0;0.9786879515791428;0.9786879515791428;0.5367647058823529;0.9814087848166936;0.9814087848166936;;1.0;1.0;;1.0;1.0";0.5754189944134078;0.5754189944134078;-0.5754189944134078;baseline_min
"212875_2;1;2;0;0.7919149216054296;1.0;0.9827075249864512;0.9827075249864512;0.5687294633077765;0.9976222413546816;0.9976222413546816;;1.0;1.0;;1.0;1.0";0.4345579474560562;0.4345579474560562;-0.4345579474560562;baseline_min
"212983_2;0;2;1;0.5350745982980865;1.0;0.9685939368180884;0.9685939368180884;0.8118279569892473;0.9966087660503842;0.9966087660503842;;1.0;1.0;1.0;1.0;1.0";0.6871508379888268;0.6871508379888268;-0.6871508379888268;baseline_min
"213085_2;0;2;0;0.8375199091124113;1.0;0.9751460524665312;0.9751460524665312;0.5501835985312116;0.9811398354633492;0.9811398354633492;;1.0;1.0;;1.0;1.0";0.4014295016794761;0.4014295016794761;-0.4014295016794761;baseline_min
"213459_2;1;2;0;0.5544268720946615;1.0;0.9770436867524518;0.9770436867524518;0.6313202247191012;0.992996762200905;0.992996762200905;;1.0;1.0;;1.0;1.0";0.5093296219645346;0.5093296219645346;-0.5093296219645346;baseline_min
"213675_2;1;2;0;0.5483900181839326;1.0;0.9471665086019964;0.9471665086019964;0.6313202247191012;0.9955323512989104;0.9955323512989104;;1.0;1.0;;1.0;1.0";0.6536312849162011;0.6536312849162011;-0.6536312849162011;baseline_min
