"Case ID;Actual;Prefix Length;Prediction;Prediction Probability;SHAP Subset Stability;SHAP Weight Stability;SHAP Adjusted Weight Stability;LIME Subset Stability;LIME Weight Stability;LIME Adjusted Weight Stability;ACV Subset Stability;ACV Weight Stability;ACV Adjusted Weight Stability;LINDA Subset Stability;LINDA Weight Stability;LINDA Adjusted Weight Stability";MAPE Correctness;RMSE Correctness;R2 Correctness;Mode
"205480_6;0;6;0;0.8194149921611074;1.0;0.6767035515331226;0.6767035515331226;0.3961194440621991;0.9751566118600021;0.9751566118600021;;1.0;1.0;1.0;1.0;1.0";0.5161551418757732;0.5161551418757732;-0.5161551418757732;baseline_max
"205921_6;0;6;0;1.0;1.0;0.9756903629962124;0.9756903629962124;0.5630619306754999;0.967396904326168;0.967396904326168;;1.0;1.0;1.0;1.0;1.0";0.43888117656457226;0.43888117656457226;-0.4144482194778274;baseline_max
"206745_6;0;6;0;0.9999922875117714;1.0;0.94663004022025;0.94663004022025;0.1497291626000391;0.9714808831035354;0.9714808831035354;;1.0;1.0;1.0;1.0;1.0";0.5256191430519137;0.5256191430519137;-0.5256191430519137;baseline_max
"208196_6;1;6;1;1.0;1.0;0.7890405773652901;0.7890405773652901;0.8804353956347639;0.9716541445800021;0.9716541445800021;;1.0;1.0;;1.0;1.0";0.25365850236159126;0.25365850236159126;-0.25397583282964437;baseline_max
"210134_6;1;6;1;0.992922570477418;0.6851235741444868;0.8755965884725221;0.8755965884725221;0.06394958120932959;0.8938177230381981;0.8938177230381981;;1.0;1.0;1.0;1.0;1.0";0.5023690320095349;0.5023690320095349;-0.5023690320095349;baseline_max
"212479_6;0;6;0;0.997708556572604;1.0;0.9447380226983164;0.9447380226983164;0.7571057790039204;0.9648057837409896;0.9648057837409896;;1.0;1.0;1.0;1.0;1.0";0.5301163671997707;0.5301163671997707;-0.5301163671997707;baseline_max
"213693_6;1;6;0;0.5733787200118327;1.0;0.7998570379463066;0.7998570379463066;0.28917897936830805;0.8094590037909045;0.8094590037909045;;1.0;1.0;1.0;1.0;1.0";0.6238177124380336;0.6238177124380336;-0.6238177124380336;baseline_max
"213720_6;1;6;0;0.8216481560664045;0.7123863790530456;0.6390671815231228;0.6390671815231228;0.3553756745537566;0.967202967883879;0.967202967883879;;1.0;1.0;1.0;1.0;1.0";0.5093754712695148;0.5093754712695148;-0.5093754712695148;baseline_max
