"Case ID;Actual;Prefix Length;Prediction;Prediction Probability;SHAP Subset Stability;SHAP Weight Stability;SHAP Adjusted Weight Stability;LIME Subset Stability;LIME Weight Stability;LIME Adjusted Weight Stability;ACV Subset Stability;ACV Weight Stability;ACV Adjusted Weight Stability";MAPE Correctness;RMSE Correctness;R2 Correctness;Mode
"206357_13;0;13;1;0.9270342948322706;1.0;0.9829692573875448;0.9829692573875448;-0.06310643892483793;0.9650166348671452;0.9650166348671452;;1.0;1.0";0.5968273331681652;0.5968273331681652;-0.5968273331681652;baseline_mean
"206504_13;0;13;0;0.9749726202842371;1.0;0.982437015277832;0.982437015277832;-0.11624925058105615;0.9904476747562831;0.9904476747562831;;1.0;1.0";0.6158129687347814;0.6158129687347814;-0.6158129687347814;baseline_mean
"206718_13;1;13;1;0.98350292510406;1.0;0.9819382269009446;0.9819382269009446;-0.1406318878737194;0.9953448368312566;0.9953448368312566;;1.0;1.0";0.5801564587953999;0.5801564587953999;-0.5801564587953999;baseline_mean
"211287_13;1;13;1;0.9038718405606196;1.0;0.9893482265418476;0.9893482265418476;-0.17279070802062854;0.9938302014973236;0.9938302014973236;;1.0;1.0";0.5618031726290461;0.5618031726290461;-0.5618031726290461;baseline_mean
"211928_13;0;13;0;0.6169360125423176;1.0;0.974110229728284;0.974110229728284;-0.13943840523243026;0.9835484814752484;0.9835484814752484;;1.0;1.0";0.578866348147701;0.578866348147701;-0.578866348147701;baseline_mean
"212103_13;1;13;1;0.6937654778292746;1.0;0.984984773132358;0.984984773132358;-0.18269639485235856;0.9968518351043932;0.9968518351043932;;1.0;1.0";0.5707999479176477;0.5707999479176477;-0.5707999479176477;baseline_mean
"213720_13;1;13;0;0.6218803098646559;1.0;0.9843081862413464;0.9843081862413464;-0.2182898684797028;0.9961969635946276;0.9961969635946276;;1.0;1.0";0.5848410818045645;0.5848410818045645;-0.5848410818045645;baseline_mean
"214142_13;0;13;0;0.9339704085181244;1.0;0.9426644653726818;0.9426644653726818;-0.03783053830107108;0.9961959741489248;0.9961959741489248;;1.0;1.0";0.5591158090369681;0.5591158090369681;-0.5591158090369681;baseline_mean
