"Case ID;Actual;Prefix Length;Prediction;Prediction Probability;SHAP Subset Stability;SHAP Weight Stability;SHAP Adjusted Weight Stability;LIME Subset Stability;LIME Weight Stability;LIME Adjusted Weight Stability;ACV Subset Stability;ACV Weight Stability;ACV Adjusted Weight Stability;LINDA Subset Stability;LINDA Weight Stability;LINDA Adjusted Weight Stability";MAPE Correctness;RMSE Correctness;R2 Correctness;Mode
"204685_9;0;9;0;0.8832268965786209;1.0;0.9754734794437919;0.9754734794437919;0.0924190637121215;0.9625254896240864;0.9625254896240864;;1.0;1.0;;1.0;1.0";0.17265968622362152;0.17265968622362152;-0.17265968622362152;baseline_0
"205655_9;1;9;0;0.5509076681875109;1.0;0.9786408801184928;0.9786408801184928;-0.1954946328447764;0.7172539990565122;0.7172539990565122;;1.0;1.0;;1.0;1.0";0.02446802194476261;0.02446802194476261;0.013344112198252964;baseline_0
"207518_9;0;9;1;0.8931524926778756;1.0;0.9839582830572952;0.9839582830572952;-0.17663645188145738;0.9656798552114118;0.9656798552114118;;1.0;1.0;;1.0;1.0";0.038578048031146554;0.038578048031146554;-0.038578048031146554;baseline_0
"207852_9;1;9;0;0.5086311277695976;1.0;0.7219561981140029;0.7219561981140029;0.2302289647422365;0.9450121427239534;0.9450121427239534;;1.0;1.0;1.0;1.0;1.0";0.01394560240355916;0.01394560240355916;-0.01394560240355916;baseline_0
"208772_9;0;9;1;0.6126981675074199;1.0;0.9845889581997412;0.9845889581997412;-0.2049701517312601;0.9294667588240336;0.9294667588240336;;1.0;1.0;;1.0;1.0";-0.020843091062780518;-0.020843091062780518;0.020843091062780518;baseline_0
"210107_9;0;9;0;0.5330860196963559;1.0;0.9398736690824852;0.9398736690824852;1.0;0.9719083130333118;0.9719083130333118;;1.0;1.0;1.0;1.0;1.0";0.0226310795134587;0.0226310795134587;-0.0226310795134587;baseline_0
"211164_9;1;9;1;0.7163618884571322;1.0;0.9826875607854716;0.9826875607854716;-0.1955064110920348;0.9503684247462484;0.9503684247462484;;1.0;1.0;;1.0;1.0";-0.007520025553126849;-0.007520025553126849;0.03703864440694644;baseline_0
"213234_9;1;9;0;0.9414464930030394;1.0;0.9493519859312336;0.9493519859312336;-0.016944676989037344;0.9650036979475799;0.9650036979475799;;1.0;1.0;;1.0;1.0";0.04305755833019104;0.04305755833019104;-0.04305755833019104;baseline_0
