Case ID;Actual;Prefix Length;Prediction;Prediction Probability;SHAP Subset Stability;SHAP Weight Stability;SHAP Adjusted Weight Stability;LIME Subset Stability;LIME Weight Stability;LIME Adjusted Weight Stability;ACV Subset Stability;ACV Weight Stability;ACV Adjusted Weight Stability;LINDA Subset Stability;LINDA Weight Stability;LINDA Adjusted Weight Stability;MAPE Correctness;RMSE Correctness;R2 Correctness;Mode
204691_3;1;3;0;0.6386237596978538;1.0;0.8920784900556451;0.8920784900556451;0.336565752128666;0.9869550860802504;0.9869550860802504;;1.0;1.0;1.0;1.0;1.0;0.6326828611252872;0.6243580866367966;-0.6936652997787585;permutation
205143_3;0;3;0;0.5679581498320444;1.0;0.9577783267840296;0.9577783267840296;-0.13082546451416374;0.9819426549512912;0.9819426549512912;;1.0;1.0;1.0;1.0;1.0;0.6410076356137779;0.6326828611252872;-0.6936652997787585;permutation
206579_3;0;3;1;0.5191328019908188;1.0;0.9359613582680908;0.9359613582680908;-0.00649999999999995;0.9893175829240428;0.9893175829240428;;1.0;1.0;;1.0;1.0;0.6618195718350044;0.6576571845907591;-0.6576571845907591;permutation
208070_3;0;3;0;0.517095812339301;1.0;0.9558557461693328;0.9558557461693328;-0.09237074401008827;0.9916723060811694;0.9916723060811694;;1.0;1.0;1.0;1.0;1.0;0.6659819590792497;0.6534947973465138;-0.6534947973465138;permutation
209105_3;1;3;0;0.5950008336161895;1.0;0.9615248241883624;0.9615248241883624;0.042685453791960086;0.5678168459877723;0.5678168459877723;;1.0;1.0;1.0;1.0;1.0;0.6077085376598154;0.6077085376598154;-0.6936652997787585;permutation
210134_3;1;3;1;0.5138585703090697;1.0;0.9693187993425044;0.9693187993425044;-0.04090354090354077;0.8504017823480525;0.8504017823480525;;1.0;1.0;1.0;1.0;1.0;0.7076058315217029;0.7076058315217029;-0.7076058315217029;permutation
213672_3;1;3;0;0.5255976033323164;1.0;0.9654830422068238;0.9654830422068238;0.6474358974358976;0.9686883629209384;0.9686883629209384;;1.0;1.0;1.0;1.0;1.0;0.6534947973465138;0.6493324101022685;-0.6493324101022685;permutation
214037_3;0;3;0;0.5737641937071003;1.0;0.9461287124294327;0.9461287124294327;-0.038552321007081065;0.9885298720656508;0.9885298720656508;;1.0;1.0;1.0;1.0;1.0;0.6743067335677404;0.6784691208119856;-0.6784691208119856;permutation
