Case ID;Actual;Prefix Length;Prediction;Prediction Probability;SHAP Subset Stability;SHAP Weight Stability;SHAP Adjusted Weight Stability;LIME Subset Stability;LIME Weight Stability;LIME Adjusted Weight Stability;ACV Subset Stability;ACV Weight Stability;ACV Adjusted Weight Stability;LINDA Subset Stability;LINDA Weight Stability;LINDA Adjusted Weight Stability;MAPE Correctness;RMSE Correctness;R2 Correctness;Mode
204703_10;1;10;0;0.992599278477718;1.0;0.9537884232839507;0.9537884232839507;0.014134061267816469;1.0;1.0;;1.0;1.0;;1.0;1.0;0.3934745835629264;0.3865519469367998;-0.3865519469367998;permutation
204718_10;1;10;1;0.8863208790929002;1.0;0.9702525870387196;0.9702525870387196;-0.14160134207716954;0.999999999999946;0.999999999999946;;1.0;1.0;;1.0;1.0;0.4517606985624737;0.4492481349277408;-0.4492481349277408;permutation
205367_10;0;10;0;0.9991451279646916;1.0;0.9479945418052416;0.9479945418052416;-0.2343450773924909;0.9999999999999992;0.9999999999999992;;1.0;1.0;;1.0;1.0;0.41089357768349904;0.4080753729951885;-0.2305415333672029;permutation
205924_10;0;10;0;0.9999999978774384;1.0;0.9650157444787996;0.9650157444787996;-0.06458335656520209;0.9999999999999992;0.9999999999999992;;1.0;1.0;;1.0;1.0;0.4756413606748077;0.47084677795672314;-0.2305415333672029;permutation
206342_10;0;10;1;0.9997767752736992;1.0;0.9831545371952364;0.9831545371952364;-0.18917002373207706;0.9999999999999956;0.9999999999999956;;1.0;1.0;;1.0;1.0;0.4279120652563483;0.42640103289633086;-0.42640103289633086;permutation
208619_10;1;10;1;0.5796677590706518;1.0;0.9756016477580892;0.9756016477580892;-0.2033625653290816;1.0;1.0;;1.0;1.0;1.0;1.0;1.0;0.51856749774665;0.5121016564790899;-0.5121016564790899;permutation
209269_10;0;10;0;0.9999817859812278;1.0;0.9660120884946533;0.9660120884946533;-0.20936492860951272;0.9999999999999998;0.9999999999999998;;1.0;1.0;;1.0;1.0;0.4643370111370737;0.4617873023506939;-0.4617873023506939;permutation
211011_10;1;10;0;0.8964007853420601;1.0;0.9641145772921637;0.9641145772921637;0.028632089778583888;0.9999999999999998;0.9999999999999998;;1.0;1.0;1.0;1.0;1.0;0.4461937997981878;0.44297846349722036;-0.44297846349722036;permutation
