Case ID;Actual;Prefix Length;Prediction;Prediction Probability;SHAP Subset Stability;SHAP Weight Stability;SHAP Adjusted Weight Stability;LIME Subset Stability;LIME Weight Stability;LIME Adjusted Weight Stability;ACV Subset Stability;ACV Weight Stability;ACV Adjusted Weight Stability;LINDA Subset Stability;LINDA Weight Stability;LINDA Adjusted Weight Stability;MAPE Correctness;RMSE Correctness;R2 Correctness;Mode
204685_9;0;9;0;0.8832268965786209;1.0;0.9754734794437919;0.9754734794437919;0.0924190637121215;0.9625254896240864;0.9625254896240864;;1.0;1.0;;1.0;1.0;0.7006323405503103;0.6844364605803591;-0.6844364605803591;permutation
205655_9;1;9;0;0.5509076681875109;1.0;0.9786408801184928;0.9786408801184928;-0.1954946328447764;0.7172539990565122;0.7172539990565122;;1.0;1.0;;1.0;1.0;0.7538694584838428;0.7440235050219342;-0.2481617232962437;permutation
207518_9;0;9;1;0.8931524926778756;1.0;0.9839582830572952;0.9839582830572952;-0.17663645188145738;0.9656798552114118;0.9656798552114118;;1.0;1.0;;1.0;1.0;0.7706480096127717;0.7597556263143317;-0.759739222277711;permutation
207852_9;1;9;0;0.5086311277695976;1.0;0.7219561981140029;0.7219561981140029;0.2302289647422365;0.9450121427239534;0.9450121427239534;;1.0;1.0;1.0;1.0;1.0;0.7703150546647844;0.7581384165669651;-0.7581384165669651;permutation
208772_9;0;9;1;0.6126981675074199;1.0;0.9845889581997412;0.9845889581997412;-0.2049701517312601;0.9294667588240336;0.9294667588240336;;1.0;1.0;;1.0;1.0;0.7763439174729821;0.7639962638262142;-0.7639962638262142;permutation
210107_9;0;9;0;0.5330860196963559;1.0;0.9398736690824852;0.9398736690824852;1.0;0.9719083130333118;0.9719083130333118;;1.0;1.0;1.0;1.0;1.0;0.7778303234907823;0.7640812266301547;-0.7640766879696499;permutation
211164_9;1;9;1;0.7163618884571322;1.0;0.9826875607854716;0.9826875607854716;-0.1955064110920348;0.9503684247462484;0.9503684247462484;;1.0;1.0;;1.0;1.0;0.7645194756366448;0.7522998137290458;-0.2481617232962437;permutation
213234_9;1;9;0;0.9414464930030394;1.0;0.9493519859312336;0.9493519859312336;-0.016944676989037344;0.9650036979475799;0.9650036979475799;;1.0;1.0;;1.0;1.0;0.7408604330160553;0.7274200730747774;-0.7274200730747774;permutation
