"Case ID;Actual;Prefix Length;Prediction;Prediction Probability;SHAP Subset Stability;SHAP Weight Stability;SHAP Adjusted Weight Stability;LIME Subset Stability;LIME Weight Stability;LIME Adjusted Weight Stability;ACV Subset Stability;ACV Weight Stability;ACV Adjusted Weight Stability;LINDA Subset Stability;LINDA Weight Stability;LINDA Adjusted Weight Stability";MAPE Correctness;RMSE Correctness;R2 Correctness;Mode
"204466_4;0;4;1;0.7485951737331248;1.0;0.9131692008984452;0.9131692008984452;0.9093365569224204;0.986602984206276;0.986602984206276;;1.0;1.0;1.0;1.0;1.0";0.5860404806381218;0.6031345150757917;-0.6031345150757917;permutation
"204885_4;1;4;1;0.573124807515081;1.0;0.9462705070854616;0.9462705070854616;0.8798258181269794;0.981395622541436;0.981395622541436;;1.0;1.0;1.0;1.0;1.0";0.5723652530879858;0.5917384921173452;-0.5917384921173452;permutation
"205002_4;1;4;0;0.7753818706894863;1.0;0.956677953996802;0.956677953996802;0.9338235294117648;0.9892277847825782;0.9892277847825782;;1.0;1.0;1.0;1.0;1.0";0.4726500522015771;0.47321985334949934;-0.4819124999747924;permutation
"207518_4;0;4;1;0.7101720348292775;1.0;0.9470251604212976;0.9470251604212976;0.9026808990347354;0.9910677761691896;0.9910677761691896;;1.0;1.0;1.0;1.0;1.0";0.6211716176370496;0.6382680841775189;-0.4819124999747924;permutation
"210617_4;0;4;1;0.9620565341399384;1.0;0.8212157744868522;0.8212157744868522;0.87608904438499;0.9886178425994092;0.9886178425994092;;1.0;1.0;;1.0;1.0";0.5376073830647233;0.5330489738813446;-0.5330489738813446;permutation
"211573_4;0;4;1;0.6510381332067289;1.0;0.8944692724523191;0.8944692724523191;0.9168918438455522;0.9883175751916627;0.9883175751916627;;1.0;1.0;1.0;1.0;1.0";0.5917384921173452;0.6122513334425491;-0.4819124999747924;permutation
"212003_4;1;4;1;0.6793826842627946;1.0;0.9554443376249948;0.9554443376249948;0.9109761206535401;0.9839659280429828;0.9839659280429828;;1.0;1.0;1.0;1.0;1.0";0.6498582092054233;0.6686616470868603;-0.6686616470868603;permutation
"214085_4;1;4;0;0.9999999996542676;1.0;0.7256380030855869;0.7256380030855869;0.920697118972981;0.988339784606;0.988339784606;;1.0;1.0;;1.0;1.0";0.5752142588275974;0.5740746565317527;-0.4819124999747924;permutation
