"Case ID;Actual;Prefix Length;Prediction;Prediction Probability;SHAP Subset Stability;SHAP Weight Stability;SHAP Adjusted Weight Stability;LIME Subset Stability;LIME Weight Stability;LIME Adjusted Weight Stability;ACV Subset Stability;ACV Weight Stability;ACV Adjusted Weight Stability;LINDA Subset Stability;LINDA Weight Stability;LINDA Adjusted Weight Stability";MAPE Correctness;RMSE Correctness;R2 Correctness;Mode
"204604_8;0;8;0;1.0;1.0;0.9449228859934696;0.9449228859934696;0.5420439302481557;0.950363732596314;0.950363732596314;;1.0;1.0;;1.0;1.0";0.32241334093305735;0.32241334093305735;-0.32481616264819696;permutation
"206150_8;0;8;0;0.9997582771466684;1.0;0.9218498412489012;0.9218498412489012;0.4973776223776225;0.9668288882826128;0.9668288882826128;;1.0;1.0;1.0;1.0;1.0";0.39546648259101597;0.3934597002903575;-0.3934597002903575;permutation
"206300_8;1;8;1;0.9844042200992152;1.0;0.8832963043157637;0.8832963043157637;0.6860439720442633;0.9549496390761316;0.9549496390761316;;1.0;1.0;1.0;1.0;1.0";0.39215902860848445;0.39905765578376606;-0.39905765578376606;permutation
"209380_8;0;8;0;0.9999999998088924;1.0;0.9296770494777254;0.9296770494777254;0.7255224355574414;0.9558619476521828;0.9558619476521828;;1.0;1.0;1.0;1.0;1.0";0.47526477899752007;0.47438634832616616;-0.2701400916948386;permutation
"210251_8;1;8;0;0.997403813411758;1.0;0.9439403288137456;0.9439403288137456;0.7712686962978679;0.9295013379720508;0.9295013379720508;;1.0;1.0;1.0;1.0;1.0";0.43605703263655715;0.4363610817005687;-0.4363610817005687;permutation
"210659_8;1;8;0;0.9865123630361068;1.0;0.8978916851311882;0.8978916851311882;0.5604615608619685;0.9531828932480696;0.9531828932480696;;1.0;1.0;1.0;1.0;1.0";0.395946129478245;0.40385153854803246;-0.40385153854803246;permutation
"211847_8;1;8;1;0.9999999996853433;1.0;0.9263980613269754;0.9263980613269754;0.641401962414768;0.9301845506159364;0.9301845506159364;;1.0;1.0;;1.0;1.0";0.3951953454318795;0.3960126028816203;-0.2701400916948386;permutation
"212983_8;0;8;0;0.9999999999837428;1.0;0.8901147261708113;0.8901147261708113;0.9085074785191471;0.9569033530364308;0.9569033530364308;;1.0;1.0;;1.0;1.0";0.4387830673545132;0.43701438595308517;-0.2701400916948386;permutation
