Case ID;Actual;Prefix Length;Prediction;Prediction Probability;SHAP Subset Stability;SHAP Weight Stability;SHAP Adjusted Weight Stability;LIME Subset Stability;LIME Weight Stability;LIME Adjusted Weight Stability;ACV Subset Stability;ACV Weight Stability;ACV Adjusted Weight Stability;LINDA Subset Stability;LINDA Weight Stability;LINDA Adjusted Weight Stability;MAPE Correctness;RMSE Correctness;R2 Correctness;Mode
205480_6;0;6;0;0.8194149921611074;1.0;0.6767035515331226;0.6767035515331226;0.3961194440621991;0.9751566118600021;0.9751566118600021;;1.0;1.0;1.0;1.0;1.0;0.49205974001314057;0.495541620016568;-0.49551937996898304;permutation
205921_6;0;6;0;1.0;1.0;0.9756903629962124;0.9756903629962124;0.5630619306754999;0.967396904326168;0.967396904326168;;1.0;1.0;1.0;1.0;1.0;0.4335835834559446;0.43344344655114303;-0.43989689539108634;permutation
206745_6;0;6;0;0.9999922875117714;1.0;0.94663004022025;0.94663004022025;0.1497291626000391;0.9714808831035354;0.9714808831035354;;1.0;1.0;1.0;1.0;1.0;0.5108047853728758;0.506874080809203;-0.5067614757261248;permutation
208196_6;1;6;1;1.0;1.0;0.7890405773652901;0.7890405773652901;0.8804353956347639;0.9716541445800021;0.9716541445800021;;1.0;1.0;;1.0;1.0;0.25284673216074455;0.25284673216074455;-0.25397583282964437;permutation
210134_6;1;6;1;0.992922570477418;0.6851235741444868;0.8755965884725221;0.8755965884725221;0.06394958120932959;0.8938177230381981;0.8938177230381981;;1.0;1.0;1.0;1.0;1.0;0.5097600538600481;0.5141292844157599;-0.5141395921575217;permutation
212479_6;0;6;0;0.997708556572604;1.0;0.9447380226983164;0.9447380226983164;0.7571057790039204;0.9648057837409896;0.9648057837409896;;1.0;1.0;1.0;1.0;1.0;0.5139932895145022;0.5171943315429922;-0.5172276468685526;permutation
213693_6;1;6;0;0.5733787200118327;1.0;0.7998570379463066;0.7998570379463066;0.28917897936830805;0.8094590037909045;0.8094590037909045;;1.0;1.0;1.0;1.0;1.0;0.5752725871924054;0.5791935017868998;-0.5791935017868998;permutation
213720_6;1;6;0;0.8216481560664045;0.7123863790530456;0.6390671815231228;0.6390671815231228;0.3553756745537566;0.967202967883879;0.967202967883879;;1.0;1.0;1.0;1.0;1.0;0.4896457660992898;0.4968106032568021;-0.49678830525615103;permutation
