Case ID;Actual;Prefix Length;Prediction;Prediction Probability;SHAP Subset Stability;SHAP Weight Stability;SHAP Adjusted Weight Stability;LIME Subset Stability;LIME Weight Stability;LIME Adjusted Weight Stability;ACV Subset Stability;ACV Weight Stability;ACV Adjusted Weight Stability;MAPE Correctness;RMSE Correctness;R2 Correctness;Mode
206357_13;0;13;1;0.9270342948322706;1.0;0.9829692573875448;0.9829692573875448;-0.06310643892483793;0.9650166348671452;0.9650166348671452;;1.0;1.0;0.6881447078383571;0.6723736127955103;-0.6723694011685283;permutation
206504_13;0;13;0;0.9749726202842371;1.0;0.982437015277832;0.982437015277832;-0.11624925058105615;0.9904476747562831;0.9904476747562831;;1.0;1.0;0.6666598432489261;0.649510386976636;-0.6495090203042102;permutation
206718_13;1;13;1;0.98350292510406;1.0;0.9819382269009446;0.9819382269009446;-0.1406318878737194;0.9953448368312566;0.9953448368312566;;1.0;1.0;0.7139504967890737;0.6998386903138093;-0.699835745156069;permutation
211287_13;1;13;1;0.9038718405606196;1.0;0.9893482265418476;0.9893482265418476;-0.17279070802062854;0.9938302014973236;0.9938302014973236;;1.0;1.0;0.7355622001910962;0.7222970671601023;-0.7222852562643283;permutation
211928_13;0;13;0;0.6169360125423176;1.0;0.974110229728284;0.974110229728284;-0.13943840523243026;0.9835484814752484;0.9835484814752484;;1.0;1.0;0.6989205652943208;0.6855024629452818;-0.6854981357198643;permutation
212103_13;1;13;1;0.6937654778292746;1.0;0.984984773132358;0.984984773132358;-0.18269639485235856;0.9968518351043932;0.9968518351043932;;1.0;1.0;0.738012028389654;0.7220559617501798;-0.7220559617501798;permutation
213720_13;1;13;0;0.6218803098646559;1.0;0.9843081862413464;0.9843081862413464;-0.2182898684797028;0.9961969635946276;0.9961969635946276;;1.0;1.0;0.7195488971542054;0.7040123687280898;-0.7040066757886231;permutation
214142_13;0;13;0;0.9339704085181244;1.0;0.9426644653726818;0.9426644653726818;-0.03783053830107108;0.9961959741489248;0.9961959741489248;;1.0;1.0;0.7142281630928943;0.70283164443681;-0.7028286866837071;permutation
