"Case ID;Actual;Prefix Length;Prediction;Prediction Probability;SHAP Subset Stability;SHAP Weight Stability;SHAP Adjusted Weight Stability;LIME Subset Stability;LIME Weight Stability;LIME Adjusted Weight Stability;ACV Subset Stability;ACV Weight Stability;ACV Adjusted Weight Stability";MAPE Correctness;RMSE Correctness;R2 Correctness;Mode
"206086_11;0;11;1;0.6039342243523605;1.0;0.996486906111916;0.996486906111916;1.0;0.9603891712979228;0.9603891712979228;;1.0;1.0";0.808040017322383;0.7957137993409751;-0.7957111139809471;permutation
"207662_11;0;11;1;0.6083688667926366;1.0;0.9941848868849696;0.9941848868849696;0.4596717610811141;0.9580855431858262;0.9580855431858262;;1.0;1.0";0.8011762193838892;0.7883135721194855;-0.7883135721194855;permutation
"207780_11;1;11;0;0.7948374478506037;1.0;0.9889108594721429;0.9889108594721429;0.2889592142589519;0.9054499892129642;0.9054499892129642;;1.0;1.0";0.8413212534117505;0.8276449686402029;-0.8276449686402029;permutation
"207810_11;0;11;1;0.5592482385118489;1.0;0.9963508840812234;0.9963508840812234;0.362025909161854;0.9421266838748515;0.9421266838748515;;1.0;1.0";0.8485918474899051;0.8374871753730662;-0.8374871753730662;permutation
"209646_11;1;11;1;0.5198002311788013;1.0;0.9967255803849728;0.9967255803849728;0.4154749744637384;0.9682169908634748;0.9682169908634748;;1.0;1.0";0.8423038693686247;0.8381212365409069;-0.8381251651227475;permutation
"210704_11;1;11;0;0.5618159470845654;1.0;0.9915322460641469;0.9915322460641469;0.4624398327152213;0.9069037940446952;0.9069037940446952;;1.0;1.0";0.8182213420941644;0.8016411052815394;-0.8016411052815394;permutation
"211784_11;0;11;1;0.8757457962781864;1.0;0.9957137678245728;0.9957137678245728;0.3999700535512965;0.9416249681444564;0.9416249681444564;;1.0;1.0";0.8389900685075093;0.8301534847744446;-0.8301439260468909;permutation
"212560_11;1;11;0;0.6946462484467706;1.0;0.9865650856548316;0.9865650856548316;1.0;0.9233781341286929;0.9233781341286929;;1.0;1.0";0.818855569926632;0.8033790398715481;-0.8033763286247104;permutation
