Case ID;Actual;Prefix Length;Prediction;Prediction Probability;SHAP Subset Stability;SHAP Weight Stability;SHAP Adjusted Weight Stability;LIME Subset Stability;LIME Weight Stability;LIME Adjusted Weight Stability;ACV Subset Stability;ACV Weight Stability;ACV Adjusted Weight Stability;LINDA Subset Stability;LINDA Weight Stability;LINDA Adjusted Weight Stability;LIME Precision;LIME Recall;LIME Correlation;SHAP Precision;SHAP Recall;SHAP Correlation
204703_10;1;10;0;0.992599278477718;1.0;0.9537884232839507;0.9537884232839507;0.0141340612678164;1.0;1.0;;1.0;1.0;;1.0;1.0;0.0;0.0;0.4745134254790716;1.0;1.0;0.37546806286045276
204718_10;1;10;1;0.8863208790929002;1.0;0.9702525870387196;0.9702525870387196;-0.1416013420771695;0.999999999999946;0.999999999999946;;1.0;1.0;;1.0;1.0;0.0;0.0;0.5194951650960542;0.6666666666666666;1.0;0.37380040203181153
205367_10;0;10;0;0.9991451279646916;1.0;0.9479945418052416;0.9479945418052416;-0.2343450773924909;0.9999999999999992;0.9999999999999992;;1.0;1.0;;1.0;1.0;0.0;0.0;0.501976886034284;1.0;1.0;0.2847872640919385
205924_10;0;10;0;0.9999999978774384;1.0;0.9650157444787996;0.9650157444787996;-0.064583356565202;0.9999999999999992;0.9999999999999992;;1.0;1.0;;1.0;1.0;0.0;0.0;0.5457110852165769;0.0;0.0;0.2429574354625222
206342_10;0;10;1;0.9997767752736992;1.0;0.9831545371952364;0.9831545371952364;-0.189170023732077;0.9999999999999956;0.9999999999999956;;1.0;1.0;;1.0;1.0;0.0;0.0;0.5046301058320045;0.0;0.0;0.36711756952186414
208619_10;1;10;1;0.5796677590706518;1.0;0.9756016477580892;0.9756016477580892;-0.2033625653290816;1.0;1.0;;1.0;1.0;1.0;1.0;1.0;0.0;0.0;0.5381028456641732;1.0;1.0;0.38609895091386776
209269_10;0;10;0;0.9999817859812278;1.0;0.9660120884946533;0.9660120884946533;-0.2093649286095127;0.9999999999999998;0.9999999999999998;;1.0;1.0;;1.0;1.0;0.0;0.0;0.5440594119650158;1.0;1.0;0.25123914043746653
211011_10;1;10;0;0.8964007853420601;1.0;0.9641145772921637;0.9641145772921637;0.0286320897785838;0.9999999999999998;0.9999999999999998;;1.0;1.0;1.0;1.0;1.0;0.0;0.0;0.5191613162473344;1.0;1.0;0.31122208530014267
