Case ID;Actual;Prefix Length;Prediction;Prediction Probability;SHAP Subset Stability;SHAP Weight Stability;SHAP Adjusted Weight Stability;LIME Subset Stability;LIME Weight Stability;LIME Adjusted Weight Stability;ACV Subset Stability;ACV Weight Stability;ACV Adjusted Weight Stability;LIME Precision;LIME Recall;LIME Correlation;SHAP Precision;SHAP Recall;SHAP Correlation
205819_14;0;14;1;0.5806172341467716;1.0;0.9918574303229666;0.9918574303229666;-0.1446911002031561;0.9532823828646576;0.9532823828646576;;1.0;1.0;1.0;1.0;0.6631459530192385;0.0;0.0;0.5069565947759613
205897_14;0;14;1;0.5960143712464527;1.0;0.9837709570008408;0.9837709570008408;1.0;0.9403762139642668;0.9403762139642668;;1.0;1.0;0.0;0.0;0.6762224991638018;1.0;1.0;0.49932900388762613
208655_14;1;14;0;0.8458761676462986;1.0;0.9834602314917128;0.9834602314917128;0.0686195129272557;0.9546537901693708;0.9546537901693708;;1.0;1.0;0.0;0.0;0.6627152600008034;1.0;1.0;0.5301373472670513
209078_14;0;14;0;0.8187022560031568;1.0;0.9720483799549624;0.9720483799549624;0.1039228361458918;0.9470354981898752;0.9470354981898752;;1.0;1.0;0.0;0.0;0.6431286224233962;1.0;1.0;0.5460497600032502
210800_14;0;14;1;0.7807852046541905;1.0;0.9880951783568096;0.9880951783568096;0.125045452184306;0.8378566890759676;0.8378566890759676;;1.0;1.0;0.0;0.0;0.6744095067340332;1.0;1.0;0.5062945508761427
211606_14;1;14;1;0.983753564511222;1.0;0.9879802199986334;0.9879802199986334;-0.015786898641604;0.9397156619718924;0.9397156619718924;;1.0;1.0;1.0;1.0;0.6910985079438821;1.0;1.0;0.4693186947692547
212196_14;1;14;1;0.5294353749667108;1.0;0.9901781364271058;0.9901781364271058;0.1437165775401075;0.9456363035353912;0.9456363035353912;;1.0;1.0;0.0;0.0;0.6563427376975005;1.0;1.0;0.5079309071148072
213468_14;1;14;0;0.6383766055717767;1.0;0.976760560856622;0.976760560856622;-0.1613870913230677;0.952337732472732;0.952337732472732;;1.0;1.0;0.0;0.0;0.6604963775002902;0.6666666666666666;1.0;0.5394979562298479
