Case ID;Actual;Prefix Length;Prediction;Prediction Probability;SHAP Subset Stability;SHAP Weight Stability;SHAP Adjusted Weight Stability;LIME Subset Stability;LIME Weight Stability;LIME Adjusted Weight Stability;ACV Subset Stability;ACV Weight Stability;ACV Adjusted Weight Stability;LINDA Subset Stability;LINDA Weight Stability;LINDA Adjusted Weight Stability;LIME Precision;LIME Recall;LIME Correlation;SHAP Precision;SHAP Recall;SHAP Correlation
204691_3;1;3;0;0.6386237596978538;1.0;0.8920784900556451;0.8920784900556451;0.336565752128666;0.9869550860802504;0.9869550860802504;;1.0;1.0;1.0;1.0;1.0;0.0;0.0;0.8366398360933075;1.0;1.0;0.7739328840059947
205143_3;0;3;0;0.5679581498320444;1.0;0.9577783267840296;0.9577783267840296;-0.1308254645141637;0.9819426549512912;0.9819426549512912;;1.0;1.0;1.0;1.0;1.0;0.0;0.0;0.8408022233375528;1.0;1.0;0.7781390409842883
206579_3;0;3;1;0.5191328019908188;1.0;0.9359613582680908;0.9359613582680908;-0.0064999999999999;0.9893175829240428;0.9893175829240428;;1.0;1.0;;1.0;1.0;0.0;0.0;0.7658792529411371;1.0;1.0;0.7318713142230603
208070_3;0;3;0;0.517095812339301;1.0;0.9558557461693328;0.9558557461693328;-0.0923707440100882;0.9916723060811694;0.9916723060811694;;1.0;1.0;1.0;1.0;1.0;0.0;0.0;0.8408022233375528;1.0;1.0;0.7529020991145275
209105_3;1;3;0;0.5950008336161895;1.0;0.9615248241883624;0.9615248241883624;0.04268545379196;0.5678168459877723;0.5678168459877723;;1.0;1.0;1.0;1.0;1.0;0.0;0.0;0.7658792529411371;1.0;1.0;0.7402836281796472
210134_3;1;3;1;0.5138585703090697;1.0;0.9693187993425044;0.9693187993425044;-0.0409035409035407;0.8504017823480525;0.8504017823480525;;1.0;1.0;1.0;1.0;1.0;0.0;0.0;0.7076058315217029;1.0;1.0;0.7276651572447668
213672_3;1;3;0;0.5255976033323164;1.0;0.9654830422068238;0.9654830422068238;0.6474358974358976;0.9686883629209384;0.9686883629209384;;1.0;1.0;1.0;1.0;1.0;0.0;0.0;0.8033407381393449;1.0;1.0;0.7318713142230603
214037_3;0;3;0;0.5737641937071003;1.0;0.9461287124294327;0.9461287124294327;-0.038552321007081;0.9885298720656508;0.9885298720656508;;1.0;1.0;1.0;1.0;1.0;0.0;0.0;0.5577598907288717;0.0;0.0;0.6351297037223109
