Case ID;Actual;Prefix Length;Prediction;Prediction Probability;SHAP Subset Stability;SHAP Weight Stability;SHAP Adjusted Weight Stability;LIME Subset Stability;LIME Weight Stability;LIME Adjusted Weight Stability;ACV Subset Stability;ACV Weight Stability;ACV Adjusted Weight Stability;LINDA Subset Stability;LINDA Weight Stability;LINDA Adjusted Weight Stability;LIME Precision;LIME Recall;LIME Correlation;SHAP Precision;SHAP Recall;SHAP Correlation
204595_7;1;7;0;0.6402206775301538;1.0;0.9504608694457064;0.9504608694457064;0.1827966714905932;0.9999836243798016;0.9999836243798016;;1.0;1.0;;1.0;1.0;0.0;0.0;0.6138898983293289;1.0;1.0;0.5134557237417984
205220_7;1;7;0;0.8879551383270462;1.0;0.94474568667045;0.94474568667045;0.1594097726173198;0.9999661206734136;0.9999661206734136;;1.0;1.0;;1.0;1.0;0.0;0.0;0.6676658405308286;1.0;1.0;0.45915644845855025
205310_7;0;7;0;0.9811183987002424;1.0;0.920372449210805;0.920372449210805;0.2784468438538205;0.9996395422476098;0.9996395422476098;;1.0;1.0;;1.0;1.0;0.0;0.0;0.6283239448310881;1.0;1.0;0.483995075590768
205912_7;0;7;0;0.6108666051277827;1.0;0.938927263176104;0.938927263176104;0.0762892078681551;0.9999778108621646;0.9999778108621646;;1.0;1.0;;1.0;1.0;0.0;0.0;0.6604748715155118;1.0;1.0;0.4845294226962235
207611_7;1;7;1;0.5942679263736842;1.0;0.9642312388596624;0.9642312388596624;0.1942028985507244;0.9999032594486754;0.9999032594486754;;1.0;1.0;1.0;1.0;1.0;0.0;0.0;0.6488546824545288;1.0;1.0;0.48508463000995816
208094_7;0;7;1;0.9006896377665293;1.0;0.9683432477613632;0.9683432477613632;0.0813593516296218;0.9999648200169824;0.9999648200169824;;1.0;1.0;;1.0;1.0;0.0;0.0;0.6455197403024978;1.0;1.0;0.48447390196485
210206_7;1;7;1;0.7729502426956116;1.0;0.9682171614316636;0.9682171614316636;0.1275915127955944;0.9999620650703348;0.9999620650703348;;1.0;1.0;;1.0;1.0;0.0;0.0;0.658025773372614;1.0;1.0;0.47486881543724063
214025_7;0;7;0;0.9467552300832216;1.0;0.8454470236825483;0.8454470236825483;0.0661829628776535;0.9999684327166376;0.9999684327166376;;1.0;1.0;;1.0;1.0;0.0;0.0;0.6957523064674646;1.0;1.0;0.4288976498600122
