Case ID;Actual;Prefix Length;Prediction;Prediction Probability;SHAP Subset Stability;SHAP Weight Stability;SHAP Adjusted Weight Stability;LIME Subset Stability;LIME Weight Stability;LIME Adjusted Weight Stability;ACV Subset Stability;ACV Weight Stability;ACV Adjusted Weight Stability;LIME Precision;LIME Recall;LIME Correlation;SHAP Precision;SHAP Recall;SHAP Correlation
205421_12;1;12;0;0.8458750118803292;1.0;0.9831892652039392;0.9831892652039392;0.1710106133182921;0.9706282761343572;0.9706282761343572;;1.0;1.0;0.0;0.0;0.7286105621340532;1.0;1.0;0.4772859372729313
206510_12;1;12;0;0.9804721741984644;1.0;0.9865016132015456;0.9865016132015456;-0.005774918467853;0.9683035005963831;0.9683035005963831;;1.0;1.0;1.0;1.0;0.6797618905931291;1.0;1.0;0.5149416198846083
208103_12;1;12;0;0.8980842324852087;1.0;0.9575174791913332;0.9575174791913332;0.2445866141732218;0.9448435098578308;0.9448435098578308;;1.0;1.0;1.0;1.0;0.7170397393044641;1.0;1.0;0.510784385661343
208958_12;1;12;1;0.9318205050613232;1.0;0.9944945848929422;0.9944945848929422;0.0725196480734436;0.956759561282107;0.956759561282107;;1.0;1.0;0.0;0.0;0.6902575955701069;0.3333333333333333;1.0;0.522835792809739
209939_12;0;12;1;0.8983025040169346;1.0;0.9926330882781365;0.9926330882781365;0.1353346752388317;0.9776181260415174;0.9776181260415174;;1.0;1.0;0.0;0.0;0.7068953104575475;1.0;0.16666666666666666;0.48569960485616326
210071_12;0;12;0;0.8613591719279458;1.0;0.9621326690992672;0.9621326690992672;0.1993332501785829;0.9366618361382074;0.9366618361382074;;1.0;1.0;0.0;0.0;0.705479561206089;1.0;0.6666666666666666;0.4880028185948581
211724_12;0;12;1;0.7528793881573347;1.0;0.9894409347717672;0.9894409347717672;-0.2146921724722521;0.9766174011507618;0.9766174011507618;;1.0;1.0;0.0;0.0;0.747111104983939;1.0;1.0;0.47253232667550843
212235_12;0;12;0;0.7432239549418557;1.0;0.9865400336404396;0.9865400336404396;0.0700421267182971;0.9660827905116618;0.9660827905116618;;1.0;1.0;0.0;0.0;0.7069698235760452;1.0;1.0;0.5021268812250729
