Case ID;Actual;Prefix Length;Prediction;Prediction Probability;SHAP Subset Stability;SHAP Weight Stability;SHAP Adjusted Weight Stability;LIME Subset Stability;LIME Weight Stability;LIME Adjusted Weight Stability;ACV Subset Stability;ACV Weight Stability;ACV Adjusted Weight Stability;LINDA Subset Stability;LINDA Weight Stability;LINDA Adjusted Weight Stability;LIME Precision;LIME Recall;LIME Correlation;SHAP Precision;SHAP Recall;SHAP Correlation
205480_6;0;6;0;0.8194149921611074;1.0;0.6767035515331226;0.6767035515331226;0.3961194440621991;0.975156611860002;0.975156611860002;;1.0;1.0;1.0;1.0;1.0;0.0;0.0;0.611332281513777;1.0;1.0;0.01044650018680491
205921_6;0;6;0;1.0;1.0;0.9756903629962124;0.9756903629962124;0.5630619306754999;0.967396904326168;0.967396904326168;;1.0;1.0;1.0;1.0;1.0;0.0;0.0;0.5998341502914182;1.0;0.5;-0.08478671081848636
206745_6;0;6;0;0.9999922875117714;1.0;0.94663004022025;0.94663004022025;0.1497291626000391;0.9714808831035354;0.9714808831035354;;1.0;1.0;1.0;1.0;1.0;0.0;0.0;0.6181592969270527;0.0;0.0;-0.08974272486059846
208196_6;1;6;1;1.0;1.0;0.7890405773652901;0.7890405773652901;0.8804353956347639;0.971654144580002;0.971654144580002;;1.0;1.0;;1.0;1.0;0.0;0.0;0.6076492863566153;1.0;1.0;-0.1044324876530676
210134_6;1;6;1;0.992922570477418;0.6851235741444868;0.8755965884725221;0.8755965884725221;0.0639495812093295;0.8938177230381981;0.8938177230381981;;1.0;1.0;1.0;1.0;1.0;0.0;0.0;0.6455571877303298;1.0;1.0;0.05417603585249988
212479_6;0;6;0;0.997708556572604;1.0;0.9447380226983164;0.9447380226983164;0.7571057790039204;0.9648057837409896;0.9648057837409896;;1.0;1.0;1.0;1.0;1.0;0.3333333333333333;0.5;0.6199558799305462;0.0;0.0;-0.07458315249649086
213693_6;1;6;0;0.5733787200118327;1.0;0.7998570379463066;0.7998570379463066;0.289178979368308;0.8094590037909045;0.8094590037909045;;1.0;1.0;1.0;1.0;1.0;0.0;0.0;0.6325319609550013;0.5;1.0;-0.006580263594096981
213720_6;1;6;0;0.8216481560664045;0.7123863790530456;0.6390671815231228;0.6390671815231228;0.3553756745537566;0.967202967883879;0.967202967883879;;1.0;1.0;1.0;1.0;1.0;0.0;0.0;0.5929173057279679;1.0;1.0;0.019483937557715204
