Case ID;Actual;Prefix Length;Prediction;Prediction Probability;MAPE Correctness;RMSE Correctness;R2 Correctness;Mode
HE_8;0;8;1;1.0;0.7693611225321739;0.7693611225321739;-0.7713691831196438;baseline_mean
KT_8;0;8;0;0.8;0.3784028614594715;0.3784028614594715;-0.3784028614594715;baseline_mean
L_8;1;8;0;0.5333333333333333;0.4935790997144273;0.4935790997144273;-0.4935790997144273;baseline_mean
PB_8;1;8;0;0.5;0.7697554400587241;0.7697554400587241;-0.7697554400587241;baseline_mean
PLA_8;1;8;1;1.0;0.6299925016216729;0.6299925016216729;-0.629496287776177;baseline_mean
QIA_8;1;8;1;1.0;0.3971143690690789;0.3971143690690789;-0.3971143690690789;baseline_mean
TU_8;0;8;0;0.5;0.7673427974608016;0.7673427974608016;-0.7697554400587241;baseline_mean
YBA_8;0;8;0;1.0;0.27475394021495064;0.27475394021495064;-0.27475394021495064;baseline_mean
