Case ID;Actual;Prefix Length;Prediction;Prediction Probability;MAPE Correctness;RMSE Correctness;R2 Correctness;Mode
AIA_13;1;13;0;0.5955056179775281;0.9999999999999998;0.9999999999999998;-0.9999999999999998;baseline_mean
GJA_13;1;13;0;0.5955056179775281;0.9999999999999998;0.9999999999999998;-0.9999999999999998;baseline_mean
JKA_13;0;13;1;0.673469387755102;;;;baseline_mean
KF_13;0;13;1;0.673469387755102;;;;baseline_mean
MD_13;1;13;0;0.5955056179775281;0.9999999999999998;0.9999999999999998;-0.9999999999999998;baseline_mean
NM_13;0;13;1;0.673469387755102;;;;baseline_mean
SK_13;1;13;1;0.673469387755102;;;;baseline_mean
YHA_13;0;13;0;0.5955056179775281;0.9999999999999998;0.9999999999999998;-0.9999999999999998;baseline_mean
