Case ID;Actual;Prefix Length;Prediction;Prediction Probability;MAPE Correctness;RMSE Correctness;R2 Correctness;Mode
BS_9;0;9;1;0.631578947368421;;;;baseline_mean
DKA_9;1;9;1;1.0;0.7036576506698965;0.7036576506698965;-0.7036576506698965;baseline_mean
EM_9;0;9;0;0.7111111111111111;0.3668666478734218;0.3668666478734218;-0.3668666478734218;baseline_mean
FMA_9;1;9;1;0.8148148148148148;0.4384709061765742;0.4384709061765742;-0.4384709061765742;baseline_mean
JKA_9;0;9;0;0.7111111111111111;0.3668666478734218;0.3668666478734218;-0.3668666478734218;baseline_mean
KG_9;0;9;1;0.631578947368421;;;;baseline_mean
RR_9;1;9;1;0.631578947368421;;;;baseline_mean
XT_9;1;9;1;1.0;0.5717142117291124;0.5717142117291124;-0.5717142117291124;baseline_mean
