Case ID;Actual;Prefix Length;Prediction;Prediction Probability;MAPE Correctness;RMSE Correctness;R2 Correctness;Mode
DW_11;0;11;0;0.6379310344827587;0.8129795188237716;0.8129795188237716;-0.8129795188237716;baseline_0
GAA_11;0;11;0;0.5245901639344263;0.7027532083097489;0.7027532083097489;-0.7027532083097489;baseline_0
HP_11;0;11;0;0.6379310344827587;0.8129795188237716;0.8129795188237716;-0.8129795188237716;baseline_0
NX_11;0;11;0;0.6379310344827587;0.8129795188237716;0.8129795188237716;-0.8129795188237716;baseline_0
RLA_11;1;11;0;0.6379310344827587;0.8129795188237716;0.8129795188237716;-0.8129795188237716;baseline_0
TCA_11;1;11;0;0.6379310344827587;0.8129795188237716;0.8129795188237716;-0.8129795188237716;baseline_0
WT_11;1;11;0;0.6379310344827587;0.8129795188237716;0.8129795188237716;-0.8129795188237716;baseline_0
XI_11;1;11;1;0.7931034482758621;0.4984623879129588;0.4984623879129588;-0.4984623879129588;baseline_0
