Case ID;Actual;Prefix Length;Prediction;Prediction Probability;MAPE Correctness;RMSE Correctness;R2 Correctness;Mode
EDA_6;1;6;0;0.8;0.49366065101980916;0.49366065101980916;-0.49366065101980916;baseline_mean
FX_6;1;6;1;0.7428571428571429;;;;baseline_mean
HKA_6;0;6;0;0.5769230769230769;0.48975819528052217;0.48975819528052217;-0.48975819528052217;baseline_mean
KFA_6;1;6;1;0.8333333333333334;0.4975631067590962;0.4975631067590962;-0.4975631067590962;baseline_mean
KF_6;0;6;0;0.8;0.49366065101980916;0.49366065101980916;-0.49366065101980916;baseline_mean
TS_6;0;6;0;0.8;0.49366065101980916;0.49366065101980916;-0.49366065101980916;baseline_mean
XGA_6;0;6;0;1.0;0.6974406359262247;0.6974406359262247;-0.6995038166660226;baseline_mean
XN_6;1;6;1;0.8333333333333334;0.4975631067590962;0.4975631067590962;-0.4975631067590962;baseline_mean
