Case ID;Actual;Prefix Length;Prediction;Prediction Probability;MAPE Correctness;RMSE Correctness;R2 Correctness;Mode
BM;0;1;0;1.0;0.6887889799633726;0.6887889799633726;-0.6887889799633726;baseline_mean
DKA;1;1;1;1.0;;;;baseline_mean
JU;0;1;0;0.5;0.662461563224023;0.662461563224023;-0.662461563224023;baseline_mean
JY;1;1;1;1.0;;;;baseline_mean
QG;1;1;1;1.0;0.502117962234709;0.502117962234709;-0.5011269122314874;baseline_mean
SM;1;1;1;1.0;0.32156238815474725;0.32156238815474725;-0.32156238815474725;baseline_mean
SY;0;1;0;1.0;0.5025884556069136;0.5025884556069136;-0.5025884556069136;baseline_mean
WF;0;1;0;0.5;0.6372170488427705;0.6372170488427705;-0.6417317678124262;baseline_mean
