Case ID;Actual;Prefix Length;Prediction;Prediction Probability;MAPE Correctness;RMSE Correctness;R2 Correctness;Mode
CU_7;1;7;0;1.0;0.8171835785931668;0.8171835785931668;-0.8164965809277259;baseline_max
EI_7;1;7;1;0.6842105263157895;0.707700739108314;0.707700739108314;-0.707700739108314;baseline_max
HT_7;0;7;1;0.6111111111111112;0.9949409780775719;0.9949409780775719;-0.9949409780775719;baseline_max
NHA_7;0;7;0;0.5764705882352941;0.8902741681209994;0.8902741681209994;-0.8914016406876386;baseline_max
RC_7;1;7;1;0.6842105263157895;0.707700739108314;0.707700739108314;-0.707700739108314;baseline_max
UZ_7;0;7;0;0.5764705882352941;0.8902741681209994;0.8902741681209994;-0.8914016406876386;baseline_max
YT_7;1;7;1;1.0;;;;baseline_max
ZMA_7;0;7;0;0.5764705882352941;0.8902741681209994;0.8902741681209994;-0.8914016406876386;baseline_max
