Case ID;Actual;Prefix Length;Prediction;Prediction Probability;MAPE Correctness;RMSE Correctness;R2 Correctness;Mode
ADA_10;1;10;1;0.582089552238806;;;;baseline_min
BBA_10;0;10;1;0.7777777777777778;1.0;1.0;-1.0;baseline_min
ET_10;0;10;0;0.6329113924050633;0.5721359688487305;0.5721359688487305;-0.5721359688487305;baseline_min
IP_10;1;10;1;0.582089552238806;;;;baseline_min
QG_10;1;10;1;0.582089552238806;;;;baseline_min
VKA_10;0;10;0;0.6329113924050633;0.5721359688487305;0.5721359688487305;-0.5721359688487305;baseline_min
WQ_10;0;10;0;0.6329113924050633;0.5721359688487305;0.5721359688487305;-0.5721359688487305;baseline_min
WW_10;1;10;0;0.6329113924050633;0.5721359688487305;0.5721359688487305;-0.5721359688487305;baseline_min
