Case ID;Actual;Prefix Length;Prediction;Prediction Probability;MAPE Correctness;RMSE Correctness;R2 Correctness;Mode
BF_12;1;12;1;1.0;0.7257167995540637;0.7257167995540637;-0.7256842769850448;baseline_max
CF_12;1;12;1;1.0;0.7257167995540637;0.7257167995540637;-0.7256842769850448;baseline_max
IJ_12;0;12;0;1.0;0.9976498237367801;0.9976498237367801;-0.9994122832286934;baseline_max
OK_12;1;12;1;1.0;0.7257167995540637;0.7257167995540637;-0.7256842769850448;baseline_max
SQ_12;0;12;0;0.875;0.8112166138863803;0.8112166138863803;-0.8126542440763016;baseline_max
UJ_12;0;12;1;0.9285714285714286;0.6466744787732149;0.6466744787732149;-0.6466744787732149;baseline_max
XJ_12;1;12;0;0.7333333333333333;0.6469354974607008;0.6469354974607008;-0.6469354974607008;baseline_max
ZMA_12;0;12;1;0.6666666666666666;0.5753153540494026;0.5753153540494026;-0.5753153540494026;baseline_max
