Case ID;Actual;Prefix Length;Prediction;Prediction Probability;MAPE Correctness;RMSE Correctness;R2 Correctness;Mode
ADA_10;1;10;1;0.582089552238806;0.5721359688487305;0.5721359688487305;-0.5721359688487305;baseline_mean
BBA_10;0;10;1;0.7777777777777778;1.0;1.0;-1.0;baseline_mean
ET_10;0;10;0;0.6329113924050633;;;;baseline_mean
IP_10;1;10;1;0.582089552238806;0.5721359688487305;0.5721359688487305;-0.5721359688487305;baseline_mean
QG_10;1;10;1;0.582089552238806;0.5721359688487305;0.5721359688487305;-0.5721359688487305;baseline_mean
VKA_10;0;10;0;0.6329113924050633;;;;baseline_mean
WQ_10;0;10;0;0.6329113924050633;;;;baseline_mean
WW_10;1;10;0;0.6329113924050633;;;;baseline_mean
