Case ID;Actual;Prefix Length;Prediction;Prediction Probability;MAPE Correctness;RMSE Correctness;R2 Correctness;Mode
BS_9;0;9;1;0.631578947368421;0.7487761942178296;0.7487761942178296;-0.7487761942178296;baseline_max
DKA_9;1;9;1;1.0;;;;baseline_max
EM_9;0;9;0;0.7111111111111111;0.6525150597550462;0.6525150597550462;-0.6525150597550462;baseline_max
FMA_9;1;9;1;0.8148148148148148;0.8872267464354955;0.8872267464354955;-0.8881557840931134;baseline_max
JKA_9;0;9;0;0.7111111111111111;0.6525150597550462;0.6525150597550462;-0.6525150597550462;baseline_max
KG_9;0;9;1;0.631578947368421;0.7487761942178296;0.7487761942178296;-0.7487761942178296;baseline_max
RR_9;1;9;1;0.631578947368421;0.7487761942178296;0.7487761942178296;-0.7487761942178296;baseline_max
XT_9;1;9;1;1.0;;;;baseline_max
