Case ID;Actual;Prefix Length;Prediction;Prediction Probability;MAPE Correctness;RMSE Correctness;R2 Correctness;Mode
EI_4;1;4;1;1.0;0.44487938077068123;0.44487938077068123;-0.4435771654528632;baseline_mean
EQ_4;1;4;0;0.6666666666666666;0.40924648270181974;0.40924648270181974;-0.40924648270181974;baseline_mean
FMA_4;1;4;0;0.5714285714285714;0.27525152442649314;0.27525152442649314;-0.27525152442649314;baseline_mean
GV_4;0;4;0;1.0;0.337197162089241;0.337197162089241;-0.3386820898119576;baseline_mean
HO_4;0;4;1;1.0;0.24535916188189397;0.24535916188189397;-0.24535916188189397;baseline_mean
OMA_4;0;4;1;0.8;0.7010339991179144;0.7010339991179144;-0.7010339991179144;baseline_mean
RT_4;0;4;0;0.8;0.2773661266117553;0.2773661266117553;-0.2773661266117553;baseline_mean
VG_4;1;4;1;1.0;0.2070443174030559;0.2070443174030559;-0.2070443174030559;baseline_mean
