Case ID;Actual;Prefix Length;Prediction;Prediction Probability;MAPE Correctness;RMSE Correctness;R2 Correctness;Mode
HE_8;0;8;1;1.0;0.8895398817636283;0.8895398817636283;-0.8930285549745877;baseline_max
KT_8;0;8;0;0.8;0.8546710064047235;0.8546710064047235;-0.8546710064047235;baseline_max
L_8;1;8;0;0.5333333333333333;0.4935790997144273;0.4935790997144273;-0.4935790997144273;baseline_max
PB_8;1;8;0;0.5;0.889883470949229;0.889883470949229;-0.8916288236971981;baseline_max
PLA_8;1;8;1;1.0;0.7741948049774022;0.7741948049774022;-0.7729829261805635;baseline_max
QIA_8;1;8;1;1.0;0.5719488385203024;0.5719488385203024;-0.5714927001723622;baseline_max
TU_8;0;8;0;0.5;0.8863945270652573;0.8863945270652573;-0.8916288236971981;baseline_max
YBA_8;0;8;0;1.0;0.8541147610377173;0.8541147610377173;-0.8561522241411014;baseline_max
