Case ID;Actual;Prefix Length;Prediction;Prediction Probability;MAPE Correctness;RMSE Correctness;R2 Correctness;Mode
BM;0;1;0;1.0;0.8465586909414806;0.8465586909414806;-0.8525184889098316;baseline_min
DKA;1;1;1;1.0;0.35502687178240944;0.35502687178240944;-0.35502687178240944;baseline_min
JU;0;1;0;0.5;0.7299439546369101;0.7299439546369101;-0.7348397610878195;baseline_min
JY;1;1;1;1.0;0.5257437655147015;0.5257437655147015;-0.5269593596588861;baseline_min
QG;1;1;1;1.0;0.5085510146349168;0.5085510146349168;-0.5085510146349168;baseline_min
SM;1;1;1;1.0;0.4976644379812396;0.4976644379812396;-0.4976644379812396;baseline_min
SY;0;1;0;1.0;0.6985590364167538;0.6985590364167538;-0.6985590364167538;baseline_min
WF;0;1;0;0.5;0.62044208831154;0.62044208831154;-0.62044208831154;baseline_min
