Case ID;Actual;Prefix Length;Prediction;Prediction Probability;MAPE Correctness;RMSE Correctness;R2 Correctness;Mode
FY_14;1;14;1;0.7333333333333333;0.5729433559036095;0.5729433559036095;-0.5729433559036095;baseline_mean
GN_14;1;14;0;0.6229508196721312;;;;baseline_mean
IM_14;0;14;0;0.6229508196721312;;;;baseline_mean
KM_14;1;14;1;1.0;0.7044094757200055;0.7044094757200055;-0.7044094757200055;baseline_mean
NK_14;0;14;0;0.6229508196721312;;;;baseline_mean
TV_14;1;14;1;1.0;0.7044094757200055;0.7044094757200055;-0.7044094757200055;baseline_mean
TX_14;0;14;0;0.75;1.0;1.0;-1.0;baseline_mean
VT_14;0;14;1;0.7333333333333333;0.5729433559036095;0.5729433559036095;-0.5729433559036095;baseline_mean
