Case ID;Actual;Prefix Length;Prediction;Prediction Probability;MAPE Correctness;RMSE Correctness;R2 Correctness;Mode
CGA_2;0;2;1;0.5588235294117647;0.852264989074122;0.852264989074122;-0.852264989074122;baseline_max
FMA_2;1;2;1;0.5588235294117647;0.852264989074122;0.852264989074122;-0.852264989074122;baseline_max
GI_2;0;2;0;0.7142857142857143;1.0;1.0;-1.0;baseline_max
OX_2;1;2;1;0.5588235294117647;0.852264989074122;0.852264989074122;-0.852264989074122;baseline_max
RS_2;0;2;1;0.5588235294117647;0.852264989074122;0.852264989074122;-0.852264989074122;baseline_max
SCA_2;1;2;1;0.5588235294117647;0.852264989074122;0.852264989074122;-0.852264989074122;baseline_max
YMA_2;1;2;0;0.7142857142857143;1.0;1.0;-1.0;baseline_max
ZZ_2;0;2;0;1.0;0.49005111346535113;0.49005111346535113;-0.49005111346535113;baseline_max
