Case ID;Actual;Prefix Length;Prediction;Prediction Probability;MAPE Correctness;RMSE Correctness;R2 Correctness;Mode
FY_14;1;14;1;0.7333333333333333;0.5754617882372516;0.5754617882372516;-0.5754617882372516;baseline_0
GN_14;1;14;0;0.6229508196721312;0.8133786026431602;0.8133786026431602;-0.8133786026431602;baseline_0
IM_14;0;14;0;0.6229508196721312;0.8133786026431602;0.8133786026431602;-0.8133786026431602;baseline_0
KM_14;1;14;1;1.0;;;;baseline_0
NK_14;0;14;0;0.6229508196721312;0.8133786026431602;0.8133786026431602;-0.8133786026431602;baseline_0
TV_14;1;14;1;1.0;;;;baseline_0
TX_14;0;14;0;0.75;1.0;1.0;-1.0;baseline_0
VT_14;0;14;1;0.7333333333333333;0.5754617882372516;0.5754617882372516;-0.5754617882372516;baseline_0
