Case ID;Actual;Prefix Length;Prediction;Prediction Probability;MAPE Correctness;RMSE Correctness;R2 Correctness;Mode
EDA_6;1;6;0;0.8;0.7002027770586058;0.7002027770586058;-0.7002027770586058;baseline_0
FX_6;1;6;1;0.7428571428571429;0.8578424520490393;0.8578424520490393;-0.8578424520490393;baseline_0
HKA_6;0;6;0;0.5769230769230769;0.7029649181909869;0.7029649181909869;-0.7029649181909869;baseline_0
KFA_6;1;6;1;0.8333333333333334;0.48975819528052217;0.48975819528052217;-0.48975819528052217;baseline_0
KF_6;0;6;0;0.8;0.7002027770586058;0.7002027770586058;-0.7002027770586058;baseline_0
TS_6;0;6;0;0.8;0.7002027770586058;0.7002027770586058;-0.7002027770586058;baseline_0
XGA_6;0;6;0;1.0;;;;baseline_0
XN_6;1;6;1;0.8333333333333334;0.48975819528052217;0.48975819528052217;-0.48975819528052217;baseline_0
