Case ID;Actual;Prefix Length;Prediction;Prediction Probability;MAPE Correctness;RMSE Correctness;R2 Correctness;Mode
ADA_10;1;10;1;0.582089552238806;0.9965546942291128;0.9965546942291128;-0.998707174637208;baseline_max
BBA_10;0;10;1;0.7777777777777778;;;;baseline_max
ET_10;0;10;0;0.6329113924050633;0.8170238632435337;0.8170238632435337;-0.8170238632435337;baseline_max
IP_10;1;10;1;0.582089552238806;0.9965546942291128;0.9965546942291128;-0.998707174637208;baseline_max
QG_10;1;10;1;0.582089552238806;0.9965546942291128;0.9965546942291128;-0.998707174637208;baseline_max
VKA_10;0;10;0;0.6329113924050633;0.8170238632435337;0.8170238632435337;-0.8170238632435337;baseline_max
WQ_10;0;10;0;0.6329113924050633;0.8170238632435337;0.8170238632435337;-0.8170238632435337;baseline_max
WW_10;1;10;0;0.6329113924050633;0.8170238632435337;0.8170238632435337;-0.8170238632435337;baseline_max
