Case ID;Actual;Prefix Length;Prediction;Prediction Probability;MAPE Correctness;RMSE Correctness;R2 Correctness;Mode
DW_11;0;11;0;0.6379310344827587;0.5780608544052527;0.5780608544052527;-0.5780608544052527;baseline_max
GAA_11;0;11;0;0.5245901639344263;0.7062364955876163;0.7062364955876163;-0.7062364955876163;baseline_max
HP_11;0;11;0;0.6379310344827587;0.5780608544052527;0.5780608544052527;-0.5780608544052527;baseline_max
NX_11;0;11;0;0.6379310344827587;0.5780608544052527;0.5780608544052527;-0.5780608544052527;baseline_max
RLA_11;1;11;0;0.6379310344827587;0.5780608544052527;0.5780608544052527;-0.5780608544052527;baseline_max
TCA_11;1;11;0;0.6379310344827587;0.5780608544052527;0.5780608544052527;-0.5780608544052527;baseline_max
WT_11;1;11;0;0.6379310344827587;0.5780608544052527;0.5780608544052527;-0.5780608544052527;baseline_max
XI_11;1;11;1;0.7931034482758621;0.8608674779098159;0.8608674779098159;-0.8608674779098159;baseline_max
