Case ID;Actual;Prefix Length;Prediction;Prediction Probability;MAPE Correctness;RMSE Correctness;R2 Correctness;Mode
CGA_2;0;2;1;0.5588235294117647;0.5023023913019848;0.5023023913019848;-0.5023023913019848;baseline_0
FMA_2;1;2;1;0.5588235294117647;0.5023023913019848;0.5023023913019848;-0.5023023913019848;baseline_0
GI_2;0;2;0;0.7142857142857143;;;;baseline_0
OX_2;1;2;1;0.5588235294117647;0.5023023913019848;0.5023023913019848;-0.5023023913019848;baseline_0
RS_2;0;2;1;0.5588235294117647;0.5023023913019848;0.5023023913019848;-0.5023023913019848;baseline_0
SCA_2;1;2;1;0.5588235294117647;0.5023023913019848;0.5023023913019848;-0.5023023913019848;baseline_0
YMA_2;1;2;0;0.7142857142857143;;;;baseline_0
ZZ_2;0;2;0;1.0;0.6962648609027141;0.6962648609027141;-0.6995043077390877;baseline_0
