Case ID;Actual;Prefix Length;Prediction;Prediction Probability;MAPE Correctness;RMSE Correctness;R2 Correctness;Mode
CU_7;1;7;0;1.0;0.811689907476574;0.811689907476574;-0.8109982874534651;baseline_mean
EI_7;1;7;1;0.6842105263157895;;;;baseline_mean
HT_7;0;7;1;0.6111111111111112;0.6987748632175917;0.6987748632175917;-0.6987748632175917;baseline_mean
NHA_7;0;7;0;0.5764705882352941;0.44571035227017713;0.44571035227017713;-0.44571035227017713;baseline_mean
RC_7;1;7;1;0.6842105263157895;;;;baseline_mean
UZ_7;0;7;0;0.5764705882352941;0.44571035227017713;0.44571035227017713;-0.44571035227017713;baseline_mean
YT_7;1;7;1;1.0;1.0;1.0;-1.0;baseline_mean
ZMA_7;0;7;0;0.5764705882352941;0.44571035227017713;0.44571035227017713;-0.44571035227017713;baseline_mean
