Case ID;Actual;Prefix Length;Prediction;Prediction Probability;MAPE Correctness;RMSE Correctness;R2 Correctness;Mode
BS_9;0;9;1;0.631578947368421;0.6479324121016703;0.6479324121016703;-0.6479324121016703;baseline_min
DKA_9;1;9;1;1.0;1.0;1.0;-0.9993024066119974;baseline_min
EM_9;0;9;0;0.7111111111111111;0.7437467313206907;0.7437467313206907;-0.7437467313206907;baseline_min
FMA_9;1;9;1;0.8148148148148148;0.4484645450637896;0.4484645450637896;-0.4484645450637896;baseline_min
JKA_9;0;9;0;0.7111111111111111;0.7437467313206907;0.7437467313206907;-0.7437467313206907;baseline_min
KG_9;0;9;1;0.631578947368421;0.6479324121016703;0.6479324121016703;-0.6479324121016703;baseline_min
RR_9;1;9;1;0.631578947368421;0.6479324121016703;0.6479324121016703;-0.6479324121016703;baseline_min
XT_9;1;9;1;1.0;0.8147874354647403;0.8147874354647403;-0.8142158642212238;baseline_min
