Case ID;Actual;Prefix Length;Prediction;Prediction Probability;MAPE Correctness;RMSE Correctness;R2 Correctness;Mode
AIA_13;1;13;0;0.5955056179775281;;;;baseline_min
GJA_13;1;13;0;0.5955056179775281;;;;baseline_min
JKA_13;0;13;1;0.673469387755102;0.9999999999999998;0.9999999999999998;-0.9999999999999998;baseline_min
KF_13;0;13;1;0.673469387755102;0.9999999999999998;0.9999999999999998;-0.9999999999999998;baseline_min
MD_13;1;13;0;0.5955056179775281;;;;baseline_min
NM_13;0;13;1;0.673469387755102;0.9999999999999998;0.9999999999999998;-0.9999999999999998;baseline_min
SK_13;1;13;1;0.673469387755102;0.9999999999999998;0.9999999999999998;-0.9999999999999998;baseline_min
YHA_13;0;13;0;0.5955056179775281;;;;baseline_min
