Case ID;Actual;Prefix Length;Prediction;Prediction Probability;MAPE Correctness;RMSE Correctness;R2 Correctness;Mode
HE_8;0;8;1;1.0;0.4374633968716519;0.4374633968716519;-0.4374633968716519;baseline_0
KT_8;0;8;0;0.8;0.47411460263963723;0.47411460263963723;-0.47411460263963723;baseline_0
L_8;1;8;0;0.5333333333333333;0.864337836284932;0.864337836284932;-0.864337836284932;baseline_0
PB_8;1;8;0;0.5;;;;baseline_0
PLA_8;1;8;1;1.0;0.4374633968716519;0.4374633968716519;-0.4374633968716519;baseline_0
QIA_8;1;8;1;1.0;0.7014047467464372;0.7014047467464372;-0.7032369824754148;baseline_0
TU_8;0;8;0;0.5;;;;baseline_0
YBA_8;0;8;0;1.0;0.3956309592169759;0.3956309592169759;-0.3953231949080741;baseline_0
