Case ID;Actual;Prefix Length;Prediction;Prediction Probability;MAPE Correctness;RMSE Correctness;R2 Correctness;Mode
ADA_10;1;10;1;0.582089552238806;;;;baseline_0
BBA_10;0;10;1;0.7777777777777778;1.0;1.0;-1.0;baseline_0
ET_10;0;10;0;0.6329113924050633;0.5721359688487305;0.5721359688487305;-0.5721359688487305;baseline_0
IP_10;1;10;1;0.582089552238806;;;;baseline_0
QG_10;1;10;1;0.582089552238806;;;;baseline_0
VKA_10;0;10;0;0.6329113924050633;0.5721359688487305;0.5721359688487305;-0.5721359688487305;baseline_0
WQ_10;0;10;0;0.6329113924050633;0.5721359688487305;0.5721359688487305;-0.5721359688487305;baseline_0
WW_10;1;10;0;0.6329113924050633;0.5721359688487305;0.5721359688487305;-0.5721359688487305;baseline_0
