Case ID;Actual;Prefix Length;Prediction;Prediction Probability;MAPE Correctness;RMSE Correctness;R2 Correctness;Mode
BF_12;1;12;1;1.0;0.6697313227087937;0.6697313227087937;-0.6698816158000097;baseline_0
CF_12;1;12;1;1.0;0.6694151880097028;0.6694151880097028;-0.6698816158000097;baseline_0
IJ_12;0;12;0;1.0;;;;baseline_0
OK_12;1;12;1;1.0;0.6687767376634847;0.6687767376634847;-0.6698816158000097;baseline_0
SQ_12;0;12;0;0.875;0.5780291057194469;0.5780291057194469;-0.5780291057194469;baseline_0
UJ_12;0;12;1;0.9285714285714286;0.7525839597820027;0.7525839597820027;-0.7525839597820027;baseline_0
XJ_12;1;12;0;0.7333333333333333;0.7490150969021828;0.7490150969021828;-0.7490150969021828;baseline_0
ZMA_12;0;12;1;0.6666666666666666;0.8131366532091884;0.8131366532091884;-0.8131366532091884;baseline_0
