Case ID;Actual;Prefix Length;Prediction;Prediction Probability;MAPE Correctness;RMSE Correctness;R2 Correctness;Mode
EI_4;1;4;1;1.0;0.44487938077068123;0.44487938077068123;-0.44838125027726244;baseline_0
EQ_4;1;4;0;0.6666666666666666;0.33647315385472387;0.33647315385472387;-0.33647315385472387;baseline_0
FMA_4;1;4;0;0.5714285714285714;0.5926974062090145;0.5926974062090145;-0.5926974062090145;baseline_0
GV_4;0;4;0;1.0;0.49601191336585465;0.49601191336585465;-0.5011258332990107;baseline_0
HO_4;0;4;1;1.0;0.3979605151665647;0.3979605151665647;-0.400616811720748;baseline_0
OMA_4;0;4;1;0.8;0.7010339991179144;0.7010339991179144;-0.7010339991179144;baseline_0
RT_4;0;4;0;0.8;0.6080684119005888;0.6080684119005888;-0.6080684119005888;baseline_0
VG_4;1;4;1;1.0;0.36814794350869023;0.36814794350869023;-0.3710601991606594;baseline_0
