Case ID;Actual;Prefix Length;Prediction;Prediction Probability;MAPE Correctness;RMSE Correctness;R2 Correctness;Mode
ADA_10;1;10;1;0.582089552238806;0.9965546942291128;0.9965546942291128;-0.998707174637208;permutation
BBA_10;0;10;1;0.7777777777777778;1.0;1.0;-1.0;permutation
ET_10;0;10;0;0.6329113924050633;0.9982773471145564;0.9982773471145564;-0.9982773471145564;permutation
IP_10;1;10;1;0.582089552238806;0.9965546942291128;0.9965546942291128;-0.998707174637208;permutation
QG_10;1;10;1;0.582089552238806;0.9965546942291128;0.9965546942291128;-0.998707174637208;permutation
VKA_10;0;10;0;0.6329113924050633;0.9982773471145564;0.9982773471145564;-0.9982773471145564;permutation
WQ_10;0;10;0;0.6329113924050633;0.9982773471145564;0.9982773471145564;-0.9982773471145564;permutation
WW_10;1;10;0;0.6329113924050633;0.9982773471145564;0.9982773471145564;-0.9982773471145564;permutation
