Case ID;Actual;Prefix Length;Prediction;Prediction Probability;MAPE Correctness;RMSE Correctness;R2 Correctness;Mode
EDA_6;1;6;0;0.8;0.9902152641878669;0.9882583170254403;-0.9882583170254403;permutation
FX_6;1;6;1;0.7428571428571429;0.9960861056751468;0.9960861056751468;-0.9960861056751468;permutation
HKA_6;0;6;0;0.5769230769230769;0.9921722113502934;0.9921722113502934;-0.9921722113502934;permutation
KFA_6;1;6;1;0.8333333333333334;0.9902152641878669;0.9921722113502934;-0.9921722113502934;permutation
KF_6;0;6;0;0.8;0.9921722113502934;0.9882583170254403;-0.9882583170254403;permutation
TS_6;0;6;0;0.8;0.9902152641878669;0.9902152641878669;-0.9902152641878669;permutation
XGA_6;0;6;0;1.0;0.9921722113502934;0.9902152641878669;-0.9970602582154803;permutation
XN_6;1;6;1;0.8333333333333334;0.9902152641878669;0.9921722113502934;-0.9921722113502934;permutation
