Case ID;Actual;Prefix Length;Prediction;Prediction Probability;MAPE Correctness;RMSE Correctness;R2 Correctness;Mode
EI_4;1;4;1;1.0;0.7972173828734265;0.7972173828734265;-0.8015568034518675;permutation
EQ_4;1;4;0;0.6666666666666666;0.9680149063987501;0.9707226404026628;-0.9707226404026628;permutation
FMA_4;1;4;0;0.5714285714285714;0.9478335655051812;0.9518900343642611;-0.9518900343642611;permutation
GV_4;0;4;0;1.0;0.8161229972610227;0.8155330999012387;-0.8289185362002341;permutation
HO_4;0;4;1;1.0;0.6789271265835035;0.677767063146368;-0.6868031438130678;permutation
OMA_4;0;4;1;0.8;0.9999999999999998;0.9999999999999998;-0.9999999999999998;permutation
RT_4;0;4;0;0.8;0.9609254498714652;0.9598971722365038;-0.9598971722365038;permutation
VG_4;1;4;1;1.0;0.6830403304535447;0.6830403304535447;-0.690504574463683;permutation
