Case ID;Actual;Prefix Length;Prediction;Prediction Probability;MAPE Correctness;RMSE Correctness;R2 Correctness;Mode
AIA_13;1;13;0;0.5955056179775281;0.9999999999999998;0.9999999999999998;-0.9999999999999998;permutation
GJA_13;1;13;0;0.5955056179775281;0.9999999999999998;0.9999999999999998;-0.9999999999999998;permutation
JKA_13;0;13;1;0.673469387755102;0.9999999999999998;0.9999999999999998;-0.9999999999999998;permutation
KF_13;0;13;1;0.673469387755102;0.9999999999999998;0.9999999999999998;-0.9999999999999998;permutation
MD_13;1;13;0;0.5955056179775281;0.9999999999999998;0.9999999999999998;-0.9999999999999998;permutation
NM_13;0;13;1;0.673469387755102;0.9999999999999998;0.9999999999999998;-0.9999999999999998;permutation
SK_13;1;13;1;0.673469387755102;0.9999999999999998;0.9999999999999998;-0.9999999999999998;permutation
YHA_13;0;13;0;0.5955056179775281;0.9999999999999998;0.9999999999999998;-0.9999999999999998;permutation
