Case ID;Actual;Prefix Length;Prediction;Prediction Probability;MAPE Correctness;RMSE Correctness;R2 Correctness;Mode
EHA_5;0;5;0;0.8;0.9855233853006682;0.9844097995545656;-0.9844097995545656;permutation
HS_5;1;5;0;0.8333333333333334;0.9847619047619047;0.9847619047619047;-0.9847619047619047;permutation
IH_5;1;5;1;1.0;0.8903650893322141;0.8911167694414014;-0.8978569330367272;permutation
IM_5;0;5;1;0.9047619047619048;0.9630049706945175;0.960737075561884;-0.960737075561884;permutation
KHA_5;0;5;0;0.7241379310344828;1.0;1.0;-1.0;permutation
OX_5;1;5;1;0.9047619047619048;0.9613040493450424;0.960737075561884;-0.960737075561884;permutation
TA_5;0;5;0;0.7777777777777778;0.9911894273127754;0.9911894273127754;-0.9911894273127754;permutation
YMA_5;1;5;0;0.7777777777777778;0.9911894273127754;0.9911894273127754;-0.9911894273127754;permutation
