Case ID;Actual;Prefix Length;Prediction;Prediction Probability;MAPE Correctness;RMSE Correctness;R2 Correctness;Mode
DW_11;0;11;0;0.6379310344827587;0.8129795188237716;0.8149893569420009;-0.8149893569420009;permutation
GAA_11;0;11;0;0.5245901639344263;0.8622903993609066;0.8622903993609066;-0.8622903993609066;permutation
HP_11;0;11;0;0.6379310344827587;0.9967159277504105;0.9983579638752053;-0.9983579638752053;permutation
NX_11;0;11;0;0.6379310344827587;0.9967159277504105;0.9983579638752053;-0.9983579638752053;permutation
RLA_11;1;11;0;0.6379310344827587;0.9967159277504105;0.9983579638752053;-0.9983579638752053;permutation
TCA_11;1;11;0;0.6379310344827587;0.8129795188237716;0.8149893569420009;-0.8149893569420009;permutation
WT_11;1;11;0;0.6379310344827587;0.9967159277504105;0.9983579638752053;-0.9983579638752053;permutation
XI_11;1;11;1;0.7931034482758621;0.8594445564587254;0.8594445564587254;-0.8594445564587254;permutation
