Case ID;Actual;Prefix Length;Prediction;Prediction Probability;MAPE Correctness;RMSE Correctness;R2 Correctness;Mode
BF_12;1;12;1;1.0;0.9913625566832218;0.9913625566832218;-0.9940440208760524;permutation
CF_12;1;12;1;1.0;0.990930684517383;0.990930684517383;-0.9940440208760524;permutation
IJ_12;0;12;0;1.0;0.9999999999999999;0.9999999999999999;-0.9994122832286934;permutation
OK_12;1;12;1;1.0;0.9879075793565105;0.9879075793565105;-0.9940440208760524;permutation
SQ_12;0;12;0;0.875;0.995294117647059;0.995294117647059;-0.9988228365548767;permutation
UJ_12;0;12;1;0.9285714285714286;0.9939209726443767;0.9939209726443767;-0.9939209726443767;permutation
XJ_12;1;12;0;0.7333333333333333;0.9939209726443767;0.9932455251604186;-0.9932455251604186;permutation
ZMA_12;0;12;1;0.6666666666666666;0.9968627450980394;0.9968627450980394;-0.9968627450980394;permutation
