Case ID;Actual;Prefix Length;Prediction;Prediction Probability;MAPE Correctness;RMSE Correctness;R2 Correctness;Mode
BS_9;0;9;1;0.631578947368421;0.9919743178170146;0.9919743178170146;-0.9919743178170146;permutation
DKA_9;1;9;1;1.0;0.99721059972106;0.99721059972106;-0.9993024066119974;permutation
EM_9;0;9;0;0.7111111111111111;0.9927768860353132;0.9919743178170146;-0.9919743178170146;permutation
FMA_9;1;9;1;0.8148148148148148;0.9910364145658263;0.992156862745098;-0.9971949453861273;permutation
JKA_9;0;9;0;0.7111111111111111;0.9919743178170146;0.9919743178170146;-0.9919743178170146;permutation
KG_9;0;9;1;0.631578947368421;0.9919743178170146;0.9919743178170146;-0.9919743178170146;permutation
RR_9;1;9;1;0.631578947368421;0.9911717495987161;0.9919743178170146;-0.9919743178170146;permutation
XT_9;1;9;1;1.0;0.8125083097711325;0.8125083097711325;-0.8142158642212238;permutation
