Case ID;Actual;Prefix Length;Prediction;Prediction Probability;MAPE Correctness;RMSE Correctness;R2 Correctness;Mode
HE_8;0;8;1;1.0;0.9949999999999999;0.9949999999999999;-0.9968701018688444;permutation
KT_8;0;8;0;0.8;0.9326676726318485;0.9336803411146192;-0.9336803411146192;permutation
L_8;1;8;0;0.5333333333333333;0.8589357248081512;0.8589357248081512;-0.8589357248081512;permutation
PB_8;1;8;0;0.5;0.8895398817636283;0.8895398817636283;-0.8916288236971981;permutation
PLA_8;1;8;1;1.0;0.892332785631018;0.892332785631018;-0.8902290924198084;permutation
QIA_8;1;8;1;1.0;0.8075671353741565;0.8062913579091104;-0.8094635774425112;permutation
TU_8;0;8;0;0.5;0.8853505259625437;0.8853505259625437;-0.8916288236971981;permutation
YBA_8;0;8;0;1.0;0.891199942970971;0.8917283746003638;-0.9028401019892598;permutation
