Case ID,Actual,Prefix Length,Prediction,Prediction Probability;SHAP Precision;SHAP Recall;SHAP Correlation
EHA_5,0,5,0,0.8;1.0;0.125;0.6944228036767666
HS_5,1,5,0,0.8333333333333334;1.0;0.14285714285714285;0.6477903434924953
IH_5,1,5,1,1.0;1.0;0.07692307692307693;0.872482609616402
IM_5,0,5,1,0.9047619047619048;1.0;0.0625;0.9692416823092598
KHA_5,0,5,0,0.7241379310344828;1.0;1.0;0.2542161488578884
OX_5,1,5,1,0.9047619047619048;1.0;0.0625;0.9692416823092598
TA_5,0,5,0,0.7777777777777778;1.0;0.3333333333333333;0.4290261865610288
YMA_5,1,5,0,0.7777777777777778;1.0;0.3333333333333333;0.43160679520199746
