Case ID,Actual,Prefix Length,Prediction,Prediction Probability
ADA_10,1,10,1,0.582089552238806
BBA_10,0,10,1,0.7777777777777778
ET_10,0,10,0,0.6329113924050633
IP_10,1,10,1,0.582089552238806
QG_10,1,10,1,0.582089552238806
VKA_10,0,10,0,0.6329113924050633
WQ_10,0,10,0,0.6329113924050633
WW_10,1,10,0,0.6329113924050633
