Case ID,Actual,Prefix Length,Prediction,Prediction Probability;SHAP Precision;SHAP Recall;SHAP Correlation
BS_9,0,9,1,0.631578947368421;1.0;0.14285714285714285;0.9895666131621189
DKA_9,1,9,1,1.0;1.0;0.5;0.5348998116539648
EM_9,0,9,0,0.7111111111111111;1.0;0.14285714285714285;0.9887640449438204
FMA_9,1,9,1,0.8148148148148148;1.0;0.2;0.8387541919114417
JKA_9,0,9,0,0.7111111111111111;1.0;0.14285714285714285;0.9887640449438204
KG_9,0,9,1,0.631578947368421;1.0;0.14285714285714285;0.9895666131621189
RR_9,1,9,1,0.631578947368421;1.0;0.14285714285714285;0.9895666131621189
XT_9,1,9,1,1.0;1.0;0.3333333333333333;0.6503774400718652
