Case ID,Actual,Prefix Length,Prediction,Prediction Probability
EDA_6,1,6,0,0.8
FX_6,1,6,1,0.7428571428571429
HKA_6,0,6,0,0.5769230769230769
KFA_6,1,6,1,0.8333333333333334
KF_6,0,6,0,0.8
TS_6,0,6,0,0.8
XGA_6,0,6,0,1.0
XN_6,1,6,1,0.8333333333333334
