Case ID,Actual,Prefix Length,Prediction,Prediction Probability
BF_12,1,12,1,1.0
CF_12,1,12,1,1.0
IJ_12,0,12,0,1.0
OK_12,1,12,1,1.0
SQ_12,0,12,0,0.875
UJ_12,0,12,1,0.9285714285714286
XJ_12,1,12,0,0.7333333333333333
ZMA_12,0,12,1,0.6666666666666666
