Case ID;Actual;Prefix Length;Prediction;Prediction Probability;SHAP Precision;SHAP Recall;SHAP Correlation;LIME Precision;LIME Recall;LIME Correlation
CGA_2;0;2;1;0.5588235294117647;1.0;0.25;1.0;1.0;0.25;0.21111393944355938
FMA_2;1;2;1;0.5588235294117647;1.0;0.25;1.0;1.0;0.25;0.20841599772543085
GI_2;0;2;0;0.7142857142857143;0.0;0.0;0.4961767523836679;0.0;0.0;0.10742300912147355
OX_2;1;2;1;0.5588235294117647;1.0;0.25;1.0;1.0;0.25;0.19290283284619164
RS_2;0;2;1;0.5588235294117647;1.0;0.25;1.0;1.0;0.25;0.18480900769180597
SCA_2;1;2;1;0.5588235294117647;1.0;0.25;1.0;1.0;0.25;0.20774151229589868
YMA_2;1;2;0;0.7142857142857143;1.0;1.0;0.5023023913019848;0.0;0.0;0.10876579673549196
ZZ_2;0;2;0;1.0;1.0;0.25;0.9815384615384616;1.0;0.5;0.19964768714151304
