Case ID,Actual,Prefix Length,Prediction,Prediction Probability
CU_7,1,7,0,1.0
EI_7,1,7,1,0.6842105263157895
HT_7,0,7,1,0.6111111111111112
NHA_7,0,7,0,0.5764705882352941
RC_7,1,7,1,0.6842105263157895
UZ_7,0,7,0,0.5764705882352941
YT_7,1,7,1,1.0
ZMA_7,0,7,0,0.5764705882352941
