Case ID,Actual,Prefix Length,Prediction,Prediction Probability;SHAP Precision;SHAP Recall;SHAP Correlation
BM,0,1,0,1.0;1.0;0.25;0.3125018838181528
DKA,1,1,1,1.0;1.0;0.06666666666666667;0.5924752356343079
JU,0,1,0,0.5;1.0;0.1;0.4708396007884473
JY,1,1,1,1.0;1.0;0.1;0.5033878214242551
QG,1,1,1,1.0;1.0;0.14285714285714285;0.4138046663539729
SM,1,1,1,1.0;1.0;0.07142857142857142;0.5531506651201745
SY,0,1,0,1.0;1.0;0.25;0.33102051397033966
WF,0,1,0,0.5;1.0;0.14285714285714285;0.4278766635094746
