Case ID;Actual;Prefix Length;Prediction;Prediction Probability;SHAP Precision;SHAP Recall;SHAP Correlation;LIME Precision;LIME Recall;LIME Correlation
AH_3;0;3;1;0.5798319327731093;1.0;1.0;1.0;1.0;1.0;0.10398421368202788
DKA_3;1;3;1;0.5798319327731093;1.0;1.0;1.0;1.0;1.0;0.10398421368202788
ED_3;0;3;1;0.5798319327731093;1.0;1.0;1.0;1.0;1.0;0.10398421368202788
FZ_3;1;3;1;0.5798319327731093;1.0;1.0;1.0;1.0;1.0;0.10398421368202788
IBA_3;0;3;0;0.6417910447761194;1.0;1.0;1.0;1.0;1.0;0.10398421368202788
LE_3;0;3;1;0.5798319327731093;1.0;1.0;1.0;1.0;1.0;0.10398421368202788
WW_3;1;3;1;0.5798319327731093;1.0;1.0;1.0;1.0;1.0;0.10398421368202788
YL_3;1;3;1;0.5798319327731093;1.0;1.0;1.0;1.0;1.0;0.10398421368202788
