Case ID,Actual,Prefix Length,Prediction,Prediction Probability;SHAP Precision;SHAP Recall;SHAP Correlation
EDA_6,1,6,0,0.8;1.0;0.25;0.7522230354835158
FX_6,1,6,1,0.7428571428571429;1.0;0.25;0.7492556862311154
HKA_6,0,6,0,0.5769230769230769;1.0;0.25;0.7507393608573156
KFA_6,1,6,1,0.8333333333333334;1.0;0.25;0.7537067101097161
KF_6,0,6,0,0.8;1.0;0.25;0.7522230354835158
TS_6,0,6,0,0.8;1.0;0.25;0.7507393608573156
XGA_6,0,6,0,1.0;1.0;0.25;0.7448046623525147
XN_6,1,6,1,0.8333333333333334;1.0;0.25;0.7537067101097161
