Case ID,Actual,Prefix Length,Prediction,Prediction Probability;SHAP Precision;SHAP Recall;SHAP Correlation
HE_8,0,8,1,1.0;1.0;0.2;0.48984225676021104
KT_8,0,8,0,0.8;1.0;0.07692307692307693;0.7710061273387996
L_8,1,8,0,0.5333333333333333;1.0;0.25;0.4394069223068561
PB_8,1,8,0,0.5;1.0;0.2;0.4916953800518638
PLA_8,1,8,1,1.0;1.0;0.2;0.49107767228797955
QIA_8,1,8,1,1.0;1.0;0.16666666666666666;0.5273649966897292
TU_8,0,8,0,0.5;1.0;0.2;0.49107767228797955
YBA_8,0,8,0,1.0;1.0;0.07692307692307693;0.7748611579754935
