Case ID,Actual,Prefix Length,Prediction,Prediction Probability;SHAP Precision;SHAP Recall;SHAP Correlation;LIME Precision;LIME Recall;LIME Correlation
CU_7,1,7,0,1.0;1.0;0.3333333333333333;0.7706790635188029;1.0;0.3333333333333333;0.14047217704275175
EI_7,1,7,1,0.6842105263157895;1.0;0.5;0.6297934511024672;0.0;0.0;0.1105196950783867
HT_7,0,7,1,0.6111111111111112;1.0;0.25;0.8876343891521064;1.0;0.25;0.1587630226762883
NHA_7,0,7,0,0.5764705882352941;1.0;0.2;0.9945945945945948;1.0;0.2;0.17660548516396715
RC_7,1,7,1,0.6842105263157895;1.0;0.5;0.6297934511024672;0.0;0.0;0.11440439437815424
UZ_7,0,7,0,0.5764705882352941;1.0;0.2;0.9945945945945948;1.0;0.2;0.17488130330044166
YT_7,1,7,1,1.0;1.0;1.0;0.4487219087044351;0.0;0.0;0.08069099910582823
ZMA_7,0,7,0,0.5764705882352941;1.0;0.2;0.9945945945945948;1.0;0.2;0.17611286177438845
