Case ID,Actual,Prefix Length,Prediction,Prediction Probability;SHAP Precision;SHAP Recall;SHAP Correlation;LIME Precision;LIME Recall;LIME Correlation
HE_8,0,8,1,1.0;1.0;0.2;0.489842256760211;1.0;0.2;0.14953839229184848
KT_8,0,8,0,0.8;1.0;0.07692307692307693;0.7710061273387996;1.0;0.07692307692307693;0.21552302028261372
L_8,1,8,0,0.5333333333333333;1.0;0.25;0.4394069223068561;0.0;0.0;0.11799131747641371
PB_8,1,8,0,0.5;1.0;0.2;0.4916953800518638;1.0;0.2;0.11884136161610247
PLA_8,1,8,1,1.0;1.0;0.2;0.4910776722879796;1.0;0.2;0.15611632743665121
QIA_8,1,8,1,1.0;1.0;0.16666666666666666;0.5273649966897292;0.5;0.16666666666666666;0.1545443733175174
TU_8,0,8,0,0.5;1.0;0.2;0.4910776722879796;1.0;0.2;0.12848899982847978
YBA_8,0,8,0,1.0;1.0;0.07692307692307693;0.7748611579754935;0.5;0.07692307692307693;0.2181229805272929
