Case ID,Actual,Prefix Length,Prediction,Prediction Probability;SHAP Precision;SHAP Recall;SHAP Correlation
ADA_10,1,10,1,0.582089552238806;1.0;0.3333333333333333;0.9965546942291128
BBA_10,0,10,1,0.7777777777777778;1.0;1.0;0.5780957185242381
ET_10,0,10,0,0.6329113924050633;1.0;0.3333333333333333;0.9965546942291128
IP_10,1,10,1,0.582089552238806;1.0;0.3333333333333333;0.9965546942291128
QG_10,1,10,1,0.582089552238806;1.0;0.3333333333333333;0.9965546942291128
VKA_10,0,10,0,0.6329113924050633;1.0;0.3333333333333333;0.9965546942291128
WQ_10,0,10,0,0.6329113924050633;1.0;0.3333333333333333;0.9965546942291128
WW_10,1,10,0,0.6329113924050633;1.0;0.3333333333333333;0.9965546942291128
