Case ID,Actual,Prefix Length,Prediction,Prediction Probability;SHAP Precision;SHAP Recall;SHAP Correlation
AIA_13,1,13,0,0.5955056179775281;1.0;1.0;0.9999999999999998
GJA_13,1,13,0,0.5955056179775281;1.0;1.0;0.9999999999999998
JKA_13,0,13,1,0.673469387755102;1.0;1.0;0.9999999999999998
KF_13,0,13,1,0.673469387755102;1.0;1.0;0.9999999999999998
MD_13,1,13,0,0.5955056179775281;1.0;1.0;0.9999999999999998
NM_13,0,13,1,0.673469387755102;1.0;1.0;0.9999999999999998
SK_13,1,13,1,0.673469387755102;1.0;1.0;0.9999999999999998
YHA_13,0,13,0,0.5955056179775281;1.0;1.0;0.9999999999999998
