Case ID,Actual,Prefix Length,Prediction,Prediction Probability;SHAP Precision;SHAP Recall;SHAP Correlation;LIME Precision;LIME Recall;LIME Correlation
BS_9,0,9,1,0.631578947368421;1.0;0.14285714285714285;0.9895666131621188;1.0;0.2857142857142857;0.183615147786245
DKA_9,1,9,1,1.0;1.0;0.5;0.5348998116539648;0.5;0.5;0.1041629477938206
EM_9,0,9,0,0.7111111111111111;1.0;0.14285714285714285;0.9887640449438204;1.0;0.2857142857142857;0.18329992864841455
FMA_9,1,9,1,0.8148148148148148;1.0;0.2;0.8387541919114417;1.0;0.4;0.1639709263653913
JKA_9,0,9,0,0.7111111111111111;1.0;0.14285714285714285;0.9887640449438204;1.0;0.2857142857142857;0.19149562623200658
KG_9,0,9,1,0.631578947368421;1.0;0.14285714285714285;0.9895666131621188;1.0;0.2857142857142857;0.18991953054285426
RR_9,1,9,1,0.631578947368421;1.0;0.14285714285714285;0.9895666131621188;1.0;0.2857142857142857;0.1840879764929907
XT_9,1,9,1,1.0;1.0;0.3333333333333333;0.6503774400718652;0.5;0.3333333333333333;0.12700187464618662
