Case ID,Actual,Prefix Length,Prediction,Prediction Probability;SHAP Precision;SHAP Recall;SHAP Correlation;LIME Precision;LIME Recall;LIME Correlation
FY_14,1,14,1,0.7333333333333333;1.0;0.3333333333333333;0.9970887918486172;1.0;0.3333333333333333;0.11391912880071856
GN_14,1,14,0,0.6229508196721312;1.0;0.3333333333333333;0.995633187772926;1.0;0.3333333333333333;0.11408519167069046
IM_14,0,14,0,0.6229508196721312;1.0;0.3333333333333333;0.995633187772926;1.0;0.3333333333333333;0.11408519167069046
KM_14,1,14,1,1.0;1.0;0.5;0.8151603739523456;1.0;0.5;0.0932010012260268
NK_14,0,14,0,0.6229508196721312;1.0;0.3333333333333333;0.995633187772926;1.0;0.3333333333333333;0.11375306593074667
TV_14,1,14,1,1.0;1.0;0.5;0.8151603739523456;1.0;0.5;0.0932010012260268
TX_14,0,14,0,0.75;1.0;1.0;0.5779802205708938;1.0;1.0;0.06593898424569836
VT_14,0,14,1,0.7333333333333333;1.0;0.3333333333333333;0.9970887918486172;1.0;0.3333333333333333;0.11391912880071856
