Case ID;Actual;Prefix Length;Prediction;Prediction Probability;SHAP Precision;SHAP Recall;SHAP Correlation;LIME Precision;LIME Recall;LIME Correlation
EI_4;1;4;1;1.0;1.0;0.07692307692307693;0.4909442143452485;1.0;0.07692307692307693;0.29471725174380303
EQ_4;1;4;0;0.6666666666666666;1.0;0.06666666666666668;0.5401126298639353;1.0;0.06666666666666667;0.2215002235582293
FMA_4;1;4;0;0.5714285714285714;1.0;0.047619047619047616;0.6206690192577995;1.0;0.047619047619047616;0.31249198596645844
GV_4;0;4;0;1.0;1.0;0.05;0.6069085702625949;1.0;0.05;0.32378907505618226
HO_4;0;4;1;1.0;1.0;0.04166666666666666;0.6589271555704229;1.0;0.041666666666666664;0.3330628274531223
OMA_4;0;4;1;0.8;0.0;0.0;0.21296378272098995;0.5;0.5;0.13541102683334844
RT_4;0;4;0;0.8;1.0;0.05;0.6154968990870657;1.0;0.05;0.3184665149182724
VG_4;1;4;1;1.0;1.0;0.05263157894736842;0.5846590013818346;1.0;0.10526315789473684;0.36847411368907085
