Case ID;Actual;Prefix Length;Prediction;Prediction Probability;SHAP Precision;SHAP Recall;SHAP Correlation;LIME Precision;LIME Recall;LIME Correlation
DW_11;0;11;0;0.6379310344827587;1.0;0.3333333333333333;0.8622903993609066;1.0;0.3333333333333333;0.09665808322880347
GAA_11;0;11;0;0.5245901639344263;1.0;0.25;0.99383477188656;1.0;0.25;0.11805671650564334
HP_11;0;11;0;0.6379310344827587;1.0;0.3333333333333333;0.8622903993609066;0.0;0.0;0.05071566095338454
NX_11;0;11;0;0.6379310344827587;1.0;0.3333333333333333;0.8622903993609066;1.0;0.3333333333333333;0.04912458139406267
RLA_11;1;11;0;0.6379310344827587;1.0;0.3333333333333333;0.8622903993609066;1.0;0.3333333333333333;0.0813439424703305
TCA_11;1;11;0;0.6379310344827587;1.0;0.3333333333333333;0.8622903993609066;1.0;0.3333333333333333;0.05966548347457004
WT_11;1;11;0;0.6379310344827587;1.0;0.3333333333333333;0.8622903993609066;1.0;0.3333333333333333;0.0861171811482961
XI_11;1;11;1;0.7931034482758621;1.0;0.25;0.9926017262638721;1.0;0.25;0.10099450492307589
