Case ID,Actual,Prefix Length,Prediction,Prediction Probability;SHAP Precision;SHAP Recall;SHAP Correlation
EI_4,1,4,1,1.0;1.0;0.07692307692307693;0.49094421434524854
EQ_4,1,4,0,0.6666666666666666;1.0;0.06666666666666667;0.5401126298639353
FMA_4,1,4,0,0.5714285714285714;1.0;0.047619047619047616;0.6206690192577995
GV_4,0,4,0,1.0;1.0;0.05;0.606908570262595
HO_4,0,4,1,1.0;1.0;0.041666666666666664;0.6589271555704229
OMA_4,0,4,1,0.8;0.0;0.0;0.21296378272098995
RT_4,0,4,0,0.8;1.0;0.05;0.6154968990870657
VG_4,1,4,1,1.0;1.0;0.05263157894736842;0.5846590013818346
