Case ID,Actual,Prefix Length,Prediction,Prediction Probability
BS_9,0,9,1,0.631578947368421
DKA_9,1,9,1,1.0
EM_9,0,9,0,0.7111111111111111
FMA_9,1,9,1,0.8148148148148148
JKA_9,0,9,0,0.7111111111111111
KG_9,0,9,1,0.631578947368421
RR_9,1,9,1,0.631578947368421
XT_9,1,9,1,1.0
