Case ID,Actual,Prefix Length,Prediction,Prediction Probability;SHAP Precision;SHAP Recall;SHAP Correlation;LIME Precision;LIME Recall;LIME Correlation
EDA_6,1,6,0,0.8;1.0;0.25;0.7522230354835158;1.0;0.25;0.17455266895635407
FX_6,1,6,1,0.7428571428571429;1.0;0.25;0.7492556862311154;1.0;0.25;0.17352184610818663
HKA_6,0,6,0,0.5769230769230769;1.0;0.25;0.7507393608573156;1.0;0.25;0.17420906134029826
KFA_6,1,6,1,0.8333333333333334;1.0;0.25;0.7537067101097161;1.0;0.25;0.17420906134029826
KF_6,0,6,0,0.8;1.0;0.25;0.7522230354835158;1.0;0.25;0.17008576994762847
TS_6,0,6,0,0.8;1.0;0.25;0.7507393608573156;1.0;0.25;0.1707729851797401
XGA_6,0,6,0,1.0;1.0;0.25;0.7448046623525147;1.0;0.25;0.17317823849213082
XN_6,1,6,1,0.8333333333333334;1.0;0.25;0.7537067101097161;1.0;0.25;0.172834630876075
