Case ID;Actual;Prefix Length;Prediction;Prediction Probability;SHAP Precision;SHAP Recall;SHAP Correlation;LIME Precision;LIME Recall;LIME Correlation
BM;0;1;0;1.0;1.0;0.25;0.3125018838181528;1.0;0.25;0.21043015997645942
DKA;1;1;1;1.0;1.0;0.06666666666666668;0.5924752356343079;1.0;0.06666666666666667;0.3037009847856604
JU;0;1;0;0.5;1.0;0.1;0.4708396007884473;1.0;0.1;0.2117465515237426
JY;1;1;1;1.0;1.0;0.1;0.5033878214242551;1.0;0.1;0.24511267479415055
QG;1;1;1;1.0;1.0;0.14285714285714285;0.4138046663539729;1.0;0.14285714285714285;0.16081782866565644
SM;1;1;1;1.0;1.0;0.07142857142857142;0.5531506651201745;1.0;0.07142857142857142;0.27592614060859094
SY;0;1;0;1.0;1.0;0.25;0.3310205139703397;1.0;0.25;0.08352952915096098
WF;0;1;0;0.5;1.0;0.14285714285714285;0.4278766635094746;1.0;0.14285714285714285;0.16997254376996326
