Case ID,Actual,Prefix Length,Prediction,Prediction Probability
CGA_2,0,2,1,0.5588235294117647
FMA_2,1,2,1,0.5588235294117647
GI_2,0,2,0,0.7142857142857143
OX_2,1,2,1,0.5588235294117647
RS_2,0,2,1,0.5588235294117647
SCA_2,1,2,1,0.5588235294117647
YMA_2,1,2,0,0.7142857142857143
ZZ_2,0,2,0,1.0
