Case ID,Actual,Prefix Length,Prediction,Prediction Probability;SHAP Precision;SHAP Recall;SHAP Correlation
CGA_2,0,2,1,0.5588235294117647;1.0;0.25;1.0
FMA_2,1,2,1,0.5588235294117647;1.0;0.25;1.0
GI_2,0,2,0,0.7142857142857143;0.0;0.0;0.49617675238366793
OX_2,1,2,1,0.5588235294117647;1.0;0.25;1.0
RS_2,0,2,1,0.5588235294117647;1.0;0.25;1.0
SCA_2,1,2,1,0.5588235294117647;1.0;0.25;1.0
YMA_2,1,2,0,0.7142857142857143;1.0;1.0;0.5023023913019848
ZZ_2,0,2,0,1.0;1.0;0.25;0.9815384615384616
