Case ID,Actual,Prefix Length,Prediction,Prediction Probability
AH_3,0,3,1,0.5798319327731093
DKA_3,1,3,1,0.5798319327731093
ED_3,0,3,1,0.5798319327731093
FZ_3,1,3,1,0.5798319327731093
IBA_3,0,3,0,0.6417910447761194
LE_3,0,3,1,0.5798319327731093
WW_3,1,3,1,0.5798319327731093
YL_3,1,3,1,0.5798319327731093
