Case ID,Actual,Prefix Length,Prediction,Prediction Probability;SHAP Precision;SHAP Recall;SHAP Correlation;LIME Precision;LIME Recall;LIME Correlation
BF_12,1,12,1,1.0;1.0;0.09090909090909093;0.7968218401989774;1.0;0.09090909090909091;0.15178333254672866
CF_12,1,12,1,1.0;1.0;0.2727272727272727;0.7975191246795716;1.0;0.09090909090909091;0.12517861358348184
IJ_12,0,12,0,1.0;1.0;0.5;0.3460606175618671;1.0;0.5;0.09673156261557966
OK_12,1,12,1,1.0;1.0;0.18181818181818185;0.795078628997492;1.0;0.09090909090909091;0.14720303294499754
SQ_12,0,12,0,0.875;1.0;0.3333333333333333;0.4189357210871208;1.0;0.3333333333333333;0.04021019946136199
UJ_12,0,12,1,0.9285714285714286;0.0;0.0;0.6367951568350131;1.0;0.14285714285714285;0.10621396142200885
XJ_12,1,12,0,0.7333333333333333;1.0;0.14285714285714285;0.6402832508128837;1.0;0.14285714285714285;0.0932952237160617
ZMA_12,0,12,1,0.6666666666666666;1.0;0.3333333333333333;0.4122912211491808;0.0;0.0;0.10187202958224968
