Case ID,Actual,Prefix Length,Prediction,Prediction Probability;SHAP Precision;SHAP Recall;SHAP Correlation
AH_3,0,3,1,0.5798319327731093;1.0;1.0;1.0
DKA_3,1,3,1,0.5798319327731093;1.0;1.0;1.0
ED_3,0,3,1,0.5798319327731093;1.0;1.0;1.0
FZ_3,1,3,1,0.5798319327731093;1.0;1.0;1.0
IBA_3,0,3,0,0.6417910447761194;1.0;1.0;1.0
LE_3,0,3,1,0.5798319327731093;1.0;1.0;1.0
WW_3,1,3,1,0.5798319327731093;1.0;1.0;1.0
YL_3,1,3,1,0.5798319327731093;1.0;1.0;1.0
