Case ID,Actual,Prefix Length,Prediction,Prediction Probability
FY_14,1,14,1,0.7333333333333333
GN_14,1,14,0,0.6229508196721312
IM_14,0,14,0,0.6229508196721312
KM_14,1,14,1,1.0
NK_14,0,14,0,0.6229508196721312
TV_14,1,14,1,1.0
TX_14,0,14,0,0.75
VT_14,0,14,1,0.7333333333333333
