Case ID,Actual,Prefix Length,Prediction,Prediction Probability;SHAP Precision;SHAP Recall;SHAP Correlation
DW_11,0,11,0,0.6379310344827587;1.0;0.3333333333333333;0.8622903993609066
GAA_11,0,11,0,0.5245901639344263;1.0;0.25;0.99383477188656
HP_11,0,11,0,0.6379310344827587;1.0;0.3333333333333333;0.8622903993609066
NX_11,0,11,0,0.6379310344827587;1.0;0.3333333333333333;0.8622903993609066
RLA_11,1,11,0,0.6379310344827587;1.0;0.3333333333333333;0.8622903993609066
TCA_11,1,11,0,0.6379310344827587;1.0;0.3333333333333333;0.8622903993609066
WT_11,1,11,0,0.6379310344827587;1.0;0.3333333333333333;0.8622903993609066
XI_11,1,11,1,0.7931034482758621;1.0;0.25;0.992601726263872
