Case ID;Actual;Prefix Length;Prediction;Prediction Probability;SHAP Subset Stability;SHAP Weight Stability;SHAP Adjusted Weight Stability;MAPE Correctness;RMSE Correctness;R2 Correctness;Mode
DAZD_7;0;7;1;1.0;0.24985438778151714;0.9182859696348921;0.9182859696348921;;;;baseline_max
EJSD_7;1;7;1;1.0;0.07121823586244513;0.8912007117796259;0.8912007117796259;0.6197667975822652;0.6197667975822652;-0.6197667975822652;baseline_max
FSID_7;0;7;0;1.0;1.0;0.9999968586582344;0.9999968586582344;;;;baseline_max
IRND_7;1;7;0;1.0;1.0;0.9994714028901823;0.9994714028901823;;;;baseline_max
TIGE_7;1;7;0;1.0;1.0;0.9999961078440407;0.9999961078440407;;;;baseline_max
TZEE_7;0;7;0;1.0;1.0;0.9999922625752151;0.9999922625752151;;;;baseline_max
YITD_7;0;7;0;1.0;1.0;0.9999907501556634;0.9999907501556634;;;;baseline_max
YJZD_7;1;7;0;1.0;1.0;0.9999780730095424;0.9999780730095424;;;;baseline_max
