Case ID;Actual;Prefix Length;Prediction;Prediction Probability;SHAP Subset Stability;SHAP Weight Stability;SHAP Adjusted Weight Stability;MAPE Correctness;RMSE Correctness;R2 Correctness;Mode
DKYD_8;0;8;1;1.0;1.0;0.9999421237760968;0.9999421237760968;0.018185583382890325;0.018185583382890325;-0.018185583382890325;baseline_0
EJSD_8;1;8;0;1.0;1.0;0.9999849398461811;0.9999849398461811;;;;baseline_0
LJOE_8;1;8;0;1.0;1.0;0.99998370887195;0.99998370887195;;;;baseline_0
PRTD_8;0;8;0;1.0;1.0;0.9999806761342332;0.9999806761342332;;;;baseline_0
WUMD_8;0;8;0;1.0;1.0;0.9999805271296783;0.9999805271296783;;;;baseline_0
ZEDE_8;0;8;0;1.0;1.0;0.9999829126055007;0.9999829126055007;;;;baseline_0
ZKSD_8;1;8;1;1.0;1.0;0.9999451847735378;0.9999451847735378;0.01792665243771391;0.01792665243771391;-0.01792665243771391;baseline_0
ZVMD_8;1;8;0;1.0;1.0;0.9999908265077045;0.9999908265077045;;;;baseline_0
