"Case ID;Actual;Prefix Length;Prediction;Prediction Probability;SHAP Subset Stability;SHAP Weight Stability;SHAP Adjusted Weight Stability;SHAP Precision;SHAP Recall;SHAP Correlation";MAPE Correctness;RMSE Correctness;R2 Correctness;Mode
"AELE;0;1;0;1.0;1.0;0.9996626922621602;0.9996626922621602;1.0;1.0;0.22380229113990835";0.036541696321889305;0.036541696321889305;-0.036541696321889305;baseline_min
"BDAE;1;1;1;1.0;0.8331998041572083;0.99997644514257;0.99997644514257;1.0;1.0;0.19807134028098458";0.027740880076989816;0.027740880076989816;-0.02776276710763521;baseline_min
"ECND;0;1;0;1.0;1.0;0.9999882796608476;0.9999882796608476;1.0;1.0;0.21397847125006986";0.036541696321889305;0.036541696321889305;-0.036541696321889305;baseline_min
"LTMD;1;1;0;0.9999360263073368;1.0;0.9999708936083854;0.9999708936083854;1.0;1.0;0.22188869481661358";0.06712344333543825;0.06712344333543825;-0.06700150305769334;baseline_min
"ONQD;0;1;1;0.9999999999727152;1.0;0.9999748227392371;0.9999748227392371;1.0;1.0;0.21713679231846617";0.05344723979349043;0.05344723979349043;-0.05334045643311547;baseline_min
"XNNE;1;1;1;1.0;1.0;0.9999679136115422;0.9999679136115422;1.0;1.0;0.2001395083116685";;;;baseline_min
"YBHE;0;1;0;0.9999997785553449;1.0;0.9999905886715016;0.9999905886715016;1.0;1.0;0.22412531273663935";0.05632699830577501;0.05632699830577501;-0.05632699830577501;baseline_min
"YDRD;1;1;1;0.9999877496416076;1.0;0.9998744775095612;0.9998744775095612;1.0;1.0;0.21809342565948409";0.0491577625207685;0.0491577625207685;-0.0491577625207685;baseline_min
