Case ID;Actual;Prefix Length;Prediction;Prediction Probability;SHAP Subset Stability;SHAP Weight Stability;SHAP Adjusted Weight Stability;MAPE Correctness;RMSE Correctness;R2 Correctness;Mode
AVUD_3;1;3;1;0.999999999919055;0.5553728320618825;0.21232701206623428;0.21232701206623428;0.05593926721033204;0.05593926721033204;-0.055718607458967506;baseline_0
EBNE_3;0;3;1;1.0;0.5998172681589767;0.6358070305393341;0.6358070305393341;;;;baseline_0
KZHD_3;1;3;1;0.9999999999859028;0.5553728320618824;0.02678194728066341;0.02678194728066341;0.059818767080348424;0.059818767080348424;-0.059553815560108976;baseline_0
NKJD_3;0;3;0;0.9999999999995453;0.39986298241607676;0.9945628795602902;0.9945628795602902;0.07092076056827282;0.07092076056827282;-0.07098350527905363;baseline_0
NSBE_3;1;3;0;0.9999999955593921;0.8332876587192838;0.99642528141574;0.99642528141574;0.0802348564298784;0.0802348564298784;-0.08010068927774741;baseline_0
RFID_3;0;3;0;0.9999999998926796;0.8124314818198429;0.9978806473949187;0.9978806473949187;0.06615238454870043;0.06615238454870043;-0.06590183698560267;baseline_0
TSOE_3;1;3;1;1.0;0.7726130601090627;0.5063737147023881;0.5063737147023881;;;;baseline_0
XCYD_3;0;3;0;0.9999999965798452;0.8124314818198429;0.9978861477706377;0.9978861477706377;0.06985118889653796;0.06985118889653796;-0.06966363347328997;baseline_0
