Case ID;Actual;Prefix Length;Prediction;Prediction Probability;SHAP Subset Stability;SHAP Weight Stability;SHAP Adjusted Weight Stability;MAPE Correctness;RMSE Correctness;R2 Correctness;Mode
CHF_11;0;11;0;1.0;1.0;0.9999863088850729;0.9999863088850729;;;;baseline_max
CMKA_11;0;11;0;1.0;1.0;0.9999860463503311;0.9999860463503311;;;;baseline_max
DQL_11;1;11;1;1.0;1.0;0.9999927850102518;0.9999927850102518;;;;baseline_max
ELJ_11;1;11;1;1.0;1.0;0.9999571726178298;0.9999571726178298;;;;baseline_max
ERY_11;0;11;0;1.0;1.0;0.9999960955108871;0.9999960955108871;;;;baseline_max
JISD_11;1;11;0;1.0;1.0;0.999974329976686;0.999974329976686;;;;baseline_max
LHH_11;1;11;1;1.0;1.0;0.9999960038900534;0.9999960038900534;;;;baseline_max
LPDB_11;0;11;0;1.0;1.0;0.9999842350645023;0.9999842350645023;;;;baseline_max
