"Case ID;Actual;Prefix Length;Prediction;Prediction Probability;SHAP Subset Stability;SHAP Weight Stability;SHAP Adjusted Weight Stability";MAPE Correctness;RMSE Correctness;R2 Correctness;Mode
"AHYD_5;0;5;0;0.9994698432021126;1.0;0.9979273524237084;0.9979273524237084";0.9553711251704999;0.9553711251704999;-0.9553711251704999;baseline_max
"AIME_5;0;5;1;1.0;0.4498339121244149;0.7622627098590593;0.7622627098590593";;;;baseline_max
"AOJD_5;1;5;1;0.9679419415553132;0.7332125239101983;0.8310249034608721;0.8310249034608721";0.9550539314632835;0.9550539314632835;-0.9550539314632835;baseline_max
"CIGE_5;1;5;1;1.0;0.27758149803384724;0.7576740867123934;0.7576740867123934";;;;baseline_max
"GISD_5;1;5;1;0.9999726529028066;0.5767569739996655;0.43514151531260714;0.43514151531260714";0.9549093673549645;0.9549093673549645;-0.9549093673549645;baseline_max
"SKMD_5;0;5;0;0.9999999999995453;0.5832578479623984;0.997160004186157;0.997160004186157";0.3741620323180363;0.3741620323180363;-0.3718295443960976;baseline_max
"SMOD_5;1;5;0;0.9999968234110815;0.4284506483310758;0.9129172104063281;0.9129172104063281";0.9569038266870339;0.9569038266870339;-0.9569038266870339;baseline_max
"ZEXD_5;0;5;0;0.9999999999997726;0.3748490201407131;0.9958604972832815;0.9958604972832815";0.2641670820035089;0.2641670820035089;-0.2632155177770059;baseline_max
