Case ID;Actual;Prefix Length;Prediction;Prediction Probability;SHAP Subset Stability;SHAP Weight Stability;SHAP Adjusted Weight Stability;MAPE Correctness;RMSE Correctness;R2 Correctness;Mode
ANSD_9;1;9;1;1.0;1.0;0.9999627561793107;0.9999627561793107;0.5145574969465712;0.5145574969465712;-0.5145574969465712;baseline_max
OPNE_9;0;9;0;1.0;1.0;0.9999940563577959;0.9999940563577959;;;;baseline_max
PWRD_9;0;9;0;1.0;1.0;0.9999951983078927;0.9999951983078927;;;;baseline_max
THLD_9;0;9;1;1.0;1.0;0.9999613630262665;0.9999613630262665;0.5136993841834672;0.5136993841834672;-0.5136993841834672;baseline_max
UNHD_9;0;9;0;1.0;1.0;0.9999782942888519;0.9999782942888519;;;;baseline_max
YTZD_9;1;9;0;1.0;1.0;0.9999922905031143;0.9999922905031143;0.1560758604954455;0.1560758604954455;-0.1560758604954455;baseline_max
ZDMD_9;1;9;1;1.0;1.0;0.9999684491966947;0.9999684491966947;0.5243489288204566;0.5243489288204566;-0.5243489288204566;baseline_max
ZNND_9;1;9;0;1.0;1.0;0.9999863835740923;0.9999863835740923;;;;baseline_max
