Case ID;Actual;Prefix Length;Prediction;Prediction Probability;SHAP Subset Stability;SHAP Weight Stability;SHAP Adjusted Weight Stability;MAPE Correctness;RMSE Correctness;R2 Correctness;Mode
ANSD_9;1;9;1;1.0;1.0;0.9999627561793107;0.9999627561793107;0.026373415118721398;0.026373415118721398;-0.026373415118721398;baseline_0
OPNE_9;0;9;0;1.0;1.0;0.9999940563577959;0.9999940563577959;;;;baseline_0
PWRD_9;0;9;0;1.0;1.0;0.9999951983078927;0.9999951983078927;;;;baseline_0
THLD_9;0;9;1;1.0;1.0;0.9999613630262665;0.9999613630262665;0.026373415118721398;0.026373415118721398;-0.026373415118721398;baseline_0
UNHD_9;0;9;0;1.0;1.0;0.9999782942888519;0.9999782942888519;;;;baseline_0
YTZD_9;1;9;0;1.0;1.0;0.9999922905031143;0.9999922905031143;0.019157018769075704;0.019157018769075704;-0.019157018769075704;baseline_0
ZDMD_9;1;9;1;1.0;1.0;0.9999684491966947;0.9999684491966947;0.026676915617284438;0.026676915617284438;-0.026676915617284438;baseline_0
ZNND_9;1;9;0;1.0;1.0;0.9999863835740923;0.9999863835740923;;;;baseline_0
