Case ID;Actual;Prefix Length;Prediction;Prediction Probability;SHAP Subset Stability;SHAP Weight Stability;SHAP Adjusted Weight Stability;SHAP Precision;SHAP Recall;SHAP Correlation;MAPE Correctness;RMSE Correctness;R2 Correctness;Mode
BMHE_2;0;2;0;0.9970360494379256;0.7498676110412392;0.8961456033754321;0.8961456033754321;1.0;1.0;0.2739006453867983;0.7131515243872837;0.7131516663238858;-0.7131516663238858;baseline_max
CIBE_2;0;2;1;1.0;0.7498676110412392;0.8860786303441949;0.8860786303441949;1.0;1.0;0.27372878292205055;0.23824420482603093;0.23824420482603093;-0.23700755749418326;baseline_max
FUZD_2;0;2;0;0.9972606809421756;0.8888226900275094;0.8910772682058157;0.8910772682058157;1.0;1.0;0.2740366554094314;0.7131892452562313;0.7131893871887871;-0.7131893871887871;baseline_max
KMRD_2;1;2;1;1.0;0.6426916676122396;0.8832123065142382;0.8832123065142382;0.0;0.0;0.2513149800391464;;;;baseline_max
KOBE_2;1;2;1;1.0;0.3998014559894111;0.8231902865614498;0.8231902865614498;1.0;1.0;0.2531848133457544;;;;baseline_max
QLJE_2;0;2;0;0.9992998872439576;0.7856150005673437;0.9085871344151756;0.9085871344151756;1.0;1.0;0.27577548224943293;0.7114986641864474;0.7114986641864474;-0.7114986641864474;baseline_max
RRND_2;1;2;1;1.0;0.8888226900275094;0.9272062784429048;0.9272062784429048;1.0;1.0;0.262420513906252;;;;baseline_max
WKDE_2;1;2;1;1.0;0.7498676110412392;0.9478982503622866;0.9478982503622866;1.0;1.0;0.261878864385661;;;;baseline_max
