"Case ID;Actual;Prefix Length;Prediction;Prediction Probability;SHAP Subset Stability;SHAP Weight Stability;SHAP Adjusted Weight Stability";MAPE Correctness;RMSE Correctness;R2 Correctness;Mode
"AVUD_3;1;3;1;0.999999999919055;0.5553728320618825;0.21232701206623428;0.21232701206623428";0.9154289594282118;0.9154289594282118;-0.07622876853759321;baseline_max
"EBNE_3;0;3;1;1.0;0.5998172681589767;0.6358070305393341;0.6358070305393341";;;;baseline_max
"KZHD_3;1;3;1;0.9999999999859028;0.5553728320618824;0.02678194728066341;0.02678194728066341";0.876621804863348;0.876621804863348;-0.07369687312832862;baseline_max
"NKJD_3;0;3;0;0.9999999999995453;0.39986298241607676;0.9945628795602902;0.9945628795602902";0.5654836112277107;0.5654836112277107;-0.5560436958696152;baseline_max
"NSBE_3;1;3;0;0.9999999955593921;0.8332876587192838;0.99642528141574;0.99642528141574";0.9157705049669588;0.9157705049669588;-0.019569449976107666;baseline_max
"RFID_3;0;3;0;0.9999999998926796;0.8124314818198429;0.9978806473949187;0.9978806473949187";0.9161230535444681;0.9161230535444681;-0.07625453368025738;baseline_max
"TSOE_3;1;3;1;1.0;0.7726130601090627;0.5063737147023881;0.5063737147023881";;;;baseline_max
"XCYD_3;0;3;0;0.9999999965798452;0.8124314818198429;0.9978861477706377;0.9978861477706377";0.9168612244352442;0.9168612244352442;-0.022329052913594587;baseline_max
