"Case ID;Actual;Prefix Length;Prediction;Prediction Probability;SHAP Subset Stability;SHAP Weight Stability;SHAP Adjusted Weight Stability";MAPE Correctness;RMSE Correctness;R2 Correctness;Mode
"DKYD_8;0;8;1;1.0;1.0;0.9999421237760968;0.9999421237760968";0.5610170637501655;0.5610170637501655;-0.5610170637501655;baseline_max
"EJSD_8;1;8;0;1.0;1.0;0.9999849398461811;0.9999849398461811";;;;baseline_max
"LJOE_8;1;8;0;1.0;1.0;0.99998370887195;0.99998370887195";;;;baseline_max
"PRTD_8;0;8;0;1.0;1.0;0.9999806761342332;0.9999806761342332";;;;baseline_max
"WUMD_8;0;8;0;1.0;1.0;0.9999805271296783;0.9999805271296783";;;;baseline_max
"ZEDE_8;0;8;0;1.0;1.0;0.9999829126055007;0.9999829126055007";;;;baseline_max
"ZKSD_8;1;8;1;1.0;1.0;0.9999451847735378;0.9999451847735378";0.5514066032806977;0.5514066032806977;-0.5514066032806977;baseline_max
"ZVMD_8;1;8;0;1.0;1.0;0.9999908265077045;0.9999908265077045";;;;baseline_max
