"Case ID;Actual;Prefix Length;Prediction;Prediction Probability;SHAP Subset Stability;SHAP Weight Stability;SHAP Adjusted Weight Stability;SHAP Precision;SHAP Recall;SHAP Correlation";MAPE Correctness;RMSE Correctness;R2 Correctness;Mode
"AELE;0;1;0;1.0;1.0;0.9996626922621602;0.9996626922621602;1.0;1.0;0.22380229113990835";0.33946098450423184;0.33946098450423184;-0.33536838398550234;baseline_max
"BDAE;1;1;1;1.0;0.8331998041572083;0.99997644514257;0.99997644514257;1.0;1.0;0.19807134028098458";0.49264085682123065;0.49264085682123065;-0.44455197808351177;baseline_max
"ECND;0;1;0;1.0;1.0;0.9999882796608476;0.9999882796608476;1.0;1.0;0.21397847125006986";0.036297759764333304;0.036297759764333304;-0.036297759764333304;baseline_max
"LTMD;1;1;0;0.9999360263073368;1.0;0.9999708936083854;0.9999708936083854;1.0;1.0;0.22188869481661358";0.5949884118730587;0.5949890478436403;-0.06283313316803359;baseline_max
"ONQD;0;1;1;0.9999999999727152;1.0;0.9999748227392371;0.9999748227392371;1.0;1.0;0.21713679231846617";0.32074163632597963;0.32074490013181084;-0.0700511607983891;baseline_max
"XNNE;1;1;1;1.0;1.0;0.9999679136115422;0.9999679136115422;1.0;1.0;0.2001395083116685";0.4201832288424037;0.4201832288424037;-0.409233947186508;baseline_max
"YBHE;0;1;0;0.9999997785553449;1.0;0.9999905886715016;0.9999905886715016;1.0;1.0;0.22412531273663935";0.5802003086854676;0.5801782952013712;-0.5801782952013712;baseline_max
"YDRD;1;1;1;0.9999877496416076;1.0;0.9998744775095612;0.9998744775095612;1.0;1.0;0.21809342565948409";0.36151708308368286;0.3613756948655144;-0.3613756948655144;baseline_max
