"Case ID;Actual;Prefix Length;Prediction;Prediction Probability;SHAP Subset Stability;SHAP Weight Stability;SHAP Adjusted Weight Stability";MAPE Correctness;RMSE Correctness;R2 Correctness;Mode
"AYLD_4;1;4;0;1.0;0.5452730177171072;0.9044242115056588;0.9044242115056588";0.2181903915326819;0.21820587946323772;-0.21806032622388613;permutation
"DKHE_4;1;4;1;1.0;0.6426755953461591;0.7073728305586868;0.7073728305586868";0.02709258919406327;0.02709258919406327;-0.02709135980827958;permutation
"FXRD_4;0;4;0;1.0;0.38868922287567476;0.8100610494327166;0.8100610494327166";0.059878054710795554;0.059878054710795554;-0.05990584214404184;permutation
"NGLD_4;0;4;1;0.9770804630970803;0.9473321049573381;0.8601327103475839;0.8601327103475839";0.8528099961768064;0.853340683799806;-0.8533025535508405;permutation
"QNCE_4;1;4;1;0.9999998279336216;0.44980032673806514;0.13070117738215603;0.13070117738215603";0.8513461072981653;0.8518480094300959;-0.8518086320727646;permutation
"XDBE_4;1;4;1;1.0;0.6152030744652922;0.7978896306851606;0.7978896306851606";0.061378653202335105;0.061391239392328746;-0.061396052994190375;permutation
"ZDEE_4;0;4;1;1.0;0.6152030744652923;0.6877997510222396;0.6877997510222396";;;;permutation
"ZHCE_4;0;4;1;1.0;0.4498003267380649;0.736288361365657;0.736288361365657";;;;permutation
