"Case ID;Actual;Prefix Length;Prediction;Prediction Probability;SHAP Subset Stability;SHAP Weight Stability;SHAP Adjusted Weight Stability";MAPE Correctness;RMSE Correctness;R2 Correctness;Mode
"AWNB_10;0;10;0;0.9816453865509922;0.0996630475477348;0.5480153678842633;0.5480153678842633";0.68368433931674;0.7009485634223119;-0.7007831415438613;permutation
"JBTB_10;1;10;1;1.0;0.06221922731356677;0.5384757259581322;0.5384757259581322";;;;permutation
"POM_10;0;10;0;1.0;0.24977538185085346;0.624309946615514;0.624309946615514";;;;permutation
"QAL_10;1;10;1;1.0;0.38431583768012434;0.5223687009185995;0.5223687009185995";;;;permutation
"UTUB_10;0;10;0;1.0;0.07118524420961425;0.47244038019024204;0.47244038019024204";;;;permutation
"WDPA_10;0;10;0;1.0;0.12473794549266226;0.5294841313382623;0.5294841313382623";0.09481476434831347;0.09481476434831347;-0.09484524092546094;permutation
"ZRI_10;1;10;1;1.0;0.14263253311656687;-0.20520825794618758;-0.20520825794618758";;;;permutation
"ZUAB_10;1;10;1;1.0;0.4543208111668181;0.5927251861819167;0.5927251861819167";;;;permutation
