"Case ID;Actual;Prefix Length;Prediction;Prediction Probability;SHAP Subset Stability;SHAP Weight Stability;SHAP Adjusted Weight Stability";MAPE Correctness;RMSE Correctness;R2 Correctness;Mode
"DAZD_7;0;7;1;1.0;0.24985438778151714;0.9182859696348921;0.9182859696348921";;;;permutation
"EJSD_7;1;7;1;1.0;0.07121823586244513;0.8912007117796259;0.8912007117796259";0.5179753876800502;0.5179753876800502;-0.6204204510079893;permutation
"FSID_7;0;7;0;1.0;1.0;0.9999968586582344;0.9999968586582344";;;;permutation
"IRND_7;1;7;0;1.0;1.0;0.9994714028901823;0.9994714028901823";;;;permutation
"TIGE_7;1;7;0;1.0;1.0;0.9999961078440407;0.9999961078440407";;;;permutation
"TZEE_7;0;7;0;1.0;1.0;0.9999922625752151;0.9999922625752151";;;;permutation
"YITD_7;0;7;0;1.0;1.0;0.9999907501556634;0.9999907501556634";;;;permutation
"YJZD_7;1;7;0;1.0;1.0;0.9999780730095424;0.9999780730095424";;;;permutation
