"Case ID;Actual;Prefix Length;Prediction;Prediction Probability;SHAP Subset Stability;SHAP Weight Stability;SHAP Adjusted Weight Stability";MAPE Correctness;RMSE Correctness;R2 Correctness;Mode
"AGU_13;0;13;0;1.0;1.0;0.9999772969701564;0.9999772969701564";;;;permutation
"FIL_13;1;13;1;1.0;1.0;0.9999999868112662;0.9999999868112662";0.32039850430454886;0.32039850430454886;-0.49891822023777804;permutation
"FJMA_13;1;13;1;1.0;1.0;0.9999986329052323;0.9999986329052323";;;;permutation
"OUE_13;1;13;1;1.0;1.0;0.9999718021201958;0.9999718021201958";;;;permutation
"UHM_13;0;13;0;1.0;1.0;0.9999930415914131;0.9999930415914131";;;;permutation
"VOV_13;0;13;0;1.0;1.0;0.9999868125441883;0.9999868125441883";;;;permutation
"VVNA_13;0;13;0;1.0;1.0;0.9999873239203206;0.9999873239203206";;;;permutation
"WPRC_13;1;13;1;1.0;1.0;0.9999822664174882;0.9999822664174882";;;;permutation
