"Case ID;Actual;Prefix Length;Prediction;Prediction Probability;SHAP Subset Stability;SHAP Weight Stability;SHAP Adjusted Weight Stability";MAPE Correctness;RMSE Correctness;R2 Correctness;Mode
"AVUD_3;1;3;1;0.999999999919055;0.5553728320618825;0.21232701206623428;0.21232701206623428";0.9139211253777404;0.9153719125203803;-0.13829345164077056;permutation
"EBNE_3;0;3;1;1.0;0.5998172681589767;0.6358070305393341;0.6358070305393341";;;;permutation
"KZHD_3;1;3;1;0.9999999999859028;0.5553728320618824;0.02678194728066341;0.02678194728066341";0.8589579092878782;0.8592214601560328;-0.13738614994632067;permutation
"NKJD_3;0;3;0;0.9999999999995453;0.39986298241607676;0.9945628795602902;0.9945628795602902";0.5564523047387745;0.5564532586896183;-0.5622892062820374;permutation
"NSBE_3;1;3;0;0.9999999955593921;0.8332876587192838;0.99642528141574;0.99642528141574";0.9190776051921083;0.9201450420079419;-0.09567323575877228;permutation
"RFID_3;0;3;0;0.9999999998926796;0.8124314818198429;0.9978806473949187;0.9978806473949187";0.9163838848136513;0.9174568140076075;-0.13829343712413605;permutation
"TSOE_3;1;3;1;1.0;0.7726130601090627;0.5063737147023881;0.5063737147023881";;;;permutation
"XCYD_3;0;3;0;0.9999999965798452;0.8124314818198429;0.9978861477706377;0.9978861477706377";0.9177200107257456;0.9190935746414861;-0.09567323575877228;permutation
