"Case ID;Actual;Prefix Length;Prediction;Prediction Probability;SHAP Subset Stability;SHAP Weight Stability;SHAP Adjusted Weight Stability;SHAP Precision;SHAP Recall;SHAP Correlation";MAPE Correctness;RMSE Correctness;R2 Correctness;Mode
"AELE;0;1;0;1.0;1.0;0.9996626922621602;0.9996626922621602;1.0;1.0;0.22380229113990835";0.34117192926675466;0.3411802074263205;-0.3375235158485592;permutation
"BDAE;1;1;1;1.0;0.8331998041572083;0.99997644514257;0.99997644514257;1.0;1.0;0.19807134028098458";0.4898885639260035;0.490036391856857;-0.4461242718632622;permutation
"ECND;0;1;0;1.0;1.0;0.9999882796608476;0.9999882796608476;1.0;1.0;0.21397847125006986";0.051531122960795664;0.051531122960795664;-0.05152247329468848;permutation
"LTMD;1;1;0;0.9999360263073368;1.0;0.9999708936083854;0.9999708936083854;1.0;1.0;0.22188869481661358";0.38643612846819925;0.41153227386528546;-0.12611853133837347;permutation
"ONQD;0;1;1;0.9999999999727152;1.0;0.9999748227392371;0.9999748227392371;1.0;1.0;0.21713679231846617";0.295599352147052;0.2988004338613035;-0.12611853133837347;permutation
"XNNE;1;1;1;1.0;1.0;0.9999679136115422;0.9999679136115422;1.0;1.0;0.2001395083116685";0.4190151447391314;0.41912326698374525;-0.409233947186508;permutation
"YBHE;0;1;0;0.9999997785553449;1.0;0.9999905886715016;0.9999905886715016;1.0;1.0;0.22412531273663935";0.39150527678968156;0.41598373893938173;-0.41592762275908346;permutation
"YDRD;1;1;1;0.9999877496416076;1.0;0.9998744775095612;0.9998744775095612;1.0;1.0;0.21809342565948409";0.26672994912861325;0.2727706643279165;-0.27275579569646796;permutation
