"Case ID;Actual;Prefix Length;Prediction;Prediction Probability;SHAP Subset Stability;SHAP Weight Stability;SHAP Adjusted Weight Stability";MAPE Correctness;RMSE Correctness;R2 Correctness;Mode
"ANSD_9;1;9;1;1.0;1.0;0.9999627561793107;0.9999627561793107";0.3347741928489857;0.3347741928489857;-0.5191151567656089;permutation
"OPNE_9;0;9;0;1.0;1.0;0.9999940563577959;0.9999940563577959";;;;permutation
"PWRD_9;0;9;0;1.0;1.0;0.9999951983078927;0.9999951983078927";;;;permutation
"THLD_9;0;9;1;1.0;1.0;0.9999613630262665;0.9999613630262665";0.3344167732858116;0.3344167732858116;-0.5182570384662302;permutation
"UNHD_9;0;9;0;1.0;1.0;0.9999782942888519;0.9999782942888519";;;;permutation
"YTZD_9;1;9;0;1.0;1.0;0.9999922905031143;0.9999922905031143";0.15694162309845383;0.15694162309845383;-0.1572681321352851;permutation
"ZDMD_9;1;9;1;1.0;1.0;0.9999684491966947;0.9999684491966947";0.3410611663296616;0.3410611090413606;-0.5289710665070264;permutation
"ZNND_9;1;9;0;1.0;1.0;0.9999863835740923;0.9999863835740923";;;;permutation
