Case ID;Actual;Prefix Length;Prediction;Prediction Probability;SHAP Subset Stability;SHAP Weight Stability;SHAP Adjusted Weight Stability;MAPE Correctness;RMSE Correctness;R2 Correctness;Mode
DKYD_8;0;8;1;1.0;1.0;0.9999421237760968;0.9999421237760968;0.3544274656454199;0.3544274656454199;-0.5647191364752574;permutation
EJSD_8;1;8;0;1.0;1.0;0.9999849398461811;0.9999849398461811;;;;permutation
LJOE_8;1;8;0;1.0;1.0;0.99998370887195;0.99998370887195;;;;permutation
PRTD_8;0;8;0;1.0;1.0;0.9999806761342332;0.9999806761342332;;;;permutation
WUMD_8;0;8;0;1.0;1.0;0.9999805271296783;0.9999805271296783;;;;permutation
ZEDE_8;0;8;0;1.0;1.0;0.9999829126055007;0.9999829126055007;;;;permutation
ZKSD_8;1;8;1;1.0;1.0;0.9999451847735378;0.9999451847735378;0.3483492952405084;0.3483492952405084;-0.55505100426057;permutation
ZVMD_8;1;8;0;1.0;1.0;0.9999908265077045;0.9999908265077045;;;;permutation
