Case ID;Actual;Prefix Length;Prediction;Prediction Probability;SHAP Subset Stability;SHAP Weight Stability;SHAP Adjusted Weight Stability;SHAP Precision;SHAP Recall;SHAP Correlation
AYLD_4;1;4;0;1.0;0.5452730177171072;0.9044242115056588;0.9044242115056588;1.0;0.6666666666666666;0.29732898244675365
DKHE_4;1;4;1;1.0;0.6426755953461591;0.7073728305586868;0.7073728305586868;1.0;1.0;0.3046493644576899
FXRD_4;0;4;0;1.0;0.3886892228756748;0.8100610494327166;0.8100610494327166;1.0;0.6666666666666666;0.2925026636604805
NGLD_4;0;4;1;0.9770804630970804;0.947332104957338;0.8601327103475839;0.8601327103475839;0.0;0.0;0.30190241396288453
QNCE_4;1;4;1;0.9999998279336216;0.4498003267380651;0.13070117738215606;0.13070117738215606;1.0;1.0;0.3019238421866538
XDBE_4;1;4;1;1.0;0.6152030744652922;0.7978896306851606;0.7978896306851606;0.5;0.5;0.2979651428196751
ZDEE_4;0;4;1;1.0;0.6152030744652923;0.6877997510222396;0.6877997510222396;0.8;1.0;0.2970918464446515
ZHCE_4;0;4;1;1.0;0.4498003267380649;0.736288361365657;0.736288361365657;1.0;1.0;0.2982054392005893
