Case ID;Actual;Prefix Length;Prediction;Prediction Probability;SHAP Subset Stability;SHAP Weight Stability;SHAP Adjusted Weight Stability;SHAP Precision;SHAP Recall;SHAP Correlation
AVUD_3;1;3;1;0.9999999999190551;0.5553728320618825;0.21232701206623428;0.21232701206623428;1.0;1.0;0.253995369316498
EBNE_3;0;3;1;1.0;0.5998172681589767;0.6358070305393341;0.6358070305393341;1.0;0.2857142857142857;0.2555769141278411
KZHD_3;1;3;1;0.9999999999859028;0.5553728320618824;0.02678194728066341;0.02678194728066341;1.0;1.0;0.25849620079467256
NKJD_3;0;3;0;0.9999999999995453;0.3998629824160768;0.9945628795602902;0.9945628795602902;0.0;0.0;0.24992045528244805
NSBE_3;1;3;0;0.999999995559392;0.8332876587192838;0.9964252814157399;0.9964252814157399;0.0;0.0;0.25147870465499567
RFID_3;0;3;0;0.9999999998926796;0.8124314818198429;0.9978806473949188;0.9978806473949188;1.0;1.0;0.24857629046333185
TSOE_3;1;3;1;1.0;0.7726130601090627;0.5063737147023881;0.5063737147023881;1.0;1.0;0.2609797913547736
XCYD_3;0;3;0;0.9999999965798452;0.8124314818198429;0.9978861477706376;0.9978861477706376;0.0;0.0;0.2512775911485863
