Case ID;Actual;Prefix Length;Prediction;Prediction Probability;SHAP Subset Stability;SHAP Weight Stability;SHAP Adjusted Weight Stability;SHAP Precision;SHAP Recall;SHAP Correlation
AELE;0;1;0;1.0;1.0;0.9996626922621602;0.9996626922621602;1.0;1.0;0.2242496943907253
BDAE;1;1;1;1.0;0.8331998041572083;0.99997644514257;0.99997644514257;1.0;0.5;0.19794557330614568
ECND;0;1;0;1.0;1.0;0.9999882796608476;0.9999882796608476;1.0;1.0;0.21376654887673976
LTMD;1;1;0;0.9999360263073368;1.0;0.9999708936083854;0.9999708936083854;1.0;1.0;0.2217000559650803
ONQD;0;1;1;0.9999999999727152;1.0;0.9999748227392372;0.9999748227392372;1.0;1.0;0.21706043849760745
XNNE;1;1;1;1.0;1.0;0.9999679136115422;0.9999679136115422;1.0;1.0;0.20006963777009135
YBHE;0;1;0;0.9999997785553448;1.0;0.9999905886715016;0.9999905886715016;1.0;1.0;0.22388277717847863
YDRD;1;1;1;0.9999877496416076;1.0;0.9998744775095612;0.9998744775095612;1.0;1.0;0.21778471741642041
