Case ID;Actual;Prefix Length;Prediction;Prediction Probability;SHAP Subset Stability;SHAP Weight Stability;SHAP Adjusted Weight Stability;SHAP Precision;SHAP Recall;SHAP Correlation
AHYD_5;0;5;0;0.9994698432021126;1.0;0.9979273524237084;0.9979273524237084;1.0;1.0;0.30982830958717594
AIME_5;0;5;1;1.0;0.4498339121244149;0.7622627098590593;0.7622627098590593;1.0;0.15384615384615385;0.3125776446955652
AOJD_5;1;5;1;0.9679419415553132;0.7332125239101983;0.8310249034608721;0.8310249034608721;1.0;1.0;0.3115155156127283
CIGE_5;1;5;1;1.0;0.27758149803384724;0.7576740867123934;0.7576740867123934;1.0;0.5;0.3118103703642245
GISD_5;1;5;1;0.9999726529028066;0.5767569739996655;0.4351415153126072;0.4351415153126072;1.0;1.0;0.31329545089118205
SKMD_5;0;5;0;0.9999999999995453;0.5832578479623984;0.997160004186157;0.997160004186157;0.0;0.0;0.30807240889719983
SMOD_5;1;5;0;0.9999968234110816;0.4284506483310758;0.912917210406328;0.912917210406328;1.0;1.0;0.30852387881385984
ZEXD_5;0;5;0;0.9999999999997726;0.3748490201407131;0.9958604972832816;0.9958604972832816;0.0;0.0;0.305451584800939
