Case ID;Actual;Prefix Length;Prediction;Prediction Probability;SHAP Subset Stability;SHAP Weight Stability;SHAP Adjusted Weight Stability;SHAP Precision;SHAP Recall;SHAP Correlation
BMHE_2;0;2;0;0.9970360494379256;0.7498676110412392;0.8961456033754321;0.8961456033754321;1.0;1.0;0.2740094534049048
CIBE_2;0;2;1;1.0;0.7498676110412392;0.8860786303441949;0.8860786303441949;1.0;1.0;0.27333195130137034
FUZD_2;0;2;0;0.9972606809421756;0.8888226900275094;0.8910772682058157;0.8910772682058157;1.0;1.0;0.2741308161943312
KMRD_2;1;2;1;1.0;0.6426916676122396;0.8832123065142382;0.8832123065142382;0.0;0.0;0.2512098412197712
KOBE_2;1;2;1;1.0;0.3998014559894111;0.8231902865614498;0.8231902865614498;1.0;1.0;0.2548961359966538
QLJE_2;0;2;0;0.9992998872439576;0.7856150005673437;0.9085871344151756;0.9085871344151756;1.0;1.0;0.2757126010440838
RRND_2;1;2;1;1.0;0.8888226900275094;0.9272062784429048;0.9272062784429048;1.0;1.0;0.2624431529998061
WKDE_2;1;2;1;1.0;0.7498676110412392;0.9478982503622866;0.9478982503622866;1.0;1.0;0.26200630697675786
