"Case ID;Actual;Prefix Length;Prediction;Prediction Probability;SHAP Subset Stability;SHAP Weight Stability;SHAP Adjusted Weight Stability;LIME Subset Stability;LIME Weight Stability;LIME Adjusted Weight Stability;ACV Subset Stability;ACV Weight Stability;ACV Adjusted Weight Stability;LINDA Subset Stability;LINDA Weight Stability;LINDA Adjusted Weight Stability";MAPE Correctness;RMSE Correctness;R2 Correctness;Mode
"C_5;0;5;1;0.9999326533213452;1.0;0.9643766374552376;0.9643766374552376;1.0;0.9766369582286408;0.9766369582286408;;1.0;1.0;;1.0;1.0";0.18482993250373048;0.18482993250373048;-0.18482993250373048;baseline_mean
"DAA_5;0;5;1;0.9999999999097896;1.0;0.9470985905882994;0.9470985905882994;1.0;0.9089488396986308;0.9089488396986308;;1.0;1.0;;1.0;1.0";0.2859761817832539;0.2859761817832539;-0.5502937516321339;baseline_mean
"HS_5;1;5;1;0.8963788181595467;1.0;0.9056286977764728;0.9056286977764728;1.0;0.9743721624194356;0.9743721624194356;;1.0;1.0;;1.0;1.0";0.37228464459883487;0.37228464459883487;-0.37228464459883487;baseline_mean
"KFA_5;1;5;1;1.0;1.0;0.935940101350365;0.935940101350365;1.0;0.9409174613791011;0.9409174613791011;;1.0;1.0;;1.0;1.0";0.10370969077567686;0.10370969077567686;-0.10370969077567686;baseline_mean
"NIA_5;1;5;1;0.9999998665129316;1.0;0.773738579023159;0.773738579023159;1.0;0.954488943254012;0.954488943254012;;1.0;1.0;;1.0;1.0";0.2986750702508349;0.2986750702508349;-0.5503091649435754;baseline_mean
"PMA_5;0;5;1;0.9998041988289406;1.0;0.939988598135895;0.939988598135895;1.0;0.9631322368614924;0.9631322368614924;;1.0;1.0;;1.0;1.0";0.29261918707042883;0.29261918707042883;-0.29261918707042883;baseline_mean
"RC_5;1;5;1;0.9999993318779404;1.0;0.9507736804128916;0.9507736804128916;1.0;0.9544169444210804;0.9544169444210804;;1.0;1.0;;1.0;1.0";0.2680625212278446;0.2680625212278446;-0.2680625212278446;baseline_mean
"XO_5;0;5;1;0.9900499858655968;1.0;0.8820399725070442;0.8820399725070442;1.0;0.9556842000595408;0.9556842000595408;;1.0;1.0;;1.0;1.0";0.2884283477653209;0.2884283477653209;-0.2884283477653209;baseline_mean
