"Case ID;Actual;Prefix Length;Prediction;Prediction Probability;SHAP Subset Stability;SHAP Weight Stability;SHAP Adjusted Weight Stability;LIME Subset Stability;LIME Weight Stability;LIME Adjusted Weight Stability;ACV Subset Stability;ACV Weight Stability;ACV Adjusted Weight Stability;LINDA Subset Stability;LINDA Weight Stability;LINDA Adjusted Weight Stability";MAPE Correctness;RMSE Correctness;R2 Correctness;Mode
"CNA_8;1;8;1;1.0;1.0;0.9758870964649532;0.9758870964649532;;1.0;1.0;;1.0;1.0;;1.0;1.0";0.21737930231390518;0.21737930231390518;-0.21737930231390518;baseline_max
"EI_8;1;8;1;1.0;1.0;0.9948535370310644;0.9948535370310644;;1.0;1.0;;1.0;1.0;;1.0;1.0";0.4064070591802374;0.4064070591802374;-0.3771872359630161;baseline_max
"FKA_8;0;8;0;1.0;1.0;0.9708373109995708;0.9708373109995708;;1.0;1.0;1.0;1.0;1.0;;1.0;1.0";0.08490628158438102;0.08490628158438102;-0.08490628158438102;baseline_max
"GQ_8;0;8;1;0.9998832561686504;1.0;0.9919918751382174;0.9919918751382174;;1.0;1.0;;1.0;1.0;;1.0;1.0";0.5171210962466624;0.5171210962466624;-0.5171210962466624;baseline_max
"II_8;1;8;1;0.9999526898589278;1.0;0.9938208216402136;0.9938208216402136;;1.0;1.0;;1.0;1.0;;1.0;1.0";0.5331045107663585;0.5331045107663585;-0.5331045107663585;baseline_max
"IQ_8;1;8;1;0.999999999999062;1.0;0.9953615851441692;0.9953615851441692;;1.0;1.0;;1.0;1.0;;1.0;1.0";0.47804282161626255;0.47804282161626255;-0.27431646644702906;baseline_max
"JGA_8;0;8;0;1.0;1.0;0.9388075263816128;0.9388075263816128;;1.0;1.0;1.0;1.0;1.0;;1.0;1.0";0.08227728914095822;0.08227728914095822;-0.08227728914095822;baseline_max
"VIA_8;0;8;1;1.0;1.0;0.9885884376352992;0.9885884376352992;;1.0;1.0;;1.0;1.0;;1.0;1.0";0.3782286298445732;0.3782286298445732;-0.3622718642188118;baseline_max
