"Case ID;Actual;Prefix Length;Prediction;Prediction Probability;SHAP Subset Stability;SHAP Weight Stability;SHAP Adjusted Weight Stability;LIME Subset Stability;LIME Weight Stability;LIME Adjusted Weight Stability;ACV Subset Stability;ACV Weight Stability;ACV Adjusted Weight Stability;LINDA Subset Stability;LINDA Weight Stability;LINDA Adjusted Weight Stability";MAPE Correctness;RMSE Correctness;R2 Correctness;Mode
"DO_10;1;10;1;0.99996931916657;1.0;0.9765604969771629;0.9765604969771629;0.07979427333974587;1.0;1.0;;1.0;1.0;;1.0;1.0";0.009166981251275503;0.009166981251275503;-0.009166981251275503;baseline_0
"EBA_10;0;10;1;0.9959942867580774;1.0;0.9792978549887384;0.9792978549887384;0.07970777450659472;1.0;1.0;;1.0;1.0;;1.0;1.0";-0.00898091934812559;-0.00898091934812559;0.00898091934812559;baseline_0
"HGA_10;0;10;1;0.9999999582954908;1.0;0.9753507114644192;0.9753507114644192;-0.2302686198684749;1.0;1.0;;1.0;1.0;;1.0;1.0";0.022305711291454724;0.022305711291454724;-0.022305711291454724;baseline_0
"KS_10;0;10;1;0.9949104220791696;1.0;0.9863939334551866;0.9863939334551866;-0.20095801634263188;1.0;1.0;;1.0;1.0;;1.0;1.0";-0.02608064365517263;-0.02608064365517263;0.02608064365517263;baseline_0
"NIA_10;1;10;1;0.999774926146356;1.0;0.9827717089361928;0.9827717089361928;-0.2312814325342234;1.0;1.0;;1.0;1.0;;1.0;1.0";-0.01604096450843931;-0.01604096450843931;0.01604096450843931;baseline_0
"UI_10;0;10;1;1.0;1.0;0.9890873433062772;0.9890873433062772;-0.1981502445537804;1.0;1.0;;1.0;1.0;;1.0;1.0";0.09878213845502291;0.09878213845502291;-0.09878213845502291;baseline_0
"YIA_10;1;10;1;1.0;1.0;0.9871166405756364;0.9871166405756364;-0.21543778801843327;1.0;1.0;;1.0;1.0;;1.0;1.0";0.09877295966495897;0.09877295966495897;-0.09877295966495897;baseline_0
"YT_10;1;10;1;0.9999999097717348;1.0;0.9802765119846608;0.9802765119846608;0.14186602870813306;1.0;1.0;;1.0;1.0;;1.0;1.0";0.055973483943266976;0.055973483943266976;-0.055973483943266976;baseline_0
