"Case ID;Actual;Prefix Length;Prediction;Prediction Probability;SHAP Subset Stability;SHAP Weight Stability;SHAP Adjusted Weight Stability;LIME Subset Stability;LIME Weight Stability;LIME Adjusted Weight Stability;LIME Subset Stability.1;LIME Weight Stability.1;LIME Adjusted Weight Stability.1;ACV Subset Stability;ACV Weight Stability;ACV Adjusted Weight Stability;LINDA Subset Stability;LINDA Weight Stability;LINDA Adjusted Weight Stability";MAPE Correctness;RMSE Correctness;R2 Correctness;Mode
"CNA;1;1;1;0.9999992988369016;1.0;0.9994645614855522;0.9994645614855522;;1.0;1.0;;1.0;1.0;;1.0;1.0;;1.0;1.0";0.5245211647774795;0.5245211647774795;-0.5245211647774795;baseline_max
"GJA;1;1;1;1.0;1.0;0.9997212701616884;0.9997212701616884;;1.0;1.0;;1.0;1.0;;1.0;1.0;;1.0;1.0";0.45271557756644704;0.45271557756644704;-0.44462423366728887;baseline_max
"GNA;0;1;1;1.0;1.0;0.9995485460015624;0.9995485460015624;;1.0;1.0;;1.0;1.0;;1.0;1.0;;1.0;1.0";0.4621342220876383;0.4621342220876383;-0.45004309004308646;baseline_max
"HS;1;1;1;1.0;1.0;0.999331319640854;0.999331319640854;-0.243351063829788;0.9992927361760492;0.9992927361760492;-0.24169986719787584;0.99859449776717;0.99859449776717;;1.0;1.0;;1.0;1.0";0.44545083829595833;0.44545083829595833;-0.4321482495803151;baseline_max
"MC;1;1;1;0.9999999999994884;1.0;0.999344178193182;0.999344178193182;;1.0;1.0;;1.0;1.0;;1.0;1.0;;1.0;1.0";0.4573446130847342;0.4573446130847342;-0.3746969524891948;baseline_max
"NCA;0;1;0;0.9997909749742588;1.0;0.9976445297111218;0.9976445297111218;;1.0;1.0;;1.0;1.0;1.0;1.0;1.0;;1.0;1.0";0.5053419463854756;0.5053419463854756;-0.5053419463854756;baseline_max
"QHA;0;1;1;1.0;1.0;0.9994627545349136;0.9994627545349136;;1.0;1.0;;1.0;1.0;;1.0;1.0;;1.0;1.0";0.46071786180897356;0.46071786180897356;-0.4475275970035572;baseline_max
"YG;0;1;1;1.0;1.0;0.9996779667784954;0.9996779667784954;;1.0;1.0;;1.0;1.0;;1.0;1.0;;1.0;1.0";0.454834905715721;0.454834905715721;-0.44677125854207755;baseline_max
