Case ID;Actual;Prefix Length;Prediction;Prediction Probability;SHAP Subset Stability;SHAP Weight Stability;SHAP Adjusted Weight Stability;LIME Subset Stability;LIME Weight Stability;LIME Adjusted Weight Stability;ACV Subset Stability;ACV Weight Stability;ACV Adjusted Weight Stability;LINDA Subset Stability;LINDA Weight Stability;LINDA Adjusted Weight Stability;MAPE Correctness;RMSE Correctness;R2 Correctness;Mode
GAA_11;0;11;1;0.9973203294735382;1.0;0.7845428428266881;0.7845428428266881;;1.0;1.0;;1.0;1.0;;1.0;1.0;0.45131977604558404;0.45131977604558404;-0.45131977604558404;baseline_max
HH_11;0;11;0;0.8096383893358641;0.8323519790644422;0.868877248727191;0.868877248727191;;1.0;1.0;1.0;1.0;1.0;;1.0;1.0;0.5176336103225564;0.5176202442749053;-0.5176202442749053;baseline_max
ILA_11;1;11;1;1.0;1.0;0.6554853295281204;0.6554853295281204;;1.0;1.0;;1.0;1.0;;1.0;1.0;0.20952817544302774;0.20952817544302774;-0.20895013327808734;baseline_max
LKA_11;1;11;0;0.9995906745895042;0.8323519790644422;0.9339821099399224;0.9339821099399224;;1.0;1.0;1.0;1.0;1.0;;1.0;1.0;0.5174162187210776;0.5174162187210776;-0.5174162187210776;baseline_max
PJ_11;0;11;0;1.0;1.0;0.8719721357007176;0.8719721357007176;;1.0;1.0;1.0;1.0;1.0;;1.0;1.0;0.3998376738409367;0.3998376738409367;-0.3933641745005665;baseline_max
XM_11;1;11;1;1.0;1.0;0.8326977748060208;0.8326977748060208;;1.0;1.0;;1.0;1.0;;1.0;1.0;0.2061146766021337;0.2061146766021337;-0.2061146766021337;baseline_max
YL_11;1;11;0;0.9782041127683726;0.784240808307606;0.8741612607664516;0.8741612607664516;;1.0;1.0;1.0;1.0;1.0;;1.0;1.0;0.5369656806295063;0.5369656806295063;-0.5369656806295063;baseline_max
ZKA_11;0;11;0;0.9999655674189633;0.784240808307606;0.8833992602199271;0.8833992602199271;;1.0;1.0;1.0;1.0;1.0;;1.0;1.0;0.5346052142060636;0.5346052142060636;-0.5346052142060636;baseline_max
