"Case ID;Actual;Prefix Length;Prediction;Prediction Probability;SHAP Subset Stability;SHAP Weight Stability;SHAP Adjusted Weight Stability;LIME Subset Stability;LIME Weight Stability;LIME Adjusted Weight Stability;ACV Subset Stability;ACV Weight Stability;ACV Adjusted Weight Stability;LINDA Subset Stability;LINDA Weight Stability;LINDA Adjusted Weight Stability";MAPE Correctness;RMSE Correctness;R2 Correctness;Mode
"GAA_11;0;11;1;0.9973203294735382;1.0;0.7845428428266881;0.7845428428266881;;1.0;1.0;;1.0;1.0;;1.0;1.0";0.40021879237172125;0.40021879237172125;-0.40021879237172125;baseline_mean
"HH_11;0;11;0;0.8096383893358641;0.8323519790644422;0.868877248727191;0.868877248727191;;1.0;1.0;1.0;1.0;1.0;;1.0;1.0";0.3771524884072708;0.3771524884072708;-0.3771524884072708;baseline_mean
"ILA_11;1;11;1;1.0;1.0;0.6554853295281204;0.6554853295281204;;1.0;1.0;;1.0;1.0;;1.0;1.0";0.10031520960757093;0.10031520960757093;-0.10031520960757093;baseline_mean
"LKA_11;1;11;0;0.9995906745895042;0.8323519790644422;0.9339821099399224;0.9339821099399224;;1.0;1.0;1.0;1.0;1.0;;1.0;1.0";0.38328504919438083;0.38328504919438083;-0.38328504919438083;baseline_mean
"PJ_11;0;11;0;1.0;1.0;0.8719721357007176;0.8719721357007176;;1.0;1.0;1.0;1.0;1.0;;1.0;1.0";0.12985959389129742;0.12985959389129742;-0.1296708436076883;baseline_mean
"XM_11;1;11;1;1.0;1.0;0.8326977748060208;0.8326977748060208;;1.0;1.0;;1.0;1.0;;1.0;1.0";;;;baseline_mean
"YL_11;1;11;0;0.9782041127683726;0.784240808307606;0.8741612607664516;0.8741612607664516;;1.0;1.0;1.0;1.0;1.0;;1.0;1.0";0.40000122295279383;0.40000122295279383;-0.40000122295279383;baseline_mean
"ZKA_11;0;11;0;0.9999655674189633;0.784240808307606;0.8833992602199271;0.8833992602199271;;1.0;1.0;1.0;1.0;1.0;;1.0;1.0";0.45698596352022725;0.45698596352022725;-0.45698596352022725;baseline_mean
