"Case ID;Actual;Prefix Length;Prediction;Prediction Probability;SHAP Subset Stability;SHAP Weight Stability;SHAP Adjusted Weight Stability;LIME Subset Stability;LIME Weight Stability;LIME Adjusted Weight Stability;ACV Subset Stability;ACV Weight Stability;ACV Adjusted Weight Stability;LINDA Subset Stability;LINDA Weight Stability;LINDA Adjusted Weight Stability";MAPE Correctness;RMSE Correctness;R2 Correctness;Mode
"C_5;0;5;1;0.9999326533213452;1.0;0.9643766374552376;0.9643766374552376;1.0;0.9766369582286408;0.9766369582286408;;1.0;1.0;;1.0;1.0";-0.017862477358973266;-0.017862477358973266;0.017862477358973266;baseline_min
"DAA_5;0;5;1;0.9999999999097896;1.0;0.9470985905882994;0.9470985905882994;1.0;0.9089488396986308;0.9089488396986308;;1.0;1.0;;1.0;1.0";-0.01143129188836766;-0.01143129188836766;0.04073440151017657;baseline_min
"HS_5;1;5;1;0.8963788181595467;1.0;0.9056286977764728;0.9056286977764728;1.0;0.9743721624194356;0.9743721624194356;;1.0;1.0;;1.0;1.0";0.018863137356358018;0.018863137356358018;-0.018863137356358018;baseline_min
"KFA_5;1;5;1;1.0;1.0;0.935940101350365;0.935940101350365;1.0;0.9409174613791011;0.9409174613791011;;1.0;1.0;;1.0;1.0";0.10370969077567686;0.10370969077567686;-0.10370969077567686;baseline_min
"NIA_5;1;5;1;0.9999998665129316;1.0;0.773738579023159;0.773738579023159;1.0;0.954488943254012;0.954488943254012;;1.0;1.0;;1.0;1.0";-0.014502352822983504;-0.014502352822983504;0.06364661703296513;baseline_min
"PMA_5;0;5;1;0.9998041988289406;1.0;0.939988598135895;0.939988598135895;1.0;0.9631322368614924;0.9631322368614924;;1.0;1.0;;1.0;1.0";-0.02139479355059801;-0.02139479355059801;0.02139479355059801;baseline_min
"RC_5;1;5;1;0.9999993318779404;1.0;0.9507736804128916;0.9507736804128916;1.0;0.9544169444210804;0.9544169444210804;;1.0;1.0;;1.0;1.0";0.0073895171812740435;0.0073895171812740435;-0.0073895171812740435;baseline_min
"XO_5;0;5;1;0.9900499858655968;1.0;0.8820399725070442;0.8820399725070442;1.0;0.9556842000595408;0.9556842000595408;;1.0;1.0;;1.0;1.0";-0.012366518291423078;-0.012366518291423078;0.012366518291423078;baseline_min
