Case ID;Actual;Prefix Length;Prediction;Prediction Probability;SHAP Subset Stability;SHAP Weight Stability;SHAP Adjusted Weight Stability;LIME Subset Stability;LIME Weight Stability;LIME Adjusted Weight Stability;ACV Subset Stability;ACV Weight Stability;ACV Adjusted Weight Stability;LINDA Subset Stability;LINDA Weight Stability;LINDA Adjusted Weight Stability;MAPE Correctness;RMSE Correctness;R2 Correctness;Mode
AF_14;1;14;1;1.0;1.0;0.8646197197404237;0.8646197197404237;0.6220355731225283;0.978949539271014;0.978949539271014;;1.0;1.0;;1.0;1.0;0.310983216264803;0.310983216264803;-0.3096858718979405;baseline_max
AIA_14;1;14;1;1.0;1.0;0.9737478393499288;0.9737478393499288;0.6220355731225283;0.988900895280874;0.988900895280874;;1.0;1.0;;1.0;1.0;0.3094930814182855;0.3094930814182855;-0.30738049417140745;baseline_max
JMA_14;0;14;0;1.0;1.0;0.9775210183711048;0.9775210183711048;0.4097222222222148;0.9832114856107584;0.9832114856107584;1.0;1.0;1.0;;1.0;1.0;0.26323521489705826;0.26323521489705826;-0.26323521489705826;baseline_max
LEA_14;0;14;0;0.9703715677362024;1.0;0.9236592655598866;0.9236592655598866;0.7123113806233243;0.9858364582287272;0.9858364582287272;1.0;1.0;1.0;;1.0;1.0;0.47881744441156554;0.47881744441156554;-0.47881744441156554;baseline_max
LL_14;0;14;0;0.9999711125742484;1.0;0.7784155810683123;0.7784155810683123;0.6220355731225283;0.9866462584481412;0.9866462584481412;1.0;1.0;1.0;;1.0;1.0;0.521756099407183;0.521756099407183;-0.521756099407183;baseline_max
LQ_14;1;14;1;1.0;1.0;0.9491359493534044;0.9491359493534044;0.4485989728804379;0.986448824716414;0.986448824716414;;1.0;1.0;;1.0;1.0;0.3043171848993109;0.3043171848993109;-0.3026218277049541;baseline_max
MP_14;1;14;1;0.8260077426156122;1.0;0.969224384783097;0.969224384783097;0.7123113806233243;0.9881261275370072;0.9881261275370072;;1.0;1.0;;1.0;1.0;0.39377783576439945;0.3932034761264555;-0.191758525007024;baseline_max
SI_14;0;14;1;1.0;1.0;0.9237189674834392;0.9237189674834392;0.4950495049504934;0.9789974568612034;0.9789974568612034;;1.0;1.0;;1.0;1.0;0.3078508353684295;0.3078508353684295;-0.3061888285846072;baseline_max
