"Case ID;Actual;Prefix Length;Prediction;Prediction Probability;SHAP Subset Stability;SHAP Weight Stability;SHAP Adjusted Weight Stability;LIME Subset Stability;LIME Weight Stability;LIME Adjusted Weight Stability;ACV Subset Stability;ACV Weight Stability;ACV Adjusted Weight Stability;LINDA Subset Stability;LINDA Weight Stability;LINDA Adjusted Weight Stability";MAPE Correctness;RMSE Correctness;R2 Correctness;Mode
"ADA_9;1;9;0;0.999999999997044;1.0;0.9563934425895758;0.9563934425895758;1.0;0.9480328729216742;0.9480328729216742;1.0;1.0;1.0;;1.0;1.0";0.5794931472531736;0.5794931472531736;-0.5197040265616728;baseline_max
"BJA_9;0;9;1;0.9999994256017376;1.0;0.9288900139167602;0.9288900139167602;1.0;0.63026218870404;0.63026218870404;;1.0;1.0;;1.0;1.0";0.5534363981190668;0.553364459370179;-0.553364459370179;baseline_max
"CNA_9;1;9;1;1.0;1.0;0.9341354325466062;0.9341354325466062;1.0;0.9619992397554356;0.9619992397554356;;1.0;1.0;;1.0;1.0";0.3803773544028192;0.3803773544028192;-0.3803773544028192;baseline_max
"GJA_9;1;9;1;1.0;1.0;0.9814979913026955;0.9814979913026955;0.1551935325820678;0.8636804794216205;0.8636804794216205;;1.0;1.0;;1.0;1.0";0.4194623116506108;0.4194623116506108;-0.4194623116506108;baseline_max
"HHA_9;0;9;1;0.9999857440756532;1.0;0.9812254396983616;0.9812254396983616;0.1318263892890763;0.89755254434855;0.89755254434855;;1.0;1.0;;1.0;1.0";0.6180618689824995;0.6180945940437558;-0.537180526384844;baseline_max
"ILA_9;1;9;1;1.0;1.0;0.914636494549804;0.914636494549804;0.9772717386576188;0.7515959451352175;0.7515959451352175;;1.0;1.0;;1.0;1.0";0.4261649797485378;0.4261649797485378;-0.4261649797485378;baseline_max
"WE_9;0;9;0;1.0;1.0;-0.6800315928820604;-0.6800315928820604;1.0;0.96912924752185;0.96912924752185;1.0;1.0;1.0;;1.0;1.0";0.3673820992776479;0.3673820992776479;-0.3673820992776479;baseline_max
"XKA_9;0;9;1;0.9999999999927808;1.0;0.7454602865228538;0.7454602865228538;0.12893304717740414;0.9371182280999784;0.9371182280999784;;1.0;1.0;;1.0;1.0";0.5913348418983803;0.5913348418983803;-0.5249712383890919;baseline_max
