"Case ID;Actual;Prefix Length;Prediction;Prediction Probability;SHAP Subset Stability;SHAP Weight Stability;SHAP Adjusted Weight Stability;LIME Subset Stability;LIME Weight Stability;LIME Adjusted Weight Stability;ACV Subset Stability;ACV Weight Stability;ACV Adjusted Weight Stability;LINDA Subset Stability;LINDA Weight Stability;LINDA Adjusted Weight Stability";MAPE Correctness;RMSE Correctness;R2 Correctness;Mode
"AAA_6;1;6;1;1.0;1.0;0.9967445253042908;0.9967445253042908;0.16301134355217095;0.9497890826583542;0.9497890826583542;;1.0;1.0;;1.0;1.0";0.45488701856108626;0.45488701856108626;-0.45488701856108626;baseline_mean
"FE_6;1;6;1;1.0;1.0;0.9972703648693824;0.9972703648693824;0.34328874538745396;0.9476239306811048;0.9476239306811048;;1.0;1.0;;1.0;1.0";0.4549226666171388;0.4549226666171388;-0.4549226666171388;baseline_mean
"IE_6;0;6;1;1.0;1.0;0.9974485292371332;0.9974485292371332;1.0;0.8948902450078383;0.8948902450078383;;1.0;1.0;;1.0;1.0";;;;baseline_mean
"RG_6;0;6;0;1.0;1.0;0.9976642194004977;0.9976642194004977;1.0;0.8905420775358235;0.8905420775358235;1.0;1.0;1.0;;1.0;1.0";;;;baseline_mean
"RR_6;1;6;1;1.0;1.0;0.9834803978919922;0.9834803978919922;1.0;0.9688565086429648;0.9688565086429648;;1.0;1.0;;1.0;1.0";;;;baseline_mean
"YL_6;1;6;1;1.0;1.0;0.9965526602973508;0.9965526602973508;0.313354037267081;0.8233264889777262;0.8233264889777262;;1.0;1.0;;1.0;1.0";0.44956550563303754;0.44956550563303754;-0.44956550563303754;baseline_mean
"ZDA_6;0;6;1;1.0;1.0;0.9963545794970022;0.9963545794970022;0.15001089629837205;0.9497758757346868;0.9497758757346868;;1.0;1.0;;1.0;1.0";0.4548751377378766;0.4548751377378766;-0.4548751377378766;baseline_mean
"ZH_6;0;6;1;1.0;1.0;0.9963881294866416;0.9963881294866416;1.0;0.9132933183047344;0.9132933183047344;;1.0;1.0;;1.0;1.0";0.44897493926290516;0.44897493926290516;-0.44897493926290516;baseline_mean
