Case ID;Actual;Prefix Length;Prediction;Prediction Probability;SHAP Subset Stability;SHAP Weight Stability;SHAP Adjusted Weight Stability;LIME Subset Stability;LIME Weight Stability;LIME Adjusted Weight Stability;ACV Subset Stability;ACV Weight Stability;ACV Adjusted Weight Stability;LINDA Subset Stability;LINDA Weight Stability;LINDA Adjusted Weight Stability;MAPE Correctness;RMSE Correctness;R2 Correctness;Mode
DO_10;1;10;1;0.99996931916657;1.0;0.9765604969771629;0.9765604969771629;0.07979427333974587;1.0;1.0;;1.0;1.0;;1.0;1.0;0.33931991911751685;0.33931991911751685;-0.33931991911751685;baseline_max
EBA_10;0;10;1;0.9959942867580774;1.0;0.9792978549887384;0.9792978549887384;0.07970777450659472;1.0;1.0;;1.0;1.0;;1.0;1.0;0.39331642142789797;0.39331642142789797;-0.39331642142789797;baseline_max
HGA_10;0;10;1;0.9999999582954908;1.0;0.9753507114644192;0.9753507114644192;-0.2302686198684749;1.0;1.0;;1.0;1.0;;1.0;1.0;0.40170627414555665;0.40170627414555665;-0.40170627414555665;baseline_max
KS_10;0;10;1;0.9949104220791696;1.0;0.9863939334551866;0.9863939334551866;-0.20095801634263188;1.0;1.0;;1.0;1.0;;1.0;1.0;0.4153035035520894;0.4153035035520894;-0.4153035035520894;baseline_max
NIA_10;1;10;1;0.999774926146356;1.0;0.9827717089361928;0.9827717089361928;-0.2312814325342234;1.0;1.0;;1.0;1.0;;1.0;1.0;0.40286790434201863;0.40286790434201863;-0.40286790434201863;baseline_max
UI_10;0;10;1;1.0;1.0;0.9890873433062772;0.9890873433062772;-0.1981502445537804;1.0;1.0;;1.0;1.0;;1.0;1.0;0.22558539441477174;0.22558539441477174;-0.22615550885508592;baseline_max
YIA_10;1;10;1;1.0;1.0;0.9871166405756364;0.9871166405756364;-0.21543778801843327;1.0;1.0;;1.0;1.0;;1.0;1.0;0.20247610312098888;0.20247610312098888;-0.20098416708181152;baseline_max
YT_10;1;10;1;0.9999999097717348;1.0;0.9802765119846608;0.9802765119846608;0.14186602870813306;1.0;1.0;;1.0;1.0;;1.0;1.0;0.3867618120323716;0.38672289807387783;-0.38672289807387783;baseline_max
