Case ID;Actual;Prefix Length;Prediction;Prediction Probability;SHAP Subset Stability;SHAP Weight Stability;SHAP Adjusted Weight Stability;LIME Subset Stability;LIME Weight Stability;LIME Adjusted Weight Stability;ACV Subset Stability;ACV Weight Stability;ACV Adjusted Weight Stability;LINDA Subset Stability;LINDA Weight Stability;LINDA Adjusted Weight Stability;MAPE Correctness;RMSE Correctness;R2 Correctness;Mode
CNA_8;1;8;1;1.0;1.0;0.9758870964649532;0.9758870964649532;;1.0;1.0;;1.0;1.0;;1.0;1.0;0.09844280346955821;0.09844280346955821;-0.09844280346955821;baseline_mean
EI_8;1;8;1;1.0;1.0;0.9948535370310644;0.9948535370310644;;1.0;1.0;;1.0;1.0;;1.0;1.0;0.09839558707544206;0.09839558707544206;-0.09839558707544206;baseline_mean
FKA_8;0;8;0;1.0;1.0;0.9708373109995708;0.9708373109995708;;1.0;1.0;1.0;1.0;1.0;;1.0;1.0;;;;baseline_mean
GQ_8;0;8;1;0.9998832561686504;1.0;0.9919918751382174;0.9919918751382174;;1.0;1.0;;1.0;1.0;;1.0;1.0;0.2790636173064843;0.2790636173064843;-0.2790636173064843;baseline_mean
II_8;1;8;1;0.9999526898589278;1.0;0.9938208216402136;0.9938208216402136;;1.0;1.0;;1.0;1.0;;1.0;1.0;0.23108811354382103;0.23108811354382103;-0.23108811354382103;baseline_mean
IQ_8;1;8;1;0.999999999999062;1.0;0.9953615851441692;0.9953615851441692;;1.0;1.0;;1.0;1.0;;1.0;1.0;0.2622544348181528;0.2622544348181528;-0.3035693856331984;baseline_mean
JGA_8;0;8;0;1.0;1.0;0.9388075263816128;0.9388075263816128;;1.0;1.0;1.0;1.0;1.0;;1.0;1.0;;;;baseline_mean
VIA_8;0;8;1;1.0;1.0;0.9885884376352992;0.9885884376352992;;1.0;1.0;;1.0;1.0;;1.0;1.0;0.09844055352833103;0.09844055352833103;-0.09844055352833103;baseline_mean
