"Case ID;Actual;Prefix Length;Prediction;Prediction Probability;SHAP Subset Stability;SHAP Weight Stability;SHAP Adjusted Weight Stability;LIME Subset Stability;LIME Weight Stability;LIME Adjusted Weight Stability;ACV Subset Stability;ACV Weight Stability;ACV Adjusted Weight Stability;LINDA Subset Stability;LINDA Weight Stability;LINDA Adjusted Weight Stability";MAPE Correctness;RMSE Correctness;R2 Correctness;Mode
"DKA_13;1;13;1;1.0;1.0;0.9970018421995102;0.9970018421995102;0.9742805106159552;0.92483710605601;0.92483710605601;;1.0;1.0;;1.0;1.0";0.09999519265437312;0.09999519265437312;-0.09999519265437312;baseline_mean
"KM_13;1;13;1;1.0;1.0;0.9985579835219422;0.9985579835219422;0.8995999720504491;0.14979068034110654;0.14979068034110654;;1.0;1.0;;1.0;1.0";;;;baseline_mean
"MC_13;1;13;0;0.9966954293969386;1.0;0.9896211947030372;0.9896211947030372;0.974662981282126;0.9471610662216868;0.9471610662216868;1.0;1.0;1.0;;1.0;1.0";0.6788640517743688;0.6788640517743688;-0.6788640517743688;baseline_mean
"MW_13;0;13;0;0.9999999999979536;1.0;0.9957789151954036;0.9957789151954036;0.9381133671742808;0.9349498357286379;0.9349498357286379;1.0;1.0;1.0;;1.0;1.0";0.5641863045555958;0.5641863045555958;-0.48711587570497356;baseline_mean
"RGA_13;0;13;0;1.0;1.0;0.9936967993499692;0.9936967993499692;1.0;0.9427226031299089;0.9427226031299089;1.0;1.0;1.0;;1.0;1.0";0.36989626166915535;0.36989626166915535;-0.3735972201395937;baseline_mean
"TS_13;0;13;0;1.0;1.0;0.9979751301569736;0.9979751301569736;0.8995999720504491;0.9433926353405626;0.9433926353405626;1.0;1.0;1.0;;1.0;1.0";0.26466451991064976;0.26466451991064976;-0.26397136110744834;baseline_mean
"WZ_13;0;13;0;1.0;1.0;0.9953822202438388;0.9953822202438388;0.9825902972144476;0.9446809945461044;0.9446809945461044;1.0;1.0;1.0;;1.0;1.0";0.3662985519007984;0.3662985519007984;-0.3699470271367162;baseline_mean
"ZEA_13;1;13;0;0.9546122358982478;1.0;0.9141694534399848;0.9141694534399848;0.9742805106159552;0.9592331185268388;0.9592331185268388;1.0;1.0;1.0;;1.0;1.0";0.5503439600462006;0.5503439600462006;-0.5503439600462006;baseline_mean
