Case ID;Actual;Prefix Length;Prediction;Prediction Probability;SHAP Subset Stability;SHAP Weight Stability;SHAP Adjusted Weight Stability;LIME Subset Stability;LIME Weight Stability;LIME Adjusted Weight Stability;ACV Subset Stability;ACV Weight Stability;ACV Adjusted Weight Stability;LINDA Subset Stability;LINDA Weight Stability;LINDA Adjusted Weight Stability;MAPE Correctness;RMSE Correctness;R2 Correctness;Mode
CI_12;0;12;0;0.9997535765550788;1.0;0.9299021286067052;0.9299021286067052;1.0;0.8500079742708059;0.8500079742708059;1.0;1.0;1.0;;1.0;1.0;0.016729259911694102;0.016729259911694102;-0.016729259911694102;baseline_min
EEA_12;0;12;0;0.9931524464922148;0.8323978796382911;0.959469084534962;0.959469084534962;1.0;0.8711353803478041;0.8711353803478041;1.0;1.0;1.0;;1.0;1.0;-0.004557359468277454;-0.004557359468277454;0.004557359468277454;baseline_min
FY_12;1;12;1;0.9999999999076864;1.0;0.9644789805864542;0.9644789805864542;0.987360970677452;0.9574338372061798;0.9574338372061798;;1.0;1.0;;1.0;1.0;0.060380462256601396;0.060380462256601396;0.022987284482054587;baseline_min
GT_12;1;12;1;1.0;1.0;0.9513646259758344;0.9513646259758344;1.0;0.9367036582325559;0.9367036582325559;;1.0;1.0;;1.0;1.0;0.09818830108369894;0.09818830108369894;-0.09818830108369894;baseline_min
KBA_12;0;12;1;1.0;1.0;0.9873859207718788;0.9873859207718788;1.0;0.92365715034023;0.92365715034023;;1.0;1.0;;1.0;1.0;0.09819493699767831;0.09819493699767831;-0.09819493699767831;baseline_min
LC_12;1;12;1;0.9998013580770422;1.0;0.9569422308568754;0.9569422308568754;1.0;0.9639464462189486;0.9639464462189486;;1.0;1.0;;1.0;1.0;0.07761889294730262;0.07761889294730262;-0.07761889294730262;baseline_min
NU_12;0;12;1;1.0;1.0;0.9803056352162016;0.9803056352162016;1.0;0.9396326643321538;0.9396326643321538;;1.0;1.0;;1.0;1.0;0.09819493699767831;0.09819493699767831;-0.09819493699767831;baseline_min
XT_12;1;12;1;1.0;1.0;0.9828438989881864;0.9828438989881864;1.0;0.9643910129444716;0.9643910129444716;;1.0;1.0;;1.0;1.0;0.09819936168786858;0.09819936168786858;-0.09819936168786858;baseline_min
