"Case ID;Actual;Prefix Length;Prediction;Prediction Probability;SHAP Subset Stability;SHAP Weight Stability;SHAP Adjusted Weight Stability;LIME Subset Stability;LIME Weight Stability;LIME Adjusted Weight Stability;LIME Subset Stability.1;LIME Weight Stability.1;LIME Adjusted Weight Stability.1;ACV Subset Stability;ACV Weight Stability;ACV Adjusted Weight Stability;LINDA Subset Stability;LINDA Weight Stability;LINDA Adjusted Weight Stability";MAPE Correctness;RMSE Correctness;R2 Correctness;Mode
"CNA;1;1;1;0.9999992988369016;1.0;0.9994645614855522;0.9994645614855522;;1.0;1.0;;1.0;1.0;;1.0;1.0;;1.0;1.0";0.7383707654730767;0.7383707654730767;-0.7383707654730767;baseline_mean
"GJA;1;1;1;1.0;1.0;0.9997212701616884;0.9997212701616884;;1.0;1.0;;1.0;1.0;;1.0;1.0;;1.0;1.0";0.3994205498825287;0.3994205498825287;-0.3994205498825287;baseline_mean
"GNA;0;1;1;1.0;1.0;0.9995485460015624;0.9995485460015624;;1.0;1.0;;1.0;1.0;;1.0;1.0;;1.0;1.0";0.39943303626200816;0.39943303626200816;-0.39943303626200816;baseline_mean
"HS;1;1;1;1.0;1.0;0.999331319640854;0.999331319640854;-0.243351063829788;0.9992927361760492;0.9992927361760492;-0.24169986719787584;0.99859449776717;0.99859449776717;;1.0;1.0;;1.0;1.0";0.384178239920973;0.384178239920973;-0.3775476178242597;baseline_mean
"MC;1;1;1;0.9999999999994884;1.0;0.999344178193182;0.999344178193182;;1.0;1.0;;1.0;1.0;;1.0;1.0;;1.0;1.0";0.6052330469256025;0.6052330469256025;-0.5744724587031819;baseline_mean
"NCA;0;1;0;0.9997909749742588;1.0;0.9976445297111218;0.9976445297111218;;1.0;1.0;;1.0;1.0;1.0;1.0;1.0;;1.0;1.0";0.7521357579621094;0.7521357579621094;-0.7521357579621094;baseline_mean
"QHA;0;1;1;1.0;1.0;0.9994627545349136;0.9994627545349136;;1.0;1.0;;1.0;1.0;;1.0;1.0;;1.0;1.0";0.3994205498825287;0.3994205498825287;-0.3994205498825287;baseline_mean
"YG;0;1;1;1.0;1.0;0.9996779667784954;0.9996779667784954;;1.0;1.0;;1.0;1.0;;1.0;1.0;;1.0;1.0";0.39943303626200816;0.39943303626200816;-0.39943303626200816;baseline_mean
