"Case ID;Actual;Prefix Length;Prediction;Prediction Probability;SHAP Subset Stability;SHAP Weight Stability;SHAP Adjusted Weight Stability;LIME Subset Stability;LIME Weight Stability;LIME Adjusted Weight Stability;ACV Subset Stability;ACV Weight Stability;ACV Adjusted Weight Stability;LINDA Subset Stability;LINDA Weight Stability;LINDA Adjusted Weight Stability";MAPE Correctness;RMSE Correctness;R2 Correctness;Mode
"CNA_8;1;8;1;1.0;1.0;0.9758870964649532;0.9758870964649532;;1.0;1.0;;1.0;1.0;;1.0;1.0";0.22783506850948343;0.22783506850948343;-0.2354938916871113;permutation
"EI_8;1;8;1;1.0;1.0;0.9948535370310644;0.9948535370310644;;1.0;1.0;;1.0;1.0;;1.0;1.0";0.42162818265131835;0.42220182643723847;-0.3904949155801191;permutation
"FKA_8;0;8;0;1.0;1.0;0.9708373109995708;0.9708373109995708;;1.0;1.0;1.0;1.0;1.0;;1.0;1.0";0.08447715527921608;0.08447715527921608;-0.08490628158438102;permutation
"GQ_8;0;8;1;0.9998832561686504;1.0;0.9919918751382174;0.9919918751382174;;1.0;1.0;;1.0;1.0;;1.0;1.0";0.5101089949040156;0.5217544453383969;-0.5216972170599643;permutation
"II_8;1;8;1;0.9999526898589278;1.0;0.9938208216402136;0.9938208216402136;;1.0;1.0;;1.0;1.0;;1.0;1.0";0.5187902273807562;0.5306401984161241;-0.5306401984161241;permutation
"IQ_8;1;8;1;0.999999999999062;1.0;0.9953615851441692;0.9953615851441692;;1.0;1.0;;1.0;1.0;;1.0;1.0";0.5109533701580099;0.5223313896366187;-0.35257368544623763;permutation
"JGA_8;0;8;0;1.0;1.0;0.9388075263816128;0.9388075263816128;;1.0;1.0;1.0;1.0;1.0;;1.0;1.0";0.08185125720655904;0.08185125720655904;-0.08227728914095822;permutation
"VIA_8;0;8;1;1.0;1.0;0.9885884376352992;0.9885884376352992;;1.0;1.0;;1.0;1.0;;1.0;1.0";0.3937784139681851;0.3937784139681851;-0.3760696966924035;permutation
