"Case ID;Actual;Prefix Length;Prediction;Prediction Probability;SHAP Subset Stability;SHAP Weight Stability;SHAP Adjusted Weight Stability;LIME Subset Stability;LIME Weight Stability;LIME Adjusted Weight Stability;ACV Subset Stability;ACV Weight Stability;ACV Adjusted Weight Stability;LINDA Subset Stability;LINDA Weight Stability;LINDA Adjusted Weight Stability";MAPE Correctness;RMSE Correctness;R2 Correctness;Mode
"EH_7;0;7;0;0.9958687041006486;1.0;0.9241633982629284;0.9241633982629284;1.0;0.991602078429188;0.991602078429188;1.0;1.0;1.0;;1.0;1.0";0.6140317423825719;0.6170999216240063;-0.6171342953248177;permutation
"IDA_7;0;7;1;0.9993731398917042;1.0;-0.2755095717347622;-0.2755095717347622;0.7123113806233243;0.9703869165673098;0.9703869165673098;;1.0;1.0;;1.0;1.0";0.5431858648818763;0.5425691987111319;-0.5425691987111319;permutation
"JKA_7;0;7;1;0.9683614761886308;1.0;0.9395103801523697;0.9395103801523697;1.0;0.9874529580653081;0.9874529580653081;;1.0;1.0;;1.0;1.0";0.55168794915304;0.5463838994330558;-0.546370520623337;permutation
"MD_7;1;7;1;0.9955003531686956;1.0;0.9054240335581936;0.9054240335581936;0.7123113806233243;0.9920744293178468;0.9920744293178468;;1.0;1.0;;1.0;1.0";0.559213612619628;0.5603823063427801;-0.5603540605549981;permutation
"SM_7;1;7;1;0.9999978406936102;1.0;0.7437084891671788;0.7437084891671788;1.0;0.986001842275144;0.986001842275144;;1.0;1.0;;1.0;1.0";0.4976147185219039;0.49385354773456536;-0.4938656417616211;permutation
"YG_7;0;7;1;0.999999972406528;1.0;0.6750681130906933;0.6750681130906933;1.0;0.981624342617074;0.981624342617074;;1.0;1.0;;1.0;1.0";0.5522624790048114;0.5480342902540797;-0.5480342902540797;permutation
"YIA_7;1;7;1;1.0;1.0;-19.07505316226616;-19.07505316226616;0.8323471400394472;0.98194270489344;0.98194270489344;;1.0;1.0;;1.0;1.0";0.32479211393811586;0.32479211393811586;-0.32673291399853865;permutation
"YT_7;1;7;1;0.9999999227080452;1.0;0.9407720601069096;0.9407720601069096;0.8323471400394472;0.9786515138589552;0.9786515138589552;;1.0;1.0;;1.0;1.0";0.5232505085410445;0.5249865036599594;-0.5249736443807408;permutation
