Case ID;Actual;Prefix Length;Prediction;Prediction Probability;SHAP Subset Stability;SHAP Weight Stability;SHAP Adjusted Weight Stability;LIME Subset Stability;LIME Weight Stability;LIME Adjusted Weight Stability;LIME Subset Stability.1;LIME Weight Stability.1;LIME Adjusted Weight Stability.1;ACV Subset Stability;ACV Weight Stability;ACV Adjusted Weight Stability;LINDA Subset Stability;LINDA Weight Stability;LINDA Adjusted Weight Stability;MAPE Correctness;RMSE Correctness;R2 Correctness;Mode
CNA;1;1;1;0.9999992988369016;1.0;0.9994645614855522;0.9994645614855522;;1.0;1.0;;1.0;1.0;;1.0;1.0;;1.0;1.0;0.6324676427909395;0.6325098583602269;-0.6325143155594939;permutation
GJA;1;1;1;1.0;1.0;0.9997212701616884;0.9997212701616884;;1.0;1.0;;1.0;1.0;;1.0;1.0;;1.0;1.0;0.43540436102841623;0.43540436102841623;-0.44462423366728887;permutation
GNA;0;1;1;1.0;1.0;0.9995485460015624;0.9995485460015624;;1.0;1.0;;1.0;1.0;;1.0;1.0;;1.0;1.0;0.45889121852202147;0.45893108570584396;-0.45694506416558495;permutation
HS;1;1;1;1.0;1.0;0.999331319640854;0.999331319640854;-0.243351063829788;0.9992927361760492;0.9992927361760492;-0.24169986719787584;0.99859449776717;0.99859449776717;;1.0;1.0;;1.0;1.0;0.44922553233366364;0.44926353627031085;-0.44913489415977087;permutation
MC;1;1;1;0.9999999999994884;1.0;0.999344178193182;0.999344178193182;;1.0;1.0;;1.0;1.0;;1.0;1.0;;1.0;1.0;0.5500906025479322;0.5483918546068999;-0.5214267190207892;permutation
NCA;0;1;0;0.9997909749742588;1.0;0.9976445297111218;0.9976445297111218;;1.0;1.0;;1.0;1.0;1.0;1.0;1.0;;1.0;1.0;0.6886198031746285;0.6902307508909844;-0.6902101491403898;permutation
QHA;0;1;1;1.0;1.0;0.9994627545349136;0.9994627545349136;;1.0;1.0;;1.0;1.0;;1.0;1.0;;1.0;1.0;0.4515475258623339;0.45158899599383173;-0.452227013844531;permutation
YG;0;1;1;1.0;1.0;0.9996779667784954;0.9996779667784954;;1.0;1.0;;1.0;1.0;;1.0;1.0;;1.0;1.0;0.43889900747860133;0.43889900747860133;-0.44677125854207755;permutation
