Case ID;Actual;Prefix Length;Prediction;Prediction Probability;SHAP Subset Stability;SHAP Weight Stability;SHAP Adjusted Weight Stability;LIME Subset Stability;LIME Weight Stability;LIME Adjusted Weight Stability;ACV Subset Stability;ACV Weight Stability;ACV Adjusted Weight Stability;LINDA Subset Stability;LINDA Weight Stability;LINDA Adjusted Weight Stability;MAPE Correctness;RMSE Correctness;R2 Correctness;Mode
GAA_11;0;11;1;0.9973203294735382;1.0;0.7845428428266881;0.7845428428266881;;1.0;1.0;;1.0;1.0;;1.0;1.0;0.5839050532338919;0.5814548787185696;-0.5814548787185696;permutation
HH_11;0;11;0;0.8096383893358641;0.8323519790644422;0.868877248727191;0.868877248727191;;1.0;1.0;1.0;1.0;1.0;;1.0;1.0;0.6540502673250465;0.6555738526062344;-0.6555738526062344;permutation
ILA_11;1;11;1;1.0;1.0;0.6554853295281204;0.6554853295281204;;1.0;1.0;;1.0;1.0;;1.0;1.0;0.23330427397021536;0.23330427397021536;-0.23242390518281403;permutation
LKA_11;1;11;0;0.9995906745895042;0.8323519790644422;0.9339821099399224;0.9339821099399224;;1.0;1.0;1.0;1.0;1.0;;1.0;1.0;0.6277405326385568;0.6376799201469598;-0.6377132998951489;permutation
PJ_11;0;11;0;1.0;1.0;0.8719721357007176;0.8719721357007176;;1.0;1.0;1.0;1.0;1.0;;1.0;1.0;0.4030171242194922;0.4030171242194922;-0.41101038672658025;permutation
XM_11;1;11;1;1.0;1.0;0.8326977748060208;0.8326977748060208;;1.0;1.0;;1.0;1.0;;1.0;1.0;0.20725610684946238;0.20725610684946238;-0.2061146766021337;permutation
YL_11;1;11;0;0.9782041127683726;0.784240808307606;0.8741612607664516;0.8741612607664516;;1.0;1.0;1.0;1.0;1.0;;1.0;1.0;0.6609205468210201;0.6677577610766995;-0.6677577610766995;permutation
ZKA_11;0;11;0;0.9999655674189633;0.784240808307606;0.8833992602199271;0.8833992602199271;;1.0;1.0;1.0;1.0;1.0;;1.0;1.0;0.6739299452174561;0.6757325945620443;-0.6757325945620443;permutation
