"Case ID;Actual;Prefix Length;Prediction;Prediction Probability;SHAP Subset Stability;SHAP Weight Stability;SHAP Adjusted Weight Stability;LIME Subset Stability;LIME Weight Stability;LIME Adjusted Weight Stability;ACV Subset Stability;ACV Weight Stability;ACV Adjusted Weight Stability;LINDA Subset Stability;LINDA Weight Stability;LINDA Adjusted Weight Stability";MAPE Correctness;RMSE Correctness;R2 Correctness;Mode
"CI_12;0;12;0;0.9997535765550788;1.0;0.9299021286067052;0.9299021286067052;1.0;0.8500079742708059;0.8500079742708059;1.0;1.0;1.0;;1.0;1.0";0.6022534487550097;0.621596422749499;-0.6216272325734575;permutation
"EEA_12;0;12;0;0.9931524464922148;0.8323978796382911;0.959469084534962;0.959469084534962;1.0;0.8711353803478041;0.8711353803478041;1.0;1.0;1.0;;1.0;1.0";0.5990070780197646;0.6159349593968252;-0.6159349593968252;permutation
"FY_12;1;12;1;0.9999999999076864;1.0;0.9644789805864542;0.9644789805864542;0.987360970677452;0.9574338372061798;0.9574338372061798;;1.0;1.0;;1.0;1.0";0.5968736833583606;0.5948375912234215;-0.34726557982347184;permutation
"GT_12;1;12;1;1.0;1.0;0.9513646259758344;0.9513646259758344;1.0;0.9367036582325559;0.9367036582325559;;1.0;1.0;;1.0;1.0";0.28187977901077726;0.28187977901077726;-0.28383399462480235;permutation
"KBA_12;0;12;1;1.0;1.0;0.9873859207718788;0.9873859207718788;1.0;0.92365715034023;0.92365715034023;;1.0;1.0;;1.0;1.0";0.2263051334553849;0.2263051334553849;-0.22746505532629951;permutation
"LC_12;1;12;1;0.9998013580770422;1.0;0.9569422308568754;0.9569422308568754;1.0;0.9639464462189486;0.9639464462189486;;1.0;1.0;;1.0;1.0";0.5636489938728647;0.5677054862530179;-0.5677054862530179;permutation
"NU_12;0;12;1;1.0;1.0;0.9803056352162016;0.9803056352162016;1.0;0.9396326643321538;0.9396326643321538;;1.0;1.0;;1.0;1.0";0.32297296528036384;0.32297296528036384;-0.32393581312966396;permutation
"XT_12;1;12;1;1.0;1.0;0.9828438989881864;0.9828438989881864;1.0;0.9643910129444716;0.9643910129444716;;1.0;1.0;;1.0;1.0";0.22593845267246307;0.22593845267246307;-0.22747530496268306;permutation
