Case ID;Actual;Prefix Length;Prediction;Prediction Probability;SHAP Subset Stability;SHAP Weight Stability;SHAP Adjusted Weight Stability;LIME Subset Stability;LIME Weight Stability;LIME Adjusted Weight Stability;ACV Subset Stability;ACV Weight Stability;ACV Adjusted Weight Stability;LINDA Subset Stability;LINDA Weight Stability;LINDA Adjusted Weight Stability;SHAP Precision;SHAP Recall;SHAP Correlation;LIME Precision;LIME Recall;LIME Correlation
DKA_13;1;13;1;1.0;1.0;0.9970018421995102;0.9970018421995102;0.9742805106159552;0.92483710605601;0.92483710605601;;1.0;1.0;;1.0;1.0;1.0;1.0;0.3120392513754509;0.0;0.0;0.43770070678776396
KM_13;1;13;1;1.0;1.0;0.9985579835219422;0.9985579835219422;0.8995999720504491;0.1497906803411065;0.1497906803411065;;1.0;1.0;;1.0;1.0;1.0;0.5;0.3104387937074638;0.3333333333333333;0.5;0.3255079495213504
MC_13;1;13;0;0.9966954293969386;1.0;0.9896211947030372;0.9896211947030372;0.974662981282126;0.9471610662216868;0.9471610662216868;1.0;1.0;1.0;;1.0;1.0;1.0;1.0;0.3452205734326811;0.0;0.0;0.41416408601450533
MW_13;0;13;0;0.9999999999979536;1.0;0.9957789151954036;0.9957789151954036;0.9381133671742808;0.934949835728638;0.934949835728638;1.0;1.0;1.0;;1.0;1.0;0.0;0.0;0.2669791029278272;0.0;0.0;0.39748806497541134
RGA_13;0;13;0;1.0;1.0;0.9936967993499692;0.9936967993499692;1.0;0.9427226031299089;0.9427226031299089;1.0;1.0;1.0;;1.0;1.0;0.0;0.0;0.200526200205116;0.0;0.0;0.4578076316537349
TS_13;0;13;0;1.0;1.0;0.9979751301569736;0.9979751301569736;0.8995999720504491;0.9433926353405626;0.9433926353405626;1.0;1.0;1.0;;1.0;1.0;0.0;0.0;0.2017701113395839;0.0;0.0;0.4014029610135812
WZ_13;0;13;0;1.0;1.0;0.9953822202438388;0.9953822202438388;0.9825902972144476;0.9446809945461044;0.9446809945461044;1.0;1.0;1.0;;1.0;1.0;0.0;0.0;0.2321882030250808;0.0;0.0;0.37531795243254157
ZEA_13;1;13;0;0.9546122358982478;1.0;0.9141694534399848;0.9141694534399848;0.9742805106159552;0.9592331185268388;0.9592331185268388;1.0;1.0;1.0;;1.0;1.0;1.0;1.0;0.3248115198629077;0.0;0.0;0.36714890455854815
