Case ID;Actual;Prefix Length;Prediction;Prediction Probability;SHAP Subset Stability;SHAP Weight Stability;SHAP Adjusted Weight Stability;LIME Subset Stability;LIME Weight Stability;LIME Adjusted Weight Stability;ACV Subset Stability;ACV Weight Stability;ACV Adjusted Weight Stability;LINDA Subset Stability;LINDA Weight Stability;LINDA Adjusted Weight Stability;SHAP Precision;SHAP Recall;SHAP Correlation;LIME Precision;LIME Recall;LIME Correlation;LINDA Precision;LINDA Recall;LINDA Correlation
C_5;0;5;1;0.9999326533213452;1.0;0.9643766374552376;0.9643766374552376;1.0;0.9766369582286408;0.9766369582286408;;1.0;1.0;;1.0;1.0;0.0;0.0;0.1866464676718342;0.0;0.0;0.5846146659363172;0.0051813471502590676;1.0;0.0
DAA_5;0;5;1;0.9999999999097896;1.0;0.9470985905882994;0.9470985905882994;1.0;0.9089488396986308;0.9089488396986308;;1.0;1.0;;1.0;1.0;0.0;0.0;0.2613548203934459;0.0;0.0;0.4949120692353832;0.0051813471502590676;1.0;0.0
HS_5;1;5;1;0.8963788181595467;1.0;0.9056286977764728;0.9056286977764728;1.0;0.9743721624194356;0.9743721624194356;;1.0;1.0;;1.0;1.0;1.0;0.5;0.23105697097391945;0.0;0.0;0.5119767142578251;0.010362694300518135;1.0;0.0
KFA_5;1;5;1;1.0;1.0;0.935940101350365;0.935940101350365;1.0;0.9409174613791011;0.9409174613791011;;1.0;1.0;;1.0;1.0;1.0;1.0;0.27479483776892905;0.0;0.0;0.5470601899017323;0.0051813471502590676;1.0;0.0
NIA_5;1;5;1;0.9999998665129316;1.0;0.773738579023159;0.773738579023159;1.0;0.954488943254012;0.954488943254012;;1.0;1.0;;1.0;1.0;0.0;0.0;0.2416085161170848;0.0;0.0;0.5380387850607183;0.0051813471502590676;1.0;0.0
PMA_5;0;5;1;0.9998041988289406;1.0;0.939988598135895;0.939988598135895;1.0;0.9631322368614924;0.9631322368614924;;1.0;1.0;;1.0;1.0;0.0;0.0;0.18691931984234966;0.0;0.0;0.5184442930989079;0.0051813471502590676;1.0;0.0
RC_5;1;5;1;0.9999993318779404;1.0;0.9507736804128916;0.9507736804128916;1.0;0.9544169444210804;0.9544169444210804;;1.0;1.0;;1.0;1.0;0.0;0.0;0.22317337308974106;0.0;0.0;0.5383989980213555;0.0051813471502590676;1.0;0.0
XO_5;0;5;1;0.9900499858655968;1.0;0.8820399725070442;0.8820399725070442;1.0;0.9556842000595408;0.9556842000595408;;1.0;1.0;;1.0;1.0;0.5;1.0;0.17969218836469272;0.0;0.0;0.5235861978392837;0.0051813471502590676;1.0;0.0
