Case ID;Actual;Prefix Length;Prediction;Prediction Probability;SHAP Subset Stability;SHAP Weight Stability;SHAP Adjusted Weight Stability;LIME Subset Stability;LIME Weight Stability;LIME Adjusted Weight Stability;ACV Subset Stability;ACV Weight Stability;ACV Adjusted Weight Stability;LINDA Subset Stability;LINDA Weight Stability;LINDA Adjusted Weight Stability;SHAP Precision;SHAP Recall;SHAP Correlation;LIME Precision;LIME Recall;LIME Correlation
CNA_8;1;8;1;1.0;1.0;0.9758870964649532;0.9758870964649532;;1.0;1.0;;1.0;1.0;;1.0;1.0;1.0;1.0;0.4991863897196104;0.2;1.0;0.44681683212198453
EI_8;1;8;1;1.0;1.0;0.9948535370310644;0.9948535370310644;;1.0;1.0;;1.0;1.0;;1.0;1.0;1.0;1.0;0.323376898533876;0.0;0.0;0.6104557879694479
FKA_8;0;8;0;1.0;1.0;0.9708373109995708;0.9708373109995708;;1.0;1.0;1.0;1.0;1.0;;1.0;1.0;1.0;1.0;0.3408001761126569;0.0;0.0;0.48333202384673785
GQ_8;0;8;1;0.9998832561686504;1.0;0.9919918751382174;0.9919918751382174;;1.0;1.0;;1.0;1.0;;1.0;1.0;0.0;0.0;0.3007819635266021;0.0;0.0;0.5695459172416351
II_8;1;8;1;0.9999526898589278;1.0;0.9938208216402136;0.9938208216402136;;1.0;1.0;;1.0;1.0;;1.0;1.0;0.0;0.0;0.2763146118434346;0.0;0.0;0.6088094194817099
IQ_8;1;8;1;0.999999999999062;1.0;0.9953615851441692;0.9953615851441692;;1.0;1.0;;1.0;1.0;;1.0;1.0;1.0;1.0;0.3293243213477807;0.0;0.0;0.5627918744251085
JGA_8;0;8;0;1.0;1.0;0.9388075263816128;0.9388075263816128;;1.0;1.0;1.0;1.0;1.0;;1.0;1.0;1.0;1.0;0.3374047464145157;0.0;0.0;0.4956337415995095
VIA_8;0;8;1;1.0;1.0;0.9885884376352992;0.9885884376352992;;1.0;1.0;;1.0;1.0;;1.0;1.0;1.0;1.0;0.3448149785787343;0.0;0.0;0.4744956638450866
