Case ID;Actual;Prefix Length;Prediction;Prediction Probability;SHAP Subset Stability;SHAP Weight Stability;SHAP Adjusted Weight Stability;LIME Subset Stability;LIME Weight Stability;LIME Adjusted Weight Stability;ACV Subset Stability;ACV Weight Stability;ACV Adjusted Weight Stability;LINDA Subset Stability;LINDA Weight Stability;LINDA Adjusted Weight Stability;SHAP Precision;SHAP Recall;SHAP Correlation;LIME Precision;LIME Recall;LIME Correlation;LINDA Precision;LINDA Recall;LINDA Correlation
EH_7;0;7;0;0.9958687041006486;1.0;0.9241633982629284;0.9241633982629284;1.0;0.991602078429188;0.991602078429188;1.0;1.0;1.0;;1.0;1.0;1.0;1.0;0.2496921200888381;0.0;0.0;0.5243330608932538;0.004901960784313725;1.0;0.0
IDA_7;0;7;1;0.9993731398917042;1.0;-0.2755095717347622;-0.2755095717347622;0.7123113806233243;0.9703869165673098;0.9703869165673098;;1.0;1.0;;1.0;1.0;0.0;0.0;0.28978467053918344;0.0;0.0;0.5580242868058848;0.004901960784313725;1.0;0.0
JKA_7;0;7;1;0.9683614761886308;1.0;0.9395103801523697;0.9395103801523697;1.0;0.987452958065308;0.987452958065308;;1.0;1.0;;1.0;1.0;0.0;0.0;0.2473987129442361;0.0;0.0;0.545858626840037;0.004901960784313725;1.0;0.0
MD_7;1;7;1;0.9955003531686956;1.0;0.9054240335581936;0.9054240335581936;0.7123113806233243;0.9920744293178468;0.9920744293178468;;1.0;1.0;;1.0;1.0;1.0;1.0;0.30308232598551;0.0;0.0;0.5466261451045494;0.004901960784313725;1.0;0.0
SM_7;1;7;1;0.9999978406936102;1.0;0.7437084891671788;0.7437084891671788;1.0;0.986001842275144;0.986001842275144;;1.0;1.0;;1.0;1.0;1.0;1.0;0.2853845078893891;0.0;0.0;0.501114228784239;0.004901960784313725;1.0;0.0
YG_7;0;7;1;0.999999972406528;1.0;0.6750681130906933;0.6750681130906933;1.0;0.9816243426170741;0.9816243426170741;;1.0;1.0;;1.0;1.0;1.0;1.0;0.3526128234657753;0.0;0.0;0.5201411261406439;0.004901960784313725;1.0;0.0
YIA_7;1;7;1;1.0;1.0;-19.07505316226616;-19.07505316226616;0.8323471400394472;0.98194270489344;0.98194270489344;;1.0;1.0;;1.0;1.0;1.0;1.0;0.2412810069940157;0.0;0.0;0.5139678724598438;0.004901960784313725;1.0;0.0
YT_7;1;7;1;0.9999999227080452;1.0;0.9407720601069096;0.9407720601069096;0.8323471400394472;0.9786515138589552;0.9786515138589552;;1.0;1.0;;1.0;1.0;1.0;0.5;0.3327254185105335;0.0;0.0;0.5230710201177168;0.00980392156862745;1.0;0.0
