Case ID;Actual;Prefix Length;Prediction;Prediction Probability;SHAP Subset Stability;SHAP Weight Stability;SHAP Adjusted Weight Stability;LIME Subset Stability;LIME Weight Stability;LIME Adjusted Weight Stability;LIME Subset Stability.1;LIME Weight Stability.1;LIME Adjusted Weight Stability.1;ACV Subset Stability;ACV Weight Stability;ACV Adjusted Weight Stability;LINDA Subset Stability;LINDA Weight Stability;LINDA Adjusted Weight Stability;SHAP Precision;SHAP Recall;SHAP Correlation;LIME Precision;LIME Recall;LIME Correlation
CNA;1;1;1;0.9999992988369016;1.0;0.9994645614855522;0.9994645614855522;;1.0;1.0;;1.0;1.0;;1.0;1.0;;1.0;1.0;1.0;0.25;0.3321711428781948;0.25;0.5;0.5689738251031822
GJA;1;1;1;1.0;1.0;0.9997212701616884;0.9997212701616884;;1.0;1.0;;1.0;1.0;;1.0;1.0;;1.0;1.0;1.0;0.25;0.3550695684236427;0.2857142857142857;0.5;0.5910015753716253
GNA;0;1;1;1.0;1.0;0.9995485460015624;0.9995485460015624;;1.0;1.0;;1.0;1.0;;1.0;1.0;;1.0;1.0;1.0;0.25;0.3425939316306055;0.2857142857142857;0.5;0.5741682782835297
HS;1;1;1;1.0;1.0;0.999331319640854;0.999331319640854;-0.243351063829788;0.9992927361760492;0.9992927361760492;-0.24169986719787584;0.99859449776717;0.99859449776717;;1.0;1.0;;1.0;1.0;1.0;1.0;0.43757027176203;0.0;0.0;0.5684692685353557
MC;1;1;1;0.9999999999994884;1.0;0.999344178193182;0.999344178193182;;1.0;1.0;;1.0;1.0;;1.0;1.0;;1.0;1.0;1.0;0.25;0.38400577691617205;0.25;0.5;0.5988117305809924
NCA;0;1;0;0.9997909749742588;1.0;0.9976445297111218;0.9976445297111218;;1.0;1.0;;1.0;1.0;1.0;1.0;1.0;;1.0;1.0;1.0;1.0;0.3830091137377344;0.0;0.0;0.5986360281320424
QHA;0;1;1;1.0;1.0;0.9994627545349136;0.9994627545349136;;1.0;1.0;;1.0;1.0;;1.0;1.0;;1.0;1.0;1.0;0.25;0.3638118720845494;0.2857142857142857;0.5;0.6087588020613809
YG;0;1;1;1.0;1.0;0.9996779667784954;0.9996779667784954;;1.0;1.0;;1.0;1.0;;1.0;1.0;;1.0;1.0;1.0;0.25;0.31173550409660944;0.2857142857142857;0.5;0.5573769063749645
