Case ID;Actual;Prefix Length;Prediction;Prediction Probability;SHAP Subset Stability;SHAP Weight Stability;SHAP Adjusted Weight Stability;LIME Subset Stability;LIME Weight Stability;LIME Adjusted Weight Stability;LIME Subset Stability.1;LIME Weight Stability.1;LIME Adjusted Weight Stability.1;ACV Subset Stability;ACV Weight Stability;ACV Adjusted Weight Stability;LINDA Subset Stability;LINDA Weight Stability;LINDA Adjusted Weight Stability;SHAP Precision;SHAP Recall;SHAP Correlation
CNA;1;1;1;0.9999992988369016;1.0;0.9994645614855522;0.9994645614855522;;1.0;1.0;;1.0;1.0;;1.0;1.0;;1.0;1.0;1.0;0.25;0.3321711428781948
GJA;1;1;1;1.0;1.0;0.9997212701616884;0.9997212701616884;;1.0;1.0;;1.0;1.0;;1.0;1.0;;1.0;1.0;1.0;0.25;0.3550695684236427
GNA;0;1;1;1.0;1.0;0.9995485460015624;0.9995485460015624;;1.0;1.0;;1.0;1.0;;1.0;1.0;;1.0;1.0;1.0;0.25;0.3425939316306055
HS;1;1;1;1.0;1.0;0.999331319640854;0.999331319640854;-0.243351063829788;0.9992927361760492;0.9992927361760492;-0.24169986719787584;0.99859449776717;0.99859449776717;;1.0;1.0;;1.0;1.0;1.0;1.0;0.43757027176202995
MC;1;1;1;0.9999999999994884;1.0;0.999344178193182;0.999344178193182;;1.0;1.0;;1.0;1.0;;1.0;1.0;;1.0;1.0;1.0;0.25;0.384005776916172
NCA;0;1;0;0.9997909749742588;1.0;0.9976445297111218;0.9976445297111218;;1.0;1.0;;1.0;1.0;1.0;1.0;1.0;;1.0;1.0;1.0;1.0;0.38300911373773444
QHA;0;1;1;1.0;1.0;0.9994627545349136;0.9994627545349136;;1.0;1.0;;1.0;1.0;;1.0;1.0;;1.0;1.0;1.0;0.25;0.3638118720845494
YG;0;1;1;1.0;1.0;0.9996779667784954;0.9996779667784954;;1.0;1.0;;1.0;1.0;;1.0;1.0;;1.0;1.0;1.0;0.25;0.31173550409660944
