Case ID;Actual;Prefix Length;Prediction;Prediction Probability;SHAP Subset Stability;SHAP Weight Stability;SHAP Adjusted Weight Stability;LIME Subset Stability;LIME Weight Stability;LIME Adjusted Weight Stability;ACV Subset Stability;ACV Weight Stability;ACV Adjusted Weight Stability;LINDA Subset Stability;LINDA Weight Stability;LINDA Adjusted Weight Stability;SHAP Precision;SHAP Recall;SHAP Correlation;LIME Precision;LIME Recall;LIME Correlation;LINDA Precision;LINDA Recall;LINDA Correlation
CI_12;0;12;0;0.9997535765550788;1.0;0.9299021286067052;0.9299021286067052;1.0;0.8500079742708059;0.8500079742708059;1.0;1.0;1.0;;1.0;1.0;1.0;1.0;0.2939724536011132;0.0;0.0;0.555213417286885;0.004651162790697674;1.0;0.0
EEA_12;0;12;0;0.9931524464922148;0.8323978796382911;0.959469084534962;0.959469084534962;1.0;0.8711353803478041;0.8711353803478041;1.0;1.0;1.0;;1.0;1.0;1.0;1.0;0.2465328532108583;0.0;0.0;0.5480594122069098;0.004651162790697674;1.0;0.0
FY_12;1;12;1;0.9999999999076864;1.0;0.9644789805864542;0.9644789805864542;0.9873609706774521;0.9574338372061798;0.9574338372061798;;1.0;1.0;;1.0;1.0;1.0;0.5;0.4089518223903409;0.0;0.0;0.5506024532794142;0.009302325581395349;1.0;0.0
GT_12;1;12;1;1.0;1.0;0.9513646259758344;0.9513646259758344;1.0;0.9367036582325559;0.9367036582325559;;1.0;1.0;;1.0;1.0;1.0;1.0;0.370088502069367;0.2;1.0;0.4557322097858509;0.004651162790697674;1.0;0.0
KBA_12;0;12;1;1.0;1.0;0.9873859207718788;0.9873859207718788;1.0;0.92365715034023;0.92365715034023;;1.0;1.0;;1.0;1.0;1.0;1.0;0.2313694496993656;0.2;1.0;0.5620560633559988;0.004651162790697674;1.0;0.0
LC_12;1;12;1;0.9998013580770422;1.0;0.9569422308568754;0.9569422308568754;1.0;0.9639464462189486;0.9639464462189486;;1.0;1.0;;1.0;1.0;1.0;1.0;0.3567866224723982;0.0;0.0;0.5081019824948007;0.004651162790697674;1.0;0.0
NU_12;0;12;1;1.0;1.0;0.9803056352162016;0.9803056352162016;1.0;0.9396326643321538;0.9396326643321538;;1.0;1.0;;1.0;1.0;1.0;1.0;0.2179049855723968;0.25;1.0;0.5479780995762881;0.004651162790697674;1.0;0.0
XT_12;1;12;1;1.0;1.0;0.9828438989881864;0.9828438989881864;1.0;0.9643910129444716;0.9643910129444716;;1.0;1.0;;1.0;1.0;1.0;1.0;0.2611195500635975;0.5;1.0;0.5541123719397864;0.004651162790697674;1.0;0.0
