Case ID;Actual;Prefix Length;Prediction;Prediction Probability;SHAP Subset Stability;SHAP Weight Stability;SHAP Adjusted Weight Stability;LIME Subset Stability;LIME Weight Stability;LIME Adjusted Weight Stability;ACV Subset Stability;ACV Weight Stability;ACV Adjusted Weight Stability;LINDA Subset Stability;LINDA Weight Stability;LINDA Adjusted Weight Stability;SHAP Precision;SHAP Recall;SHAP Correlation;LIME Precision;LIME Recall;LIME Correlation;LINDA Precision;LINDA Recall;LINDA Correlation
AAA_6;1;6;1;1.0;1.0;0.9967445253042908;0.9967445253042908;0.16301134355217095;0.9497890826583542;0.9497890826583542;;1.0;1.0;;1.0;1.0;0.0;0.0;0.1412739158979961;0.2;0.6666666666666666;0.4961229143316952;0.014925373134328358;1.0;0.0
FE_6;1;6;1;1.0;1.0;0.9972703648693824;0.9972703648693824;0.343288745387454;0.9476239306811048;0.9476239306811048;;1.0;1.0;;1.0;1.0;0.0;0.0;0.1569704750558905;0.2;0.6666666666666666;0.4710480386055381;0.014925373134328358;1.0;0.0
IE_6;0;6;1;1.0;1.0;0.9974485292371332;0.9974485292371332;1.0;0.8948902450078383;0.8948902450078383;;1.0;1.0;;1.0;1.0;1.0;1.0;0.20787139136215346;0.0;0.0;0.4754879315252304;0.004975124378109453;1.0;0.0
RG_6;0;6;0;1.0;1.0;0.9976642194004977;0.9976642194004977;1.0;0.8905420775358235;0.8905420775358235;1.0;1.0;1.0;;1.0;1.0;1.0;1.0;0.2040538281699781;0.0;0.0;0.4766835483386614;0.004975124378109453;1.0;0.0
RR_6;1;6;1;1.0;1.0;0.9834803978919922;0.9834803978919922;1.0;0.9688565086429648;0.9688565086429648;;1.0;1.0;;1.0;1.0;1.0;1.0;0.26721522659695685;0.0;0.0;0.4972379453961221;0.004975124378109453;1.0;0.0
YL_6;1;6;1;1.0;1.0;0.9965526602973508;0.9965526602973508;0.313354037267081;0.8233264889777262;0.8233264889777262;;1.0;1.0;;1.0;1.0;0.0;0.0;0.19135820176079896;0.2;0.6666666666666666;0.470309218223537;0.014925373134328358;1.0;0.0
ZDA_6;0;6;1;1.0;1.0;0.9963545794970022;0.9963545794970022;0.15001089629837205;0.9497758757346868;0.9497758757346868;;1.0;1.0;;1.0;1.0;0.0;0.0;0.16575460660363164;0.25;1.0;0.5076901066432199;0.014925373134328358;1.0;0.0
ZH_6;0;6;1;1.0;1.0;0.9963881294866416;0.9963881294866416;1.0;0.9132933183047344;0.9132933183047344;;1.0;1.0;;1.0;1.0;0.0;0.0;0.2264208286074221;0.0;0.0;0.5115938854724222;0.004975124378109453;1.0;0.0
