Case ID;Actual;Prefix Length;Prediction;Prediction Probability;SHAP Subset Stability;SHAP Weight Stability;SHAP Adjusted Weight Stability;LIME Subset Stability;LIME Weight Stability;LIME Adjusted Weight Stability;ACV Subset Stability;ACV Weight Stability;ACV Adjusted Weight Stability;LINDA Subset Stability;LINDA Weight Stability;LINDA Adjusted Weight Stability;SHAP Precision;SHAP Recall;SHAP Correlation;LIME Precision;LIME Recall;LIME Correlation;LINDA Precision;LINDA Recall;LINDA Correlation
DO_10;1;10;1;0.9999693191665701;1.0;0.9765604969771629;0.9765604969771629;0.07979427333974587;1.0;1.0;;1.0;1.0;;1.0;1.0;1.0;1.0;0.4483323524288864;0.0;0.0;0.4980573137737445;0.004739336492890996;1.0;0.0
EBA_10;0;10;1;0.9959942867580774;1.0;0.9792978549887384;0.9792978549887384;0.07970777450659472;1.0;1.0;;1.0;1.0;;1.0;1.0;0.0;0.0;0.3375836217130353;0.25;1.0;0.5141389479039167;0.004739336492890996;1.0;0.0
HGA_10;0;10;1;0.9999999582954908;1.0;0.9753507114644192;0.9753507114644192;-0.2302686198684749;1.0;1.0;;1.0;1.0;;1.0;1.0;1.0;1.0;0.3955396266102089;0.0;0.0;0.5340895851369822;0.004739336492890996;1.0;0.0
KS_10;0;10;1;0.9949104220791696;1.0;0.9863939334551866;0.9863939334551866;-0.20095801634263188;1.0;1.0;;1.0;1.0;;1.0;1.0;0.0;0.0;0.35241382911332303;0.2;1.0;0.5501827804530576;0.004739336492890996;1.0;0.0
NIA_10;1;10;1;0.999774926146356;1.0;0.9827717089361928;0.9827717089361928;-0.2312814325342234;1.0;1.0;;1.0;1.0;;1.0;1.0;1.0;1.0;0.3610804114468963;0.0;0.0;0.5385126709733236;0.004739336492890996;1.0;0.0
UI_10;0;10;1;1.0;1.0;0.9890873433062772;0.9890873433062772;-0.1981502445537804;1.0;1.0;;1.0;1.0;;1.0;1.0;1.0;1.0;0.22271186594993567;0.2;1.0;0.5274344254742469;0.004739336492890996;1.0;0.0
YIA_10;1;10;1;1.0;1.0;0.9871166405756364;0.9871166405756364;-0.21543778801843327;1.0;1.0;;1.0;1.0;;1.0;1.0;1.0;1.0;0.266544849577084;0.0;0.0;0.4726908810050712;0.004739336492890996;1.0;0.0
YT_10;1;10;1;0.9999999097717348;1.0;0.9802765119846608;0.9802765119846608;0.14186602870813306;1.0;1.0;;1.0;1.0;;1.0;1.0;1.0;1.0;0.3850695079559005;0.0;0.0;0.5218116636395803;0.004739336492890996;1.0;0.0
