Case ID;Actual;Prefix Length;Prediction;Prediction Probability;SHAP Subset Stability;SHAP Weight Stability;SHAP Adjusted Weight Stability;LIME Subset Stability;LIME Weight Stability;LIME Adjusted Weight Stability;ACV Subset Stability;ACV Weight Stability;ACV Adjusted Weight Stability;LINDA Subset Stability;LINDA Weight Stability;LINDA Adjusted Weight Stability;SHAP Precision;SHAP Recall;SHAP Correlation;LIME Precision;LIME Recall;LIME Correlation
GAA_11;0;11;1;0.9973203294735382;1.0;0.7845428428266881;0.7845428428266881;;1.0;1.0;;1.0;1.0;;1.0;1.0;1.0;1.0;0.3764224495186349;0.0;0.0;0.4592034824600284
HH_11;0;11;0;0.8096383893358641;0.8323519790644422;0.868877248727191;0.868877248727191;;1.0;1.0;1.0;1.0;1.0;;1.0;1.0;0.0;0.0;0.2350771371987075;0.25;1.0;0.4520866052512576
ILA_11;1;11;1;1.0;1.0;0.6554853295281204;0.6554853295281204;;1.0;1.0;;1.0;1.0;;1.0;1.0;1.0;1.0;0.2454313872289869;0.25;1.0;0.49929200176931315
LKA_11;1;11;0;0.9995906745895042;0.8323519790644422;0.9339821099399224;0.9339821099399224;;1.0;1.0;1.0;1.0;1.0;;1.0;1.0;0.0;0.0;0.20256173664595026;0.25;1.0;0.44009559197169534
PJ_11;0;11;0;1.0;1.0;0.8719721357007176;0.8719721357007176;;1.0;1.0;1.0;1.0;1.0;;1.0;1.0;1.0;1.0;0.1917009207633771;0.0;0.0;0.46864442758700975
XM_11;1;11;1;1.0;1.0;0.8326977748060208;0.8326977748060208;;1.0;1.0;;1.0;1.0;;1.0;1.0;0.3333333333333333;1.0;0.4031035709923739;0.0;0.0;0.4881408035634281
YL_11;1;11;0;0.9782041127683726;0.784240808307606;0.8741612607664516;0.8741612607664516;;1.0;1.0;1.0;1.0;1.0;;1.0;1.0;0.0;0.0;0.2723323482008053;0.25;1.0;0.4363810890781684
ZKA_11;0;11;0;0.9999655674189633;0.784240808307606;0.8833992602199271;0.8833992602199271;;1.0;1.0;1.0;1.0;1.0;;1.0;1.0;1.0;1.0;0.25487126099708984;0.0;0.0;0.41564368242898303
