Case ID;Actual;Prefix Length;Prediction;Prediction Probability;SHAP Subset Stability;SHAP Weight Stability;SHAP Adjusted Weight Stability;LIME Subset Stability;LIME Weight Stability;LIME Adjusted Weight Stability;ACV Subset Stability;ACV Weight Stability;ACV Adjusted Weight Stability;LINDA Subset Stability;LINDA Weight Stability;LINDA Adjusted Weight Stability;SHAP Precision;SHAP Recall;SHAP Correlation;LIME Precision;LIME Recall;LIME Correlation
ADA_9;1;9;0;0.999999999997044;1.0;0.9563934425895758;0.9563934425895758;1.0;0.9480328729216742;0.9480328729216742;1.0;1.0;1.0;;1.0;1.0;1.0;1.0;0.28423412168319256;0.0;0.0;0.6176331859789053
BJA_9;0;9;1;0.9999994256017376;1.0;0.9288900139167602;0.9288900139167602;1.0;0.63026218870404;0.63026218870404;;1.0;1.0;;1.0;1.0;1.0;1.0;0.3131918017076205;0.0;0.0;0.5990181664456343
CNA_9;1;9;1;1.0;1.0;0.9341354325466062;0.9341354325466062;1.0;0.9619992397554356;0.9619992397554356;;1.0;1.0;;1.0;1.0;1.0;1.0;0.3745985213537806;0.25;1.0;0.6063358253503734
GJA_9;1;9;1;1.0;1.0;0.9814979913026955;0.9814979913026955;0.1551935325820678;0.8636804794216205;0.8636804794216205;;1.0;1.0;;1.0;1.0;1.0;0.5;0.3395758167031225;0.0;0.0;0.62048576939155
HHA_9;0;9;1;0.9999857440756532;1.0;0.9812254396983616;0.9812254396983616;0.1318263892890763;0.89755254434855;0.89755254434855;;1.0;1.0;;1.0;1.0;0.0;0.0;0.2618014601930585;1.0;0.3333333333333333;0.6232121462570583
ILA_9;1;9;1;1.0;1.0;0.914636494549804;0.914636494549804;0.9772717386576188;0.7515959451352175;0.7515959451352175;;1.0;1.0;;1.0;1.0;0.0;0.0;0.3263321465117945;0.0;0.0;0.6333669875515509
WE_9;0;9;0;1.0;1.0;-0.6800315928820604;-0.6800315928820604;1.0;0.96912924752185;0.96912924752185;1.0;1.0;1.0;;1.0;1.0;0.0;0.0;0.2615510841662456;1.0;0.3333333333333333;0.6018711963098035
XKA_9;0;9;1;0.9999999999927808;1.0;0.7454602865228538;0.7454602865228538;0.12893304717740414;0.9371182280999784;0.9371182280999784;;1.0;1.0;;1.0;1.0;0.3333333333333333;0.1111111111111111;0.2757156089948495;1.0;0.2222222222222222;0.644396622257722
