"Case ID;Actual;Prefix Length;Prediction;Prediction Probability;SHAP Subset Stability;SHAP Weight Stability;SHAP Adjusted Weight Stability;SHAP Subset Stability.1;SHAP Weight Stability.1;SHAP Adjusted Weight Stability.1;SHAP Precision;SHAP Recall;SHAP Correlation";MAPE Correctness;RMSE Correctness;R2 Correctness;Mode
"ANSD_8;1;8;1;1.0;0.5828950444132773;0.6432492069057697;0.6432492069057697;0.39947414548641547;0.6141549069973941;0.6141549069973941;0.0;0.0;0.013153212777427719";;;;baseline_min
"FVPD_8;0;8;0;1.0;1.0;0.7203300477139267;0.7203300477139267;0.39947414548641547;0.7903992498864596;0.7903992498864596;1.0;1.0;0.027742211595729996";0.042657786463321794;0.042657786463321794;-0.042657786463321794;baseline_min
"HISD_8;1;8;1;1.0;0.4994740532959325;0.17512487560765955;0.17512487560765955;0.39947414548641547;0.6522923896767883;0.6522923896767883;0.0;0.0;4.736778236071849e-05";;;;baseline_min
"NYXD_8;0;8;0;1.0;0.12377236057523675;-22.45024939067393;-22.45024939067393;0.2766376269270497;-19.94496678674682;-19.94496678674682;0.0;0.0;0.017143855235471225";;;;baseline_min
"TXYD_8;0;8;0;1.0;0.599649430324277;0.4625132928876311;0.4625132928876311;0.8331580177653108;0.7173257133987516;0.7173257133987516;1.0;1.0;0.007015459334589722";0.042651324950299864;0.042651324950299864;-0.042651324950299864;baseline_min
"YJZD_8;1;8;0;1.0;0.8331580177653108;0.6878703343535184;0.6878703343535184;1.0;0.833792626949116;0.833792626949116;1.0;1.0;-0.052159313444554";0.042657786463321794;0.042657786463321794;-0.042657786463321794;baseline_min
"YROD_8;0;8;1;1.0;0.5828950444132773;0.2339947934186203;0.2339947934186203;0.4994740532959326;0.5388414169164902;0.5388414169164902;0.0;0.0;0.00901186940752506";;;;baseline_min
"ZDMD_8;1;8;1;1.0;0.599649430324277;0.6446767955568278;0.6446767955568278;1.0;0.8473907036014059;0.8473907036014059;0.0;0.0;0.0002625222262429475";;;;baseline_min
