"Case ID;Actual;Prefix Length;Prediction;Prediction Probability;SHAP Subset Stability;SHAP Weight Stability;SHAP Adjusted Weight Stability;SHAP Subset Stability.1;SHAP Weight Stability.1;SHAP Adjusted Weight Stability.1;SHAP Precision;SHAP Recall;SHAP Correlation";MAPE Correctness;RMSE Correctness;R2 Correctness;Mode
"AYLD_9;1;9;0;1.0;1.0;0.9395131911172048;0.9395131911172048;1.0;0.695115427237962;0.695115427237962;1.0;1.0;0.08763805175586369";0.04345917851134015;0.04345917851134015;-0.04345917851134015;baseline_min
"IFQD_9;0;9;0;1.0;0.8331447963800904;0.5846435102665346;0.5846435102665346;1.0;0.7905253183466505;0.7905253183466505;1.0;1.0;0.06899118708970266";0.04345941059998256;0.04345941059998256;-0.04345941059998256;baseline_min
"IQKD_9;0;9;0;1.0;0.8331447963800904;0.5925362263755372;0.5925362263755372;0.3994344957587181;0.09568779273720496;0.09568779273720496;1.0;1.0;0.0908714602906868";0.04345937191828394;0.04345937191828394;-0.04345937191828394;baseline_min
"IRND_9;1;9;0;1.0;1.0;0.8331431308472501;0.8331431308472501;0.5996229971724787;0.11094861130698984;0.11094861130698984;0.5;1.0;0.09741964608447659";;;;baseline_min
"JXCE_9;1;9;0;1.0;0.5996229971724787;0.15578439845087722;0.15578439845087722;0.5996229971724787;0.31931413436726586;0.31931413436726586;1.0;1.0;0.05182839408134794";0.04345937191828394;0.04345937191828394;-0.04345937191828394;baseline_min
"MRVD_9;1;9;0;1.0;0.5996229971724787;0.6419883427369193;0.6419883427369193;1.0;0.7638520040177827;0.7638520040177827;1.0;1.0;0.07667040891934289";0.04345910114928564;0.04345910114928564;-0.04345910114928564;baseline_min
"TJZD_9;0;9;0;1.0;0.8331447963800904;0.5832436209690542;0.5832436209690542;1.0;0.8886310272351416;0.8886310272351416;1.0;1.0;0.07060255911960553";;;;baseline_min
"YKMD_9;0;9;0;1.0;0.5996229971724787;0.560394195965165;0.560394195965165;0.5996229971724787;-0.1351824682772096;-0.1351824682772096;1.0;0.5;0.09725928172540205";;;;baseline_min
