Case ID;Actual;Prefix Length;Prediction;Prediction Probability;SHAP Subset Stability;SHAP Weight Stability;SHAP Adjusted Weight Stability;SHAP Subset Stability.1;SHAP Weight Stability.1;SHAP Adjusted Weight Stability.1;SHAP Precision;SHAP Recall;SHAP Correlation;MAPE Correctness;RMSE Correctness;R2 Correctness;Mode
ALFE_6;1;6;1;0.9999999999615738;0.4996482588814632;-2.162062360453449;-2.162062360453449;0.5997655334114889;-2.6228554959284973;-2.6228554959284973;1.0;1.0;0.3419350524721958;0.49938320595597757;0.49938320595597757;-0.48995809850297856;baseline_mean
GKAE_6;0;6;0;0.9999988335141534;0.4996482588814632;-2.0006145555197365;-2.0006145555197365;0.7855383945322969;-1.714663731317886;-1.714663731317886;1.0;1.0;0.3419871742904476;0.8386232973737513;0.8386232973737513;-0.39673015640540366;baseline_mean
HISD_6;1;6;1;1.0;0.8332160862938209;-2.9250887923867612;-2.9250887923867612;0.5997655334114889;-3.5994987865021786;-3.5994987865021786;1.0;0.5;0.3398417967033919;;;;baseline_mean
LAND_6;0;6;0;1.0;0.8332160862938209;-2.4558260125870595;-2.4558260125870595;0.8332160862938209;-0.8401775673573828;-0.8401775673573828;1.0;1.0;0.33287215902727335;0.03428324252325884;0.03428324252325884;-0.03428324252325884;baseline_mean
MVAE_6;0;6;0;0.9999999999765804;1.0;-2.8703275567793707;-2.8703275567793707;0.4996482588814632;-3.6971456697449283;-3.6971456697449283;0.0;0.0;0.3413501052161807;0.28448156509258876;0.28448156509258876;-0.28708690887237864;baseline_mean
TRKE_6;0;6;0;0.9999999997378382;1.0;-1.2192880704619884;-1.2192880704619884;0.8332160862938209;-1.7000533672442684;-1.7000533672442684;0.0;0.0;0.33690888109640643;0.44488642007861917;0.44488642007861917;-0.4439722425345857;baseline_mean
WOND_6;1;6;0;0.7889997720755139;0.8332160862938209;-1.3032209421002454;-1.3032209421002454;0.8332160862938209;-1.9282921137736848;-1.9282921137736848;1.0;1.0;0.34376474459795453;0.8326226287926922;0.8326226287926922;-0.8326226287926922;baseline_mean
YDZD_6;1;6;1;1.0;0.8332160862938209;-4.42437546386656;-4.42437546386656;0.5997655334114889;-5.336124035902586;-5.336124035902586;1.0;1.0;0.3440103682554258;;;;baseline_mean
