Case ID;Actual;Prefix Length;Prediction;Prediction Probability;SHAP Subset Stability;SHAP Weight Stability;SHAP Adjusted Weight Stability;SHAP Subset Stability.1;SHAP Weight Stability.1;SHAP Adjusted Weight Stability.1;SHAP Precision;SHAP Recall;SHAP Correlation;MAPE Correctness;RMSE Correctness;R2 Correctness;Mode
AYLD_7;1;7;0;1.0;1.0;0.999787231157426;0.999787231157426;1.0;0.9997817199663293;0.9997817199663293;1.0;1.0;0.28491533598241636;0.1265947958519371;0.1265947958519371;-0.1265947958519371;baseline_max
DAZD_7;0;7;1;1.0;1.0;0.9999323346677909;0.9999323346677909;1.0;0.9999277989100569;0.9999277989100569;0.0;0.0;0.2822667504316778;0.6125790088121045;0.6125790088121045;-0.6125790088121045;baseline_max
EGRD_7;1;7;1;1.0;1.0;0.9999343082415878;0.9999343082415878;1.0;0.9999238529484396;0.9999238529484396;0.0;0.0;0.2818824290645934;0.6098885532103984;0.6098885532103984;-0.6098885532103984;baseline_max
GXYD_7;1;7;0;1.0;1.0;0.9998206030638109;0.9998206030638109;1.0;0.9997778458741492;0.9997778458741492;1.0;1.0;0.28304394118703174;0.1269857806857347;0.1269857806857347;-0.1269857806857347;baseline_max
MMOD_7;0;7;0;1.0;1.0;0.9997739561035148;0.9997739561035148;1.0;0.9997893610877892;0.9997893610877892;1.0;1.0;0.21929812014960273;0.12581276079484605;0.12581276079484605;-0.12581276079484605;baseline_max
NZYD_7;0;7;0;1.0;1.0;0.9998037900627272;0.9998037900627272;1.0;0.9998021426060788;0.9998021426060788;1.0;1.0;0.2769199315764725;0.1265947958519371;0.1265947958519371;-0.1265947958519371;baseline_max
RLDE_7;1;7;1;1.0;1.0;0.9999217094247418;0.9999217094247418;1.0;0.999893176402162;0.999893176402162;1.0;1.0;0.27761806227199654;;;;baseline_max
YGND_7;0;7;0;1.0;1.0;0.999781856607224;0.999781856607224;1.0;0.9997721870546344;0.9997721870546344;1.0;1.0;0.2797165388034201;0.12503015080077848;0.12503015080077848;-0.12503015080077848;baseline_max
