"Case ID;Actual;Prefix Length;Prediction;Prediction Probability;SHAP Subset Stability;SHAP Weight Stability;SHAP Adjusted Weight Stability;SHAP Subset Stability.1;SHAP Weight Stability.1;SHAP Adjusted Weight Stability.1;SHAP Precision;SHAP Recall;SHAP Correlation";MAPE Correctness;RMSE Correctness;R2 Correctness;Mode
"ECSB_10;1;10;1;1.0;1.0;0.9998333236658296;0.9998333236658296;1.0;0.9998387611567348;0.9998387611567348;0.0;0.0;0.32189899757673185";0.5442104718385302;0.5442104718385302;-0.5442104718385302;baseline_max
"JOTA_10;1;10;1;1.0;1.0;0.9998168487879742;0.9998168487879742;1.0;0.9997965082764979;0.9997965082764979;0.0;0.0;0.3203373128512324";0.5352701339714573;0.5352701339714573;-0.5352701339714573;baseline_max
"LCZA_10;0;10;0;1.0;1.0;0.9992520095764666;0.9992520095764666;1.0;0.99921171622612;0.99921171622612;1.0;0.5;0.31954905389901894";;;;baseline_max
"NDJ_10;0;10;0;1.0;1.0;0.9998177694461003;0.9998177694461003;1.0;0.9998528725444782;0.9998528725444782;1.0;1.0;0.3149016417221473";0.13390061419316457;0.13390061419316457;-0.13390061419316457;baseline_max
"SQEB_10;1;10;1;1.0;1.0;0.9998204354684403;0.9998204354684403;1.0;0.9998524073912316;0.9998524073912316;0.0;0.0;0.3266602348473115";0.5355124153423624;0.5355124153423624;-0.5355124153423624;baseline_max
"TOUA_10;0;10;0;1.0;1.0;0.9992682000042048;0.9992682000042048;1.0;0.9992977516030904;0.9992977516030904;0.0;0.0;0.3237331818703121";;;;baseline_max
"WTNA_10;0;10;0;1.0;1.0;0.9993313980483854;0.9993313980483854;1.0;0.9994254058355888;0.9994254058355888;1.0;0.5;0.3183352335566759";;;;baseline_max
"XQZ_10;1;10;1;1.0;1.0;0.9998176838351356;0.9998176838351356;1.0;0.9998007377908872;0.9998007377908872;0.0;0.0;0.32410994166367463";0.5336164372182789;0.5336164372182789;-0.5336164372182789;baseline_max
