"Case ID;Actual;Prefix Length;Prediction;Prediction Probability;SHAP Subset Stability;SHAP Weight Stability;SHAP Adjusted Weight Stability;SHAP Subset Stability.1;SHAP Weight Stability.1;SHAP Adjusted Weight Stability.1;SHAP Precision;SHAP Recall;SHAP Correlation";MAPE Correctness;RMSE Correctness;R2 Correctness;Mode
"AQL_12;0;12;0;1.0;1.0;0.9981379458980876;0.9981379458980876;1.0;0.9982618550497122;0.9982618550497122;1.0;1.0;0.31610610884888674";0.17888606315884048;0.17888606315884048;-0.17888606315884048;baseline_max
"CWGA_12;0;12;0;1.0;1.0;0.999147965638399;0.999147965638399;1.0;0.9984966581828232;0.9984966581828232;0.5;1.0;0.30988981423642814";;;;baseline_max
"GXYD_12;1;12;0;1.0;1.0;0.9983118336239162;0.9983118336239162;1.0;0.9986032370546334;0.9986032370546334;1.0;1.0;0.2874836478032132";;;;baseline_max
"OGL_12;1;12;1;1.0;1.0;0.9982385409759036;0.9982385409759036;1.0;0.9988757906344196;0.9988757906344196;0.0;0.0;0.2932659371450643";0.4130618934389501;0.4130618934389501;-0.4130618934389501;baseline_max
"PW_12;0;12;0;1.0;1.0;0.998863885032768;0.998863885032768;1.0;0.9988563756760409;0.9988563756760409;1.0;0.75;0.2801245983203937";;;;baseline_max
"SEMD_12;0;12;0;1.0;1.0;0.9980080270488928;0.9980080270488928;1.0;0.998304120441851;0.998304120441851;1.0;0.5;0.3318356508306204";;;;baseline_max
"SUC_12;1;12;1;1.0;1.0;0.9989480368529216;0.9989480368529216;1.0;0.9990133124036744;0.9990133124036744;0.0;0.0;0.32575412430511413";0.5274006536540758;0.5274006536540758;-0.5274006536540758;baseline_max
"WPRC_12;1;12;1;1.0;1.0;0.9984300665117471;0.9984300665117471;1.0;0.9984565997415435;0.9984565997415435;0.0;0.0;0.32711681573316004";0.5308508977685458;0.5308508977685458;-0.5308508977685458;baseline_max
