"Case ID;Actual;Prefix Length;Prediction;Prediction Probability;SHAP Subset Stability;SHAP Weight Stability;SHAP Adjusted Weight Stability;SHAP Subset Stability.1;SHAP Weight Stability.1;SHAP Adjusted Weight Stability.1;SHAP Precision;SHAP Recall;SHAP Correlation";MAPE Correctness;RMSE Correctness;R2 Correctness;Mode
"BQL_13;1;13;1;1.0;0.2839799811704076;-23.686988273507122;-23.686988273507122;0.39896013864818014;-74.09219730201922;-74.09219730201922;1.0;1.0;0.4045790870249898";;;;baseline_max
"ELJ_13;1;13;1;1.0;0.2123779792874486;-127.79302042214628;-127.79302042214628;0.33194637078132216;-105.75084442012121;-105.75084442012121;1.0;1.0;0.42202287111055425";;;;baseline_max
"LHH_13;1;13;1;1.0;0.09844020797227017;-113.74889014900113;-113.74889014900113;0.16493296347665265;-94.25650263339865;-94.25650263339865;0.0;0.0;0.42194491180722715";;;;baseline_max
"MKBB_13;0;13;0;1.0;0.2839799811704076;-75.93544205672238;-75.93544205672238;0.09844020797227017;-81.95617286112963;-81.95617286112963;1.0;1.0;0.384805763778546";0.21817971397957764;0.21817971397957764;-0.21941641155179328;baseline_max
"RJB_13;0;13;1;1.0;0.1986135181975736;-157.45182381246755;-157.45182381246755;0.14077597740448933;-93.21004760432902;-93.21004760432902;1.0;0.5;0.2898222221195451";0.23817337960117804;0.23817337960117804;-0.2351222666899589;baseline_max
"TRAB_13;0;13;1;0.9999996106690408;0.24843966712898724;-79.25191690121093;-79.25191690121093;0.29878682842287685;-69.81385072591982;-69.81385072591982;1.0;1.0;0.29393374730676086";0.29407219584036753;0.29412806174664136;-0.29412806174664136;baseline_max
"UIS_13;0;13;1;1.0;0.14077597740448933;-78.69824847169625;-78.69824847169625;0.33194637078132205;-69.96934319953294;-69.96934319953294;0.5;1.0;0.33525733958957005";0.2544725001393831;0.2544725001393831;0.27675388795509726;baseline_max
"WHC_13;1;13;1;1.0;0.16493296347665265;-128.65636752938877;-128.65636752938877;0.29878682842287685;-90.41933111976891;-90.41933111976891;1.0;1.0;0.3119628824302106";;;;baseline_max
