"Case ID;Actual;Prefix Length;Prediction;Prediction Probability;SHAP Subset Stability;SHAP Weight Stability;SHAP Adjusted Weight Stability;SHAP Subset Stability.1;SHAP Weight Stability.1;SHAP Adjusted Weight Stability.1;SHAP Precision;SHAP Recall;SHAP Correlation";MAPE Correctness;RMSE Correctness;R2 Correctness;Mode
"EQHE;1;1;1;1.0;1.0;0.9999023813289034;0.9999023813289034;1.0;0.9999138748382868;0.9999138748382868;1.0;1.0;0.08961146836255596";;;;baseline_min
"GUGE;0;1;0;1.0;1.0;0.9999956872155622;0.9999956872155622;1.0;0.9999928681547068;0.9999928681547068;1.0;1.0;0.08482137983756871";0.036177087849619934;0.036177087849619934;-0.036177087849619934;baseline_min
"HKFE;1;1;1;1.0;1.0;0.999940449604762;0.999940449604762;1.0;0.9999458969651072;0.9999458969651072;1.0;1.0;0.06706915773631877";;;;baseline_min
"KIAE;0;1;1;1.0;1.0;0.9999737888057059;0.9999737888057059;1.0;0.9999718863238276;0.9999718863238276;0.0;0.0;0.10450843877022285";;;;baseline_min
"NKEE;1;1;1;1.0;1.0;0.9999764068450132;0.9999764068450132;1.0;0.9999633126279462;0.9999633126279462;0.0;0.0;0.08470371658986724";;;;baseline_min
"TQND;0;1;1;1.0;1.0;0.9999608559821564;0.9999608559821564;1.0;0.9999679702479206;0.9999679702479206;1.0;1.0;0.06973457636485535";;;;baseline_min
"WNNE;1;1;1;1.0;1.0;0.9999567631785992;0.9999567631785992;1.0;0.999987796287886;0.999987796287886;1.0;1.0;0.08428692603237112";;;;baseline_min
"YILE;0;1;1;1.0;1.0;0.9999885006208864;0.9999885006208864;1.0;0.9999949444640492;0.9999949444640492;0.0;0.0;0.08777001246536718";;;;baseline_min
