Case ID;Actual;Prefix Length;Prediction;Prediction Probability;SHAP Subset Stability;SHAP Weight Stability;SHAP Adjusted Weight Stability;SHAP Subset Stability.1;SHAP Weight Stability.1;SHAP Adjusted Weight Stability.1;SHAP Precision;SHAP Recall;SHAP Correlation;MAPE Correctness;RMSE Correctness;R2 Correctness;Mode
FODE_4;0;4;1;1.0;-0.0006953297021670135;0.7921084855648481;0.7921084855648481;0.1867465515242841;0.8278542029160924;0.8278542029160924;0.0;0.0;0.13164900924452932;;;;baseline_mean
GCPD_4;1;4;1;1.0;0.1421617325650706;0.9610042207409424;0.9610042207409424;0.21364825485131467;0.8596526261733031;0.8596526261733031;0.0;0.0;0.11783782412730984;;;;baseline_mean
JSBE_4;1;4;1;1.0;0.3328697801985553;0.8867996314824478;0.8867996314824478;0.3328697801985553;0.9590802326481096;0.9590802326481096;0.0;0.0;0.11787832048828988;;;;baseline_mean
PIHE_4;0;4;1;1.0;0.08269594777301348;0.9150875755075478;0.9150875755075478;0.4995943439962911;0.9735561574602156;0.9735561574602156;0.0;0.0;0.11781900790665122;;;;baseline_mean
QJTD_4;0;4;0;1.0;0.22141072210629364;-3.123254018407163;-3.123254018407163;0.2493045090993391;-2.167379442025919;-2.167379442025919;0.5;1.0;0.20784996348143492;;;;baseline_mean
RDBE_4;1;4;1;1.0;0.3328697801985553;0.8785143307743477;0.8785143307743477;-0.0005793742757824737;0.8208909260343891;0.8208909260343891;0.0;0.0;0.12452531726890824;;;;baseline_mean
RHWD_4;0;4;0;1.0;0.27702424195584385;-2.9412595012102716;-2.9412595012102716;0.1660872252481942;-2.840118697234041;-2.840118697234041;0.5;1.0;0.20791088625636586;;;;baseline_mean
SQRD_4;1;4;1;1.0;0.2995944380069524;0.8487226220006068;0.8487226220006068;0.1421617325650706;0.8996059311551149;0.8996059311551149;0.0;0.0;0.09492331637877446;;;;baseline_mean
