Case ID;Actual;Prefix Length;Prediction;Prediction Probability;SHAP Subset Stability;SHAP Weight Stability;SHAP Adjusted Weight Stability;SHAP Subset Stability.1;SHAP Weight Stability.1;SHAP Adjusted Weight Stability.1;SHAP Precision;SHAP Recall;SHAP Correlation;MAPE Correctness;RMSE Correctness;R2 Correctness;Mode
BPH_14;1;14;1;1.0;1.0;0.9939796193292814;0.9939796193292814;1.0;0.9942290769997004;0.9942290769997004;0.0;0.0;0.3593621472693011;0.4280013932766135;0.4280013932766135;-0.4280013932766135;baseline_max
KKOD_14;0;14;0;1.0;1.0;0.9977662732154176;0.9977662732154176;1.0;0.9980523143651978;0.9980523143651978;0.0;0.0;0.30860585495079723;;;;baseline_max
NYFD_14;0;14;0;1.0;1.0;0.9982185627668352;0.9982185627668352;1.0;0.9987915814587592;0.9987915814587592;1.0;1.0;0.25478454978608595;;;;baseline_max
OUE_14;1;14;1;1.0;1.0;0.9933451969037591;0.9933451969037591;1.0;0.9930884675025452;0.9930884675025452;1.0;0.3333333333333333;0.40273007075991357;;;;baseline_max
SKO_14;1;14;1;1.0;1.0;0.9945820817010868;0.9945820817010868;1.0;0.9944501578636624;0.9944501578636624;0.0;0.0;0.36218702660680574;0.43818096062213724;0.43818096062213724;-0.43818096062213724;baseline_max
VGH_14;1;14;1;1.0;1.0;0.9942861583840188;0.9942861583840188;1.0;0.9943807689129776;0.9943807689129776;0.0;0.0;0.37305286908608626;0.46477645758835123;0.46477645758835123;-0.46477645758835123;baseline_max
XOO_14;0;14;0;1.0;1.0;0.9971917298240548;0.9971917298240548;1.0;0.9985567793110668;0.9985567793110668;1.0;0.6666666666666666;0.2541219300373296;;;;baseline_max
YFCB_14;0;14;0;1.0;1.0;0.998617086581188;0.998617086581188;1.0;0.9981759950396534;0.9981759950396534;0.0;0.0;0.27231315252336513;;;;baseline_max
