Case ID;Actual;Prefix Length;Prediction;Prediction Probability;SHAP Subset Stability;SHAP Weight Stability;SHAP Adjusted Weight Stability;SHAP Subset Stability.1;SHAP Weight Stability.1;SHAP Adjusted Weight Stability.1;SHAP Precision;SHAP Recall;SHAP Correlation;MAPE Correctness;RMSE Correctness;R2 Correctness;Mode
ALFE_6;1;6;1;0.9999999999615738;0.4996482588814632;-2.162062360453449;-2.162062360453449;0.5997655334114889;-2.6228554959284973;-2.6228554959284973;1.0;1.0;0.3419350524721958;0.7729791024039845;0.7729791024039845;0.017621430820147183;baseline_max
GKAE_6;0;6;0;0.9999988335141534;0.4996482588814632;-2.0006145555197365;-2.0006145555197365;0.7855383945322969;-1.714663731317886;-1.714663731317886;1.0;1.0;0.3419871742904476;0.8782214628783945;0.8782214628783945;-0.024627820290216106;baseline_max
HISD_6;1;6;1;1.0;0.8332160862938209;-2.9250887923867612;-2.9250887923867612;0.5997655334114889;-3.5994987865021786;-3.5994987865021786;1.0;0.5;0.3398417967033919;;;;baseline_max
LAND_6;0;6;0;1.0;0.8332160862938209;-2.4558260125870595;-2.4558260125870595;0.8332160862938209;-0.8401775673573828;-0.8401775673573828;1.0;1.0;0.33287215902727335;0.22210723941952695;0.22210723941952695;-0.22110401624423742;baseline_max
MVAE_6;0;6;0;0.9999999999765804;1.0;-2.8703275567793707;-2.8703275567793707;0.4996482588814632;-3.6971456697449283;-3.6971456697449283;0.0;0.0;0.3413501052161807;0.8791515665208506;0.8791515665208506;-0.03508084518490067;baseline_max
TRKE_6;0;6;0;0.9999999997378382;1.0;-1.2192880704619884;-1.2192880704619884;0.8332160862938209;-1.7000533672442684;-1.7000533672442684;0.0;0.0;0.33690888109640643;0.8786701617346393;0.8786701617346393;-0.015671999191069673;baseline_max
WOND_6;1;6;0;0.7889997720755139;0.8332160862938209;-1.3032209421002454;-1.3032209421002454;0.8332160862938209;-1.9282921137736848;-1.9282921137736848;1.0;1.0;0.34376474459795453;0.8848659286419932;0.8848659286419932;-0.8848659286419932;baseline_max
YDZD_6;1;6;1;1.0;0.8332160862938209;-4.42437546386656;-4.42437546386656;0.5997655334114889;-5.336124035902586;-5.336124035902586;1.0;1.0;0.3440103682554258;;;;baseline_max
