Case ID;Actual;Prefix Length;Prediction;Prediction Probability;SHAP Subset Stability;SHAP Weight Stability;SHAP Adjusted Weight Stability;SHAP Subset Stability.1;SHAP Weight Stability.1;SHAP Adjusted Weight Stability.1;SHAP Precision;SHAP Recall;SHAP Correlation;MAPE Correctness;RMSE Correctness;R2 Correctness;Mode
DAFE_2;0;2;1;1.0;0.2717996289424862;-0.8151682851809339;-0.8151682851809339;0.2770242419558441;-1.0742871232861804;-1.0742871232861804;1.0;1.0;0.19910598883906463;;;;baseline_min
FYOD_2;1;2;0;1.0;0.124188593949229;-1.0869804471860331;-1.0869804471860331;0.1421617325650706;-1.181181118974032;-1.181181118974032;1.0;1.0;0.2191210158421221;0.034036934178742935;0.034036934178742935;-0.034036934178742935;baseline_min
NEBE_2;0;2;1;1.0;0.2136482548513149;-0.8862696717674217;-0.8862696717674217;0.21364825485131467;-0.9544795101203613;-0.9544795101203613;1.0;1.0;0.19761728677921034;;;;baseline_min
OFTD_2;0;2;0;1.0;0.4995943439962911;-0.8794488742898443;-0.8794488742898443;0.09947856315179593;-2.06275975463546;-2.06275975463546;1.0;1.0;0.23164345946851753;0.034036934178742935;0.034036934178742935;-0.034036934178742935;baseline_min
QAND_2;0;2;0;1.0;0.19953650057937425;-2.748218897187064;-2.748218897187064;0.2491304347826085;-2.2010255230225027;-2.2010255230225027;1.0;1.0;0.21705518147581812;0.034036934178742935;0.034036934178742935;-0.034036934178742935;baseline_min
SGME_2;1;2;1;1.0;0.3118624666743943;-1.0148259950370542;-1.0148259950370542;0.2717996289424862;-0.7830351810828211;-0.7830351810828211;0.0;0.0;0.2206414803416171;;;;baseline_min
YUDE_2;1;2;1;1.0;0.21364825485131467;-1.5926525042112694;-1.5926525042112694;0.0706752102788264;-0.9763862637478856;-0.9763862637478856;1.0;1.0;0.18824825175581472;;;;baseline_min
ZKSD_2;1;2;1;1.0;0.38825128165494494;-1.6559345522004052;-1.6559345522004052;0.2991884057971013;-1.8453556348296052;-1.8453556348296052;1.0;1.0;0.2083018406033907;-0.02956633305246379;-0.02956633305246379;0.02956633305246379;baseline_min
