Case ID;Actual;Prefix Length;Prediction;Prediction Probability;SHAP Subset Stability;SHAP Weight Stability;SHAP Adjusted Weight Stability;SHAP Subset Stability.1;SHAP Weight Stability.1;SHAP Adjusted Weight Stability.1;SHAP Precision;SHAP Recall;SHAP Correlation;MAPE Correctness;RMSE Correctness;R2 Correctness;Mode
EQHE;1;1;1;1.0;1.0;0.9999023813289034;0.9999023813289034;1.0;0.9999138748382868;0.9999138748382868;1.0;1.0;0.08961146836255596;0.3904161119343784;0.3904161119343784;-0.39893171634711383;permutation
GUGE;0;1;0;1.0;1.0;0.9999956872155622;0.9999956872155622;1.0;0.9999928681547068;0.9999928681547068;1.0;1.0;0.08482137983756871;0.16425750941863024;0.16425750941863024;-0.16510525412844154;permutation
HKFE;1;1;1;1.0;1.0;0.999940449604762;0.999940449604762;1.0;0.9999458969651072;0.9999458969651072;1.0;1.0;0.06706915773631877;0.0008604471344931914;0.001084366313283009;0.02277917261251775;permutation
KIAE;0;1;1;1.0;1.0;0.9999737888057059;0.9999737888057059;1.0;0.9999718863238276;0.9999718863238276;0.0;0.0;0.10450843877022285;0.19511652205968585;0.19510537732325914;-0.23378648430334217;permutation
NKEE;1;1;1;1.0;1.0;0.9999764068450132;0.9999764068450132;1.0;0.9999633126279462;0.9999633126279462;0.0;0.0;0.08470371658986724;0.12328761515816844;0.12349752967538495;-0.025824324312581574;permutation
TQND;0;1;1;1.0;1.0;0.9999608559821564;0.9999608559821564;1.0;0.9999679702479206;0.9999679702479206;1.0;1.0;0.06973457636485535;-0.007721242886134938;-0.0073633016218812375;0.04573178357378034;permutation
WNNE;1;1;1;1.0;1.0;0.9999567631785992;0.9999567631785992;1.0;0.999987796287886;0.999987796287886;1.0;1.0;0.08428692603237112;0.390220650588887;0.39100262707467065;-0.4069968633574874;permutation
YILE;0;1;1;1.0;1.0;0.9999885006208864;0.9999885006208864;1.0;0.9999949444640492;0.9999949444640492;0.0;0.0;0.08777001246536718;0.19823296149616698;0.19812123036217194;-0.23508401878774343;permutation
