Case ID;Actual;Prefix Length;Prediction;Prediction Probability;SHAP Subset Stability;SHAP Weight Stability;SHAP Adjusted Weight Stability;SHAP Subset Stability.1;SHAP Weight Stability.1;SHAP Adjusted Weight Stability.1;SHAP Precision;SHAP Recall;SHAP Correlation;MAPE Correctness;RMSE Correctness;R2 Correctness;Mode
AVSD_5;0;5;0;1.0;0.09947886508396064;0.6206560446142163;0.6206560446142163;0.249478804725504;0.6323896877597615;0.6323896877597615;1.0;1.0;0.188701535114645;0.05674797724945613;0.05674797724945613;-0.05679856414688962;permutation
CDPD_5;1;5;0;1.0;1.0;0.9999631743238048;0.9999631743238048;1.0;0.9999677952165282;0.9999677952165282;1.0;1.0;0.21336052368811598;0.06603365781973632;0.06603365781973632;-0.066089611881402;permutation
DHQD_5;1;5;1;1.0;1.0;0.9999942822730364;0.9999942822730364;1.0;0.999995858074307;0.999995858074307;0.0;0.0;0.2082777535367912;0.559089773686775;0.559089773686775;-0.5185559423196283;permutation
INNE_5;1;5;1;1.0;1.0;0.999993419020936;0.999993419020936;1.0;0.9999928052515754;0.9999928052515754;0.0;0.0;0.2081574004207828;0.5576090856295801;0.5576090856295801;-0.5163297916822033;permutation
ISAE_5;0;5;0;1.0;-0.0005790387955995069;-1.3376060543918764;-1.3376060543918764;0.221411192214112;-0.26974379514644764;-0.26974379514644764;1.0;1.0;0.19971307078921915;0.056793465817767334;0.056793465817767334;-0.05684406588694211;permutation
JGMD_5;0;5;0;1.0;0.2494788047255039;-0.11112701642517098;-0.11112701642517098;0.08269631688672685;0.5255611396278492;0.5255611396278492;0.5;1.0;0.2123266887635385;0.045487283984119956;0.045487283984119956;-0.04550780585219785;permutation
QPQD_5;0;5;0;1.0;1.0;0.9998924045266916;0.9998924045266916;1.0;0.9997158437792856;0.9997158437792856;1.0;0.5;0.21734778901191182;;;;permutation
YKYD_5;1;5;1;1.0;1.0;0.9999924376238812;0.9999924376238812;1.0;0.9999940091871654;0.9999940091871654;0.0;0.0;0.21202193060264607;0.5755359535175567;0.5755345555609149;-0.5448826893681619;permutation
