"Case ID;Actual;Prefix Length;Prediction;Prediction Probability;SHAP Subset Stability;SHAP Weight Stability;SHAP Adjusted Weight Stability;SHAP Subset Stability.1;SHAP Weight Stability.1;SHAP Adjusted Weight Stability.1;SHAP Precision;SHAP Recall;SHAP Correlation";MAPE Correctness;RMSE Correctness;R2 Correctness;Mode
"AYLD_7;1;7;0;1.0;1.0;0.999787231157426;0.999787231157426;1.0;0.9997817199663293;0.9997817199663293;1.0;1.0;0.28491533598241636";0.13165323489505318;0.13165323489505318;-0.13218270687327696;permutation
"DAZD_7;0;7;1;1.0;1.0;0.9999323346677909;0.9999323346677909;1.0;0.9999277989100569;0.9999277989100569;0.0;0.0;0.2822667504316778";0.6476157604232846;0.6476157604232846;-0.6125790088121045;permutation
"EGRD_7;1;7;1;1.0;1.0;0.9999343082415878;0.9999343082415878;1.0;0.9999238529484396;0.9999238529484396;0.0;0.0;0.2818824290645934";0.6457291193022218;0.6457291193022218;-0.6098885532103984;permutation
"GXYD_7;1;7;0;1.0;1.0;0.9998206030638109;0.9998206030638109;1.0;0.9997778458741492;0.9997778458741492;1.0;1.0;0.28304394118703174";0.132029257637555;0.132029257637555;-0.13255959990291105;permutation
"MMOD_7;0;7;0;1.0;1.0;0.9997739561035148;0.9997739561035148;1.0;0.9997893610877892;0.9997893610877892;1.0;1.0;0.21929812014960273";0.13090112147015934;0.13090112147015934;-0.13142885260219384;permutation
"NZYD_7;0;7;0;1.0;1.0;0.9998037900627272;0.9998037900627272;1.0;0.9998021426060788;0.9998021426060788;1.0;1.0;0.2769199315764725";0.12619046992472482;0.12619046992472482;-0.1265947958519371;permutation
"RLDE_7;1;7;1;1.0;1.0;0.9999217094247418;0.9999217094247418;1.0;0.999893176402162;0.999893176402162;1.0;1.0;0.27761806227199654";;;;permutation
"YGND_7;0;7;0;1.0;1.0;0.999781856607224;0.999781856607224;1.0;0.9997721870546344;0.9997721870546344;1.0;1.0;0.2797165388034201";0.13023519935043537;0.13023519935043537;-0.13067439750448787;permutation
