Case ID;Actual;Prefix Length;Prediction;Prediction Probability;SHAP Subset Stability;SHAP Weight Stability;SHAP Adjusted Weight Stability;SHAP Subset Stability.1;SHAP Weight Stability.1;SHAP Adjusted Weight Stability.1;SHAP Precision;SHAP Recall;SHAP Correlation;LIME Precision;LIME Recall;LIME Correlation
BTIB_11;0;11;0;1.0;1.0;0.9995638720424921;0.9995638720424921;1.0;0.9949612304893576;0.9949612304893576;1.0;0.6666666666666666;0.11130353810961856;0.0;0.0;0.41527236169051535
GJVA_11;0;11;0;1.0;1.0;0.9993275018853454;0.9993275018853454;1.0;0.9975507674644302;0.9975507674644302;1.0;1.0;0.3171380485465146;0.0;0.0;0.4255304176220269
JISD_11;1;11;0;1.0;1.0;0.999330345340798;0.999330345340798;1.0;0.8769274431372195;0.8769274431372195;1.0;1.0;0.3118932483335352;0.0;0.0;0.4356022308126945
PBE_11;1;11;1;1.0;1.0;0.9993956974762124;0.9993956974762124;1.0;0.9992962968766916;0.9992962968766916;1.0;1.0;0.19394353671538286;0.5;1.0;0.39190699824574704
PNBB_11;0;11;0;1.0;1.0;0.9990207190845548;0.9990207190845548;1.0;0.999142270138044;0.999142270138044;0.5;0.5;0.2967730863024726;0.0;0.0;0.4267780078150126
PRTD_11;0;11;0;1.0;1.0;0.9994175670323194;0.9994175670323194;1.0;0.9994680571946798;0.9994680571946798;0.0;0.0;0.03847593353795376;0.0;0.0;0.41955681581865695
SHA_11;1;11;1;1.0;1.0;0.9991896261887128;0.9991896261887128;1.0;0.9994259192986245;0.9994259192986245;0.0;0.0;0.13350889890647644;0.0;0.0;0.4234583366033068
SHFB_11;1;11;1;1.0;1.0;0.9994504382155488;0.9994504382155488;1.0;0.9993579948830692;0.9993579948830692;1.0;1.0;0.14642476501875168;0.0;0.0;0.42029716993937216
