Case ID;Actual;Prefix Length;Prediction;Prediction Probability;SHAP Subset Stability;SHAP Weight Stability;SHAP Adjusted Weight Stability;SHAP Subset Stability.1;SHAP Weight Stability.1;SHAP Adjusted Weight Stability.1;SHAP Precision;SHAP Recall;SHAP Correlation;LIME Precision;LIME Recall;LIME Correlation
BIWD_3;0;3;0;0.9986978235037792;0.6246504311349335;-5.596913901247874;-5.596913901247874;0.3882479379507697;-4.434640243752033;-4.434640243752033;1.0;1.0;0.2683556381926602;0.0;0.0;0.3445038535824011
CEZD_3;0;3;0;0.9921112624814276;0.7855395216457781;-2.6575290973162384;-2.6575290973162384;1.0;-2.7289604382210064;-2.7289604382210064;0.0;0.0;0.26750875472469793;1.0;1.0;0.34596913858031075
GICE_3;0;3;0;0.9999999998872228;1.0;-2.3629669925650822;-2.3629669925650822;0.4995922171734824;-4.346882136028152;-4.346882136028152;1.0;1.0;0.2510455990601769;0.0;0.0;0.3496756430356306
IOEE_3;1;3;1;0.9999999999981808;0.6107032332413989;-4.0098082024942405;-4.0098082024942405;0.5707289445628998;-4.356060493806656;-4.356060493806656;1.0;1.0;0.2681461451369421;0.0;0.0;0.35175465820683494
PUKE_3;1;3;1;1.0;0.2851317388192607;-4.214829583885567;-4.214829583885567;0.7140526955277042;-2.288872417855002;-2.288872417855002;1.0;1.0;0.26709526225331914;1.0;1.0;0.35289477536236014
QMHE_3;1;3;1;1.0;0.4538460723330755;-2.9162316104405157;-2.9162316104405157;0.5830420938179559;-5.102620894786778;-5.102620894786778;1.0;1.0;0.271682186755852;1.0;1.0;0.35159015059686594
RYEE_3;1;3;1;1.0;0.3744173852248893;-6.339019185305072;-6.339019185305072;0.4158506256314604;-2.4452935027077167;-2.4452935027077167;1.0;1.0;0.2688094065494206;1.0;1.0;0.3479932980086708
YEIE_3;0;3;0;1.0;0.5830420938179559;-3.1455225028506266;-3.1455225028506266;0.8332168375271823;-2.800786569269817;-2.800786569269817;1.0;1.0;0.2551639585134155;0.0;0.0;0.3496206991850951
