Case ID;Actual;Prefix Length;Prediction;Prediction Probability;SHAP Subset Stability;SHAP Weight Stability;SHAP Adjusted Weight Stability;SHAP Subset Stability.1;SHAP Weight Stability.1;SHAP Adjusted Weight Stability.1;SHAP Precision;SHAP Recall;SHAP Correlation;LIME Precision;LIME Recall;LIME Correlation
EQHE;1;1;1;1.0;1.0;0.9999023813289034;0.9999023813289034;1.0;0.9999138748382868;0.9999138748382868;1.0;1.0;0.08961146836255596;0.0;0.0;0.4624173051660491
GUGE;0;1;0;1.0;1.0;0.9999956872155622;0.9999956872155622;1.0;0.9999928681547068;0.9999928681547068;1.0;1.0;0.08482137983756871;0.1;1.0;0.46245718718797013
HKFE;1;1;1;1.0;1.0;0.999940449604762;0.999940449604762;1.0;0.9999458969651072;0.9999458969651072;1.0;1.0;0.06706915773631877;0.0;0.0;0.4621190570021181
KIAE;0;1;1;1.0;1.0;0.999973788805706;0.999973788805706;1.0;0.9999718863238276;0.9999718863238276;0.0;0.0;0.10450843877022284;0.0;0.0;0.45784474465275726
NKEE;1;1;1;1.0;1.0;0.9999764068450132;0.9999764068450132;1.0;0.9999633126279462;0.9999633126279462;0.0;0.0;0.08470371658986724;0.0;0.0;0.4621693430297576
TQND;0;1;1;1.0;1.0;0.9999608559821564;0.9999608559821564;1.0;0.9999679702479206;0.9999679702479206;1.0;1.0;0.06973457636485535;0.0;0.0;0.46264899730287096
WNNE;1;1;1;1.0;1.0;0.9999567631785992;0.9999567631785992;1.0;0.999987796287886;0.999987796287886;1.0;1.0;0.08428692603237113;0.0;0.0;0.4640125860428897
YILE;0;1;1;1.0;1.0;0.9999885006208864;0.9999885006208864;1.0;0.9999949444640492;0.9999949444640492;0.0;0.0;0.08777001246536717;0.0;0.0;0.4622525750755058
