Case ID;Actual;Prefix Length;Prediction;Prediction Probability;SHAP Subset Stability;SHAP Weight Stability;SHAP Adjusted Weight Stability;SHAP Subset Stability.1;SHAP Weight Stability.1;SHAP Adjusted Weight Stability.1;SHAP Precision;SHAP Recall;SHAP Correlation;LIME Precision;LIME Recall;LIME Correlation
DAFE_2;0;2;1;1.0;0.2717996289424862;-0.8151682851809339;-0.8151682851809339;0.2770242419558441;-1.0742871232861804;-1.0742871232861804;1.0;1.0;0.19910598883906466;0.0;0.0;0.46002519817716614
FYOD_2;1;2;0;1.0;0.12418859394922901;-1.0869804471860331;-1.0869804471860331;0.1421617325650706;-1.181181118974032;-1.181181118974032;1.0;1.0;0.2191210158421221;0.0;0.0;0.4632272047257325
NEBE_2;0;2;1;1.0;0.2136482548513149;-0.8862696717674217;-0.8862696717674217;0.21364825485131467;-0.9544795101203613;-0.9544795101203613;1.0;1.0;0.19761728677921034;0.0;0.0;0.46336402941479404
OFTD_2;0;2;0;1.0;0.4995943439962911;-0.8794488742898443;-0.8794488742898443;0.09947856315179593;-2.06275975463546;-2.06275975463546;1.0;1.0;0.23164345946851755;0.0;0.0;0.45844439258927006
QAND_2;0;2;0;1.0;0.19953650057937425;-2.748218897187064;-2.748218897187064;0.2491304347826085;-2.2010255230225027;-2.2010255230225027;1.0;1.0;0.21705518147581807;0.0;0.0;0.4617554666443266
SGME_2;1;2;1;1.0;0.3118624666743943;-1.0148259950370542;-1.0148259950370542;0.2717996289424862;-0.7830351810828211;-0.7830351810828211;0.0;0.0;0.2206414803416171;0.0;0.0;0.4520121027311954
YUDE_2;1;2;1;1.0;0.21364825485131467;-1.5926525042112694;-1.5926525042112694;0.0706752102788264;-0.9763862637478856;-0.9763862637478856;1.0;1.0;0.18824825175581472;0.0;0.0;0.46494213562238296
ZKSD_2;1;2;1;1.0;0.38825128165494494;-1.6559345522004052;-1.6559345522004052;0.2991884057971013;-1.8453556348296047;-1.8453556348296047;1.0;1.0;0.2083018406033907;0.0;0.0;0.46013241260744464
