Case ID;Actual;Prefix Length;Prediction;Prediction Probability;SHAP Subset Stability;SHAP Weight Stability;SHAP Adjusted Weight Stability;SHAP Subset Stability.1;SHAP Weight Stability.1;SHAP Adjusted Weight Stability.1;SHAP Precision;SHAP Recall;SHAP Correlation;LIME Precision;LIME Recall;LIME Correlation
ECSB_10;1;10;1;1.0;1.0;0.9998333236658296;0.9998333236658296;1.0;0.9998387611567348;0.9998387611567348;0.0;0.0;0.32189899757673185;0.0;0.0;0.5710471521235224
JOTA_10;1;10;1;1.0;1.0;0.9998168487879742;0.9998168487879742;1.0;0.999796508276498;0.999796508276498;0.0;0.0;0.3203373128512324;0.0;0.0;0.5696991086287444
LCZA_10;0;10;0;1.0;1.0;0.9992520095764666;0.9992520095764666;1.0;0.99921171622612;0.99921171622612;1.0;0.5;0.3195490538990189;0.0;0.0;0.5775683425371044
NDJ_10;0;10;0;1.0;1.0;0.9998177694461003;0.9998177694461003;1.0;0.9998528725444782;0.9998528725444782;1.0;1.0;0.3149016417221473;0.0;0.0;0.5513683660933957
SQEB_10;1;10;1;1.0;1.0;0.9998204354684403;0.9998204354684403;1.0;0.9998524073912316;0.9998524073912316;0.0;0.0;0.3266602348473115;0.0;0.0;0.5648307252390932
TOUA_10;0;10;0;1.0;1.0;0.9992682000042048;0.9992682000042048;1.0;0.9992977516030904;0.9992977516030904;0.0;0.0;0.3237331818703121;0.0;0.0;0.5796120347983295
WTNA_10;0;10;0;1.0;1.0;0.9993313980483854;0.9993313980483854;1.0;0.9994254058355888;0.9994254058355888;1.0;0.5;0.3183352335566759;0.0;0.0;0.5576151512534557
XQZ_10;1;10;1;1.0;1.0;0.9998176838351356;0.9998176838351356;1.0;0.9998007377908872;0.9998007377908872;0.0;0.0;0.32410994166367463;0.0;0.0;0.5665846182105073
