Case ID;Actual;Prefix Length;Prediction;Prediction Probability;SHAP Subset Stability;SHAP Weight Stability;SHAP Adjusted Weight Stability;SHAP Subset Stability.1;SHAP Weight Stability.1;SHAP Adjusted Weight Stability.1;SHAP Precision;SHAP Recall;SHAP Correlation;LIME Precision;LIME Recall;LIME Correlation
BQL_13;1;13;1;1.0;0.2839799811704076;-23.68698827350712;-23.68698827350712;0.3989601386481801;-74.09219730201922;-74.09219730201922;1.0;1.0;0.4045790870249898;0.0;0.0;0.12021670149639266
ELJ_13;1;13;1;1.0;0.2123779792874486;-127.79302042214628;-127.79302042214628;0.3319463707813221;-105.7508444201212;-105.7508444201212;1.0;1.0;0.4220228711105542;0.0;0.0;0.09395531298782975
LHH_13;1;13;1;1.0;0.0984402079722701;-113.74889014900111;-113.74889014900111;0.1649329634766526;-94.25650263339864;-94.25650263339864;0.0;0.0;0.4219449118072271;0.0;0.0;0.09703520674144088
MKBB_13;0;13;0;1.0;0.2839799811704076;-75.93544205672238;-75.93544205672238;0.0984402079722701;-81.95617286112963;-81.95617286112963;1.0;1.0;0.384805763778546;0.16666666666666666;1.0;0.11028794482019078
RJB_13;0;13;1;1.0;0.1986135181975736;-157.45182381246755;-157.45182381246755;0.1407759774044893;-93.21004760432902;-93.21004760432902;1.0;0.5;0.2898222221195451;0.0;0.0;0.1379393276900838
TRAB_13;0;13;1;0.9999996106690408;0.2484396671289872;-79.25191690121093;-79.25191690121093;0.2987868284228768;-69.81385072591982;-69.81385072591982;1.0;1.0;0.2939337473067608;0.0;0.0;0.159267468897325
UIS_13;0;13;1;1.0;0.1407759774044893;-78.69824847169625;-78.69824847169625;0.331946370781322;-69.96934319953294;-69.96934319953294;0.5;1.0;0.33525733958957;0.0;0.0;0.11065160030597991
WHC_13;1;13;1;1.0;0.1649329634766526;-128.65636752938877;-128.65636752938877;0.2987868284228768;-90.41933111976893;-90.41933111976893;1.0;1.0;0.3119628824302106;0.0;0.0;0.1208153820176403
