Case ID;Actual;Prefix Length;Prediction;Prediction Probability;SHAP Subset Stability;SHAP Weight Stability;SHAP Adjusted Weight Stability;SHAP Subset Stability.1;SHAP Weight Stability.1;SHAP Adjusted Weight Stability.1;SHAP Precision;SHAP Recall;SHAP Correlation;LIME Precision;LIME Recall;LIME Correlation
AYLD_7;1;7;0;1.0;1.0;0.999787231157426;0.999787231157426;1.0;0.9997817199663293;0.9997817199663293;1.0;1.0;0.2849153359824164;0.0;0.0;0.663793465649753
DAZD_7;0;7;1;1.0;1.0;0.9999323346677907;0.9999323346677907;1.0;0.9999277989100568;0.9999277989100568;0.0;0.0;0.2822667504316778;0.0;0.0;0.6524215461770073
EGRD_7;1;7;1;1.0;1.0;0.9999343082415878;0.9999343082415878;1.0;0.9999238529484396;0.9999238529484396;0.0;0.0;0.2818824290645934;0.0;0.0;0.6552397096614203
GXYD_7;1;7;0;1.0;1.0;0.9998206030638108;0.9998206030638108;1.0;0.9997778458741492;0.9997778458741492;1.0;1.0;0.2830439411870317;0.0;0.0;0.6614622314940609
MMOD_7;0;7;0;1.0;1.0;0.9997739561035148;0.9997739561035148;1.0;0.9997893610877892;0.9997893610877892;1.0;1.0;0.21929812014960276;0.0;0.0;0.6506071450188606
NZYD_7;0;7;0;1.0;1.0;0.9998037900627272;0.9998037900627272;1.0;0.9998021426060788;0.9998021426060788;1.0;1.0;0.2769199315764725;0.0;0.0;0.6580156981673676
RLDE_7;1;7;1;1.0;1.0;0.9999217094247418;0.9999217094247418;1.0;0.999893176402162;0.999893176402162;1.0;1.0;0.2776180622719965;0.0;0.0;0.6381580515856605
YGND_7;0;7;0;1.0;1.0;0.9997818566072241;0.9997818566072241;1.0;0.9997721870546344;0.9997721870546344;1.0;1.0;0.2797165388034201;0.0;0.0;0.6445574407888238
