Case ID;Actual;Prefix Length;Prediction;Prediction Probability;SHAP Subset Stability;SHAP Weight Stability;SHAP Adjusted Weight Stability;SHAP Precision;SHAP Recall;SHAP Correlation;MAPE Correctness;RMSE Correctness;R2 Correctness;Mode
1042_5;1;5;1;0.9010010208069013;1.0;1.0;1.0;0.0;0.0;0.17945308872449972;0.034357901265642525;0.034357901265642525;-0.034357901265642525;baseline_0
1070_5;0;5;0;0.7590264920449967;1.0;1.0;1.0;0.0;0.0;0.17702844572876242;0.03994163753354922;0.039941325673454715;-0.039941325673454715;baseline_0
1081_5;1;5;0;0.9445981009713535;1.0;1.0;1.0;0.0;0.0;0.17248644347196565;0.037884500556664646;0.037884500556664646;-0.037884500556664646;baseline_0
1090_5;1;5;1;0.9979987578762868;1.0;1.0;1.0;0.0;0.0;0.17370364966457263;0.010381586211224439;0.010381586211224439;-0.010381586211224439;baseline_0
1095_5;0;5;1;0.9882673266044256;1.0;1.0;1.0;0.0;0.0;0.17961390053267504;0.03405584610101379;0.03405584610101379;-0.030212632972137766;baseline_0
1096_5;0;5;1;0.9977729356273052;1.0;1.0;1.0;0.0;0.0;0.174846552809334;0.014281974632129773;0.014281974632129773;-0.014281974632129773;baseline_0
1105_5;0;5;0;0.5391518256249913;1.0;1.0;1.0;0.0;0.0;0.17484323686264794;0.014876452366405715;0.014876452366405715;-0.014876452366405715;baseline_0
1127_5;1;5;1;0.9973032605844078;1.0;1.0;1.0;0.0;0.0;0.17664711185986537;0.03995973299373642;0.03995973299373642;-0.036704418049422385;baseline_0
