"Case ID;Actual;Prefix Length;Prediction;Prediction Probability;SHAP Subset Stability;SHAP Weight Stability;SHAP Adjusted Weight Stability;SHAP Precision;SHAP Recall;SHAP Correlation";MAPE Correctness;RMSE Correctness;R2 Correctness;Mode
"1030_7;1;7;1;0.9888112576206922;1.0;1.0;1.0;0.0;0.0;0.2036521903230019";0.8280696964401171;0.8280696964401171;-0.8280696964401171;baseline_max
"1058_7;1;7;1;0.9959675781016312;1.0;1.0;1.0;0.0;0.0;0.20378926929510713";0.8249994747179394;0.8249994747179394;-0.8249994747179394;baseline_max
"1096_7;0;7;1;0.9967773409725093;1.0;1.0;1.0;0.0;0.0;0.20197247002305277";0.8122665956106851;0.8122665956106851;-0.8122665956106851;baseline_max
"1108_7;0;7;1;0.9959608244177482;1.0;1.0;1.0;0.0;0.0;0.20119536948418848";0.833862899907014;0.833862899907014;-0.833862899907014;baseline_max
"1118_7;0;7;0;0.9053547324059372;1.0;1.0;1.0;0.0;0.0;0.2023132807409218";0.842766205626445;0.842766205626445;-0.842766205626445;baseline_max
"947_7;0;7;1;0.7114376082822365;1.0;1.0;1.0;0.0;0.0;0.19180834389709558";0.8802803735131688;0.8802791593112922;-0.8802787545784501;baseline_max
"963_7;1;7;0;0.9212633376769236;1.0;1.0;1.0;0.0;0.0;0.20225526807848046";0.8380557575759201;0.8380557575759201;-0.8380557575759201;baseline_max
"987_7;1;7;1;0.9949483378788464;1.0;1.0;1.0;0.0;0.0;0.20239620504265424";0.8170680588033069;0.8170680588033069;-0.8170680588033069;baseline_max
