"Case ID;Actual;Prefix Length;Prediction;Prediction Probability;SHAP Subset Stability;SHAP Weight Stability;SHAP Adjusted Weight Stability;SHAP Precision;SHAP Recall;SHAP Correlation";MAPE Correctness;RMSE Correctness;R2 Correctness;Mode
"1008_9;1;9;0;0.9999968792255564;1.0;1.0;1.0;0.0;0.0;0.24522819006699578";0.8079455054626044;0.8079455054626044;-0.8079455054626044;baseline_max
"1011_9;0;9;0;0.9965240444190868;1.0;1.0;1.0;0.0;0.0;0.2572931267866392";0.8011441136324637;0.8011441136324637;-0.8011441136324637;baseline_max
"1017_9;1;9;1;0.9999732974129258;1.0;1.0;1.0;0.0;0.0;0.25637195746780367";0.7959767302928844;0.7959767302928844;-0.7959767302928844;baseline_max
"1025_9;0;9;0;0.9987077278154772;1.0;1.0;1.0;0.0;0.0;0.25782475456788423";0.798683253657621;0.798683253657621;-0.798683253657621;baseline_max
"1061_9;0;9;0;0.9975319586437152;1.0;1.0;1.0;0.0;0.0;0.25834079716987457";0.7953118232970185;0.7953118232970185;-0.7953118232970185;baseline_max
"1139_9;1;9;1;0.9999996213460496;1.0;1.0;1.0;0.0;0.0;0.2560965313571919";0.8025819706230221;0.8025819706230221;-0.8025819706230221;baseline_max
"919_9;0;9;0;0.9992655426125736;1.0;1.0;1.0;0.0;0.0;0.2568203763492454";0.8000001973999729;0.8000001973999729;-0.8000001973999729;baseline_max
"986_9;1;9;1;0.9999960530040952;1.0;1.0;1.0;0.0;0.0;0.25719254840016226";0.7844103506395323;0.7844103506395323;-0.7844103506395323;baseline_max
