"Case ID;Actual;Prefix Length;Prediction;Prediction Probability;SHAP Subset Stability;SHAP Weight Stability;SHAP Adjusted Weight Stability;SHAP Precision;SHAP Recall;SHAP Correlation";MAPE Correctness;RMSE Correctness;R2 Correctness;Mode
"1017_10;1;10;1;0.999999998884984;1.0;1.0;1.0;0.0;0.0;0.27374543654314487";0.6610431584094953;0.6610431584094953;-0.6610431584094953;baseline_mean
"1035_10;1;10;0;0.9728890456568496;1.0;1.0;1.0;0.0;0.0;0.2786186662792352";0.6640606464658309;0.6640606464658309;;baseline_mean
"1038_10;0;10;1;0.9963484533349732;1.0;1.0;1.0;0.0;0.0;0.2714791545333856";0.6535352427279981;0.6535352427279981;-0.6535352427279981;baseline_mean
"1048_10;0;10;0;0.9999976690397172;1.0;1.0;1.0;0.0;0.0;0.27759006781871776";0.6678759372150128;0.6678759372150128;-0.6678759372150128;baseline_mean
"1127_10;1;10;1;0.9999999997598046;1.0;1.0;1.0;0.0;0.0;0.2732833947383705";0.6596396120325816;0.6596396120325816;-0.6596396120325816;baseline_mean
"932_10;0;10;0;0.8673888878507723;1.0;1.0;1.0;0.0;0.0;0.27429044648946505";0.6596934918440882;0.6596934918440882;-0.6596934918440882;baseline_mean
"935_10;0;10;0;0.999898057634494;1.0;1.0;1.0;0.0;0.0;0.27607145669802674";0.6615375327308725;0.6615375327308725;-0.6615375327308725;baseline_mean
"969_10;1;10;1;0.9999776358914994;1.0;1.0;1.0;0.0;0.0;0.2731451199245747";0.6606965651084292;0.6606965651084292;-0.6606965651084292;baseline_mean
