"Case ID;Actual;Prefix Length;Prediction;Prediction Probability;SHAP Subset Stability;SHAP Weight Stability;SHAP Adjusted Weight Stability;SHAP Precision;SHAP Recall;SHAP Correlation";MAPE Correctness;RMSE Correctness;R2 Correctness;Mode
"1011_11;0;11;0;0.9970261369822684;1.0;1.0;1.0;0.0;0.0;0.28725803648430803";0.7806261386562499;0.7806261386562499;-0.7806261386562499;baseline_max
"1038_11;0;11;0;0.6761470388658031;1.0;1.0;1.0;0.0;0.0;0.2829802170693512";0.8455251035913451;0.8455248715060601;;baseline_max
"1053_11;0;11;0;0.9999633810513038;1.0;1.0;1.0;0.0;0.0;0.28716761188386475";0.7602686632202176;0.7602686632202176;-0.7602686632202176;baseline_max
"1060_11;1;11;1;0.9983222325439158;1.0;1.0;1.0;0.0;0.0;0.28226972034535813";0.7789881292389647;0.7789881292389647;-0.7789881292389647;baseline_max
"1110_11;0;11;0;0.9999999949864274;1.0;1.0;1.0;0.0;0.0;0.28414985954668315";0.7701630665566978;0.7701630665566978;-0.7701630665566978;baseline_max
"1117_11;1;11;1;0.9999998833012236;1.0;1.0;1.0;0.0;0.0;0.2805334337761937";0.7877772870541313;0.7877772870541313;-0.7877772870541313;baseline_max
"1130_11;1;11;1;0.9999999999357976;1.0;1.0;1.0;0.0;0.0;0.28398306336871926";0.7828182355681953;0.7828182355681953;-0.7828182355681953;baseline_max
"949_11;1;11;1;0.9999999999166722;1.0;1.0;1.0;0.0;0.0;0.2844551588756609";0.7671005777925103;0.7671005777925103;-0.7671005777925103;baseline_max
