"Case ID;Actual;Prefix Length;Prediction;Prediction Probability;SHAP Subset Stability;SHAP Weight Stability;SHAP Adjusted Weight Stability;SHAP Precision;SHAP Recall;SHAP Correlation";MAPE Correctness;RMSE Correctness;R2 Correctness;Mode
"1042_3;1;3;1;0.9421335782187472;1.0;1.0;1.0;0.0;0.0;0.16084006410053864";0.6971475781832214;0.6971475781832214;-0.6971475781832214;baseline_mean
"1061_3;0;3;0;0.8507533331018349;1.0;1.0;1.0;0.0;0.0;0.16425755932575797";0.6997477228944603;0.6997477228944603;-0.6997477228944603;baseline_mean
"1102_3;0;3;1;0.9979520498444744;1.0;1.0;1.0;0.0;0.0;0.1663997624631403";0.6993498400053567;0.6993498400053567;-0.6993498400053567;baseline_mean
"1122_3;1;3;0;0.9981720841865868;1.0;1.0;1.0;0.0;0.0;0.16047566941267652";0.6948464538479756;0.6948464538479756;-0.13778533782874955;baseline_mean
"1136_3;0;3;0;0.701719986702255;1.0;1.0;1.0;0.0;0.0;0.16573341670293548";0.7002844682778019;0.7002844682778019;;baseline_mean
"937_3;0;3;1;0.8288393475803572;1.0;1.0;1.0;0.0;0.0;0.1608347053551289";0.6966072879780825;0.6966072879780825;-0.6966072879780825;baseline_mean
"977_3;1;3;1;0.9999421730188108;1.0;1.0;1.0;0.0;0.0;0.16372088391587525";0.6985323924699132;0.6985323924699132;-0.13778533782874955;baseline_mean
"978_3;1;3;1;0.999889408578952;1.0;1.0;1.0;0.0;0.0;0.16120387624352525";0.6975418812010132;0.6975418812010132;-0.6975418812010132;baseline_mean
