Case ID;Actual;Prefix Length;Prediction;Prediction Probability;SHAP Subset Stability;SHAP Weight Stability;SHAP Adjusted Weight Stability;SHAP Precision;SHAP Recall;SHAP Correlation;MAPE Correctness;RMSE Correctness;R2 Correctness;Mode
1011_11;0;11;0;0.9970261369822684;1.0;1.0;1.0;0.0;0.0;0.28725803648430803;0.09482292769189314;0.09482292769189314;-0.09482292769189314;baseline_0
1038_11;0;11;0;0.6761470388658031;1.0;1.0;1.0;0.0;0.0;0.2829802170693512;0.08644540130175736;0.08644540130175736;;baseline_0
1053_11;0;11;0;0.9999633810513038;1.0;1.0;1.0;0.0;0.0;0.28716761188386475;0.10527312666023604;0.10527312666023604;-0.10527312666023604;baseline_0
1060_11;1;11;1;0.9983222325439158;1.0;1.0;1.0;0.0;0.0;0.28226972034535813;0.060400663468842555;0.060400663468842555;-0.060400663468842555;baseline_0
1110_11;0;11;0;0.9999999949864274;1.0;1.0;1.0;0.0;0.0;0.28414985954668315;0.09402248753940042;0.09402248753940042;-0.09402248753940042;baseline_0
1117_11;1;11;1;0.9999998833012236;1.0;1.0;1.0;0.0;0.0;0.2805334337761937;0.07917909395908071;0.07917909395908071;-0.07917909395908071;baseline_0
1130_11;1;11;1;0.9999999999357976;1.0;1.0;1.0;0.0;0.0;0.28398306336871926;0.10020334284752315;0.10020334284752315;-0.10020334284752315;baseline_0
949_11;1;11;1;0.9999999999166722;1.0;1.0;1.0;0.0;0.0;0.2844551588756609;0.09562512733326065;0.09562512733326065;-0.09562512733326065;baseline_0
