"Case ID;Actual;Prefix Length;Prediction;Prediction Probability;SHAP Subset Stability;SHAP Weight Stability;SHAP Adjusted Weight Stability;SHAP Precision;SHAP Recall;SHAP Correlation";MAPE Correctness;RMSE Correctness;R2 Correctness;Mode
"1049_14;1;14;1;0.999999760459014;1.0;1.0;1.0;0.0;0.0;0.27762786921022076";0.6679958285012144;0.6679958285012144;-0.1728494765113173;baseline_mean
"1080_14;0;14;0;0.9751912025315644;1.0;1.0;1.0;0.0;0.0;0.2733252111333966";0.6613707942093023;0.6613707942093023;-0.6613707942093023;baseline_mean
"1093_14;1;14;1;0.9999994574104428;1.0;1.0;1.0;0.0;0.0;0.27178363913358294";0.6606841762944313;0.6606841762944313;-0.6606841762944313;baseline_mean
"1100_14;1;14;1;0.9999995526104098;1.0;1.0;1.0;0.0;0.0;0.27302880406393937";0.6611669344399153;0.6611669344399153;-0.1728494765113173;baseline_mean
"918_14;1;14;1;0.9999993213417776;1.0;1.0;1.0;0.0;0.0;0.27404572310342784";0.6621556205586902;0.6621556205586902;-0.6621556205586902;baseline_mean
"922_14;0;14;0;0.9223227498139214;1.0;1.0;1.0;0.0;0.0;0.27002143773004056";0.6553299296978553;0.6553299296978553;-0.6553299296978553;baseline_mean
"932_14;0;14;1;0.8441719757698283;1.0;1.0;1.0;0.0;0.0;0.27435406275168395";0.6617581818407695;0.6617581818407695;-0.1728494765113173;baseline_mean
"972_14;0;14;0;0.9982641941055403;1.0;1.0;1.0;0.0;0.0;0.2778683596509377";0.6703118249785615;0.6703118249785615;-0.6703118249785615;baseline_mean
