"Case ID;Actual;Prefix Length;Prediction;Prediction Probability;SHAP Subset Stability;SHAP Weight Stability;SHAP Adjusted Weight Stability;SHAP Precision;SHAP Recall;SHAP Correlation";MAPE Correctness;RMSE Correctness;R2 Correctness;Mode
"916.0;0.0;1.0;1.0;0.5119661598777093;1.0;1.0;1.0;0.0;0.0;0.01812318721073159";-0.045269357049659585;-0.045269357049659585;0.04638009103841456;baseline_0
"925.0;1.0;1.0;1.0;0.992119926598268;1.0;1.0;1.0;0.0;0.0;0.025181587056929848";0.005789145382184464;0.005789145382184464;-0.005789145382184464;baseline_0
"1032.0;1.0;1.0;1.0;0.9955881911325662;1.0;1.0;1.0;0.0;0.0;0.02238196137898702";0.0012077881019146306;0.0012077881019146306;-0.0012077881019146306;baseline_0
"1096.0;0.0;1.0;1.0;0.9524557077461198;1.0;1.0;1.0;0.0;0.0;0.022467582609025448";-0.007875809194312121;-0.007875809194312121;0.007875809194312121;baseline_0
"1108.0;0.0;1.0;1.0;0.8692198889797513;1.0;1.0;1.0;0.0;0.0;0.018723083950885358";-0.028528558873253115;-0.028528558873253115;0.028528558873253115;baseline_0
"1115.0;1.0;1.0;0.0;0.6900116050103822;1.0;1.0;1.0;0.0;0.0;0.016485991301927475";-0.021933512743219183;-0.021933512743219183;0.022714395951143978;baseline_0
"1117.0;1.0;1.0;1.0;0.721164544612891;1.0;1.0;1.0;0.0;0.0;0.019942464917568608";-0.03305854363494877;-0.03305854363494877;;baseline_0
"1141.0;0.0;1.0;0.0;0.707026125166661;1.0;1.0;1.0;0.0;0.0;0.024485688480544103";-0.009348428115830467;-0.009348428115830467;0.009348428115830467;baseline_0
