"Case ID;Actual;Prefix Length;Prediction;Prediction Probability;SHAP Subset Stability;SHAP Weight Stability;SHAP Adjusted Weight Stability;SHAP Precision;SHAP Recall;SHAP Correlation";MAPE Correctness;RMSE Correctness;R2 Correctness;Mode
"1078_12;0;12;0;0.9811073927484866;1.0;1.0;1.0;0.0;0.0;0.27228156354857985";0.8080931968130242;0.8080930000866562;-0.8080930000866562;baseline_max
"1085_12;1;12;1;0.9965850826590767;1.0;1.0;1.0;0.0;0.0;0.26981367741970935";0.7986099322607152;0.7986099322607152;-0.7986099322607152;baseline_max
"1099_12;0;12;1;0.9797845971539224;1.0;1.0;1.0;0.0;0.0;0.2720354485896589";0.8058195243101911;0.8058195243101911;-0.8058195243101911;baseline_max
"1122_12;1;12;0;0.9999856525386508;1.0;1.0;1.0;0.0;0.0;0.2639009035300623";0.8188462093280132;0.8188462093280132;-0.8188462093280132;baseline_max
"1137_12;1;12;1;0.999998318709351;1.0;1.0;1.0;0.0;0.0;0.2709368781104414";0.8051564514810561;0.8051564514810561;-0.8051564514810561;baseline_max
"933_12;0;12;0;0.9961862671059648;1.0;1.0;1.0;0.0;0.0;0.27181142265582514";0.8124128078662922;0.8124128078662922;-0.8124128078662922;baseline_max
"959_12;1;12;1;0.9999830531261856;1.0;1.0;1.0;0.0;0.0;0.2719738179532817";0.8126379508438182;0.8126379508438182;-0.8126379508438182;baseline_max
"988_12;0;12;0;0.9967067670660312;1.0;1.0;1.0;0.0;0.0;0.27233044345381824";0.8112761955552165;0.8112761955552165;-0.8112761955552165;baseline_max
