Case ID;Actual;Prefix Length;Prediction;Prediction Probability;SHAP Subset Stability;SHAP Weight Stability;SHAP Adjusted Weight Stability;SHAP Precision;SHAP Recall;SHAP Correlation;MAPE Correctness;RMSE Correctness;R2 Correctness;Mode
1049_14;1;14;1;0.999999760459014;1.0;1.0;1.0;0.0;0.0;0.27762786921022076;0.08542707070186552;0.08542707070186552;-0.07890101694506153;baseline_min
1080_14;0;14;0;0.9751912025315644;1.0;1.0;1.0;0.0;0.0;0.2733252111333966;0.08286763169191333;0.08286763169191333;-0.08286763169191333;baseline_min
1093_14;1;14;1;0.9999994574104428;1.0;1.0;1.0;0.0;0.0;0.27178363913358294;0.0880169244523627;0.0880169244523627;-0.0880169244523627;baseline_min
1100_14;1;14;1;0.9999995526104098;1.0;1.0;1.0;0.0;0.0;0.27302880406393937;0.09505123754443537;0.09505123754443537;-0.08961128761173676;baseline_min
918_14;1;14;1;0.9999993213417776;1.0;1.0;1.0;0.0;0.0;0.27404572310342784;0.08503245337115048;0.08503245337115048;-0.08503245337115048;baseline_min
922_14;0;14;0;0.9223227498139214;1.0;1.0;1.0;0.0;0.0;0.27002143773004056;0.06393911263882322;0.06393911263882322;-0.06393911263882322;baseline_min
932_14;0;14;1;0.8441719757698283;1.0;1.0;1.0;0.0;0.0;0.27435406275168395;0.08053250472583574;0.08053250472583574;-0.07464888571142138;baseline_min
972_14;0;14;0;0.9982641941055403;1.0;1.0;1.0;0.0;0.0;0.2778683596509377;0.08610288985964051;0.08610288985964051;-0.08610288985964051;baseline_min
