"Case ID;Actual;Prefix Length;Prediction;Prediction Probability;SHAP Subset Stability;SHAP Weight Stability;SHAP Adjusted Weight Stability;SHAP Precision;SHAP Recall;SHAP Correlation";MAPE Correctness;RMSE Correctness;R2 Correctness;Mode
"1017_8;1;8;1;0.9995023146389596;1.0;1.0;1.0;0.0;0.0;0.23762723067365604";0.8105418782775456;0.8105418782775456;-0.8105418782775456;baseline_max
"1078_8;0;8;0;0.9996925184610976;1.0;1.0;1.0;0.0;0.0;0.24163496879695237";0.7951585181258923;0.7951585181258923;-0.7951585181258923;baseline_max
"1098_8;0;8;0;0.9894653570206996;1.0;1.0;1.0;0.0;0.0;0.23853092211121552";0.7978530569545824;0.7978530569545824;-0.7978530569545824;baseline_max
"1139_8;1;8;1;0.9999999528648622;1.0;1.0;1.0;0.0;0.0;0.2374123872245193";0.812492131777531;0.812492131777531;-0.812492131777531;baseline_max
"1141_8;0;8;0;0.7384232307544689;1.0;1.0;1.0;0.0;0.0;0.2353729316763922";0.8632268839804489;0.8632227842340598;-0.8632227842340598;baseline_max
"916_8;0;8;0;0.990268902023578;1.0;1.0;1.0;0.0;0.0;0.2378535048834881";0.8104521400499795;0.8104521400499795;-0.069062353270353;baseline_max
"949_8;1;8;1;0.9999967636530775;1.0;1.0;1.0;0.0;0.0;0.23682296811606451";0.7973119820026081;0.7973119820026081;-0.7973119820026081;baseline_max
"964_8;1;8;1;0.999993344633718;1.0;1.0;1.0;0.0;0.0;0.23953817908465552";0.8049272170963901;0.8049272170963901;-0.8049272170963901;baseline_max
