"Case ID;Actual;Prefix Length;Prediction;Prediction Probability;SHAP Subset Stability;SHAP Weight Stability;SHAP Adjusted Weight Stability;SHAP Precision;SHAP Recall;SHAP Correlation";MAPE Correctness;RMSE Correctness;R2 Correctness;Mode
"1019_13;0;13;0;0.9953093614379552;1.0;1.0;1.0;0.0;0.0;0.2943897869974653";0.8164255106941055;0.8164255106941055;-0.8164255106941055;baseline_max
"1027_13;0;13;0;0.992509834769812;1.0;1.0;1.0;0.0;0.0;0.29945652133402473";0.8109456361008344;0.8109454613248098;-0.8109454613248098;baseline_max
"1034_13;0;13;0;0.9997260701871996;1.0;1.0;1.0;0.0;0.0;0.29850639895385356";0.8093683939385375;0.8093683939385375;-0.8093683939385375;baseline_max
"1090_13;1;13;1;0.9999983138967112;1.0;1.0;1.0;0.0;0.0;0.2922112105350027";0.8146154565457002;0.8146154565457002;-0.8146154565457002;baseline_max
"1121_13;1;13;1;0.9999995489984914;1.0;1.0;1.0;0.0;0.0;0.29433528230547856";0.8222888338622693;0.8222888338622693;-0.8222888338622693;baseline_max
"912_13;1;13;1;0.9999999998806748;1.0;1.0;1.0;0.0;0.0;0.2957369575426836";0.8131059659779675;0.8131059659779675;-0.8131059659779675;baseline_max
"926_13;1;13;1;0.9999999690657648;1.0;1.0;1.0;0.0;0.0;0.2962146311346082";0.8128550897384463;0.8128550897384463;-0.8128550897384463;baseline_max
"933_13;0;13;0;0.994266780412198;1.0;1.0;1.0;0.0;0.0;0.2943804701048425";0.8169442004374531;0.8169442004374531;-0.8169442004374531;baseline_max
