Case ID;Actual;Prefix Length;Prediction;Prediction Probability;SHAP Subset Stability;SHAP Weight Stability;SHAP Adjusted Weight Stability;SHAP Precision;SHAP Recall;SHAP Correlation;MAPE Correctness;RMSE Correctness;R2 Correctness;Mode
916.0;0.0;1.0;1.0;0.5119661598777093;1.0;1.0;1.0;0.0;0.0;0.01812318721073159;0.7243184653578872;0.7243184653578872;-0.10964682521837438;baseline_mean
925.0;1.0;1.0;1.0;0.992119926598268;1.0;1.0;1.0;0.0;0.0;0.025181587056929848;0.7274254478098148;0.7274254478098148;-0.7274254478098148;baseline_mean
1032.0;1.0;1.0;1.0;0.9955881911325662;1.0;1.0;1.0;0.0;0.0;0.02238196137898702;0.727735138498935;0.727735138498935;-0.727735138498935;baseline_mean
1096.0;0.0;1.0;1.0;0.9524557077461198;1.0;1.0;1.0;0.0;0.0;0.022467582609025448;0.7265255918452013;0.7265255918452013;-0.7265255918452013;baseline_mean
1108.0;0.0;1.0;1.0;0.8692198889797513;1.0;1.0;1.0;0.0;0.0;0.018723083950885358;0.7242573642739136;0.7242573642739136;-0.7242573642739136;baseline_mean
1115.0;1.0;1.0;0.0;0.6900116050103822;1.0;1.0;1.0;0.0;0.0;0.016485991301927475;0.7217039702174897;0.7217039702174897;-0.10964682521837438;baseline_mean
1117.0;1.0;1.0;1.0;0.721164544612891;1.0;1.0;1.0;0.0;0.0;0.019942464917568608;0.7240039909090978;0.7240039909090978;;baseline_mean
1141.0;0.0;1.0;0.0;0.707026125166661;1.0;1.0;1.0;0.0;0.0;0.024485688480544103;0.7275476218580261;0.7275476218580261;-0.7275476218580261;baseline_mean
