Case ID;Actual;Prefix Length;Prediction;Prediction Probability;SHAP Subset Stability;SHAP Weight Stability;SHAP Adjusted Weight Stability;SHAP Precision;SHAP Recall;SHAP Correlation;MAPE Correctness;RMSE Correctness;R2 Correctness;Mode
1022_4;0;4;1;0.8486496360163384;1.0;1.0;1.0;0.0;0.0;0.1667827859131688;0.08250002683274485;0.08250002683274485;;baseline_min
1053_4;0;4;0;0.9968988313143892;1.0;1.0;1.0;0.0;0.0;0.1657122309500997;0.07914750671538393;0.07914750671538393;-0.07914750671538393;baseline_min
1091_4;1;4;1;0.9999975081812364;1.0;1.0;1.0;0.0;0.0;0.16489364152693972;0.07643328227608807;0.07643328227608807;-0.07643328227608807;baseline_min
1104_4;1;4;1;0.9999938470576508;1.0;1.0;1.0;0.0;0.0;0.1644259521055835;0.06819469164402392;0.06819469164402392;-0.06819469164402392;baseline_min
1136_4;0;4;0;0.9378682114306164;1.0;1.0;1.0;0.0;0.0;0.16595115658917722;0.08323540554182353;0.08323540554182353;-0.08323540554182353;baseline_min
959_4;1;4;1;0.9999779099843844;1.0;1.0;1.0;0.0;0.0;0.1627324188306719;0.03863268544281279;0.03863268544281279;-0.03621736031041671;baseline_min
973_4;0;4;0;0.9999910931281758;1.0;1.0;1.0;0.0;0.0;0.16601841905856982;0.0580347817814622;0.0580347817814622;-0.0580347817814622;baseline_min
998_4;1;4;1;0.999999945248247;1.0;1.0;1.0;0.0;0.0;0.16483713308849954;0.0846095296892251;0.0846095296892251;-0.0846095296892251;baseline_min
