"Case ID;Actual;Prefix Length;Prediction;Prediction Probability;SHAP Subset Stability;SHAP Weight Stability;SHAP Adjusted Weight Stability;SHAP Precision;SHAP Recall;SHAP Correlation";MAPE Correctness;RMSE Correctness;R2 Correctness;Mode
"1017_8;1;8;1;0.9995023146389596;1.0;1.0;1.0;0.0;0.0;0.23762723067365604";0.6784949032621718;0.6784949032621718;-0.6784949032621718;baseline_mean
"1078_8;0;8;0;0.9996925184610976;1.0;1.0;1.0;0.0;0.0;0.24163496879695237";0.6799687010954617;0.6799687010954617;-0.6799687010954617;baseline_mean
"1098_8;0;8;0;0.9894653570206996;1.0;1.0;1.0;0.0;0.0;0.23853092211121552";0.6789751017914332;0.6789751017914332;-0.6789751017914332;baseline_mean
"1139_8;1;8;1;0.9999999528648622;1.0;1.0;1.0;0.0;0.0;0.2374123872245193";0.6780575710153176;0.6780575710153176;-0.6780575710153176;baseline_mean
"1141_8;0;8;0;0.7384232307544689;1.0;1.0;1.0;0.0;0.0;0.2353729316763922";0.677240068846022;0.677240068846022;-0.677240068846022;baseline_mean
"916_8;0;8;0;0.990268902023578;1.0;1.0;1.0;0.0;0.0;0.2378535048834881";0.6775408552837257;0.6775408552837257;-0.16147850340284478;baseline_mean
"949_8;1;8;1;0.9999967636530775;1.0;1.0;1.0;0.0;0.0;0.23682296811606451";0.6768949152386377;0.6768949152386377;-0.6768949152386377;baseline_mean
"964_8;1;8;1;0.999993344633718;1.0;1.0;1.0;0.0;0.0;0.23953817908465552";0.6797900760342076;0.6797900760342076;-0.6797900760342076;baseline_mean
