Case ID;Actual;Prefix Length;Prediction;Prediction Probability;SHAP Subset Stability;SHAP Weight Stability;SHAP Adjusted Weight Stability;SHAP Precision;SHAP Recall;SHAP Correlation;MAPE Correctness;RMSE Correctness;R2 Correctness;Mode
1042_3;1;3;1;0.9421335782187472;1.0;1.0;1.0;0.0;0.0;0.16084006410053864;0.07513550358806582;0.07513550358806582;-0.07513550358806582;baseline_0
1061_3;0;3;0;0.8507533331018349;1.0;1.0;1.0;0.0;0.0;0.16425755932575797;0.09909239052190008;0.09909239052190008;-0.09909239052190008;baseline_0
1102_3;0;3;1;0.9979520498444744;1.0;1.0;1.0;0.0;0.0;0.1663997624631403;0.08467938172240876;0.08467938172240876;-0.08467938172240876;baseline_0
1122_3;1;3;0;0.9981720841865868;1.0;1.0;1.0;0.0;0.0;0.16047566941267652;0.04904572342788947;0.04904572342788947;-0.04817308306048578;baseline_0
1136_3;0;3;0;0.701719986702255;1.0;1.0;1.0;0.0;0.0;0.16573341670293548;0.0950948368931716;0.0950948368931716;;baseline_0
937_3;0;3;1;0.8288393475803572;1.0;1.0;1.0;0.0;0.0;0.1608347053551289;0.0546702834217275;0.0546702834217275;-0.0546702834217275;baseline_0
977_3;1;3;1;0.9999421730188108;1.0;1.0;1.0;0.0;0.0;0.16372088391587525;0.09224303694865976;0.09224303694865976;-0.0914415986388609;baseline_0
978_3;1;3;1;0.999889408578952;1.0;1.0;1.0;0.0;0.0;0.16120387624352525;0.05905777031939848;0.05905777031939848;-0.05905777031939848;baseline_0
