"Case ID;Actual;Prefix Length;Prediction;Prediction Probability;SHAP Subset Stability;SHAP Weight Stability;SHAP Adjusted Weight Stability;SHAP Precision;SHAP Recall;SHAP Correlation";MAPE Correctness;RMSE Correctness;R2 Correctness;Mode
"1019_13;0;13;0;0.9953093614379552;1.0;1.0;1.0;0.0;0.0;0.2943897869974653";0.07720070793300722;0.07720070793300722;-0.07720070793300722;baseline_min
"1027_13;0;13;0;0.992509834769812;1.0;1.0;1.0;0.0;0.0;0.29945652133402473";0.10181520853218542;0.10181520853218542;-0.10181520853218542;baseline_min
"1034_13;0;13;0;0.9997260701871996;1.0;1.0;1.0;0.0;0.0;0.29850639895385356";0.10211308358751972;0.10211308358751972;-0.10211308358751972;baseline_min
"1090_13;1;13;1;0.9999983138967112;1.0;1.0;1.0;0.0;0.0;0.2922112105350027";0.08694747854214763;0.08694747854214763;-0.08694747854214763;baseline_min
"1121_13;1;13;1;0.9999995489984914;1.0;1.0;1.0;0.0;0.0;0.29433528230547856";0.09604836129192834;0.09604836129192834;-0.09604836129192834;baseline_min
"912_13;1;13;1;0.9999999998806748;1.0;1.0;1.0;0.0;0.0;0.2957369575426836";0.09739342272597117;0.09739342272597117;-0.09739342272597117;baseline_min
"926_13;1;13;1;0.9999999690657648;1.0;1.0;1.0;0.0;0.0;0.2962146311346082";0.09826739568158821;0.09826739568158821;-0.09826739568158821;baseline_min
"933_13;0;13;0;0.994266780412198;1.0;1.0;1.0;0.0;0.0;0.2943804701048425";0.08695676454962344;0.08695676454962344;-0.08695676454962344;baseline_min
