Case ID;Actual;Prefix Length;Prediction;Prediction Probability;SHAP Subset Stability;SHAP Weight Stability;SHAP Adjusted Weight Stability;SHAP Precision;SHAP Recall;SHAP Correlation;MAPE Correctness;RMSE Correctness;R2 Correctness;Mode
1042_3;1;3;1;0.9421335782187472;1.0;1.0;1.0;0.0;0.0;0.16084006410053864;0.7330321504741788;0.733031477810561;-0.733031477810561;baseline_max
1061_3;0;3;0;0.8507533331018349;1.0;1.0;1.0;0.0;0.0;0.16425755932575797;0.7382565503940525;0.7382572278449788;-0.7382565503940525;baseline_max
1102_3;0;3;1;0.9979520498444744;1.0;1.0;1.0;0.0;0.0;0.1663997624631403;0.7203827271066191;0.7203827271066191;-0.7203827271066191;baseline_max
1122_3;1;3;0;0.9981720841865868;1.0;1.0;1.0;0.0;0.0;0.16047566941267652;0.710604390749634;0.710604390749634;-0.08559254492207173;baseline_max
1136_3;0;3;0;0.701719986702255;1.0;1.0;1.0;0.0;0.0;0.16573341670293548;0.7889198657015789;0.7889184179336605;;baseline_max
937_3;0;3;1;0.8288393475803572;1.0;1.0;1.0;0.0;0.0;0.1608347053551289;0.7687290518228054;0.7687283463865523;-0.7687276409522413;baseline_max
977_3;1;3;1;0.9999421730188108;1.0;1.0;1.0;0.0;0.0;0.16372088391587525;0.7217237330288383;0.7217237330288383;-0.04289102505872554;baseline_max
978_3;1;3;1;0.999889408578952;1.0;1.0;1.0;0.0;0.0;0.16120387624352525;0.728873772693239;0.728873772693239;-0.728873772693239;baseline_max
