"Case ID;Actual;Prefix Length;Prediction;Prediction Probability;SHAP Subset Stability;SHAP Weight Stability;SHAP Adjusted Weight Stability;SHAP Precision;SHAP Recall;SHAP Correlation";MAPE Correctness;RMSE Correctness;R2 Correctness;Mode
"1078_12;0;12;0;0.9811073927484866;1.0;1.0;1.0;0.0;0.0;0.27228156354857985";0.659287624028133;0.659287624028133;-0.659287624028133;baseline_mean
"1085_12;1;12;1;0.9965850826590767;1.0;1.0;1.0;0.0;0.0;0.26981367741970935";0.656851554768445;0.656851554768445;-0.656851554768445;baseline_mean
"1099_12;0;12;1;0.9797845971539224;1.0;1.0;1.0;0.0;0.0;0.2720354485896589";0.6590002835637648;0.6590002835637648;-0.6590002835637648;baseline_mean
"1122_12;1;12;0;0.9999856525386508;1.0;1.0;1.0;0.0;0.0;0.2639009035300623";0.6518008983915596;0.6518008983915596;-0.6518008983915596;baseline_mean
"1137_12;1;12;1;0.999998318709351;1.0;1.0;1.0;0.0;0.0;0.2709368781104414";0.6573761953729875;0.6573761953729875;-0.6573761953729875;baseline_mean
"933_12;0;12;0;0.9961862671059648;1.0;1.0;1.0;0.0;0.0;0.27181142265582514";0.6588542255857539;0.6588542255857539;-0.6588542255857539;baseline_mean
"959_12;1;12;1;0.9999830531261856;1.0;1.0;1.0;0.0;0.0;0.2719738179532817";0.6596623230075496;0.6596623230075496;-0.6596623230075496;baseline_mean
"988_12;0;12;0;0.9967067670660312;1.0;1.0;1.0;0.0;0.0;0.27233044345381824";0.6603998067265263;0.6603998067265263;-0.6603998067265263;baseline_mean
