Case ID;Actual;Prefix Length;Prediction;Prediction Probability;SHAP Subset Stability;SHAP Weight Stability;SHAP Adjusted Weight Stability;SHAP Precision;SHAP Recall;SHAP Correlation;MAPE Correctness;RMSE Correctness;R2 Correctness;Mode
1008_9;1;9;0;0.9999968792255564;1.0;1.0;1.0;0.0;0.0;0.24522819006699578;0.06535185119957702;0.06535185119957702;-0.06535185119957702;baseline_min
1011_9;0;9;0;0.9965240444190868;1.0;1.0;1.0;0.0;0.0;0.2572931267866392;0.07245856311029884;0.07245856311029884;-0.07245856311029884;baseline_min
1017_9;1;9;1;0.9999732974129258;1.0;1.0;1.0;0.0;0.0;0.25637195746780367;0.07227552537736404;0.07227552537736404;-0.07227552537736404;baseline_min
1025_9;0;9;0;0.9987077278154772;1.0;1.0;1.0;0.0;0.0;0.25782475456788423;0.07735449781851438;0.07735449781851438;-0.07735449781851438;baseline_min
1061_9;0;9;0;0.9975319586437152;1.0;1.0;1.0;0.0;0.0;0.25834079716987457;0.07647356839004653;0.07647356839004653;-0.07647356839004653;baseline_min
1139_9;1;9;1;0.9999996213460496;1.0;1.0;1.0;0.0;0.0;0.2560965313571919;0.07637362217711148;0.07637362217711148;-0.07637362217711148;baseline_min
919_9;0;9;0;0.9992655426125736;1.0;1.0;1.0;0.0;0.0;0.2568203763492454;0.07580440084342192;0.07580440084342192;-0.07580440084342192;baseline_min
986_9;1;9;1;0.9999960530040952;1.0;1.0;1.0;0.0;0.0;0.25719254840016226;0.07652903052328372;0.07652903052328372;-0.07652903052328372;baseline_min
