"Case ID;Actual;Prefix Length;Prediction;Prediction Probability;SHAP Subset Stability;SHAP Weight Stability;SHAP Adjusted Weight Stability;SHAP Precision;SHAP Recall;SHAP Correlation";MAPE Correctness;RMSE Correctness;R2 Correctness;Mode
"1022_4;0;4;1;0.8486496360163384;1.0;1.0;1.0;0.0;0.0;0.1667827859131688";0.6799008748208624;0.6799008748208624;;baseline_mean
"1053_4;0;4;0;0.9968988313143892;1.0;1.0;1.0;0.0;0.0;0.1657122309500997";0.6784939686391266;0.6784939686391266;-0.6784939686391266;baseline_mean
"1091_4;1;4;1;0.9999975081812364;1.0;1.0;1.0;0.0;0.0;0.16489364152693972";0.6790477852206436;0.6790477852206436;-0.6790477852206436;baseline_mean
"1104_4;1;4;1;0.9999938470576508;1.0;1.0;1.0;0.0;0.0;0.1644259521055835";0.6784186218707361;0.6784186218707361;-0.6784186218707361;baseline_mean
"1136_4;0;4;0;0.9378682114306164;1.0;1.0;1.0;0.0;0.0;0.16595115658917722";0.6808275317583542;0.6808275317583542;-0.6808275317583542;baseline_mean
"959_4;1;4;1;0.9999779099843844;1.0;1.0;1.0;0.0;0.0;0.1627324188306719";0.6758969861757812;0.6758969861757812;-0.14387881320626794;baseline_mean
"973_4;0;4;0;0.9999910931281758;1.0;1.0;1.0;0.0;0.0;0.16601841905856982";0.677583631533708;0.677583631533708;-0.677583631533708;baseline_mean
"998_4;1;4;1;0.999999945248247;1.0;1.0;1.0;0.0;0.0;0.16483713308849954";0.6796425401497509;0.6796425401497509;-0.6796425401497509;baseline_mean
