Case ID;Actual;Prefix Length;Prediction;Prediction Probability;SHAP Subset Stability;SHAP Weight Stability;SHAP Adjusted Weight Stability;SHAP Precision;SHAP Recall;SHAP Correlation;MAPE Correctness;RMSE Correctness;R2 Correctness;Mode
1019_13;0;13;0;0.9953093614379552;1.0;1.0;1.0;0.0;0.0;0.2943897869974653;0.6613248605885902;0.6613248605885902;-0.6613248605885902;baseline_mean
1027_13;0;13;0;0.992509834769812;1.0;1.0;1.0;0.0;0.0;0.29945652133402473;0.664605399375954;0.664605399375954;-0.664605399375954;baseline_mean
1034_13;0;13;0;0.9997260701871996;1.0;1.0;1.0;0.0;0.0;0.29850639895385356;0.6647011434025427;0.6647011434025427;-0.6647011434025427;baseline_mean
1090_13;1;13;1;0.9999983138967112;1.0;1.0;1.0;0.0;0.0;0.2922112105350027;0.6584448218077571;0.6584448218077571;-0.6584448218077571;baseline_mean
1121_13;1;13;1;0.9999995489984914;1.0;1.0;1.0;0.0;0.0;0.29433528230547856;0.66044074517503;0.66044074517503;-0.66044074517503;baseline_mean
912_13;1;13;1;0.9999999998806748;1.0;1.0;1.0;0.0;0.0;0.2957369575426836;0.6602437828133735;0.6602437828133735;-0.6602437828133735;baseline_mean
926_13;1;13;1;0.9999999690657648;1.0;1.0;1.0;0.0;0.0;0.2962146311346082;0.6610599835520702;0.6610599835520702;-0.6610599835520702;baseline_mean
933_13;0;13;0;0.994266780412198;1.0;1.0;1.0;0.0;0.0;0.2943804701048425;0.6598711611184431;0.6598711611184431;-0.6598711611184431;baseline_mean
