"Case ID;Actual;Prefix Length;Prediction;Prediction Probability;SHAP Subset Stability;SHAP Weight Stability;SHAP Adjusted Weight Stability;SHAP Precision;SHAP Recall;SHAP Correlation";MAPE Correctness;RMSE Correctness;R2 Correctness;Mode
"1011_11;0;11;0;0.9970261369822684;1.0;1.0;1.0;0.0;0.0;0.28725803648430803";0.6597213698392896;0.6597213698392896;-0.6597213698392896;baseline_mean
"1038_11;0;11;0;0.6761470388658031;1.0;1.0;1.0;0.0;0.0;0.2829802170693512";0.6482060347792977;0.6482060347792977;;baseline_mean
"1053_11;0;11;0;0.9999633810513038;1.0;1.0;1.0;0.0;0.0;0.28716761188386475";0.6609445846485996;0.6609445846485996;-0.6609445846485996;baseline_mean
"1060_11;1;11;1;0.9983222325439158;1.0;1.0;1.0;0.0;0.0;0.28226972034535813";0.6548796756475267;0.6548796756475267;-0.6548796756475267;baseline_mean
"1110_11;0;11;0;0.9999999949864274;1.0;1.0;1.0;0.0;0.0;0.28414985954668315";0.6569613850932289;0.6569613850932289;-0.6569613850932289;baseline_mean
"1117_11;1;11;1;0.9999998833012236;1.0;1.0;1.0;0.0;0.0;0.2805334337761937";0.6531522768956753;0.6531522768956753;-0.6531522768956753;baseline_mean
"1130_11;1;11;1;0.9999999999357976;1.0;1.0;1.0;0.0;0.0;0.28398306336871926";0.6563824805944722;0.6563824805944722;-0.6563824805944722;baseline_mean
"949_11;1;11;1;0.9999999999166722;1.0;1.0;1.0;0.0;0.0;0.2844551588756609";0.6557741556537154;0.6557741556537154;-0.6557741556537154;baseline_mean
