"Case ID;Actual;Prefix Length;Prediction;Prediction Probability;SHAP Subset Stability;SHAP Weight Stability;SHAP Adjusted Weight Stability;SHAP Precision;SHAP Recall;SHAP Correlation";MAPE Correctness;RMSE Correctness;R2 Correctness;Mode
"1030_7;1;7;1;0.9888112576206922;1.0;1.0;1.0;0.0;0.0;0.2036521903230019";0.03860242253577533;0.03860242253577533;-0.03860242253577533;baseline_0
"1058_7;1;7;1;0.9959675781016312;1.0;1.0;1.0;0.0;0.0;0.20378926929510713";0.034333237272796684;0.034333237272796684;-0.034333237272796684;baseline_0
"1096_7;0;7;1;0.9967773409725093;1.0;1.0;1.0;0.0;0.0;0.20197247002305277";0.033862877913998335;0.033862877913998335;-0.033862877913998335;baseline_0
"1108_7;0;7;1;0.9959608244177482;1.0;1.0;1.0;0.0;0.0;0.20119536948418848";0.028733744113056636;0.028733744113056636;-0.028733744113056636;baseline_0
"1118_7;0;7;0;0.9053547324059372;1.0;1.0;1.0;0.0;0.0;0.2023132807409218";0.03501930283435606;0.03501930283435606;-0.03501930283435606;baseline_0
"947_7;0;7;1;0.7114376082822365;1.0;1.0;1.0;0.0;0.0;0.19180834389709558";0.03833518395937677;0.03833536156987702;-0.03833536156987702;baseline_0
"963_7;1;7;0;0.9212633376769236;1.0;1.0;1.0;0.0;0.0;0.20225526807848046";0.01630256034020564;0.01630256034020564;-0.01630256034020564;baseline_0
"987_7;1;7;1;0.9949483378788464;1.0;1.0;1.0;0.0;0.0;0.20239620504265424";0.041700122023534215;0.041700122023534215;-0.041700122023534215;baseline_0
