"Case ID;Actual;Prefix Length;Prediction;Prediction Probability;SHAP Subset Stability;SHAP Weight Stability;SHAP Adjusted Weight Stability;SHAP Precision;SHAP Recall;SHAP Correlation";MAPE Correctness;RMSE Correctness;R2 Correctness;Mode
"1062_6;1;6;1;0.7884339903575581;1.0;1.0;1.0;0.0;0.0;0.18750829224076934";0.8904991285235296;0.8904991285235296;-0.8904991285235296;baseline_max
"1094_6;1;6;1;0.9832726542150528;1.0;1.0;1.0;0.0;0.0;0.18759963454702383";0.8554715858257798;0.8554715858257798;-0.8554715858257798;baseline_max
"1099_6;0;6;1;0.9794597092882166;1.0;1.0;1.0;0.0;0.0;0.18757814223966982";0.8554574722112241;0.8554574722112241;-0.8554574722112241;baseline_max
"1135_6;0;6;0;0.8223413314566344;1.0;1.0;1.0;1.0;1.0;0.1856516472549905";0.8827197415979521;0.8827197415979521;-0.8827197415979521;baseline_max
"921_6;0;6;1;0.931277954496342;1.0;1.0;1.0;0.0;0.0;0.18673188263760604";0.8704594851049194;0.8704594851049194;-0.8704594851049194;baseline_max
"955_6;1;6;1;0.7344628522638196;1.0;1.0;1.0;0.0;0.0;0.19018337033899219";0.8952595350237214;0.8952590553281005;-0.8952590553281005;baseline_max
"977_6;1;6;1;0.9649909394475072;1.0;1.0;1.0;0.0;0.0;0.1880805249240696";0.8654031106133967;0.8654031106133967;-0.8654031106133967;baseline_max
"979_6;0;6;0;0.6822034895014595;1.0;1.0;1.0;0.0;0.0;0.1868151653286028";0.909081680510277;0.909081680510277;;baseline_max
