"Case ID;Actual;Prefix Length;Prediction;Prediction Probability;SHAP Subset Stability;SHAP Weight Stability;SHAP Adjusted Weight Stability;SHAP Precision;SHAP Recall;SHAP Correlation";MAPE Correctness;RMSE Correctness;R2 Correctness;Mode
"1017_2;1;2;1;0.9999997634471592;1.0;1.0;1.0;0.0;0.0;0.07130337451642878";0.6283149376702062;0.6283149376702062;-0.6283149376702062;baseline_max
"1023_2;0;2;0;0.9843522053551969;1.0;1.0;1.0;0.0;0.0;0.07377339238190062";0.592932308593796;0.592932308593796;-0.592932308593796;baseline_max
"1026_2;1;2;1;0.9999999889284408;1.0;1.0;1.0;0.0;0.0;0.07557804934314002";0.6240863600732323;0.6240863600732323;-0.6240863600732323;baseline_max
"1039_2;0;2;1;0.999920752906428;1.0;1.0;1.0;0.0;0.0;0.07206861059373214";0.62676178351217;0.62676178351217;-0.62676178351217;baseline_max
"1088_2;0;2;1;0.995923426599818;1.0;1.0;1.0;0.0;0.0;0.0777430545547268";0.6215461216876444;0.6215454183341229;-0.6215454183341229;baseline_max
"1102_2;0;2;1;0.9999943212699354;1.0;1.0;1.0;0.0;0.0;0.07502123490373831";0.6238773692156637;0.6238773692156637;-0.6238773692156637;baseline_max
"985_2;1;2;1;0.9999929307507204;1.0;1.0;1.0;0.0;0.0;0.0719300104483526";0.6341690355794486;0.6341690355794486;-0.6341690355794486;baseline_max
"989_2;1;2;1;1.0;1.0;1.0;1.0;0.0;0.0;0.07502772369758556";0.43256382295705303;0.43256382295705303;-0.4132852668770731;baseline_max
