Case ID;Actual;Prefix Length;Prediction;Prediction Probability;SHAP Subset Stability;SHAP Weight Stability;SHAP Adjusted Weight Stability;SHAP Precision;SHAP Recall;SHAP Correlation;MAPE Correctness;RMSE Correctness;R2 Correctness;Mode
1078_12;0;12;0;0.9811073927484866;1.0;1.0;1.0;0.0;0.0;0.27228156354857985;0.08626510321043442;0.08626510321043442;-0.08626510321043442;baseline_min
1085_12;1;12;1;0.9965850826590767;1.0;1.0;1.0;0.0;0.0;0.26981367741970935;0.0771313497939844;0.0771313497939844;-0.0771313497939844;baseline_min
1099_12;0;12;1;0.9797845971539224;1.0;1.0;1.0;0.0;0.0;0.2720354485896589;0.09523793501085384;0.09523793501085384;-0.09523793501085384;baseline_min
1122_12;1;12;0;0.9999856525386508;1.0;1.0;1.0;0.0;0.0;0.2639009035300623;0.06804877351352397;0.06804877351352397;-0.06804877351352397;baseline_min
1137_12;1;12;1;0.999998318709351;1.0;1.0;1.0;0.0;0.0;0.2709368781104414;0.08604351217269744;0.08604351217269744;-0.08604351217269744;baseline_min
933_12;0;12;0;0.9961862671059648;1.0;1.0;1.0;0.0;0.0;0.27181142265582514;0.08236971114678329;0.08236971114678329;-0.08236971114678329;baseline_min
959_12;1;12;1;0.9999830531261856;1.0;1.0;1.0;0.0;0.0;0.2719738179532817;0.07757556894489176;0.07757556894489176;-0.07757556894489176;baseline_min
988_12;0;12;0;0.9967067670660312;1.0;1.0;1.0;0.0;0.0;0.27233044345381824;0.07675459076602183;0.07675459076602183;-0.07675459076602183;baseline_min
