Case ID;Actual;Prefix Length;Prediction;Prediction Probability;SHAP Subset Stability;SHAP Weight Stability;SHAP Adjusted Weight Stability;SHAP Precision;SHAP Recall;SHAP Correlation;MAPE Correctness;RMSE Correctness;R2 Correctness;Mode
1017_10;1;10;1;0.999999998884984;1.0;1.0;1.0;0.0;0.0;0.27374543654314487;0.7620572308762688;0.7620572308762688;-0.7620572308762688;baseline_max
1035_10;1;10;0;0.9728890456568496;1.0;1.0;1.0;0.0;0.0;0.2786186662792352;0.7550909345448223;0.7550907050554887;;baseline_max
1038_10;0;10;1;0.9963484533349732;1.0;1.0;1.0;0.0;0.0;0.2714791545333856;0.7541784125257256;0.7541784125257256;-0.7541784125257256;baseline_max
1048_10;0;10;0;0.9999976690397172;1.0;1.0;1.0;0.0;0.0;0.27759006781871776;0.7540469840622283;0.7540469840622283;-0.7540469840622283;baseline_max
1127_10;1;10;1;0.9999999997598046;1.0;1.0;1.0;0.0;0.0;0.2732833947383705;0.7531511322932332;0.7531511322932332;-0.7531511322932332;baseline_max
932_10;0;10;0;0.8673888878507723;1.0;1.0;1.0;0.0;0.0;0.27429044648946505;0.7897504594758279;0.7897497396170564;-0.7897497396170564;baseline_max
935_10;0;10;0;0.999898057634494;1.0;1.0;1.0;0.0;0.0;0.27607145669802674;0.7466073527627259;0.7466073527627259;-0.7466073527627259;baseline_max
969_10;1;10;1;0.9999776358914994;1.0;1.0;1.0;0.0;0.0;0.2731451199245747;0.7648914422792688;0.7648914422792688;-0.7648914422792688;baseline_max
