Case ID;Actual;Prefix Length;Prediction;Prediction Probability;SHAP Subset Stability;SHAP Weight Stability;SHAP Adjusted Weight Stability;SHAP Precision;SHAP Recall;SHAP Correlation;MAPE Correctness;RMSE Correctness;R2 Correctness;Mode
916.0;0.0;1.0;1.0;0.5119661598777093;1.0;1.0;1.0;0.0;0.0;0.01812318721073159;0.9865112663732072;0.9869085525615277;-0.10964682521837438;permutation
925.0;1.0;1.0;1.0;0.992119926598268;1.0;1.0;1.0;0.0;0.0;0.025181587056929848;0.8704628022760158;0.860927933756325;-0.860927933756325;permutation
1032.0;1.0;1.0;1.0;0.9955881911325662;1.0;1.0;1.0;0.0;0.0;0.02238196137898702;0.867979763599013;0.8582287246533243;-0.8582287246533243;permutation
1096.0;0.0;1.0;1.0;0.9524557077461198;1.0;1.0;1.0;0.0;0.0;0.022467582609025448;0.8764571497644978;0.8674831558636125;-0.8674831558636125;permutation
1108.0;0.0;1.0;1.0;0.8692198889797513;1.0;1.0;1.0;0.0;0.0;0.018723083950885358;0.8900174621629059;0.8812888509077479;-0.8812888509077479;permutation
1115.0;1.0;1.0;0.0;0.6900116050103822;1.0;1.0;1.0;0.0;0.0;0.016485991301927475;0.9304413318245114;0.9238043155019815;-0.10964682521837438;permutation
1117.0;1.0;1.0;1.0;0.721164544612891;1.0;1.0;1.0;0.0;0.0;0.019942464917568608;0.9231324344482043;0.9155080450988192;;permutation
1141.0;0.0;1.0;0.0;0.707026125166661;1.0;1.0;1.0;0.0;0.0;0.024485688480544103;0.9266671130354671;0.9196444954125087;-0.9196444954125087;permutation
