"Case ID;Actual;Prefix Length;Prediction;Prediction Probability;SHAP Subset Stability;SHAP Weight Stability;SHAP Adjusted Weight Stability;SHAP Precision;SHAP Recall;SHAP Correlation";MAPE Correctness;RMSE Correctness;R2 Correctness;Mode
"1049_14;1;14;1;0.999999760459014;1.0;1.0;1.0;0.0;0.0;0.27762786921022076";0.9174917705490497;0.9102631748732527;-0.1728494765113173;permutation
"1080_14;0;14;0;0.9751912025315644;1.0;1.0;1.0;0.0;0.0;0.2733252111333966";0.9233370968171128;0.9164930516257175;-0.9164930516257175;permutation
"1093_14;1;14;1;0.9999994574104428;1.0;1.0;1.0;0.0;0.0;0.27178363913358294";0.9214350020657545;0.9137138003975421;-0.9137138003975421;permutation
"1100_14;1;14;1;0.9999995526104098;1.0;1.0;1.0;0.0;0.0;0.27302880406393937";0.9213023162581201;0.9135628404966407;-0.1728494765113173;permutation
"918_14;1;14;1;0.9999993213417776;1.0;1.0;1.0;0.0;0.0;0.27404572310342784";0.9240029094326677;0.9166034907111137;-0.9166034907111137;permutation
"922_14;0;14;0;0.9223227498139214;1.0;1.0;1.0;0.0;0.0;0.27002143773004056";0.930638788865978;0.9248093531137992;-0.9248093531137992;permutation
"932_14;0;14;1;0.8441719757698283;1.0;1.0;1.0;0.0;0.0;0.27435406275168395";0.9394127372115293;0.9339511669020735;-0.1728494765113173;permutation
"972_14;0;14;0;0.9982641941055403;1.0;1.0;1.0;0.0;0.0;0.2778683596509377";0.9177182104004019;0.9114668814514931;-0.9114668814514931;permutation
