Case ID;Actual;Prefix Length;Prediction;Prediction Probability;SHAP Subset Stability;SHAP Weight Stability;SHAP Adjusted Weight Stability;SHAP Precision;SHAP Recall;SHAP Correlation;MAPE Correctness;RMSE Correctness;R2 Correctness;Mode
1062_6;1;6;1;0.7884339903575581;1.0;1.0;1.0;0.0;0.0;0.18750829224076934;0.9549509903302607;0.9502749302082105;-0.9502749302082105;permutation
1094_6;1;6;1;0.9832726542150528;1.0;1.0;1.0;0.0;0.0;0.18759963454702383;0.9355255451458905;0.9288634970177706;-0.9288634970177706;permutation
1099_6;0;6;1;0.9794597092882166;1.0;1.0;1.0;0.0;0.0;0.18757814223966982;0.9376142566695156;0.9306590185017066;-0.9306590185017066;permutation
1135_6;0;6;0;0.8223413314566344;1.0;1.0;1.0;1.0;1.0;0.1856516472549905;0.9495986670509712;0.9451323341105966;-0.9451323341105966;permutation
921_6;0;6;1;0.931277954496342;1.0;1.0;1.0;0.0;0.0;0.18673188263760604;0.942084869756455;0.9359856609016072;-0.9359856609016072;permutation
955_6;1;6;1;0.7344628522638196;1.0;1.0;1.0;0.0;0.0;0.19018337033899219;0.9604124573469526;0.9565881463912987;-0.9565881463912987;permutation
977_6;1;6;1;0.9649909394475072;1.0;1.0;1.0;0.0;0.0;0.1880805249240696;0.9369465538054059;0.9306162170360585;-0.9306162170360585;permutation
979_6;0;6;0;0.6822034895014595;1.0;1.0;1.0;0.0;0.0;0.1868151653286028;0.9652640034781597;0.9625867718018738;;permutation
