Case ID;Actual;Prefix Length;Prediction;Prediction Probability;SHAP Subset Stability;SHAP Weight Stability;SHAP Adjusted Weight Stability;SHAP Precision;SHAP Recall;SHAP Correlation;MAPE Correctness;RMSE Correctness;R2 Correctness;Mode
1019_13;0;13;0;0.9953093614379552;1.0;1.0;1.0;0.0;0.0;0.2943897869974653;0.9199718812927875;0.9139252021270178;-0.9139252021270178;permutation
1027_13;0;13;0;0.992509834769812;1.0;1.0;1.0;0.0;0.0;0.29945652133402473;0.9182512605574769;0.912508119182594;-0.912508119182594;permutation
1034_13;0;13;0;0.9997260701871996;1.0;1.0;1.0;0.0;0.0;0.29850639895385356;0.91772587361631;0.9120360448279284;-0.9120360448279284;permutation
1090_13;1;13;1;0.9999983138967112;1.0;1.0;1.0;0.0;0.0;0.2922112105350027;0.9207621114056064;0.913773863171788;-0.913773863171788;permutation
1121_13;1;13;1;0.9999995489984914;1.0;1.0;1.0;0.0;0.0;0.29433528230547856;0.9215334241490216;0.915056804769531;-0.915056804769531;permutation
912_13;1;13;1;0.9999999998806748;1.0;1.0;1.0;0.0;0.0;0.2957369575426836;0.9228516208442896;0.9160774828369042;-0.9160774828369042;permutation
926_13;1;13;1;0.9999999690657648;1.0;1.0;1.0;0.0;0.0;0.2962146311346082;0.923239426917066;0.9166940171033799;-0.9166940171033799;permutation
933_13;0;13;0;0.994266780412198;1.0;1.0;1.0;0.0;0.0;0.2943804701048425;0.9202384442252944;0.9140851398865218;-0.9140851398865218;permutation
