Case ID;Actual;Prefix Length;Prediction;Prediction Probability;SHAP Subset Stability;SHAP Weight Stability;SHAP Adjusted Weight Stability;SHAP Precision;SHAP Recall;SHAP Correlation;MAPE Correctness;RMSE Correctness;R2 Correctness;Mode
1017_10;1;10;1;0.999999998884984;1.0;1.0;1.0;0.0;0.0;0.27374543654314487;0.8668861774274447;0.8565562771499404;-0.8565562771499404;permutation
1035_10;1;10;0;0.9728890456568496;1.0;1.0;1.0;0.0;0.0;0.2786186662792352;0.872877179948651;0.8637990947353066;;permutation
1038_10;0;10;1;0.9963484533349732;1.0;1.0;1.0;0.0;0.0;0.2714791545333856;0.8694031505457892;0.8588415674414879;-0.8588415674414879;permutation
1048_10;0;10;0;0.9999976690397172;1.0;1.0;1.0;0.0;0.0;0.27759006781871776;0.8689033949193997;0.8591860591839504;-0.8591860591839504;permutation
1127_10;1;10;1;0.9999999997598046;1.0;1.0;1.0;0.0;0.0;0.2732833947383705;0.8700508920615463;0.859087806257403;-0.859087806257403;permutation
932_10;0;10;0;0.8673888878507723;1.0;1.0;1.0;0.0;0.0;0.27429044648946505;0.8937650243331768;0.8854863055222368;-0.8854863055222368;permutation
935_10;0;10;0;0.999898057634494;1.0;1.0;1.0;0.0;0.0;0.27607145669802674;0.8705130447160471;0.8600351585491751;-0.8600351585491751;permutation
969_10;1;10;1;0.9999776358914994;1.0;1.0;1.0;0.0;0.0;0.2731451199245747;0.8670911742741918;0.8567612739966876;-0.8567612739966876;permutation
