Case ID;Actual;Prefix Length;Prediction;Prediction Probability;SHAP Subset Stability;SHAP Weight Stability;SHAP Adjusted Weight Stability;SHAP Precision;SHAP Recall;SHAP Correlation;MAPE Correctness;RMSE Correctness;R2 Correctness;Mode
1017_2;1;2;1;0.9999997634471592;1.0;1.0;1.0;0.0;0.0;0.07130337451642878;0.7101442679750957;0.6936617888029806;-0.6936617888029806;permutation
1023_2;0;2;0;0.9843522053551969;1.0;1.0;1.0;0.0;0.0;0.07377339238190062;0.6847013631059553;0.670946363335812;-0.670946363335812;permutation
1026_2;1;2;1;0.9999999889284408;1.0;1.0;1.0;0.0;0.0;0.07557804934314002;0.714133715458577;0.6974884016952994;-0.6974884016952994;permutation
1039_2;0;2;1;0.999920752906428;1.0;1.0;1.0;0.0;0.0;0.07206861059373214;0.7127812837153107;0.6969772820063727;-0.6969772820063727;permutation
1088_2;0;2;1;0.995923426599818;1.0;1.0;1.0;0.0;0.0;0.0777430545547268;0.7130029196866152;0.6967692155843316;-0.6967692155843316;permutation
1102_2;0;2;1;0.9999943212699354;1.0;1.0;1.0;0.0;0.0;0.07502123490373831;0.7125234622793034;0.6965023477821486;-0.6965023477821486;permutation
985_2;1;2;1;0.9999929307507204;1.0;1.0;1.0;0.0;0.0;0.0719300104483526;0.7134326220799607;0.6964752086836216;-0.6964752086836216;permutation
989_2;1;2;1;1.0;1.0;1.0;1.0;0.0;0.0;0.07502772369758556;0.44313427920079407;0.44326708269695325;-0.4219223742388287;permutation
