"Case ID;Actual;Prefix Length;Prediction;Prediction Probability;SHAP Subset Stability;SHAP Weight Stability;SHAP Adjusted Weight Stability;SHAP Precision;SHAP Recall;SHAP Correlation";MAPE Correctness;RMSE Correctness;R2 Correctness;Mode
"1042_3;1;3;1;0.9421335782187472;1.0;1.0;1.0;0.0;0.0;0.16084006410053864";0.8142961400046668;0.8016831073682957;-0.8016831073682957;permutation
"1061_3;0;3;0;0.8507533331018349;1.0;1.0;1.0;0.0;0.0;0.16425755932575797";0.8274409812284974;0.8147766015560957;-0.8147766015560957;permutation
"1102_3;0;3;1;0.9979520498444744;1.0;1.0;1.0;0.0;0.0;0.1663997624631403";0.8032455243217979;0.7907571916300725;-0.7907571916300725;permutation
"1122_3;1;3;0;0.9981720841865868;1.0;1.0;1.0;0.0;0.0;0.16047566941267652";0.7839537093560196;0.7740547343384083;-0.13778533782874955;permutation
"1136_3;0;3;0;0.701719986702255;1.0;1.0;1.0;0.0;0.0;0.16573341670293548";0.8747902837395616;0.8652177291652875;;permutation
"937_3;0;3;1;0.8288393475803572;1.0;1.0;1.0;0.0;0.0;0.1608347053551289";0.8388106820638419;0.8287906747470157;-0.8287906747470157;permutation
"977_3;1;3;1;0.9999421730188108;1.0;1.0;1.0;0.0;0.0;0.16372088391587525";0.8036746388371964;0.7910872797188405;-0.13778533782874955;permutation
"978_3;1;3;1;0.999889408578952;1.0;1.0;1.0;0.0;0.0;0.16120387624352525";0.805787202605312;0.7941901077532605;-0.7941901077532605;permutation
