"Case ID;Actual;Prefix Length;Prediction;Prediction Probability;SHAP Subset Stability;SHAP Weight Stability;SHAP Adjusted Weight Stability;SHAP Precision;SHAP Recall;SHAP Correlation";MAPE Correctness;RMSE Correctness;R2 Correctness;Mode
"1042_5;1;5;1;0.9010010208069013;1.0;1.0;1.0;0.0;0.0;0.17945308872449972";0.9008340300352896;0.8916704324266544;-0.8916704324266544;permutation
"1070_5;0;5;0;0.7590264920449967;1.0;1.0;1.0;0.0;0.0;0.17702844572876242";0.9196445854136338;0.9123865909531076;-0.9123865909531076;permutation
"1081_5;1;5;0;0.9445981009713535;1.0;1.0;1.0;0.0;0.0;0.17248644347196565";0.8846503220244578;0.8754563562381636;-0.8754563562381636;permutation
"1090_5;1;5;1;0.9979987578762868;1.0;1.0;1.0;0.0;0.0;0.17370364966457263";0.8853589128365037;0.8758334277774309;-0.8758334277774309;permutation
"1095_5;0;5;1;0.9882673266044256;1.0;1.0;1.0;0.0;0.0;0.17961390053267504";0.8862598354403906;0.8765799788115506;-0.15362178452930617;permutation
"1096_5;0;5;1;0.9977729356273052;1.0;1.0;1.0;0.0;0.0;0.174846552809334";0.8868596069491579;0.8772986923494828;-0.8772986923494828;permutation
"1105_5;0;5;0;0.5391518256249913;1.0;1.0;1.0;0.0;0.0;0.17484323686264794";0.9779211183414571;0.976197724259303;-0.976197724259303;permutation
"1127_5;1;5;1;0.9973032605844078;1.0;1.0;1.0;0.0;0.0;0.17664711185986537";0.8880869874628801;0.8781540626868809;-0.15362178452930617;permutation
