"Case ID;Actual;Prefix Length;Prediction;Prediction Probability;SHAP Subset Stability;SHAP Weight Stability;SHAP Adjusted Weight Stability;SHAP Precision;SHAP Recall;SHAP Correlation";MAPE Correctness;RMSE Correctness;R2 Correctness;Mode
"1030_7;1;7;1;0.9888112576206922;1.0;1.0;1.0;0.0;0.0;0.2036521903230019";0.913681141461004;0.9056457093000961;-0.9056457093000961;permutation
"1058_7;1;7;1;0.9959675781016312;1.0;1.0;1.0;0.0;0.0;0.20378926929510713";0.9122124766840504;0.9034849362470029;-0.9034849362470029;permutation
"1096_7;0;7;1;0.9967773409725093;1.0;1.0;1.0;0.0;0.0;0.20197247002305277";0.9132019895775229;0.9042688360717019;-0.9042688360717019;permutation
"1108_7;0;7;1;0.9959608244177482;1.0;1.0;1.0;0.0;0.0;0.20119536948418848";0.9127338526798688;0.9040558796790438;-0.9040558796790438;permutation
"1118_7;0;7;0;0.9053547324059372;1.0;1.0;1.0;0.0;0.0;0.2023132807409218";0.921000599543147;0.9134975583638848;-0.9134975583638848;permutation
"947_7;0;7;1;0.7114376082822365;1.0;1.0;1.0;0.0;0.0;0.19180834389709558";0.9527861769783673;0.9479542698621896;-0.9479542698621896;permutation
"963_7;1;7;0;0.9212633376769236;1.0;1.0;1.0;0.0;0.0;0.20225526807848046";0.9183111071703505;0.9107695135406932;-0.9107695135406932;permutation
"987_7;1;7;1;0.9949483378788464;1.0;1.0;1.0;0.0;0.0;0.20239620504265424";0.9137894554883044;0.9052987372465408;-0.9052987372465408;permutation
