Case ID;Actual;Prefix Length;Prediction;Prediction Probability;SHAP Subset Stability;SHAP Weight Stability;SHAP Adjusted Weight Stability;SHAP Precision;SHAP Recall;SHAP Correlation;MAPE Correctness;RMSE Correctness;R2 Correctness;Mode
1008_9;1;9;0;0.9999968792255564;1.0;1.0;1.0;0.0;0.0;0.24522819006699578;0.8994204927644862;0.8914472897350104;-0.8914472897350104;permutation
1011_9;0;9;0;0.9965240444190868;1.0;1.0;1.0;0.0;0.0;0.2572931267866392;0.8981014521257319;0.8903462610105617;-0.8903462610105617;permutation
1017_9;1;9;1;0.9999732974129258;1.0;1.0;1.0;0.0;0.0;0.25637195746780367;0.8959432712885188;0.8874887966746329;-0.8874887966746329;permutation
1025_9;0;9;0;0.9987077278154772;1.0;1.0;1.0;0.0;0.0;0.25782475456788423;0.8978080272850943;0.8899733098112467;-0.8899733098112467;permutation
1061_9;0;9;0;0.9975319586437152;1.0;1.0;1.0;0.0;0.0;0.25834079716987457;0.8992436151736346;0.8912004837942872;-0.8912004837942872;permutation
1139_9;1;9;1;0.9999996213460496;1.0;1.0;1.0;0.0;0.0;0.2560965313571919;0.8987143535451948;0.8897964322203951;-0.8897964322203951;permutation
919_9;0;9;0;0.9992655426125736;1.0;1.0;1.0;0.0;0.0;0.2568203763492454;0.900226725504182;0.8918737155548156;-0.8918737155548156;permutation
986_9;1;9;1;0.9999960530040952;1.0;1.0;1.0;0.0;0.0;0.25719254840016226;0.8972390024773157;0.8886007945520025;-0.8886007945520025;permutation
