"Case ID;Actual;Prefix Length;Prediction;Prediction Probability;SHAP Subset Stability;SHAP Weight Stability;SHAP Adjusted Weight Stability;SHAP Precision;SHAP Recall;SHAP Correlation";MAPE Correctness;RMSE Correctness;R2 Correctness;Mode
"1022_4;0;4;1;0.8486496360163384;1.0;1.0;1.0;0.0;0.0;0.1667827859131688";0.8362199849420499;0.8237608909873609;;permutation
"1053_4;0;4;0;0.9968988313143892;1.0;1.0;1.0;0.0;0.0;0.1657122309500997";0.8121421108932633;0.8017519485375754;-0.8017519485375754;permutation
"1091_4;1;4;1;0.9999975081812364;1.0;1.0;1.0;0.0;0.0;0.16489364152693972";0.7995222348641651;0.7852733027226568;-0.7852733027226568;permutation
"1104_4;1;4;1;0.9999938470576508;1.0;1.0;1.0;0.0;0.0;0.1644259521055835";0.8003352461083474;0.7862501296652938;-0.7862501296652938;permutation
"1136_4;0;4;0;0.9378682114306164;1.0;1.0;1.0;0.0;0.0;0.16595115658917722";0.8233847216057243;0.8129490548893546;-0.8129490548893546;permutation
"959_4;1;4;1;0.9999779099843844;1.0;1.0;1.0;0.0;0.0;0.1627324188306719";0.8005142299270294;0.7873665033140217;-0.14387881320626794;permutation
"973_4;0;4;0;0.9999910931281758;1.0;1.0;1.0;0.0;0.0;0.16601841905856982";0.8102187932484439;0.8000500854480744;-0.8000500854480744;permutation
"998_4;1;4;1;0.999999945248247;1.0;1.0;1.0;0.0;0.0;0.16483713308849954";0.8001107579289836;0.7870722417816124;-0.7870722417816124;permutation
