Case ID;Actual;Prefix Length;Prediction;Prediction Probability;SHAP Subset Stability;SHAP Weight Stability;SHAP Adjusted Weight Stability;SHAP Precision;SHAP Recall;SHAP Correlation
1019_13;0;13;0;0.9953093614379552;1.0;1.0;1.0;0.0;0.0;0.2943897869974653
1027_13;0;13;0;0.992509834769812;1.0;1.0;1.0;0.0;0.0;0.29945652133402473
1034_13;0;13;0;0.9997260701871996;1.0;1.0;1.0;0.0;0.0;0.29850639895385356
1090_13;1;13;1;0.9999983138967112;1.0;1.0;1.0;0.0;0.0;0.2922112105350027
1121_13;1;13;1;0.9999995489984914;1.0;1.0;1.0;0.0;0.0;0.29433528230547856
912_13;1;13;1;0.9999999998806748;1.0;1.0;1.0;0.0;0.0;0.2957369575426836
926_13;1;13;1;0.9999999690657648;1.0;1.0;1.0;0.0;0.0;0.2962146311346082
933_13;0;13;0;0.994266780412198;1.0;1.0;1.0;0.0;0.0;0.2943804701048425
