Case ID;Actual;Prefix Length;Prediction;Prediction Probability;SHAP Subset Stability;SHAP Weight Stability;SHAP Adjusted Weight Stability;SHAP Precision;SHAP Recall;SHAP Correlation;LIME Precision;LIME Recall;LIME Correlation
1062_6;1;6;1;0.7884339903575581;1.0;1.0;1.0;0.0;0.0;0.18750829224076931;1.0;1.0;0.5890460195675451
1094_6;1;6;1;0.9832726542150528;1.0;1.0;1.0;0.0;0.0;0.18759963454702386;1.0;1.0;0.5842626564574985
1099_6;0;6;1;0.9794597092882166;1.0;1.0;1.0;0.0;0.0;0.18757814223966984;1.0;1.0;0.5918732332894117
1135_6;0;6;0;0.8223413314566344;1.0;1.0;1.0;1.0;1.0;0.1856516472549905;1.0;1.0;0.5947346903266073
921_6;0;6;1;0.9312779544963421;1.0;1.0;1.0;0.0;0.0;0.18673188263760604;1.0;1.0;0.590738923469132
955_6;1;6;1;0.7344628522638196;1.0;1.0;1.0;0.0;0.0;0.19018337033899216;1.0;1.0;0.5863001337195856
977_6;1;6;1;0.9649909394475072;1.0;1.0;1.0;0.0;0.0;0.1880805249240696;1.0;1.0;0.5767890528869022
979_6;0;6;0;0.6822034895014595;1.0;1.0;1.0;0.0;0.0;0.1868151653286028;1.0;1.0;0.5864478080169427
