Case ID;Actual;Prefix Length;Prediction;Prediction Probability;SHAP Subset Stability;SHAP Weight Stability;SHAP Adjusted Weight Stability;SHAP Precision;SHAP Recall;SHAP Correlation;LIME Precision;LIME Recall;LIME Correlation
1042_3;1;3;1;0.9421335782187472;1.0;1.0;1.0;0.0;0.0;0.16084006410053864;1.0;0.5;0.47632697998754603
1061_3;0;3;0;0.8507533331018349;1.0;1.0;1.0;0.0;0.0;0.16425755932575795;1.0;0.5;0.4756741331163095
1102_3;0;3;1;0.9979520498444744;1.0;1.0;1.0;0.0;0.0;0.1663997624631403;1.0;0.5;0.45813895956922296
1122_3;1;3;0;0.9981720841865868;1.0;1.0;1.0;0.0;0.0;0.16047566941267652;1.0;0.5;0.4664902647703767
1136_3;0;3;0;0.701719986702255;1.0;1.0;1.0;0.0;0.0;0.16573341670293548;1.0;0.5;0.4634460911573079
937_3;0;3;1;0.8288393475803572;1.0;1.0;1.0;0.0;0.0;0.1608347053551289;1.0;0.5;0.4424632993014446
977_3;1;3;1;0.9999421730188108;1.0;1.0;1.0;0.0;0.0;0.16372088391587525;1.0;0.5;0.4485809879599973
978_3;1;3;1;0.9998894085789519;1.0;1.0;1.0;0.0;0.0;0.16120387624352525;1.0;0.5;0.45089162576268815
