Case ID;Actual;Prefix Length;Prediction;Prediction Probability;SHAP Subset Stability;SHAP Weight Stability;SHAP Adjusted Weight Stability;SHAP Precision;SHAP Recall;SHAP Correlation;LIME Precision;LIME Recall;LIME Correlation
1017_8;1;8;1;0.9995023146389596;1.0;1.0;1.0;0.0;0.0;0.23762723067365604;0.0;0.0;0.3489045429094551
1078_8;0;8;0;0.9996925184610976;1.0;1.0;1.0;0.0;0.0;0.2416349687969524;0.0;0.0;0.3596567940030748
1098_8;0;8;0;0.9894653570206996;1.0;1.0;1.0;0.0;0.0;0.2385309221112155;0.0;0.0;0.3783562924144215
1139_8;1;8;1;0.9999999528648622;1.0;1.0;1.0;0.0;0.0;0.2374123872245193;0.0;0.0;0.38190719015212926
1141_8;0;8;0;0.7384232307544689;1.0;1.0;1.0;0.0;0.0;0.2353729316763922;0.0;0.0;0.3802542132791242
916_8;0;8;0;0.990268902023578;1.0;1.0;1.0;0.0;0.0;0.2378535048834881;0.0;0.0;0.3601830285142705
949_8;1;8;1;0.9999967636530775;1.0;1.0;1.0;0.0;0.0;0.2368229681160645;0.0;0.0;0.3678379233257776
964_8;1;8;1;0.999993344633718;1.0;1.0;1.0;0.0;0.0;0.2395381790846555;0.0;0.0;0.36646781725608796
