Case ID;Actual;Prefix Length;Prediction;Prediction Probability;SHAP Subset Stability;SHAP Weight Stability;SHAP Adjusted Weight Stability;SHAP Precision;SHAP Recall;SHAP Correlation
916.0;0.0;1.0;1.0;0.5119661598777093;1.0;1.0;1.0;0.0;0.0;0.01812318721073159
925.0;1.0;1.0;1.0;0.992119926598268;1.0;1.0;1.0;0.0;0.0;0.025181587056929848
1032.0;1.0;1.0;1.0;0.9955881911325662;1.0;1.0;1.0;0.0;0.0;0.02238196137898702
1096.0;0.0;1.0;1.0;0.9524557077461198;1.0;1.0;1.0;0.0;0.0;0.022467582609025448
1108.0;0.0;1.0;1.0;0.8692198889797513;1.0;1.0;1.0;0.0;0.0;0.018723083950885358
1115.0;1.0;1.0;0.0;0.6900116050103822;1.0;1.0;1.0;0.0;0.0;0.016485991301927475
1117.0;1.0;1.0;1.0;0.721164544612891;1.0;1.0;1.0;0.0;0.0;0.019942464917568608
1141.0;0.0;1.0;0.0;0.707026125166661;1.0;1.0;1.0;0.0;0.0;0.024485688480544103
