Case ID;Actual;Prefix Length;Prediction;Prediction Probability;SHAP Subset Stability;SHAP Weight Stability;SHAP Adjusted Weight Stability;SHAP Precision;SHAP Recall;SHAP Correlation
1062_6;1;6;1;0.7884339903575581;1.0;1.0;1.0;0.0;0.0;0.18750829224076934
1094_6;1;6;1;0.9832726542150528;1.0;1.0;1.0;0.0;0.0;0.18759963454702383
1099_6;0;6;1;0.9794597092882166;1.0;1.0;1.0;0.0;0.0;0.18757814223966982
1135_6;0;6;0;0.8223413314566344;1.0;1.0;1.0;1.0;1.0;0.1856516472549905
921_6;0;6;1;0.931277954496342;1.0;1.0;1.0;0.0;0.0;0.18673188263760604
955_6;1;6;1;0.7344628522638196;1.0;1.0;1.0;0.0;0.0;0.19018337033899219
977_6;1;6;1;0.9649909394475072;1.0;1.0;1.0;0.0;0.0;0.1880805249240696
979_6;0;6;0;0.6822034895014595;1.0;1.0;1.0;0.0;0.0;0.1868151653286028
