Case ID;Actual;Prefix Length;Prediction;Prediction Probability;SHAP Subset Stability;SHAP Weight Stability;SHAP Adjusted Weight Stability;SHAP Precision;SHAP Recall;SHAP Correlation;LIME Precision;LIME Recall;LIME Correlation
916.0;0.0;1.0;1.0;0.5119661598777093;1.0;1.0;1.0;0.0;0.0;0.01812318721073159;0.5;0.5;0.7305128999961927
925.0;1.0;1.0;1.0;0.992119926598268;1.0;1.0;1.0;0.0;0.0;0.025181587056929848;0.5;0.5;0.731815764996126
1032.0;1.0;1.0;1.0;0.9955881911325662;1.0;1.0;1.0;0.0;0.0;0.022381961378987018;0.5;0.5;0.7299111282697662
1096.0;0.0;1.0;1.0;0.9524557077461198;1.0;1.0;1.0;0.0;0.0;0.022467582609025448;0.5;0.5;0.7301097713639264
1108.0;0.0;1.0;1.0;0.8692198889797513;1.0;1.0;1.0;0.0;0.0;0.018723083950885358;0.5;0.5;0.727766951341625
1115.0;1.0;1.0;0.0;0.6900116050103822;1.0;1.0;1.0;0.0;0.0;0.016485991301927475;1.0;0.5;0.7415142219463016
1117.0;1.0;1.0;1.0;0.7211645446128909;1.0;1.0;1.0;0.0;0.0;0.019942464917568608;1.0;0.5;0.7400068714082623
1141.0;0.0;1.0;0.0;0.7070261251666609;1.0;1.0;1.0;0.0;0.0;0.024485688480544103;1.0;0.5;0.7406612251302018
