Case ID;Actual;Prefix Length;Prediction;Prediction Probability;SHAP Subset Stability;SHAP Weight Stability;SHAP Adjusted Weight Stability;SHAP Precision;SHAP Recall;SHAP Correlation
1049_14;1;14;1;0.999999760459014;1.0;1.0;1.0;0.0;0.0;0.27762786921022076
1080_14;0;14;0;0.9751912025315644;1.0;1.0;1.0;0.0;0.0;0.2733252111333966
1093_14;1;14;1;0.9999994574104428;1.0;1.0;1.0;0.0;0.0;0.27178363913358294
1100_14;1;14;1;0.9999995526104098;1.0;1.0;1.0;0.0;0.0;0.27302880406393937
918_14;1;14;1;0.9999993213417776;1.0;1.0;1.0;0.0;0.0;0.27404572310342784
922_14;0;14;0;0.9223227498139214;1.0;1.0;1.0;0.0;0.0;0.27002143773004056
932_14;0;14;1;0.8441719757698283;1.0;1.0;1.0;0.0;0.0;0.27435406275168395
972_14;0;14;0;0.9982641941055403;1.0;1.0;1.0;0.0;0.0;0.2778683596509377
