Case ID;Actual;Prefix Length;Prediction;Prediction Probability;SHAP Subset Stability;SHAP Weight Stability;SHAP Adjusted Weight Stability;SHAP Precision;SHAP Recall;SHAP Correlation;LIME Precision;LIME Recall;LIME Correlation
1011_11;0;11;0;0.9970261369822684;1.0;1.0;1.0;0.0;0.0;0.28725803648430803;0.0;0.0;0.23999635323477947
1038_11;0;11;0;0.6761470388658031;1.0;1.0;1.0;0.0;0.0;0.2829802170693512;0.0;0.0;0.25522938244115845
1053_11;0;11;0;0.9999633810513038;1.0;1.0;1.0;0.0;0.0;0.28716761188386475;0.0;0.0;0.25879880197182464
1060_11;1;11;1;0.9983222325439158;1.0;1.0;1.0;0.0;0.0;0.2822697203453581;0.0;0.0;0.26045094581843137
1110_11;0;11;0;0.9999999949864274;1.0;1.0;1.0;0.0;0.0;0.28414985954668315;0.0;0.0;0.2582038987167136
1117_11;1;11;1;0.9999998833012236;1.0;1.0;1.0;0.0;0.0;0.2805334337761937;0.0;0.0;0.25873306680551406
1130_11;1;11;1;0.9999999999357976;1.0;1.0;1.0;0.0;0.0;0.2839830633687193;0.0;0.0;0.2448793805055527
949_11;1;11;1;0.9999999999166722;1.0;1.0;1.0;0.0;0.0;0.2844551588756609;0.0;0.0;0.25567857274428096
