Case ID;Actual;Prefix Length;Prediction;Prediction Probability;SHAP Subset Stability;SHAP Weight Stability;SHAP Adjusted Weight Stability;SHAP Precision;SHAP Recall;SHAP Correlation
1022_4;0;4;1;0.8486496360163384;1.0;1.0;1.0;0.0;0.0;0.1667827859131688
1053_4;0;4;0;0.9968988313143892;1.0;1.0;1.0;0.0;0.0;0.1657122309500997
1091_4;1;4;1;0.9999975081812364;1.0;1.0;1.0;0.0;0.0;0.16489364152693972
1104_4;1;4;1;0.9999938470576508;1.0;1.0;1.0;0.0;0.0;0.1644259521055835
1136_4;0;4;0;0.9378682114306164;1.0;1.0;1.0;0.0;0.0;0.16595115658917722
959_4;1;4;1;0.9999779099843844;1.0;1.0;1.0;0.0;0.0;0.1627324188306719
973_4;0;4;0;0.9999910931281758;1.0;1.0;1.0;0.0;0.0;0.16601841905856982
998_4;1;4;1;0.999999945248247;1.0;1.0;1.0;0.0;0.0;0.16483713308849954
