Case ID;Actual;Prefix Length;Prediction;Prediction Probability;SHAP Subset Stability;SHAP Weight Stability;SHAP Adjusted Weight Stability;SHAP Precision;SHAP Recall;SHAP Correlation;LIME Precision;LIME Recall;LIME Correlation
1049_14;1;14;1;0.9999997604590141;1.0;1.0;1.0;0.0;0.0;0.2776278692102208;0.0;0.0;0.2534674158906382
1080_14;0;14;0;0.9751912025315644;1.0;1.0;1.0;0.0;0.0;0.2733252111333966;0.0;0.0;0.2578466683923415
1093_14;1;14;1;0.9999994574104428;1.0;1.0;1.0;0.0;0.0;0.2717836391335829;0.0;0.0;0.26418152612117085
1100_14;1;14;1;0.9999995526104098;1.0;1.0;1.0;0.0;0.0;0.27302880406393937;0.0;0.0;0.26363322559020097
918_14;1;14;1;0.9999993213417776;1.0;1.0;1.0;0.0;0.0;0.27404572310342784;0.0;0.0;0.2606366439926827
922_14;0;14;0;0.9223227498139214;1.0;1.0;1.0;0.0;0.0;0.27002143773004056;0.0;0.0;0.26815948620528024
932_14;0;14;1;0.8441719757698283;1.0;1.0;1.0;0.0;0.0;0.27435406275168395;0.0;0.0;0.26074630409887667
972_14;0;14;0;0.9982641941055403;1.0;1.0;1.0;0.0;0.0;0.2778683596509377;0.0;0.0;0.2587978506178067
