Case ID;Actual;Prefix Length;Prediction;Prediction Probability;SHAP Subset Stability;SHAP Weight Stability;SHAP Adjusted Weight Stability;SHAP Precision;SHAP Recall;SHAP Correlation
1042_3;1;3;1;0.9421335782187472;1.0;1.0;1.0;0.0;0.0;0.16084006410053864
1061_3;0;3;0;0.8507533331018349;1.0;1.0;1.0;0.0;0.0;0.16425755932575797
1102_3;0;3;1;0.9979520498444744;1.0;1.0;1.0;0.0;0.0;0.1663997624631403
1122_3;1;3;0;0.9981720841865868;1.0;1.0;1.0;0.0;0.0;0.16047566941267652
1136_3;0;3;0;0.701719986702255;1.0;1.0;1.0;0.0;0.0;0.16573341670293548
937_3;0;3;1;0.8288393475803572;1.0;1.0;1.0;0.0;0.0;0.1608347053551289
977_3;1;3;1;0.9999421730188108;1.0;1.0;1.0;0.0;0.0;0.16372088391587525
978_3;1;3;1;0.999889408578952;1.0;1.0;1.0;0.0;0.0;0.16120387624352525
