Case ID;Actual;Prefix Length;Prediction;Prediction Probability;SHAP Subset Stability;SHAP Weight Stability;SHAP Adjusted Weight Stability;SHAP Precision;SHAP Recall;SHAP Correlation;LIME Precision;LIME Recall;LIME Correlation
1017_10;1;10;1;0.9999999988849839;1.0;1.0;1.0;0.0;0.0;0.2737454365431449;0.0;0.0;0.2244548115936102
1035_10;1;10;0;0.9728890456568496;1.0;1.0;1.0;0.0;0.0;0.2786186662792352;0.0;0.0;0.22521302290723036
1038_10;0;10;1;0.9963484533349732;1.0;1.0;1.0;0.0;0.0;0.2714791545333856;0.0;0.0;0.23751666953560782
1048_10;0;10;0;0.9999976690397172;1.0;1.0;1.0;0.0;0.0;0.27759006781871776;0.0;0.0;0.22954513906873064
1127_10;1;10;1;0.9999999997598046;1.0;1.0;1.0;0.0;0.0;0.2732833947383705;0.0;0.0;0.23812930427701293
932_10;0;10;0;0.8673888878507723;1.0;1.0;1.0;0.0;0.0;0.27429044648946505;0.0;0.0;0.23921384974001525
935_10;0;10;0;0.999898057634494;1.0;1.0;1.0;0.0;0.0;0.27607145669802674;0.0;0.0;0.23823242101566525
969_10;1;10;1;0.9999776358914994;1.0;1.0;1.0;0.0;0.0;0.2731451199245747;0.0;0.0;0.23454933373862388
