Case ID;Actual;Prefix Length;Prediction;Prediction Probability;SHAP Subset Stability;SHAP Weight Stability;SHAP Adjusted Weight Stability;SHAP Precision;SHAP Recall;SHAP Correlation
1042_5;1;5;1;0.9010010208069013;1.0;1.0;1.0;0.0;0.0;0.17945308872449972
1070_5;0;5;0;0.7590264920449967;1.0;1.0;1.0;0.0;0.0;0.17702844572876242
1081_5;1;5;0;0.9445981009713535;1.0;1.0;1.0;0.0;0.0;0.17248644347196565
1090_5;1;5;1;0.9979987578762868;1.0;1.0;1.0;0.0;0.0;0.17370364966457263
1095_5;0;5;1;0.9882673266044256;1.0;1.0;1.0;0.0;0.0;0.17961390053267504
1096_5;0;5;1;0.9977729356273052;1.0;1.0;1.0;0.0;0.0;0.174846552809334
1105_5;0;5;0;0.5391518256249913;1.0;1.0;1.0;0.0;0.0;0.17484323686264794
1127_5;1;5;1;0.9973032605844078;1.0;1.0;1.0;0.0;0.0;0.17664711185986537
