Case ID;Actual;Prefix Length;Prediction;Prediction Probability;SHAP Subset Stability;SHAP Weight Stability;SHAP Adjusted Weight Stability;SHAP Precision;SHAP Recall;SHAP Correlation
1017_2;1;2;1;0.9999997634471592;1.0;1.0;1.0;0.0;0.0;0.07130337451642878
1023_2;0;2;0;0.9843522053551969;1.0;1.0;1.0;0.0;0.0;0.07377339238190062
1026_2;1;2;1;0.9999999889284408;1.0;1.0;1.0;0.0;0.0;0.07557804934314002
1039_2;0;2;1;0.999920752906428;1.0;1.0;1.0;0.0;0.0;0.07206861059373214
1088_2;0;2;1;0.995923426599818;1.0;1.0;1.0;0.0;0.0;0.0777430545547268
1102_2;0;2;1;0.9999943212699354;1.0;1.0;1.0;0.0;0.0;0.07502123490373831
985_2;1;2;1;0.9999929307507204;1.0;1.0;1.0;0.0;0.0;0.0719300104483526
989_2;1;2;1;1.0;1.0;1.0;1.0;0.0;0.0;0.07502772369758556
