Case ID;Actual;Prefix Length;Prediction;Prediction Probability;SHAP Subset Stability;SHAP Weight Stability;SHAP Adjusted Weight Stability;SHAP Precision;SHAP Recall;SHAP Correlation
1030_7;1;7;1;0.9888112576206922;1.0;1.0;1.0;0.0;0.0;0.2036521903230019
1058_7;1;7;1;0.9959675781016312;1.0;1.0;1.0;0.0;0.0;0.20378926929510713
1096_7;0;7;1;0.9967773409725093;1.0;1.0;1.0;0.0;0.0;0.20197247002305277
1108_7;0;7;1;0.9959608244177482;1.0;1.0;1.0;0.0;0.0;0.20119536948418848
1118_7;0;7;0;0.9053547324059372;1.0;1.0;1.0;0.0;0.0;0.2023132807409218
947_7;0;7;1;0.7114376082822365;1.0;1.0;1.0;0.0;0.0;0.19180834389709558
963_7;1;7;0;0.9212633376769236;1.0;1.0;1.0;0.0;0.0;0.20225526807848046
987_7;1;7;1;0.9949483378788464;1.0;1.0;1.0;0.0;0.0;0.20239620504265424
