Case ID;Actual;Prefix Length;Prediction;Prediction Probability;SHAP Subset Stability;SHAP Weight Stability;SHAP Adjusted Weight Stability;SHAP Precision;SHAP Recall;SHAP Correlation;LIME Precision;LIME Recall;LIME Correlation
1022_4;0;4;1;0.8486496360163384;1.0;1.0;1.0;0.0;0.0;0.1667827859131688;0.0;0.0;0.49015041105365476
1053_4;0;4;0;0.9968988313143892;1.0;1.0;1.0;0.0;0.0;0.1657122309500997;0.5;1.0;0.4945522829814558
1091_4;1;4;1;0.9999975081812364;1.0;1.0;1.0;0.0;0.0;0.16489364152693972;0.5;1.0;0.4945795861153981
1104_4;1;4;1;0.9999938470576508;1.0;1.0;1.0;0.0;0.0;0.1644259521055835;0.5;1.0;0.499958303502022
1136_4;0;4;0;0.9378682114306164;1.0;1.0;1.0;0.0;0.0;0.16595115658917722;0.5;1.0;0.5027341221194843
959_4;1;4;1;0.9999779099843844;1.0;1.0;1.0;0.0;0.0;0.1627324188306719;0.5;1.0;0.48579101066754166
973_4;0;4;0;0.9999910931281758;1.0;1.0;1.0;0.0;0.0;0.16601841905856982;0.5;1.0;0.49047198129786357
998_4;1;4;1;0.9999999452482471;1.0;1.0;1.0;0.0;0.0;0.16483713308849954;0.0;0.0;0.49256825524831876
