Case ID;Actual;Prefix Length;Prediction;Prediction Probability;SHAP Subset Stability;SHAP Weight Stability;SHAP Adjusted Weight Stability;SHAP Precision;SHAP Recall;SHAP Correlation;LIME Precision;LIME Recall;LIME Correlation
1030_7;1;7;1;0.9888112576206922;1.0;1.0;1.0;0.0;0.0;0.2036521903230019;0.3333333333333333;0.5;0.5090280097573043
1058_7;1;7;1;0.9959675781016312;1.0;1.0;1.0;0.0;0.0;0.20378926929510716;0.3333333333333333;0.5;0.5156761027248001
1096_7;0;7;1;0.9967773409725093;1.0;1.0;1.0;0.0;0.0;0.2019724700230528;0.3333333333333333;0.5;0.5300848941108559
1108_7;0;7;1;0.9959608244177482;1.0;1.0;1.0;0.0;0.0;0.20119536948418848;0.5;0.5;0.5214778077171467
1118_7;0;7;0;0.9053547324059372;1.0;1.0;1.0;0.0;0.0;0.2023132807409218;0.5;0.5;0.5338725261992138
947_7;0;7;1;0.7114376082822365;1.0;1.0;1.0;0.0;0.0;0.1918083438970956;0.3333333333333333;0.5;0.5160359553129331
963_7;1;7;0;0.9212633376769236;1.0;1.0;1.0;0.0;0.0;0.2022552680784805;0.5;0.5;0.5224820901952524
987_7;1;7;1;0.9949483378788464;1.0;1.0;1.0;0.0;0.0;0.20239620504265424;0.3333333333333333;0.5;0.5137446490374747
