Case ID;Actual;Prefix Length;Prediction;Prediction Probability;SHAP Subset Stability;SHAP Weight Stability;SHAP Adjusted Weight Stability;LIME Subset Stability;LIME Weight Stability;LIME Adjusted Weight Stability;ACV Subset Stability;ACV Weight Stability;ACV Adjusted Weight Stability;LINDA Subset Stability;LINDA Weight Stability;LINDA Adjusted Weight Stability;MAPE Correctness;RMSE Correctness;R2 Correctness;Mode
Case10_12;1;12;1;0.9613972382867924;1.0;0.9080002909228516;0.9080002909228516;1.0;0.9458523665611442;0.9458523665611442;;1.0;1.0;;1.0;1.0;0.5826410997904113;0.5826410997904113;-0.5826410997904113;baseline_max
Case122_12;0;12;0;0.5560036506496273;1.0;0.8506507688418713;0.8506507688418713;1.0;0.9778436321007876;0.9778436321007876;;1.0;1.0;;1.0;1.0;0.5667602258502855;0.5667602258502855;-0.28218622200404514;baseline_max
Case178_12;0;12;0;0.9679325983928352;1.0;0.8726349816605028;0.8726349816605028;1.0;0.9839144876182838;0.9839144876182838;;1.0;1.0;;1.0;1.0;0.424978229401859;0.424978229401859;-0.22892247540723853;baseline_max
Case18_12;1;12;1;0.9998216529948633;1.0;0.8497019145601752;0.8497019145601752;1.0;0.9932807812115004;0.9932807812115004;;1.0;1.0;;1.0;1.0;0.5788864950432643;0.5788864950432643;-0.5788864950432643;baseline_max
Case194_12;1;12;1;0.9953749347706126;1.0;0.7704610300824862;0.7704610300824862;1.0;0.9858933101516014;0.9858933101516014;;1.0;1.0;;1.0;1.0;0.5833441481922881;0.5833441481922881;-0.5833441481922881;baseline_max
Case238_12;1;12;1;0.9999275026188944;1.0;0.8443059410626609;0.8443059410626609;1.0;0.9900280647555784;0.9900280647555784;;1.0;1.0;;1.0;1.0;0.5485965347460295;0.5485965347460295;-0.5485965347460295;baseline_max
Case27_12;0;12;0;0.9657804694387752;1.0;0.8087462235069105;0.8087462235069105;1.0;0.9872146555201858;0.9872146555201858;;1.0;1.0;;1.0;1.0;0.5041056625326047;0.5041056625326047;-0.5041056625326047;baseline_max
Case60_12;0;12;0;0.7882583122379649;1.0;0.7436242000827811;0.7436242000827811;1.0;0.9920510113295621;0.9920510113295621;;1.0;1.0;;1.0;1.0;0.5335241469992885;0.5335241469992885;-0.2865572965461321;baseline_max
