"Case ID;Actual;Prefix Length;Prediction;Prediction Probability;SHAP Subset Stability;SHAP Weight Stability;SHAP Adjusted Weight Stability;LIME Subset Stability;LIME Weight Stability;LIME Adjusted Weight Stability;ACV Subset Stability;ACV Weight Stability;ACV Adjusted Weight Stability;LINDA Subset Stability;LINDA Weight Stability;LINDA Adjusted Weight Stability";MAPE Correctness;RMSE Correctness;R2 Correctness;Mode
"Case155_10;0;10;0;0.9999999999999004;1.0;0.15955152738553735;0.15955152738553735;0.8046363040629095;0.9677744733922264;0.9677744733922264;;1.0;1.0;;1.0;1.0";-0.05021483182050205;-0.05021483182050205;0.08530425007762299;baseline_min
"Case192_10;0;10;0;1.0;1.0;0.8927121176150444;0.8927121176150444;1.0;0.9232512638140219;0.9232512638140219;;1.0;1.0;;1.0;1.0";;;;baseline_min
"Case194_10;1;10;1;1.0;1.0;0.8700267886297887;0.8700267886297887;0.914961135277758;0.9105103128637252;0.9105103128637252;;1.0;1.0;;1.0;1.0";0.11302154732292928;0.11302154732292928;-0.11302154732292928;baseline_min
"Case223_10;0;10;0;0.9999999727161684;1.0;-5.57100906226862;-5.57100906226862;0.8261154855643045;0.9739112973412004;0.9739112973412004;;1.0;1.0;;1.0;1.0";-0.16735760667004565;-0.16735760667004565;0.16735760667004565;baseline_min
"Case259_10;1;10;1;1.0;1.0;0.8500086841104004;0.8500086841104004;0.957480567638879;0.972064668699871;0.972064668699871;;1.0;1.0;;1.0;1.0";;;;baseline_min
"Case266_10;1;10;1;0.9999999152526478;1.0;0.6440721142794665;0.6440721142794665;0.8770966993893484;0.9795388623917892;0.9795388623917892;;1.0;1.0;;1.0;1.0";-0.07305886024005112;-0.07305886024005112;0.10263189345553408;baseline_min
"Case67_10;0;10;1;1.0;1.0;0.6355194668336563;0.6355194668336563;0.8893462180863756;0.956926114881124;0.956926114881124;;1.0;1.0;;1.0;1.0";0.1949549685290545;0.1949549685290545;-0.19453972850802662;baseline_min
"Case75_10;1;10;0;0.9999921995728138;1.0;0.6679917195737509;0.6679917195737509;0.8463708742366854;0.9267739310132156;0.9267739310132156;;1.0;1.0;;1.0;1.0";-0.18762347790290876;-0.18762347790290876;0.18762347790290876;baseline_min
