Case ID;Actual;Prefix Length;Prediction;Prediction Probability;SHAP Subset Stability;SHAP Weight Stability;SHAP Adjusted Weight Stability;LIME Subset Stability;LIME Weight Stability;LIME Adjusted Weight Stability;ACV Subset Stability;ACV Weight Stability;ACV Adjusted Weight Stability;LINDA Subset Stability;LINDA Weight Stability;LINDA Adjusted Weight Stability;MAPE Correctness;RMSE Correctness;R2 Correctness;Mode
Case103_8;1;8;1;1.0;0.7838107324147934;0.6925157542792044;0.6925157542792044;1.0;0.925072084908386;0.925072084908386;;1.0;1.0;;1.0;1.0;0.32755145867900054;0.3282286273218113;-0.3249051766235717;baseline_max
Case106_8;0;8;0;1.0;1.0;0.9077792351316128;0.9077792351316128;1.0;0.8108657428451952;0.8108657428451952;;1.0;1.0;;1.0;1.0;0.37375655867798346;0.37375655867798346;-0.37375655867798346;baseline_max
Case11_8;1;8;0;0.9430685544444606;0.8320659062103929;-8.348425471242312;-8.348425471242312;1.0;0.9607916108584258;0.9607916108584258;;1.0;1.0;;1.0;1.0;0.4776626830523158;0.4776626830523158;-0.4776626830523158;baseline_max
Case223_8;0;8;0;0.9999999999999716;0.8320659062103929;-6.239412009899369;-6.239412009899369;1.0;0.9748502250144782;0.9748502250144782;;1.0;1.0;;1.0;1.0;0.49578502925948004;0.49578502925948004;-0.5008792290391418;baseline_max
Case225_8;1;8;0;1.0;0.8320659062103929;-6.8586008357975485;-6.8586008357975485;1.0;0.9672753345680238;0.9672753345680238;;1.0;1.0;;1.0;1.0;0.39424151138430386;0.39424151138430386;-0.3827518185192985;baseline_max
Case250_8;0;8;0;1.0;1.0;0.9667568615952896;0.9667568615952896;0.9769257560805712;0.9809608673470072;0.9809608673470072;;1.0;1.0;;1.0;1.0;;;;baseline_max
Case63_8;1;8;1;1.0;0.8320659062103929;0.3696469696414821;0.3696469696414821;0.9790480708412396;0.957955474061348;0.957955474061348;;1.0;1.0;;1.0;1.0;0.33618156774855334;0.33618156774855334;-0.33618156774855334;baseline_max
Case64_8;0;8;1;0.9999999999999148;0.8320659062103929;0.027586598751751068;0.027586598751751068;1.0;0.9688535033356492;0.9688535033356492;;1.0;1.0;;1.0;1.0;0.3504987491799421;0.3504987491799421;-0.2964570108152679;baseline_max
