"Case ID;Actual;Prefix Length;Prediction;Prediction Probability;SHAP Subset Stability;SHAP Weight Stability;SHAP Adjusted Weight Stability;LIME Subset Stability;LIME Weight Stability;LIME Adjusted Weight Stability;ACV Subset Stability;ACV Weight Stability;ACV Adjusted Weight Stability;LINDA Subset Stability;LINDA Weight Stability;LINDA Adjusted Weight Stability";MAPE Correctness;RMSE Correctness;R2 Correctness;Mode
"Case10_12;1;12;1;0.9613972382867924;1.0;0.9080002909228516;0.9080002909228516;1.0;0.9458523665611442;0.9458523665611442;;1.0;1.0;;1.0;1.0";0.40736899291380707;0.40736899291380707;-0.40736899291380707;baseline_mean
"Case122_12;0;12;0;0.5560036506496273;1.0;0.8506507688418713;0.8506507688418713;1.0;0.9778436321007876;0.9778436321007876;;1.0;1.0;;1.0;1.0";0.36792034879379654;0.36792034879379654;-0.4080772677549782;baseline_mean
"Case178_12;0;12;0;0.9679325983928352;1.0;0.8726349816605028;0.8726349816605028;1.0;0.9839144876182838;0.9839144876182838;;1.0;1.0;;1.0;1.0";0.39538546740159697;0.39538546740159697;-0.4080943603545273;baseline_mean
"Case18_12;1;12;1;0.9998216529948633;1.0;0.8497019145601752;0.8497019145601752;1.0;0.9932807812115004;0.9932807812115004;;1.0;1.0;;1.0;1.0";0.43452408340684273;0.43452408340684273;-0.43452408340684273;baseline_mean
"Case194_12;1;12;1;0.9953749347706126;1.0;0.7704610300824862;0.7704610300824862;1.0;0.9858933101516014;0.9858933101516014;;1.0;1.0;;1.0;1.0";0.4344987339773428;0.4344987339773428;-0.4344987339773428;baseline_mean
"Case238_12;1;12;1;0.9999275026188944;1.0;0.8443059410626609;0.8443059410626609;1.0;0.9900280647555784;0.9900280647555784;;1.0;1.0;;1.0;1.0";0.4282782770254954;0.4282782770254954;-0.4282782770254954;baseline_mean
"Case27_12;0;12;0;0.9657804694387752;1.0;0.8087462235069105;0.8087462235069105;1.0;0.9872146555201858;0.9872146555201858;;1.0;1.0;;1.0;1.0";0.4885463958830436;0.4885463958830436;-0.4885463958830436;baseline_mean
"Case60_12;0;12;0;0.7882583122379649;1.0;0.7436242000827811;0.7436242000827811;1.0;0.9920510113295621;0.9920510113295621;;1.0;1.0;;1.0;1.0";0.4561821160242704;0.4561821160242704;-0.4080943603545273;baseline_mean
