"Case ID;Actual;Prefix Length;Prediction;Prediction Probability;SHAP Subset Stability;SHAP Weight Stability;SHAP Adjusted Weight Stability;LIME Subset Stability;LIME Weight Stability;LIME Adjusted Weight Stability;ACV Subset Stability;ACV Weight Stability;ACV Adjusted Weight Stability;LINDA Subset Stability;LINDA Weight Stability;LINDA Adjusted Weight Stability";MAPE Correctness;RMSE Correctness;R2 Correctness;Mode
"Case10_12;1;12;1;0.9613972382867924;1.0;0.9080002909228516;0.9080002909228516;1.0;0.9458523665611442;0.9458523665611442;;1.0;1.0;;1.0;1.0";0.6925481793182573;0.6816840230118287;-0.6816840230118287;permutation
"Case122_12;0;12;0;0.5560036506496273;1.0;0.8506507688418713;0.8506507688418713;1.0;0.9778436321007876;0.9778436321007876;;1.0;1.0;;1.0;1.0";0.660068149884637;0.6328298945856001;-0.4080772677549782;permutation
"Case178_12;0;12;0;0.9679325983928352;1.0;0.8726349816605028;0.8726349816605028;1.0;0.9839144876182838;0.9839144876182838;;1.0;1.0;;1.0;1.0";0.6070374642232703;0.592164419676575;-0.4080943603545273;permutation
"Case18_12;1;12;1;0.9998216529948633;1.0;0.8497019145601752;0.8497019145601752;1.0;0.9932807812115004;0.9932807812115004;;1.0;1.0;;1.0;1.0";0.6908188816137198;0.6761117178101617;-0.6761117178101617;permutation
"Case194_12;1;12;1;0.9953749347706126;1.0;0.7704610300824862;0.7704610300824862;1.0;0.9858933101516014;0.9858933101516014;;1.0;1.0;;1.0;1.0";0.6925957790921388;0.680565164835291;-0.680565164835291;permutation
"Case238_12;1;12;1;0.9999275026188944;1.0;0.8443059410626609;0.8443059410626609;1.0;0.9900280647555784;0.9900280647555784;;1.0;1.0;;1.0;1.0";0.6812335322940046;0.6770562356770436;-0.6770562356770436;permutation
"Case27_12;0;12;0;0.9657804694387752;1.0;0.8087462235069105;0.8087462235069105;1.0;0.9872146555201858;0.9872146555201858;;1.0;1.0;;1.0;1.0";0.6270337158447056;0.6051410141454368;-0.6051410141454368;permutation
"Case60_12;0;12;0;0.7882583122379649;1.0;0.7436242000827811;0.7436242000827811;1.0;0.9920510113295621;0.9920510113295621;;1.0;1.0;;1.0;1.0";0.6499854692626043;0.6189024772886116;-0.4080943603545273;permutation
