Case ID;Actual;Prefix Length;Prediction;Prediction Probability;SHAP Subset Stability;SHAP Weight Stability;SHAP Adjusted Weight Stability;LIME Subset Stability;LIME Weight Stability;LIME Adjusted Weight Stability;ACV Subset Stability;ACV Weight Stability;ACV Adjusted Weight Stability;LINDA Subset Stability;LINDA Weight Stability;LINDA Adjusted Weight Stability;MAPE Correctness;RMSE Correctness;R2 Correctness;Mode
Case109_7;1;7;1;1.0;1.0;0.9221718855258104;0.9221718855258104;0.8320817688777639;0.9423183065320292;0.9423183065320292;;1.0;1.0;;1.0;1.0;;;;permutation
Case119_7;0;7;1;1.0;1.0;0.8548995960623412;0.8548995960623412;0.6638298485110306;0.6059626829197516;0.6059626829197516;;1.0;1.0;;1.0;1.0;0.36328169190278675;0.36306006773243643;-0.3589473309642484;permutation
Case185_7;0;7;0;1.0;1.0;0.9515067531010024;0.9515067531010024;0.8504829123328381;0.8967360859685843;0.8967360859685843;;1.0;1.0;;1.0;1.0;;;;permutation
Case245_7;1;7;1;0.9999837011165332;1.0;0.7728962536873651;0.7728962536873651;0.6509040858268758;0.9525771283333092;0.9525771283333092;;1.0;1.0;;1.0;1.0;0.43236538327425433;0.41903771053506605;-0.41903771053506605;permutation
Case250_7;0;7;0;1.0;1.0;0.8955534692556456;0.8955534692556456;0.7563027295285359;0.9632192281887596;0.9632192281887596;;1.0;1.0;;1.0;1.0;;;;permutation
Case32_7;1;7;1;1.0;1.0;0.3840364014236353;0.3840364014236353;0.5957849191898335;0.8734323353824841;0.8734323353824841;;1.0;1.0;;1.0;1.0;0.2983670744424643;0.2983670744424643;-0.2862718468766149;permutation
Case34_7;0;7;0;1.0;1.0;0.949082794583638;0.949082794583638;0.8254165091087039;0.9687712581428041;0.9687712581428041;;1.0;1.0;;1.0;1.0;0.3616278479131867;0.3643021705353877;-0.3619595950088227;permutation
Case93_7;1;7;1;1.0;1.0;0.9160471704194066;0.9160471704194066;1.0;0.9635799526015308;0.9635799526015308;;1.0;1.0;;1.0;1.0;0.30111219034723713;0.30072958273561423;-0.30183279721333567;permutation
