Case ID;Actual;Prefix Length;Prediction;Prediction Probability;SHAP Subset Stability;SHAP Weight Stability;SHAP Adjusted Weight Stability;LIME Subset Stability;LIME Weight Stability;LIME Adjusted Weight Stability;ACV Subset Stability;ACV Weight Stability;ACV Adjusted Weight Stability;LINDA Subset Stability;LINDA Weight Stability;LINDA Adjusted Weight Stability;MAPE Correctness;RMSE Correctness;R2 Correctness;Mode
Case177_6;1;6;1;1.0;1.0;0.7708583311094609;0.7708583311094609;1.0;0.9405654170546268;0.9405654170546268;;1.0;1.0;;1.0;1.0;;;;permutation
Case223_6;0;6;0;0.9999999993453058;1.0;0.7339367396552787;0.7339367396552787;0.2666549378372043;0.8991368803308887;0.8991368803308887;;1.0;1.0;;1.0;1.0;0.5160227445159883;0.5190483835925992;-0.38626175771604965;permutation
Case229_6;0;6;0;0.9999999999999716;1.0;0.7825347051399614;0.7825347051399614;0.04791906682027669;0.9272986334932516;0.9272986334932516;;1.0;1.0;;1.0;1.0;0.4977927535284542;0.49139712928611856;-0.43891030871227926;permutation
Case244_6;1;6;1;1.0;1.0;-0.10296108924587144;-0.10296108924587144;0.0888561433774202;0.9560435012291832;0.9560435012291832;;1.0;1.0;;1.0;1.0;;;;permutation
Case38_6;1;6;1;0.9999999999996732;1.0;0.5557122851195441;0.5557122851195441;0.2384457741314199;0.9488797681640057;0.9488797681640057;;1.0;1.0;;1.0;1.0;0.4923100597584483;0.4904948129564507;-0.38626175771604965;permutation
Case39_6;0;6;0;0.9907437214258512;1.0;0.8712481309066991;0.8712481309066991;0.8410130845677439;0.9595887985536724;0.9595887985536724;;1.0;1.0;;1.0;1.0;0.49951432232344256;0.5052636920790963;-0.5050553663557243;permutation
Case70_6;1;6;1;1.0;1.0;0.6689792898660476;0.6689792898660476;0.8321048321048321;0.1067363991770064;0.1067363991770064;;1.0;1.0;;1.0;1.0;0.35845593283619975;0.35881619005513066;-0.3618029978054692;permutation
Case72_6;0;6;0;1.0;1.0;0.7114222519855453;0.7114222519855453;0.17273877292852646;0.9490763415174815;0.9490763415174815;;1.0;1.0;;1.0;1.0;0.3002232929732672;0.3002232929732672;-0.2976912026539772;permutation
