"Case ID;Actual;Prefix Length;Prediction;Prediction Probability;SHAP Subset Stability;SHAP Weight Stability;SHAP Adjusted Weight Stability;LIME Subset Stability;LIME Weight Stability;LIME Adjusted Weight Stability;ACV Subset Stability;ACV Weight Stability;ACV Adjusted Weight Stability;LINDA Subset Stability;LINDA Weight Stability;LINDA Adjusted Weight Stability";MAPE Correctness;RMSE Correctness;R2 Correctness;Mode
"Case178_11;0;11;0;1.0;1.0;0.3910019326066128;0.3910019326066128;1.0;0.9584936267335844;0.9584936267335844;;1.0;1.0;;1.0;1.0";0.3499444645948949;0.3499444645948949;-0.3557503491309277;permutation
"Case206_11;1;11;1;1.0;1.0;0.7820140367835766;0.7820140367835766;1.0;0.9471461594029362;0.9471461594029362;;1.0;1.0;;1.0;1.0";0.30055968219522977;0.30055968219522977;-0.29917695318167226;permutation
"Case215_11;0;11;0;1.0;1.0;0.2579299991811399;0.2579299991811399;1.0;0.9234743576983758;0.9234743576983758;;1.0;1.0;;1.0;1.0";0.3684699431593539;0.36878194141774456;-0.3739406231712055;permutation
"Case259_11;1;11;1;1.0;1.0;0.8567890478275226;0.8567890478275226;1.0;0.9656076704759584;0.9656076704759584;;1.0;1.0;;1.0;1.0";0.1796027326660506;0.1796027326660506;-0.17892408697018083;permutation
"Case277_11;1;11;1;1.0;1.0;0.8405231653486521;0.8405231653486521;1.0;0.9689715443443152;0.9689715443443152;;1.0;1.0;;1.0;1.0";0.34468729918022684;0.34468729918022684;-0.3477940920643278;permutation
"Case44_11;1;11;1;1.0;1.0;0.8308450901123368;0.8308450901123368;1.0;0.9602605740646688;0.9602605740646688;;1.0;1.0;;1.0;1.0";;;;permutation
"Case83_11;0;11;1;0.9999908548254358;1.0;0.7835347891922723;0.7835347891922723;1.0;0.9550740306002764;0.9550740306002764;;1.0;1.0;;1.0;1.0";0.4031952990768511;0.4111793644051056;-0.4058563043927548;permutation
"Case84_11;0;11;0;1.0;1.0;0.8389304998278166;0.8389304998278166;1.0;0.9626932846323988;0.9626932846323988;;1.0;1.0;;1.0;1.0";0.39634179953201026;0.39700792020349257;-0.38745666522136085;permutation
