Case ID;Actual;Prefix Length;Prediction;Prediction Probability;SHAP Subset Stability;SHAP Weight Stability;SHAP Adjusted Weight Stability;LIME Subset Stability;LIME Weight Stability;LIME Adjusted Weight Stability;ACV Subset Stability;ACV Weight Stability;ACV Adjusted Weight Stability;LINDA Subset Stability;LINDA Weight Stability;LINDA Adjusted Weight Stability;SHAP Precision;SHAP Recall;SHAP Correlation;LIME Precision;LIME Recall;LIME Correlation;LINDA Precision;LINDA Recall;LINDA Correlation
Case103_9;1;9;1;1.0;1.0;0.7739332676191899;0.7739332676191899;0.9347540624829019;0.9524954897446694;0.9524954897446694;;1.0;1.0;;1.0;1.0;1.0;1.0;0.4558589876921559;0.0;0.0;0.6414781192419855;0.006289308176100629;1.0;0.0
Case187_9;1;9;1;1.0;1.0;0.6032037374930638;0.6032037374930638;0.9782513541609672;0.9671601848659356;0.9671601848659356;;1.0;1.0;;1.0;1.0;1.0;0.5;0.5551231470025706;0.0;0.0;0.6297403318739783;0.012578616352201259;1.0;0.0
Case201_9;1;9;1;1.0;1.0;0.8399950121994204;0.8399950121994204;0.8961659023625703;0.9684320429150473;0.9684320429150473;;1.0;1.0;;1.0;1.0;1.0;1.0;0.4663222482753144;0.0;0.0;0.5978716631881297;0.006289308176100629;1.0;0.0
Case252_9;0;9;0;1.0;1.0;-6.15022503014297;-6.15022503014297;0.8912567708048367;0.961114471052735;0.961114471052735;;1.0;1.0;;1.0;1.0;0.0;0.0;0.4370625654925364;0.0;0.0;0.5789872470011831;0.006289308176100629;1.0;0.0
Case259_9;1;9;1;1.0;1.0;0.8533639470732578;0.8533639470732578;0.9347540624829019;0.971192142108683;0.971192142108683;;1.0;1.0;;1.0;1.0;1.0;1.0;0.5026758145955267;0.0;0.0;0.6236955192327286;0.006289308176100629;1.0;0.0
Case34_9;0;9;0;1.0;1.0;0.9578759602781076;0.9578759602781076;0.9742834961506114;0.9706003319870192;0.9706003319870192;;1.0;1.0;;1.0;1.0;0.0;0.0;0.4406057127720383;0.0;0.0;0.5946398355396149;0.012578616352201259;1.0;0.0
Case40_9;0;9;0;1.0;1.0;0.9369356326245952;0.9369356326245952;0.9556559571619812;0.9631228978769176;0.9631228978769176;;1.0;1.0;;1.0;1.0;1.0;1.0;0.4388463287466366;0.0;0.0;0.6483921583765649;0.006289308176100629;1.0;0.0
Case9_9;0;9;0;1.0;1.0;0.7519397426491689;0.7519397426491689;0.9347540624829019;0.96250336863003;0.96250336863003;;1.0;1.0;;1.0;1.0;1.0;1.0;0.5125404835891793;0.0;0.0;0.5891733614532699;0.006289308176100629;1.0;0.0
