Case ID;Actual;Prefix Length;Prediction;Prediction Probability;SHAP Subset Stability;SHAP Weight Stability;SHAP Adjusted Weight Stability;LIME Subset Stability;LIME Weight Stability;LIME Adjusted Weight Stability;ACV Subset Stability;ACV Weight Stability;ACV Adjusted Weight Stability;LINDA Subset Stability;LINDA Weight Stability;LINDA Adjusted Weight Stability;SHAP Precision;SHAP Recall;SHAP Correlation;LIME Precision;LIME Recall;LIME Correlation
Case109_7;1;7;1;1.0;1.0;0.9221718855258104;0.9221718855258104;0.8320817688777639;0.9423183065320292;0.9423183065320292;;1.0;1.0;;1.0;1.0;1.0;1.0;0.34212854723297176;0.0;0.0;0.5922593617493022
Case119_7;0;7;1;1.0;1.0;0.8548995960623412;0.8548995960623412;0.6638298485110306;0.6059626829197516;0.6059626829197516;;1.0;1.0;;1.0;1.0;1.0;1.0;0.3527791496666022;0.0;0.0;0.65945866232179
Case185_7;0;7;0;1.0;1.0;0.9515067531010024;0.9515067531010024;0.8504829123328381;0.8967360859685843;0.8967360859685843;;1.0;1.0;;1.0;1.0;1.0;0.3333333333333333;0.37326812984220376;0.0;0.0;0.6306093057199808
Case245_7;1;7;1;0.9999837011165332;1.0;0.7728962536873651;0.7728962536873651;0.6509040858268758;0.9525771283333092;0.9525771283333092;;1.0;1.0;;1.0;1.0;1.0;1.0;0.3719337578725242;0.0;0.0;0.6131513440775962
Case250_7;0;7;0;1.0;1.0;0.8955534692556456;0.8955534692556456;0.7563027295285359;0.9632192281887596;0.9632192281887596;;1.0;1.0;;1.0;1.0;1.0;1.0;0.36594136408517697;0.0;0.0;0.5983809987758545
Case32_7;1;7;1;1.0;1.0;0.3840364014236353;0.3840364014236353;0.5957849191898335;0.8734323353824841;0.8734323353824841;;1.0;1.0;;1.0;1.0;1.0;0.3333333333333333;0.3976665226708795;0.0;0.0;0.5988828944391712
Case34_7;0;7;0;1.0;1.0;0.949082794583638;0.949082794583638;0.8254165091087039;0.9687712581428041;0.9687712581428041;;1.0;1.0;;1.0;1.0;1.0;1.0;0.4310523598455716;0.0;0.0;0.62319114695518
Case93_7;1;7;1;1.0;1.0;0.9160471704194066;0.9160471704194066;1.0;0.9635799526015308;0.9635799526015308;;1.0;1.0;;1.0;1.0;1.0;1.0;0.3484082975376465;0.0;0.0;0.6086718476110701
