Case ID;Actual;Prefix Length;Prediction;Prediction Probability;SHAP Subset Stability;SHAP Weight Stability;SHAP Adjusted Weight Stability;LIME Subset Stability;LIME Weight Stability;LIME Adjusted Weight Stability;ACV Subset Stability;ACV Weight Stability;ACV Adjusted Weight Stability;LINDA Subset Stability;LINDA Weight Stability;LINDA Adjusted Weight Stability;SHAP Precision;SHAP Recall;SHAP Correlation;LIME Precision;LIME Recall;LIME Correlation;LINDA Precision;LINDA Recall;LINDA Correlation
Case155_10;0;10;0;0.9999999999999004;1.0;0.15955152738553735;0.15955152738553735;0.8046363040629095;0.9677744733922264;0.9677744733922264;;1.0;1.0;;1.0;1.0;0.5;0.5;0.3882727980981663;0.0;0.0;0.5938620793101533;0.012578616352201259;1.0;0.0
Case192_10;0;10;0;1.0;1.0;0.8927121176150444;0.8927121176150444;1.0;0.923251263814022;0.923251263814022;;1.0;1.0;;1.0;1.0;1.0;1.0;0.5398812698166854;0.0;0.0;0.5385667605166243;0.006289308176100629;1.0;0.0
Case194_10;1;10;1;1.0;1.0;0.8700267886297887;0.8700267886297887;0.9149611352777579;0.9105103128637252;0.9105103128637252;;1.0;1.0;;1.0;1.0;1.0;1.0;0.5719989790746195;0.3333333333333333;1.0;0.6044710648926327;0.006289308176100629;1.0;0.0
Case223_10;0;10;0;0.9999999727161684;1.0;-5.57100906226862;-5.57100906226862;0.8261154855643045;0.9739112973412004;0.9739112973412004;;1.0;1.0;;1.0;1.0;0.0;0.0;0.3316245762987413;0.0;0.0;0.6320639040264909;0.012578616352201259;1.0;0.0
Case259_10;1;10;1;1.0;1.0;0.8500086841104004;0.8500086841104004;0.957480567638879;0.972064668699871;0.972064668699871;;1.0;1.0;;1.0;1.0;1.0;1.0;0.4440112525273937;0.0;0.0;0.6299941276759611;0.006289308176100629;1.0;0.0
Case266_10;1;10;1;0.9999999152526478;1.0;0.6440721142794665;0.6440721142794665;0.8770966993893484;0.9795388623917892;0.9795388623917892;;1.0;1.0;;1.0;1.0;0.5;0.5;0.3795927189852286;0.0;0.0;0.6147585660635219;0.012578616352201259;1.0;0.0
Case67_10;0;10;1;1.0;1.0;0.6355194668336563;0.6355194668336563;0.8893462180863756;0.956926114881124;0.956926114881124;;1.0;1.0;;1.0;1.0;1.0;0.5;0.4644653831166702;0.0;0.0;0.5745623254386535;0.012578616352201259;1.0;0.0
Case75_10;1;10;0;0.9999921995728138;1.0;0.6679917195737509;0.6679917195737509;0.8463708742366854;0.9267739310132156;0.9267739310132156;;1.0;1.0;;1.0;1.0;0.0;0.0;0.3477657622377905;0.0;0.0;0.6067214557737648;0.006289308176100629;1.0;0.0
