Case ID;Actual;Prefix Length;Prediction;Prediction Probability;SHAP Subset Stability;SHAP Weight Stability;SHAP Adjusted Weight Stability;LIME Subset Stability;LIME Weight Stability;LIME Adjusted Weight Stability;ACV Subset Stability;ACV Weight Stability;ACV Adjusted Weight Stability;LINDA Subset Stability;LINDA Weight Stability;LINDA Adjusted Weight Stability;SHAP Precision;SHAP Recall;SHAP Correlation;LIME Precision;LIME Recall;LIME Correlation
Case12_13;0;13;0;1.0;1.0;0.9108892830487514;0.9108892830487514;1.0;0.97482018417802;0.97482018417802;;1.0;1.0;;1.0;1.0;1.0;1.0;0.4246200176885166;0.0;0.0;0.635134385272031
Case135_13;1;13;0;1.0;1.0;0.9418984891036988;0.9418984891036988;1.0;0.9791688142513828;0.9791688142513828;;1.0;1.0;;1.0;1.0;1.0;1.0;0.7338064132061707;0.0;0.0;0.6408852459013183
Case188_13;1;13;1;1.0;1.0;0.9758084927641346;0.9758084927641346;1.0;0.927629602611674;0.927629602611674;;1.0;1.0;;1.0;1.0;1.0;0.25;0.5605997729626006;0.14285714285714285;0.25;0.626518270093801
Case194_13;1;13;1;1.0;1.0;0.8890116558473752;0.8890116558473752;1.0;0.9607618246560644;0.9607618246560644;;1.0;1.0;;1.0;1.0;1.0;1.0;0.5451852908220618;0.1111111111111111;1.0;0.6152691614591895
Case195_13;0;13;0;1.0;1.0;0.8654626156811637;0.8654626156811637;1.0;0.9809502138172276;0.9809502138172276;;1.0;1.0;;1.0;1.0;1.0;1.0;0.4880159860197823;0.0;0.0;0.6155032665159544
Case245_13;1;13;0;0.9999946578791438;1.0;0.6072790792469305;0.6072790792469305;1.0;0.9687974313438268;0.9687974313438268;;1.0;1.0;;1.0;1.0;0.0;0.0;0.4143194363935181;0.2;0.5;0.5989183558427172
Case89_13;0;13;0;1.0;1.0;0.7148438654616591;0.7148438654616591;1.0;0.9693555408912856;0.9693555408912856;;1.0;1.0;;1.0;1.0;1.0;1.0;0.4461414646695166;0.0;0.0;0.5850309923300955
Case90_13;0;13;0;1.0;1.0;0.7634774555139887;0.7634774555139887;1.0;0.958569187969166;0.958569187969166;;1.0;1.0;;1.0;1.0;1.0;1.0;0.4419989403191761;0.0;0.0;0.6611958835635812
