Case ID;Actual;Prefix Length;Prediction;Prediction Probability;SHAP Subset Stability;SHAP Weight Stability;SHAP Adjusted Weight Stability;LIME Subset Stability;LIME Weight Stability;LIME Adjusted Weight Stability;ACV Subset Stability;ACV Weight Stability;ACV Adjusted Weight Stability;LINDA Subset Stability;LINDA Weight Stability;LINDA Adjusted Weight Stability;SHAP Precision;SHAP Recall;SHAP Correlation;LIME Precision;LIME Recall;LIME Correlation
Case101_4;0;4;0;1.0;1.0;0.8935087374537153;0.8935087374537153;;1.0;1.0;;1.0;1.0;;1.0;1.0;1.0;1.0;0.2376923308059695;0.0;0.0;0.6238360148550227
Case125_4;0;4;1;0.5232988637491162;1.0;0.9007820500126904;0.9007820500126904;;1.0;1.0;;1.0;1.0;;1.0;1.0;1.0;1.0;0.14920148933060198;0.0;0.0;0.6303110210638232
Case163_4;1;4;1;1.0;0.8320895522388059;0.8520384570446847;0.8520384570446847;;1.0;1.0;;1.0;1.0;;1.0;1.0;1.0;1.0;0.2464894588965915;0.16666666666666666;1.0;0.6258447289716267
Case229_4;0;4;0;0.9999999948884976;1.0;0.4703589951661886;0.4703589951661886;;1.0;1.0;;1.0;1.0;;1.0;1.0;0.0;0.0;0.2294207001213231;0.0;0.0;0.6278443520318993
Case265_4;0;4;0;1.0;1.0;0.8392897325407618;0.8392897325407618;;1.0;1.0;;1.0;1.0;;1.0;1.0;1.0;1.0;0.2424382892636086;0.0;0.0;0.6636110529947968
Case267_4;1;4;1;1.0;1.0;0.9338048087938424;0.9338048087938424;;1.0;1.0;;1.0;1.0;;1.0;1.0;1.0;1.0;0.2756687770549545;0.14285714285714285;1.0;0.6589860485599395
Case38_4;1;4;1;1.0;1.0;0.8504138309155963;0.8504138309155963;;1.0;1.0;;1.0;1.0;;1.0;1.0;1.0;1.0;0.2981915026696572;0.0;0.0;0.6318526892087757
Case53_4;1;4;0;0.9999999999989201;1.0;0.8754039894429385;0.8754039894429385;;1.0;1.0;;1.0;1.0;;1.0;1.0;1.0;1.0;0.19916588347684452;0.0;0.0;0.5850404573020392
