Case ID;Actual;Prefix Length;Prediction;Prediction Probability;MAPE Correctness;RMSE Correctness;R2 Correctness;Mode
Case115_10;1;10;0;0.5;;;;baseline_min
Case206_10;1;10;0;0.8181818181818182;1.0;1.0;-1.0;baseline_min
Case225_10;1;10;1;0.9642857142857144;0.39573015465014;0.39573015465014;-0.39573015465014;baseline_min
Case230_10;1;10;0;0.6666666666666666;0.551203550514002;0.551203550514002;-0.551203550514002;baseline_min
Case250_10;0;10;0;1.0;0.6991626618571533;0.6991626618571533;-0.6991626618571533;baseline_min
Case252_10;0;10;0;0.8181818181818182;1.0;1.0;-1.0;baseline_min
Case27_10;0;10;0;0.5;;;;baseline_min
Case9_10;0;10;0;0.8181818181818182;1.0;1.0;-1.0;baseline_min
