Case ID;Actual;Prefix Length;Prediction;Prediction Probability;MAPE Correctness;RMSE Correctness;R2 Correctness;Mode
Case110_3;1;3;0;0.6296296296296297;0.7671763354290408;0.7671763354290408;-0.7712864270652376;baseline_max
Case122_3;0;3;0;0.6296296296296297;0.7671763354290408;0.7671763354290408;-0.7712864270652376;baseline_max
Case17_3;1;3;0;0.6296296296296297;0.7671763354290408;0.7671763354290408;-0.7712864270652376;baseline_max
Case225_3;1;3;1;0.7692307692307693;;;;baseline_max
Case255_3;0;3;0;0.9375;0.978782704306396;0.978782704306396;-0.9902752957083817;baseline_max
Case39_3;0;3;1;0.7142857142857143;0.7082282835267888;0.7082282835267888;-0.7082282835267888;baseline_max
Case53_3;1;3;1;0.6666666666666666;0.8786863971576256;0.8786863971576256;-0.8786863971576256;baseline_max
Case97_3;0;3;0;0.9375;0.978782704306396;0.978782704306396;-0.9902752957083817;baseline_max
