Case ID;Actual;Prefix Length;Prediction;Prediction Probability;MAPE Correctness;RMSE Correctness;R2 Correctness;Mode
Case123_2;1;2;1;0.9230769230769232;1.0;1.0;-1.0;baseline_mean
Case192_2;0;2;0;0.6666666666666666;0.3767962941777096;0.3767962941777096;-0.3767962941777096;baseline_mean
Case200_2;1;2;1;0.72;;;;baseline_mean
Case239_2;0;2;1;0.65;0.8024859156769127;0.8024859156769127;-0.8024859156769127;baseline_mean
Case45_2;1;2;1;0.65;0.8024859156769127;0.8024859156769127;-0.8024859156769127;baseline_mean
Case72_2;0;2;0;0.6666666666666666;0.3767962941777096;0.3767962941777096;-0.3767962941777096;baseline_mean
Case74_2;0;2;0;0.6666666666666666;0.3767962941777096;0.3767962941777096;-0.3767962941777096;baseline_mean
Case91_2;1;2;1;1.0;0.6156364263171012;0.6156364263171012;-0.6185802368601524;baseline_mean
