Case ID;Actual;Prefix Length;Prediction;Prediction Probability;MAPE Correctness;RMSE Correctness;R2 Correctness;Mode
Case103_11;1;11;0;0.5;0.322373017505135;0.322373017505135;-0.32178631823689313;baseline_0
Case239_11;0;11;0;0.75;0.5126360720038415;0.5126360720038415;-0.5137517122178367;baseline_0
Case257_11;1;11;1;0.7777777777777778;0.3732683468808783;0.3732683468808783;-0.3732683468808783;baseline_0
Case264_11;1;11;1;0.5454545454545454;0.44597331641758026;0.44597331641758026;-0.44597331641758026;baseline_0
Case267_11;1;11;1;1.0;0.4657293946894292;0.4657293946894292;-0.46614690521528335;baseline_0
Case34_11;0;11;0;0.5;0.322373017505135;0.322373017505135;-0.32178631823689313;baseline_0
Case3_11;0;11;0;1.0;0.38793463668244743;0.38793463668244743;-0.38996664808601406;baseline_0
Case84_11;0;11;0;0.5;0.322373017505135;0.322373017505135;-0.32178631823689313;baseline_0
