Case ID;Actual;Prefix Length;Prediction;Prediction Probability;MAPE Correctness;RMSE Correctness;R2 Correctness;Mode
Case129_5;0;5;0;0.8;0.7750783729919644;0.7750783729919644;-0.7750783729919644;baseline_max
Case179_5;1;5;0;0.5;0.6931985980217437;0.6931985980217437;-0.6931985980217437;baseline_max
Case195_5;0;5;0;1.0;0.84612511545786;0.84612511545786;-0.8431838015388892;baseline_max
Case248_5;1;5;1;0.6666666666666666;0.7413918509027151;0.7413918509027151;-0.7413918509027151;baseline_max
Case260_5;1;5;1;1.0;0.3907919319837468;0.3907919319837468;-0.3907919319837468;baseline_max
Case43_5;0;5;0;1.0;0.845175158606897;0.845175158606897;-0.8431838015388892;baseline_max
Case71_5;0;5;0;1.0;0.7631107194453312;0.7631107194453312;-0.7614400379167873;baseline_max
Case78_5;1;5;0;1.0;0.9952267030562386;0.9952267030562386;-0.9952267030562386;baseline_max
