Case ID;Actual;Prefix Length;Prediction;Prediction Probability;MAPE Correctness;RMSE Correctness;R2 Correctness;Mode
Case20_12;1;12;0;1.0;0.42621315988324154;0.42621315988324154;-0.42621315988324154;baseline_min
Case210_12;0;12;0;1.0;0.42621315988324154;0.42621315988324154;-0.42621315988324154;baseline_min
Case238_12;1;12;1;1.0;;;;baseline_min
Case239_12;0;12;0;1.0;0.4824181513244218;0.4824181513244218;-0.4824181513244218;baseline_min
Case245_12;1;12;1;1.0;0.5025189076296059;0.5025189076296059;-0.5025189076296059;baseline_min
Case274_12;0;12;0;1.0;0.4824181513244218;0.4824181513244218;-0.4824181513244218;baseline_min
Case38_12;1;12;1;1.0;;;;baseline_min
Case83_12;0;12;1;0.5555555555555556;0.9983263586596565;0.9983263586596565;-0.9983263586596565;baseline_min
