Case ID;Actual;Prefix Length;Prediction;Prediction Probability;MAPE Correctness;RMSE Correctness;R2 Correctness;Mode
Case123_2;1;2;1;0.9230769230769232;1.0;1.0;-1.0;baseline_min
Case192_2;0;2;0;0.6666666666666666;0.35309841404074677;0.35309841404074677;-0.35309841404074677;baseline_min
Case200_2;1;2;1;0.72;0.6994097304812757;0.6994097304812757;-0.6994097304812757;baseline_min
Case239_2;0;2;1;0.65;0.5647628168864113;0.5647628168864113;-0.5647628168864113;baseline_min
Case45_2;1;2;1;0.65;0.5647628168864113;0.5647628168864113;-0.5647628168864113;baseline_min
Case72_2;0;2;0;0.6666666666666666;0.35309841404074677;0.35309841404074677;-0.35309841404074677;baseline_min
Case74_2;0;2;0;0.6666666666666666;0.35309841404074677;0.35309841404074677;-0.35309841404074677;baseline_min
Case91_2;1;2;1;1.0;0.4276563534415585;0.4276563534415585;-0.4276563534415585;baseline_min
