Case ID;Actual;Prefix Length;Prediction;Prediction Probability;MAPE Correctness;RMSE Correctness;R2 Correctness;Mode
Case20_12;1;12;0;1.0;;;;baseline_mean
Case210_12;0;12;0;1.0;;;;baseline_mean
Case238_12;1;12;1;1.0;0.389736498940506;0.389736498940506;-0.389736498940506;baseline_mean
Case239_12;0;12;0;1.0;0.4958186555278779;0.4958186555278779;-0.4958186555278779;baseline_mean
Case245_12;1;12;1;1.0;0.8587398512081329;0.8587398512081329;-0.860671776824693;baseline_mean
Case274_12;0;12;0;1.0;0.4958186555278779;0.4958186555278779;-0.4958186555278779;baseline_mean
Case38_12;1;12;1;1.0;0.389736498940506;0.389736498940506;-0.389736498940506;baseline_mean
Case83_12;0;12;1;0.5555555555555556;0.7082882469748284;0.7082882469748284;-0.7082882469748284;baseline_mean
