Case ID;Actual;Prefix Length;Prediction;Prediction Probability;MAPE Correctness;RMSE Correctness;R2 Correctness;Mode
Case129_5;0;5;0;0.8;0.5970291777900979;0.5970291777900979;-0.5970291777900979;baseline_0
Case179_5;1;5;0;0.5;0.6962059672105582;0.6962059672105582;-0.6962059672105582;baseline_0
Case195_5;0;5;0;1.0;0.35301316348745626;0.35301316348745626;-0.35301316348745626;baseline_0
Case248_5;1;5;1;0.6666666666666666;0.6358787480713277;0.6358787480713277;-0.6358787480713277;baseline_0
Case260_5;1;5;1;1.0;0.5544094260353484;0.5544094260353484;-0.5544094260353484;baseline_0
Case43_5;0;5;0;1.0;0.35301316348745626;0.35301316348745626;-0.35301316348745626;baseline_0
Case71_5;0;5;0;1.0;0.44439203045234704;0.44439203045234704;-0.44439203045234704;baseline_0
Case78_5;1;5;0;1.0;;;;baseline_0
