Case ID;Actual;Prefix Length;Prediction;Prediction Probability;MAPE Correctness;RMSE Correctness;R2 Correctness;Mode
Case20_12;1;12;0;1.0;0.4502251688907481;0.4502251688907481;-0.4502251688907481;baseline_max
Case210_12;0;12;0;1.0;0.4502251688907481;0.4502251688907481;-0.4502251688907481;baseline_max
Case238_12;1;12;1;1.0;0.9875340572036736;0.9875340572036736;-0.991489206929469;baseline_max
Case239_12;0;12;0;1.0;0.6952464879593804;0.6952464879593804;-0.6987888647993917;baseline_max
Case245_12;1;12;1;1.0;0.690500778143958;0.690500778143958;-0.694035199052457;baseline_max
Case274_12;0;12;0;1.0;0.6952464879593804;0.6952464879593804;-0.6987888647993917;baseline_max
Case38_12;1;12;1;1.0;0.9875340572036736;0.9875340572036736;-0.991489206929469;baseline_max
Case83_12;0;12;1;0.5555555555555556;;;;baseline_max
