Case ID;Actual;Prefix Length;Prediction;Prediction Probability;MAPE Correctness;RMSE Correctness;R2 Correctness;Mode
Case115_8;1;8;1;0.8823529411764706;;;;baseline_min
Case135_8;1;8;1;0.8823529411764706;;;;baseline_min
Case20_8;1;8;1;0.8823529411764706;;;;baseline_min
Case44_8;1;8;1;0.8823529411764706;;;;baseline_min
Case46_8;0;8;0;0.7857142857142857;1.0;1.0;-1.0;baseline_min
Case4_8;0;8;0;0.8;0.6991113324665915;0.6991113324665915;-0.6991113324665915;baseline_min
Case83_8;0;8;1;0.8823529411764706;;;;baseline_min
Case96_8;0;8;0;0.8;0.6991113324665915;0.6991113324665915;-0.6991113324665915;baseline_min
