Case ID;Actual;Prefix Length;Prediction;Prediction Probability;MAPE Correctness;RMSE Correctness;R2 Correctness;Mode
Case115_10;1;10;0;0.5;0.4830974246801946;0.4830974246801946;-0.4830974246801946;baseline_mean
Case206_10;1;10;0;0.8181818181818182;1.0;1.0;-1.0;baseline_mean
Case225_10;1;10;1;0.9642857142857144;;;;baseline_mean
Case230_10;1;10;0;0.6666666666666666;0.3851773505261362;0.3851773505261362;-0.3851773505261362;baseline_mean
Case250_10;0;10;0;1.0;0.6991626618571533;0.6991626618571533;-0.6991626618571533;baseline_mean
Case252_10;0;10;0;0.8181818181818182;1.0;1.0;-1.0;baseline_mean
Case27_10;0;10;0;0.5;0.4830974246801946;0.4830974246801946;-0.4830974246801946;baseline_mean
Case9_10;0;10;0;0.8181818181818182;1.0;1.0;-1.0;baseline_mean
