Case ID;Actual;Prefix Length;Prediction;Prediction Probability;MAPE Correctness;RMSE Correctness;R2 Correctness;Mode
Case12_14;0;14;0;0.6875;0.7083206993011141;0.7083206993011141;-0.7083206993011141;baseline_max
Case17_14;1;14;1;0.8666666666666667;1.0;1.0;-1.0;baseline_max
Case18_14;1;14;1;0.8666666666666667;1.0;1.0;-1.0;baseline_max
Case210_14;0;14;0;0.6875;0.7083206993011141;0.7083206993011141;-0.7083206993011141;baseline_max
Case240_14;1;14;0;0.6875;0.7083206993011141;0.7083206993011141;-0.7083206993011141;baseline_max
Case273_14;0;14;0;0.6875;0.7083206993011141;0.7083206993011141;-0.7083206993011141;baseline_max
Case78_14;1;14;1;0.8666666666666667;1.0;1.0;-1.0;baseline_max
Case84_14;0;14;0;1.0;;;;baseline_max
