Case ID;Actual;Prefix Length;Prediction;Prediction Probability;MAPE Correctness;RMSE Correctness;R2 Correctness;Mode
Case129_5;0;5;0;0.8;0.32603126564128126;0.32603126564128126;-0.32603126564128126;baseline_mean
Case179_5;1;5;0;0.5;0.5507378404324653;0.5507378404324653;-0.5507378404324653;baseline_mean
Case195_5;0;5;0;1.0;;;;baseline_mean
Case248_5;1;5;1;0.6666666666666666;0.35278284105990615;0.35278284105990615;-0.35278284105990615;baseline_mean
Case260_5;1;5;1;1.0;0.38561587990449187;0.38561587990449187;-0.38561587990449187;baseline_mean
Case43_5;0;5;0;1.0;;;;baseline_mean
Case71_5;0;5;0;1.0;0.6114140014055535;0.6114140014055535;-0.6103728590047189;baseline_mean
Case78_5;1;5;0;1.0;0.6947809110547613;0.6947809110547613;-0.6947809110547613;baseline_mean
