Case ID;Actual;Prefix Length;Prediction;Prediction Probability;MAPE Correctness;RMSE Correctness;R2 Correctness;Mode
Case123_2;1;2;1;0.9230769230769232;;;;baseline_max
Case192_2;0;2;0;0.6666666666666666;0.9155831053198615;0.9155831053198615;-0.9155831053198615;baseline_max
Case200_2;1;2;1;0.72;0.7082073371539962;0.7082073371539962;-0.7082073371539962;baseline_max
Case239_2;0;2;1;0.65;0.8177713616898064;0.8177713616898064;-0.8177713616898064;baseline_max
Case45_2;1;2;1;0.65;0.8177713616898064;0.8177713616898064;-0.8177713616898064;baseline_max
Case72_2;0;2;0;0.6666666666666666;0.9155831053198615;0.9155831053198615;-0.9155831053198615;baseline_max
Case74_2;0;2;0;0.6666666666666666;0.9155831053198615;0.9155831053198615;-0.9155831053198615;baseline_max
Case91_2;1;2;1;1.0;0.8845994107981491;0.8845994107981491;-0.8916100904874953;baseline_max
