Case ID;Actual;Prefix Length;Prediction;Prediction Probability;MAPE Correctness;RMSE Correctness;R2 Correctness;Mode
Case115_13;1;13;1;0.8;0.4820576207861956;0.4820576207861956;-0.4820576207861956;baseline_0
Case12_13;0;13;0;0.6666666666666666;0.5635602003339935;0.5635602003339935;-0.5635602003339935;baseline_0
Case135_13;1;13;1;1.0;;;;baseline_0
Case210_13;0;13;0;1.0;0.4502872646318738;0.4502872646318738;-0.4502872646318738;baseline_0
Case235_13;1;13;1;1.0;;;;baseline_0
Case266_13;1;13;1;1.0;;;;baseline_0
Case84_13;0;13;0;0.6666666666666666;0.6215922687035654;0.6215922687035654;-0.6215922687035654;baseline_0
Case90_13;0;13;1;0.6666666666666666;1.0;0.9982920568234146;-0.9982920568234146;baseline_0
