Case ID;Actual;Prefix Length;Prediction;Prediction Probability;MAPE Correctness;RMSE Correctness;R2 Correctness;Mode
Case115_8;1;8;1;0.8823529411764706;0.9902280130293161;0.9902280130293161;-0.9902280130293161;baseline_max
Case135_8;1;8;1;0.8823529411764706;0.9902280130293161;0.9902280130293161;-0.9902280130293161;baseline_max
Case20_8;1;8;1;0.8823529411764706;0.9902280130293161;0.9902280130293161;-0.9902280130293161;baseline_max
Case44_8;1;8;1;0.8823529411764706;0.9902280130293161;0.9902280130293161;-0.9902280130293161;baseline_max
Case46_8;0;8;0;0.7857142857142857;;;;baseline_max
Case4_8;0;8;0;0.8;0.7082500426949131;0.7082500426949131;-0.7082500426949131;baseline_max
Case83_8;0;8;1;0.8823529411764706;0.9902280130293161;0.9902280130293161;-0.9902280130293161;baseline_max
Case96_8;0;8;0;0.8;0.7082500426949131;0.7082500426949131;-0.7082500426949131;baseline_max
