Case ID;Actual;Prefix Length;Prediction;Prediction Probability;MAPE Correctness;RMSE Correctness;R2 Correctness;Mode
Case115_10;1;10;0;0.5;0.9894740085804293;0.9894740085804293;-0.9951337910733021;baseline_max
Case206_10;1;10;0;0.8181818181818182;;;;baseline_max
Case225_10;1;10;1;0.9642857142857144;0.900675568680473;0.900675568680473;-0.900675568680473;baseline_max
Case230_10;1;10;0;0.6666666666666666;0.8065314706032575;0.8065314706032575;-0.8065314706032575;baseline_max
Case250_10;0;10;0;1.0;0.7082426964267268;0.7082426964267268;-0.7082426964267268;baseline_max
Case252_10;0;10;0;0.8181818181818182;;;;baseline_max
Case27_10;0;10;0;0.5;0.9894740085804293;0.9894740085804293;-0.9951337910733021;baseline_max
Case9_10;0;10;0;0.8181818181818182;;;;baseline_max
