Case ID;Actual;Prefix Length;Prediction;Prediction Probability;MAPE Correctness;RMSE Correctness;R2 Correctness;Mode
Case104_6;0;6;0;0.6451612903225806;;;;baseline_0
Case219_6;1;6;0;0.6451612903225806;;;;baseline_0
Case239_6;0;6;0;0.6451612903225806;;;;baseline_0
Case257_6;1;6;1;0.7142857142857143;1.0;1.0;-1.0;baseline_0
Case264_6;1;6;1;0.7142857142857143;1.0;1.0;-1.0;baseline_0
Case3_6;0;6;0;0.6451612903225806;;;;baseline_0
Case55_6;1;6;1;0.7142857142857143;1.0;1.0;-1.0;baseline_0
Case96_6;0;6;0;0.6451612903225806;;;;baseline_0
