Case ID;Actual;Prefix Length;Prediction;Prediction Probability;MAPE Correctness;RMSE Correctness;R2 Correctness;Mode
Case115_8;1;8;1;0.8823529411764706;0.4959539986870776;0.4959539986870776;-0.4959539986870776;baseline_mean
Case135_8;1;8;1;0.8823529411764706;0.4959539986870776;0.4959539986870776;-0.4959539986870776;baseline_mean
Case20_8;1;8;1;0.8823529411764706;0.4959539986870776;0.4959539986870776;-0.4959539986870776;baseline_mean
Case44_8;1;8;1;0.8823529411764706;0.4959539986870776;0.4959539986870776;-0.4959539986870776;baseline_mean
Case46_8;0;8;0;0.7857142857142857;1.0;1.0;-1.0;baseline_mean
Case4_8;0;8;0;0.8;;;;baseline_mean
Case83_8;0;8;1;0.8823529411764706;0.4959539986870776;0.4959539986870776;-0.4959539986870776;baseline_mean
Case96_8;0;8;0;0.8;;;;baseline_mean
