Case ID;Actual;Prefix Length;Prediction;Prediction Probability;MAPE Correctness;RMSE Correctness;R2 Correctness;Mode
Case185_9;0;9;0;0.7878787878787878;;;;baseline_mean
Case201_9;1;9;1;0.6944444444444444;0.6989532857600932;0.6989532857600932;-0.6989532857600932;baseline_mean
Case215_9;0;9;0;0.7878787878787878;;;;baseline_mean
Case27_9;0;9;1;0.6944444444444444;0.6989532857600932;0.6989532857600932;-0.6989532857600932;baseline_mean
Case37_9;1;9;0;0.7878787878787878;;;;baseline_mean
Case39_9;0;9;1;0.6944444444444444;0.6989532857600932;0.6989532857600932;-0.6989532857600932;baseline_mean
Case75_9;1;9;0;0.7878787878787878;;;;baseline_mean
Case95_9;1;9;1;1.0;1.0;1.0;-1.0;baseline_mean
