Case ID;Actual;Prefix Length;Prediction;Prediction Probability;MAPE Correctness;RMSE Correctness;R2 Correctness;Mode
Case110_3;1;3;0;0.6296296296296297;0.6142730447526714;0.6142730447526714;-0.6142730447526714;baseline_min
Case122_3;0;3;0;0.6296296296296297;0.6153146582132825;0.6153146582132825;-0.6142730447526714;baseline_min
Case17_3;1;3;0;0.6296296296296297;0.6142730447526714;0.6142730447526714;-0.6142730447526714;baseline_min
Case225_3;1;3;1;0.7692307692307693;0.9999999999999999;0.9999999999999999;-0.9999999999999999;baseline_min
Case255_3;0;3;0;0.9375;;;;baseline_min
Case39_3;0;3;1;0.7142857142857143;0.699263368545437;0.699263368545437;-0.699263368545437;baseline_min
Case53_3;1;3;1;0.6666666666666666;0.4386770113484653;0.4386770113484653;-0.4386770113484653;baseline_min
Case97_3;0;3;0;0.9375;;;;baseline_min
