Case ID;Actual;Prefix Length;Prediction;Prediction Probability;MAPE Correctness;RMSE Correctness;R2 Correctness;Mode
Case20_12;1;12;0;1.0;0.6228968954396614;0.6228968954396614;-0.6218116571642152;permutation
Case210_12;0;12;0;1.0;0.6228968954396614;0.6228968954396614;-0.6218116571642152;permutation
Case238_12;1;12;1;1.0;0.9796610169491525;0.9796610169491525;-0.991489206929469;permutation
Case239_12;0;12;0;1.0;0.85195672651936;0.8480753746901146;-0.852882891966551;permutation
Case245_12;1;12;1;1.0;0.85195672651936;0.8558380783486056;-0.860671776824693;permutation
Case274_12;0;12;0;1.0;0.85195672651936;0.8441940228608693;-0.852882891966551;permutation
Case38_12;1;12;1;1.0;0.9796610169491525;0.9796610169491525;-0.991489206929469;permutation
Case83_12;0;12;1;0.5555555555555556;1.0;1.0;-0.9983263586596565;permutation
