Case ID;Actual;Prefix Length;Prediction;Prediction Probability;MAPE Correctness;RMSE Correctness;R2 Correctness;Mode
Case123_2;1;2;1;0.9230769230769232;1.0;1.0;-1.0;permutation
Case192_2;0;2;0;0.6666666666666666;0.9891500904159132;0.9909584086799277;-0.9909584086799277;permutation
Case200_2;1;2;1;0.72;1.0;0.9937694704049844;-0.9984411525986358;permutation
Case239_2;0;2;1;0.65;0.9958333333333332;0.9958333333333332;-0.9958333333333332;permutation
Case45_2;1;2;1;0.65;0.9958333333333332;0.9916666666666667;-0.9916666666666667;permutation
Case72_2;0;2;0;0.6666666666666666;0.9891500904159132;0.9909584086799277;-0.9909584086799277;permutation
Case74_2;0;2;0;0.6666666666666666;0.9873417721518988;0.9909584086799277;-0.9909584086799277;permutation
Case91_2;1;2;1;1.0;0.979874213836478;0.979874213836478;-0.9936907887506047;permutation
