Case ID;Actual;Prefix Length;Prediction;Prediction Probability;MAPE Correctness;RMSE Correctness;R2 Correctness;Mode
Case115_13;1;13;1;0.8;0.993127147766323;0.993127147766323;-0.993127147766323;permutation
Case12_13;0;13;0;0.6666666666666666;0.9863013698630139;0.9863013698630139;-0.9863013698630139;permutation
Case135_13;1;13;1;1.0;0.8556284157727003;0.8556284157727003;-0.8526114711016419;permutation
Case210_13;0;13;0;1.0;0.9834482758620691;0.9862068965517241;-0.9930795016269967;permutation
Case235_13;1;13;1;1.0;0.9965635738831615;0.9965635738831615;-0.9948320067476139;permutation
Case266_13;1;13;1;1.0;0.993127147766323;0.993127147766323;-0.9948320067476139;permutation
Case84_13;0;13;0;0.6666666666666666;0.9834482758620691;0.9834482758620691;-0.9834482758620691;permutation
Case90_13;0;13;1;0.6666666666666666;1.0;1.0;-1.0;permutation
