Case ID;Actual;Prefix Length;Prediction;Prediction Probability;MAPE Correctness;RMSE Correctness;R2 Correctness;Mode
Case104_6;0;6;0;0.6451612903225806;1.0;1.0;-1.0;permutation
Case219_6;1;6;0;0.6451612903225806;1.0;1.0;-1.0;permutation
Case239_6;0;6;0;0.6451612903225806;1.0;1.0;-1.0;permutation
Case257_6;1;6;1;0.7142857142857143;1.0;1.0;-1.0;permutation
Case264_6;1;6;1;0.7142857142857143;1.0;1.0;-1.0;permutation
Case3_6;0;6;0;0.6451612903225806;1.0;1.0;-1.0;permutation
Case55_6;1;6;1;0.7142857142857143;1.0;1.0;-1.0;permutation
Case96_6;0;6;0;0.6451612903225806;1.0;1.0;-1.0;permutation
