Case ID;Actual;Prefix Length;Prediction;Prediction Probability;MAPE Correctness;RMSE Correctness;R2 Correctness;Mode
Case185_9;0;9;0;0.7878787878787878;0.9999999999999998;0.9999999999999998;-0.9999999999999998;permutation
Case201_9;1;9;1;0.6944444444444444;0.9933993399339933;0.9933993399339933;-0.998348471209826;permutation
Case215_9;0;9;0;0.7878787878787878;0.9999999999999998;0.9999999999999998;-0.9999999999999998;permutation
Case27_9;0;9;1;0.6944444444444444;0.9933993399339933;0.9933993399339933;-0.998348471209826;permutation
Case37_9;1;9;0;0.7878787878787878;0.9999999999999998;0.9999999999999998;-0.9999999999999998;permutation
Case39_9;0;9;1;0.6944444444444444;0.9933993399339933;0.9933993399339933;-0.998348471209826;permutation
Case75_9;1;9;0;0.7878787878787878;0.9999999999999998;0.9999999999999998;-0.9999999999999998;permutation
Case95_9;1;9;1;1.0;1.0;1.0;-1.0;permutation
