Case ID;Actual;Prefix Length;Prediction;Prediction Probability;MAPE Correctness;RMSE Correctness;R2 Correctness;Mode
Case110_3;1;3;0;0.6296296296296297;0.9871794871794873;0.9871794871794873;-0.9935690651280802;permutation
Case122_3;0;3;0;0.6296296296296297;0.9871794871794873;0.9871794871794873;-0.9935690651280802;permutation
Case17_3;1;3;0;0.6296296296296297;0.9897435897435898;0.9871794871794873;-0.9935690651280802;permutation
Case225_3;1;3;1;0.7692307692307693;0.9999999999999999;0.9999999999999999;-0.9999999999999999;permutation
Case255_3;0;3;0;0.9375;0.976036866359447;0.976036866359447;-0.9902752957083817;permutation
Case39_3;0;3;1;0.7142857142857143;0.9999999999999998;0.9999999999999998;-0.9999999999999998;permutation
Case53_3;1;3;1;0.6666666666666666;0.9794871794871796;0.9820512820512821;-0.9820512820512821;permutation
Case97_3;0;3;0;0.9375;0.9741935483870968;0.976036866359447;-0.9902752957083817;permutation
