Case ID;Actual;Prefix Length;Prediction;Prediction Probability;MAPE Correctness;RMSE Correctness;R2 Correctness;Mode
Case129_5;0;5;0;0.8;0.9807073954983923;0.9807073954983923;-0.9807073954983923;permutation
Case179_5;1;5;0;0.5;0.9829605963791266;0.9829605963791266;-0.991980624359887;permutation
Case195_5;0;5;0;1.0;0.9163254384255004;0.9180414036659976;-0.9192009368382135;permutation
Case248_5;1;5;1;0.6666666666666666;0.9853479853479855;0.9780219780219783;-0.9780219780219783;permutation
Case260_5;1;5;1;1.0;0.6805090197336162;0.6805090197336162;-0.6811691212664857;permutation
Case43_5;0;5;0;1.0;0.9163254384255004;0.9163254384255004;-0.9192009368382135;permutation
Case71_5;0;5;0;1.0;0.8816304598402483;0.8816304598402483;-0.8858589275517348;permutation
Case78_5;1;5;0;1.0;0.996825396825397;0.996825396825397;-0.9952267030562386;permutation
