Case ID;Actual;Prefix Length;Prediction;Prediction Probability;MAPE Correctness;RMSE Correctness;R2 Correctness;Mode
Case115_10;1;10;0;0.5;0.9870550161812298;0.9870550161812298;-0.9951337910733021;permutation
Case206_10;1;10;0;0.8181818181818182;1.0;1.0;-1.0;permutation
Case225_10;1;10;1;0.9642857142857144;0.991313789359392;0.98914223669924;-0.98914223669924;permutation
Case230_10;1;10;0;0.6666666666666666;0.9782844733984799;0.9761129207383279;-0.9761129207383279;permutation
Case250_10;0;10;0;1.0;0.9935691318327974;0.9935691318327974;-0.9983909884991945;permutation
Case252_10;0;10;0;0.8181818181818182;1.0;1.0;-1.0;permutation
Case27_10;0;10;0;0.5;0.9870550161812298;0.9870550161812298;-0.9951337910733021;permutation
Case9_10;0;10;0;0.8181818181818182;1.0;1.0;-1.0;permutation
