Case ID;Actual;Prefix Length;Prediction;Prediction Probability;SHAP Precision;SHAP Recall;SHAP Correlation;LIME Precision;LIME Recall;LIME Correlation;LINDA Precision;LINDA Recall;LINDA Correlation
Case103_11;1;11;0;0.5;1.0;0.05555555555555555;0.8754073396798282;1.0;0.05555555555555555;0.4229284010770963;0.11538461538461539;1.0;0.0
Case239_11;0;11;0;0.75;1.0;0.1;0.6732808291699603;1.0;0.1;0.28073700800137336;0.0641025641025641;1.0;0.0
Case257_11;1;11;1;0.7777777777777778;1.0;0.05555555555555555;0.8833491794624905;1.0;0.05555555555555555;0.4236395038952167;0.11538461538461539;1.0;0.0
Case264_11;1;11;1;0.5454545454545454;1.0;0.1111111111111111;0.6431530323808793;1.0;0.1111111111111111;0.30484269885524395;0.057692307692307696;1.0;0.0
Case267_11;1;11;1;1.0;1.0;0.08333333333333333;0.7256493529881558;1.0;0.08333333333333333;0.3452858377843218;0.07692307692307693;1.0;0.0
Case34_11;0;11;0;0.5;1.0;0.05555555555555555;0.8754073396798282;1.0;0.05555555555555555;0.3991064566700635;0.11538461538461539;1.0;0.0
Case3_11;0;11;0;1.0;1.0;0.09090909090909093;0.6918480714977799;1.0;0.09090909090909093;0.33756346324393444;0.07051282051282051;1.0;0.0
Case84_11;0;11;0;0.5;1.0;0.05555555555555555;0.8754073396798282;1.0;0.05555555555555555;0.4282616722129991;0.11538461538461539;1.0;0.0
