Case ID,Actual,Prefix Length,Prediction,Prediction Probability;SHAP Precision;SHAP Recall;SHAP Correlation;LIME Precision;LIME Recall;LIME Correlation
Case104_6,0,6,0,0.6451612903225806;1.0;1.0;1.0;1.0;1.0;0.11214777694098504
Case219_6,1,6,0,0.6451612903225806;1.0;1.0;1.0;1.0;1.0;0.11214777694098504
Case239_6,0,6,0,0.6451612903225806;1.0;1.0;1.0;1.0;1.0;0.11214777694098504
Case257_6,1,6,1,0.7142857142857143;1.0;1.0;1.0;1.0;1.0;0.11214777694098504
Case264_6,1,6,1,0.7142857142857143;1.0;1.0;1.0;1.0;1.0;0.11214777694098504
Case3_6,0,6,0,0.6451612903225806;1.0;1.0;1.0;1.0;1.0;0.11214777694098504
Case55_6,1,6,1,0.7142857142857143;1.0;1.0;1.0;1.0;1.0;0.11214777694098504
Case96_6,0,6,0,0.6451612903225806;1.0;1.0;1.0;1.0;1.0;0.11214777694098504
