Case ID,Actual,Prefix Length,Prediction,Prediction Probability;SHAP Precision;SHAP Recall;SHAP Correlation;LIME Precision;LIME Recall;LIME Correlation
Case102,1,1,1,0.5841584158415841;1.0;1.0;1.0;1.0;1.0;0.11623730516108463
Case136,0,1,0,0.6888888888888889;1.0;1.0;1.0;1.0;1.0;0.11623730516108463
Case205,0,1,1,0.5841584158415841;1.0;1.0;1.0;1.0;1.0;0.11623730516108463
Case209,0,1,1,0.5841584158415841;1.0;1.0;1.0;1.0;1.0;0.11623730516108463
Case214,1,1,1,0.5841584158415841;1.0;1.0;1.0;1.0;1.0;0.11623730516108463
Case268,1,1,1,0.5841584158415841;1.0;1.0;1.0;1.0;1.0;0.11623730516108463
Case5,0,1,0,0.6888888888888889;1.0;1.0;1.0;1.0;1.0;0.11623730516108463
Case85,1,1,1,0.5841584158415841;1.0;1.0;1.0;1.0;1.0;0.11623730516108463
