Case ID;Actual;Prefix Length;Prediction;Prediction Probability;SHAP Precision;SHAP Recall;SHAP Correlation;LIME Precision;LIME Recall;LIME Correlation;LINDA Precision;LINDA Recall;LINDA Correlation
Case115_13;1;13;1;0.8;1.0;0.25;0.6973365347900341;1.0;0.25;0.2266921617872227;0.02702702702702703;1.0;0.0
Case12_13;0;13;0;0.6666666666666666;1.0;0.3333333333333333;0.6064017644528967;1.0;0.3333333333333333;0.20058529644403228;0.02027027027027027;1.0;0.0
Case135_13;1;13;1;1.0;0.0;0.0;0.6997833296489465;1.0;0.25;0.22828858546178066;0.02702702702702703;1.0;0.0
Case210_13;0;13;0;1.0;1.0;0.2;0.7881138198301875;0.0;0.0;0.2506678726569673;0.033783783783783786;1.0;0.0
Case235_13;1;13;1;1.0;1.0;0.25;0.7095705090845961;1.0;0.25;0.21072792504164367;0.02702702702702703;1.0;0.0
Case266_13;1;13;1;1.0;1.0;0.25;0.6997833296489465;1.0;0.25;0.2258939499499437;0.02702702702702703;1.0;0.0
Case84_13;0;13;0;0.6666666666666666;0.5;0.2;0.7705758210578885;0.0;0.0;0.2499527004097292;0.033783783783783786;1.0;0.0
Case90_13;0;13;1;0.6666666666666666;1.0;0.5;0.5017509862050911;0.0;0.0;0.16143501827097256;0.013513513513513514;1.0;0.0
