Case ID;Actual;Prefix Length;Prediction;Prediction Probability;SHAP Precision;SHAP Recall;SHAP Correlation;LIME Precision;LIME Recall;LIME Correlation;LINDA Precision;LINDA Recall;LINDA Correlation
Case115_10;1;10;0;0.5;1.0;0.25;0.8111989306777131;1.0;0.25;0.2192323000091032;0.025477707006369428;1.0;0.0
Case206_10;1;10;0;0.8181818181818182;1.0;1.0;0.4115593608361456;0.0;0.0;0.11162480368379687;0.006369426751592357;1.0;0.0
Case225_10;1;10;1;0.9642857142857144;1.0;0.16666666666666666;0.991313789359392;1.0;0.16666666666666666;0.2705700727390276;0.03821656050955414;1.0;0.0
Case230_10;1;10;0;0.6666666666666666;1.0;0.16666666666666666;0.9847991313789358;1.0;0.16666666666666666;0.2705700727390276;0.03821656050955414;1.0;0.0
Case250_10;0;10;0;1.0;1.0;0.5;0.5773623630807683;0.0;0.0;0.15349466319990768;0.012738853503184714;1.0;0.0
Case252_10;0;10;0;0.8181818181818182;1.0;1.0;0.4115593608361456;0.0;0.0;0.11162480368379687;0.006369426751592357;1.0;0.0
Case27_10;0;10;0;0.5;1.0;0.25;0.8111989306777131;1.0;0.25;0.21996064652076133;0.025477707006369428;1.0;0.0
Case9_10;0;10;0;0.8181818181818182;1.0;1.0;0.4115593608361456;0.0;0.0;0.11162480368379687;0.006369426751592357;1.0;0.0
