Case ID;Actual;Prefix Length;Prediction;Prediction Probability;SHAP Precision;SHAP Recall;SHAP Correlation;LIME Precision;LIME Recall;LIME Correlation;LINDA Precision;LINDA Recall;LINDA Correlation
Case129_5;0;5;0;0.8;1.0;0.125;0.5922697740448118;1.0;0.125;0.2718320608552389;0.05;1.0;0.0
Case179_5;1;5;0;0.5;1.0;0.16666666666666666;0.5155613912188202;1.0;0.16666666666666666;0.21448837022009554;0.0375;1.0;0.0
Case195_5;0;5;0;1.0;1.0;0.125;0.600206387432347;1.0;0.125;0.21686045671197168;0.05;1.0;0.0
Case248_5;1;5;1;0.6666666666666666;1.0;0.14285714285714285;0.5590852462516899;1.0;0.14285714285714285;0.2691415739305669;0.04375;1.0;0.0
Case260_5;1;5;1;1.0;1.0;0.16666666666666666;0.4892980202375735;1.0;0.16666666666666666;0.2481563687932093;0.0375;1.0;0.0
Case43_5;0;5;0;1.0;1.0;0.125;0.6071509241464401;1.0;0.125;0.27334504078578753;0.05;1.0;0.0
Case71_5;0;5;0;1.0;1.0;0.2;0.4801942376388426;1.0;0.2;0.23015078606361056;0.03125;1.0;0.0
Case78_5;1;5;0;1.0;1.0;0.25;0.4293741258130204;1.0;0.25;0.21047876036144936;0.025;1.0;0.0
