Case ID,Actual,Prefix Length,Prediction,Prediction Probability;SHAP Precision;SHAP Recall;SHAP Correlation
Case115_10,1,10,0,0.5;1.0;0.25;0.8111989306777131
Case206_10,1,10,0,0.8181818181818182;1.0;1.0;0.4115593608361456
Case225_10,1,10,1,0.9642857142857143;1.0;0.16666666666666666;0.991313789359392
Case230_10,1,10,0,0.6666666666666666;1.0;0.16666666666666666;0.9847991313789359
Case250_10,0,10,0,1.0;1.0;0.5;0.5773623630807683
Case252_10,0,10,0,0.8181818181818182;1.0;1.0;0.4115593608361456
Case27_10,0,10,0,0.5;1.0;0.25;0.8111989306777131
Case9_10,0,10,0,0.8181818181818182;1.0;1.0;0.4115593608361456
