Case ID,Actual,Prefix Length,Prediction,Prediction Probability;SHAP Precision;SHAP Recall;SHAP Correlation
Case20_12,1,12,0,1.0;1.0;0.2;0.7261050877534705
Case210_12,0,12,0,1.0;1.0;0.2;0.7261050877534705
Case238_12,1,12,1,1.0;1.0;0.16666666666666666;0.8002791049730361
Case239_12,0,12,0,1.0;0.0;0.0;0.6610311753162573
Case245_12,1,12,1,1.0;1.0;0.25;0.6542397591315012
Case274_12,0,12,0,1.0;0.0;0.0;0.6610311753162573
Case38_12,1,12,1,1.0;1.0;0.16666666666666666;0.8002791049730361
Case83_12,0,12,1,0.5555555555555556;1.0;0.5;0.47063989577590587
