Case ID,Actual,Prefix Length,Prediction,Prediction Probability;SHAP Precision;SHAP Recall;SHAP Correlation
Case115_8,1,8,1,0.8823529411764706;1.0;0.25;0.9934853420195441
Case135_8,1,8,1,0.8823529411764706;1.0;0.25;0.9934853420195441
Case20_8,1,8,1,0.8823529411764706;1.0;0.25;0.9934853420195441
Case44_8,1,8,1,0.8823529411764706;1.0;0.25;0.9934853420195441
Case46_8,0,8,0,0.7857142857142857;1.0;1.0;0.5024370574934447
Case4_8,0,8,0,0.8;1.0;0.5;0.7048146948278727
Case83_8,0,8,1,0.8823529411764706;1.0;0.25;0.9934853420195441
Case96_8,0,8,0,0.8;1.0;0.5;0.7048146948278727
