Case ID,Actual,Prefix Length,Prediction,Prediction Probability;SHAP Precision;SHAP Recall;SHAP Correlation
Case123_2,1,2,1,0.9230769230769231;1.0;1.0;0.38153587020510216
Case192_2,0,2,0,0.6666666666666666;1.0;0.2857142857142857;0.9837251356238698
Case200_2,1,2,1,0.72;1.0;0.5;0.5353781015569783
Case239_2,0,2,1,0.65;1.0;0.3333333333333333;0.6505492185179271
Case45_2,1,2,1,0.65;1.0;0.3333333333333333;0.6450593516949911
Case72_2,0,2,0,0.6666666666666666;1.0;0.2857142857142857;0.9837251356238698
Case74_2,0,2,0,0.6666666666666666;1.0;0.2857142857142857;0.9837251356238698
Case91_2,1,2,1,1.0;1.0;0.2;0.8200969788204024
