Case ID,Actual,Prefix Length,Prediction,Prediction Probability;SHAP Precision;SHAP Recall;SHAP Correlation;LIME Precision;LIME Recall;LIME Correlation
Case115_10,1,10,0,0.5;1.0;0.25;0.8111989306777131;1.0;0.25;0.2192323000091032
Case206_10,1,10,0,0.8181818181818182;1.0;1.0;0.4115593608361456;0.0;0.0;0.11162480368379689
Case225_10,1,10,1,0.9642857142857143;1.0;0.16666666666666666;0.9913137893593921;1.0;0.16666666666666666;0.2705700727390276
Case230_10,1,10,0,0.6666666666666666;1.0;0.16666666666666666;0.984799131378936;1.0;0.16666666666666666;0.2705700727390276
Case250_10,0,10,0,1.0;1.0;0.5;0.5773623630807683;0.0;0.0;0.15349466319990768
Case252_10,0,10,0,0.8181818181818182;1.0;1.0;0.4115593608361456;0.0;0.0;0.11162480368379689
Case27_10,0,10,0,0.5;1.0;0.25;0.8111989306777131;1.0;0.25;0.21996064652076133
Case9_10,0,10,0,0.8181818181818182;1.0;1.0;0.4115593608361456;0.0;0.0;0.11162480368379689
