Case ID,Actual,Prefix Length,Prediction,Prediction Probability;SHAP Precision;SHAP Recall;SHAP Correlation
Case115_13,1,13,1,0.8;1.0;0.25;0.6973365347900341
Case12_13,0,13,0,0.6666666666666666;1.0;0.3333333333333333;0.6064017644528967
Case135_13,1,13,1,1.0;0.0;0.0;0.6997833296489465
Case210_13,0,13,0,1.0;1.0;0.2;0.7881138198301875
Case235_13,1,13,1,1.0;1.0;0.25;0.7095705090845961
Case266_13,1,13,1,1.0;1.0;0.25;0.6997833296489465
Case84_13,0,13,0,0.6666666666666666;0.5;0.2;0.7705758210578885
Case90_13,0,13,1,0.6666666666666666;1.0;0.5;0.5017509862050911
