Case ID,Actual,Prefix Length,Prediction,Prediction Probability
Case215_7,0,7,0,0.8387096774193549
Case230_7,1,7,1,0.6567164179104478
Case256_7,1,7,1,0.6567164179104478
Case265_7,0,7,0,0.8387096774193549
Case47_7,0,7,1,0.6567164179104478
Case59_7,1,7,1,0.6567164179104478
Case62_7,0,7,1,0.6567164179104478
Case95_7,1,7,1,0.6567164179104478
