Case ID,Actual,Prefix Length,Prediction,Prediction Probability
Case115_10,1,10,0,0.5
Case206_10,1,10,0,0.8181818181818182
Case225_10,1,10,1,0.9642857142857143
Case230_10,1,10,0,0.6666666666666666
Case250_10,0,10,0,1.0
Case252_10,0,10,0,0.8181818181818182
Case27_10,0,10,0,0.5
Case9_10,0,10,0,0.8181818181818182
