Case ID,Actual,Prefix Length,Prediction,Prediction Probability;SHAP Precision;SHAP Recall;SHAP Correlation;LIME Precision;LIME Recall;LIME Correlation
Case20_12,1,12,0,1.0;1.0;0.2;0.7261050877534705;1.0;0.2;0.2476367764973886
Case210_12,0,12,0,1.0;1.0;0.2;0.7261050877534705;1.0;0.4;0.24555579518228446
Case238_12,1,12,1,1.0;1.0;0.1666666666666666;0.8002791049730361;1.0;0.16666666666666666;0.25974372030944454
Case239_12,0,12,0,1.0;0.0;0.0;0.6610311753162573;0.0;0.0;0.21368726742953248
Case245_12,1,12,1,1.0;1.0;0.25;0.6542397591315012;0.0;0.0;0.21368726742953248
Case274_12,0,12,0,1.0;0.0;0.0;0.6610311753162573;0.0;0.0;0.21833264280843534
Case38_12,1,12,1,1.0;1.0;0.1666666666666666;0.8002791049730361;1.0;0.16666666666666666;0.2572065411122827
Case83_12,0,12,1,0.5555555555555556;1.0;0.5;0.4706398957759058;0.0;0.0;0.1522304037892112
