Case ID,Actual,Prefix Length,Prediction,Prediction Probability;SHAP Precision;SHAP Recall;SHAP Correlation;LIME Precision;LIME Recall;LIME Correlation
Case12_14,0,14,0,0.6875;1.0;0.5;0.9931271477663232;1.0;0.5;0.16537721747613962
Case17_14,1,14,1,0.8666666666666667;1.0;0.5;0.9931271477663232;1.0;0.5;0.16537721747613962
Case18_14,1,14,1,0.8666666666666667;1.0;0.5;0.9931271477663232;1.0;0.5;0.16537721747613962
Case210_14,0,14,0,0.6875;1.0;0.5;0.9931271477663232;1.0;0.5;0.16537721747613962
Case240_14,1,14,0,0.6875;1.0;0.5;0.9931271477663232;1.0;0.5;0.16537721747613962
Case273_14,0,14,0,0.6875;1.0;0.5;0.9931271477663232;1.0;0.5;0.16537721747613962
Case78_14,1,14,1,0.8666666666666667;1.0;0.5;0.9931271477663232;1.0;0.5;0.16537721747613962
Case84_14,0,14,0,1.0;1.0;1.0;0.7083206993011142;1.0;1.0;0.11714010633117163
