Case ID;Actual;Prefix Length;Prediction;Prediction Probability;SHAP Precision;SHAP Recall;SHAP Correlation;LIME Precision;LIME Recall;LIME Correlation;LINDA Precision;LINDA Recall;LINDA Correlation
Case185_9;0;9;0;0.7878787878787878;1.0;0.5;0.9933993399339932;1.0;0.5;0.16098993870443445;0.013071895424836602;1.0;0.0
Case201_9;1;9;1;0.6944444444444444;1.0;0.5;0.9933993399339932;1.0;0.5;0.16098993870443445;0.013071895424836602;1.0;0.0
Case215_9;0;9;0;0.7878787878787878;1.0;0.5;0.9933993399339932;1.0;0.5;0.16205963929383266;0.013071895424836602;1.0;0.0
Case27_9;0;9;1;0.6944444444444444;1.0;0.5;0.9933993399339932;1.0;0.5;0.16098993870443445;0.013071895424836602;1.0;0.0
Case37_9;1;9;0;0.7878787878787878;1.0;0.5;0.9933993399339932;1.0;1.0;0.16098993870443445;0.013071895424836602;1.0;0.0
Case39_9;0;9;1;0.6944444444444444;1.0;0.5;0.9933993399339932;1.0;0.5;0.16098993870443445;0.013071895424836602;1.0;0.0
Case75_9;1;9;0;0.7878787878787878;1.0;0.5;0.9933993399339932;1.0;1.0;0.16098993870443445;0.013071895424836602;1.0;0.0
Case95_9;1;9;1;1.0;1.0;1.0;0.7082726629035612;1.0;1.0;0.11478241227183347;0.006535947712418301;1.0;0.0
