Case ID,Actual,Prefix Length,Prediction,Prediction Probability
Case115_8,1,8,1,0.8823529411764706
Case135_8,1,8,1,0.8823529411764706
Case20_8,1,8,1,0.8823529411764706
Case44_8,1,8,1,0.8823529411764706
Case46_8,0,8,0,0.7857142857142857
Case4_8,0,8,0,0.8
Case83_8,0,8,1,0.8823529411764706
Case96_8,0,8,0,0.8
