Case ID,Actual,Prefix Length,Prediction,Prediction Probability
Case185_9,0,9,0,0.7878787878787878
Case201_9,1,9,1,0.6944444444444444
Case215_9,0,9,0,0.7878787878787878
Case27_9,0,9,1,0.6944444444444444
Case37_9,1,9,0,0.7878787878787878
Case39_9,0,9,1,0.6944444444444444
Case75_9,1,9,0,0.7878787878787878
Case95_9,1,9,1,1.0
