Case ID,Actual,Prefix Length,Prediction,Prediction Probability;SHAP Precision;SHAP Recall;SHAP Correlation
Case110_3,1,3,0,0.6296296296296297;0.5;0.2;0.7309449598160824
Case122_3,0,3,0,0.6296296296296297;1.0;0.2;0.7405626566557677
Case17_3,1,3,0,0.6296296296296297;0.5;0.2;0.7270978810802082
Case225_3,1,3,1,0.7692307692307693;1.0;1.0;0.33763458649420675
Case255_3,0,3,0,0.9375;1.0;0.14285714285714285;0.8717284519917177
Case39_3,0,3,1,0.7142857142857143;1.0;0.5;0.46765069853474284
Case53_3,1,3,1,0.6666666666666666;1.0;0.2;0.7405626566557677
Case97_3,0,3,0,0.9375;1.0;0.14285714285714285;0.8717284519917177
