Case ID,Actual,Prefix Length,Prediction,Prediction Probability;SHAP Precision;SHAP Recall;SHAP Correlation
Case185_9,0,9,0,0.7878787878787878;1.0;0.5;0.9933993399339933
Case201_9,1,9,1,0.6944444444444444;1.0;0.5;0.9933993399339933
Case215_9,0,9,0,0.7878787878787878;1.0;0.5;0.9933993399339933
Case27_9,0,9,1,0.6944444444444444;1.0;0.5;0.9933993399339933
Case37_9,1,9,0,0.7878787878787878;1.0;0.5;0.9933993399339933
Case39_9,0,9,1,0.6944444444444444;1.0;0.5;0.9933993399339933
Case75_9,1,9,0,0.7878787878787878;1.0;0.5;0.9933993399339933
Case95_9,1,9,1,1.0;1.0;1.0;0.7082726629035612
