Case ID,Actual,Prefix Length,Prediction,Prediction Probability
Case12_14,0,14,0,0.6875
Case17_14,1,14,1,0.8666666666666667
Case18_14,1,14,1,0.8666666666666667
Case210_14,0,14,0,0.6875
Case240_14,1,14,0,0.6875
Case273_14,0,14,0,0.6875
Case78_14,1,14,1,0.8666666666666667
Case84_14,0,14,0,1.0
