Case ID,Actual,Prefix Length,Prediction,Prediction Probability
Case115_13,1,13,1,0.8
Case12_13,0,13,0,0.6666666666666666
Case135_13,1,13,1,1.0
Case210_13,0,13,0,1.0
Case235_13,1,13,1,1.0
Case266_13,1,13,1,1.0
Case84_13,0,13,0,0.6666666666666666
Case90_13,0,13,1,0.6666666666666666
