Case ID,Actual,Prefix Length,Prediction,Prediction Probability;SHAP Precision;SHAP Recall;SHAP Correlation;LIME Precision;LIME Recall;LIME Correlation
Case103_11,1,11,0,0.5;1.0;0.05555555555555555;0.8754073396798282;1.0;0.05555555555555555;0.4229284010770963
Case239_11,0,11,0,0.75;1.0;0.1;0.6732808291699603;1.0;0.1;0.28073700800137336
Case257_11,1,11,1,0.7777777777777778;1.0;0.05555555555555555;0.8833491794624905;1.0;0.05555555555555555;0.42363950389521665
Case264_11,1,11,1,0.5454545454545454;1.0;0.1111111111111111;0.6431530323808793;1.0;0.1111111111111111;0.30484269885524395
Case267_11,1,11,1,1.0;1.0;0.08333333333333333;0.7256493529881558;1.0;0.08333333333333333;0.3452858377843218
Case34_11,0,11,0,0.5;1.0;0.05555555555555555;0.8754073396798282;1.0;0.05555555555555555;0.3991064566700635
Case3_11,0,11,0,1.0;1.0;0.09090909090909093;0.6918480714977799;1.0;0.09090909090909091;0.33756346324393444
Case84_11,0,11,0,0.5;1.0;0.05555555555555555;0.8754073396798282;1.0;0.05555555555555555;0.4282616722129991
