Case ID,Actual,Prefix Length,Prediction,Prediction Probability;SHAP Precision;SHAP Recall;SHAP Correlation
Case108_4,1,4,1,0.6266666666666667;1.0;1.0;1.0
Case113_4,0,4,1,0.6266666666666667;1.0;1.0;1.0
Case198_4,1,4,1,0.6266666666666667;1.0;1.0;1.0
Case20_4,1,4,0,0.7021276595744681;1.0;1.0;1.0
Case25_4,1,4,1,0.6266666666666667;1.0;1.0;1.0
Case34_4,0,4,1,0.6266666666666667;1.0;1.0;1.0
Case3_4,0,4,1,0.6266666666666667;1.0;1.0;1.0
Case43_4,0,4,0,0.7021276595744681;1.0;1.0;1.0
