Case ID,Actual,Prefix Length,Prediction,Prediction Probability
Case110_3,1,3,0,0.6296296296296297
Case122_3,0,3,0,0.6296296296296297
Case17_3,1,3,0,0.6296296296296297
Case225_3,1,3,1,0.7692307692307693
Case255_3,0,3,0,0.9375
Case39_3,0,3,1,0.7142857142857143
Case53_3,1,3,1,0.6666666666666666
Case97_3,0,3,0,0.9375
