Case ID,Actual,Prefix Length,Prediction,Prediction Probability
Case104_6,0,6,0,0.6451612903225806
Case219_6,1,6,0,0.6451612903225806
Case239_6,0,6,0,0.6451612903225806
Case257_6,1,6,1,0.7142857142857143
Case264_6,1,6,1,0.7142857142857143
Case3_6,0,6,0,0.6451612903225806
Case55_6,1,6,1,0.7142857142857143
Case96_6,0,6,0,0.6451612903225806
