Case ID,Actual,Prefix Length,Prediction,Prediction Probability
Case108_4,1,4,1,0.6266666666666667
Case113_4,0,4,1,0.6266666666666667
Case198_4,1,4,1,0.6266666666666667
Case20_4,1,4,0,0.7021276595744681
Case25_4,1,4,1,0.6266666666666667
Case34_4,0,4,1,0.6266666666666667
Case3_4,0,4,1,0.6266666666666667
Case43_4,0,4,0,0.7021276595744681
