Case ID;Actual;Prefix Length;Prediction;Prediction Probability;SHAP Precision;SHAP Recall;SHAP Correlation;LIME Precision;LIME Recall;LIME Correlation;LINDA Precision;LINDA Recall;LINDA Correlation
Case115_8;1;8;1;0.8823529411764706;1.0;0.25;0.9934853420195441;1.0;0.25;0.2246146028931052;0.02564102564102564;1.0;0.0
Case135_8;1;8;1;0.8823529411764706;1.0;0.25;0.9934853420195441;1.0;0.25;0.2246146028931052;0.02564102564102564;1.0;0.0
Case20_8;1;8;1;0.8823529411764706;1.0;0.25;0.9934853420195441;1.0;0.25;0.2246146028931052;0.02564102564102564;1.0;0.0
Case44_8;1;8;1;0.8823529411764706;1.0;0.25;0.9934853420195441;1.0;0.25;0.2246146028931052;0.02564102564102564;1.0;0.0
Case46_8;0;8;0;0.7857142857142857;1.0;1.0;0.5024370574934447;0.0;0.0;0.1106632540400963;0.00641025641025641;1.0;0.0
Case4_8;0;8;0;0.8;1.0;0.5;0.7048146948278727;1.0;0.5;0.15831167279198774;0.01282051282051282;1.0;0.0
Case83_8;0;8;1;0.8823529411764706;1.0;0.25;0.9934853420195441;1.0;0.25;0.2246146028931052;0.02564102564102564;1.0;0.0
Case96_8;0;8;0;0.8;1.0;0.5;0.7048146948278727;1.0;0.5;0.15831167279198774;0.01282051282051282;1.0;0.0
