Case ID;Actual;Prefix Length;Prediction;Prediction Probability;SHAP Precision;SHAP Recall;SHAP Correlation;LIME Precision;LIME Recall;LIME Correlation;LINDA Precision;LINDA Recall;LINDA Correlation
Case215_7;0;7;0;0.8387096774193549;1.0;1.0;1.0;1.0;1.0;0.11322770341445958;0.006369426751592357;1.0;0.0
Case230_7;1;7;1;0.6567164179104478;1.0;1.0;1.0;1.0;1.0;0.11322770341445958;0.006369426751592357;1.0;0.0
Case256_7;1;7;1;0.6567164179104478;1.0;1.0;1.0;1.0;1.0;0.11322770341445958;0.006369426751592357;1.0;0.0
Case265_7;0;7;0;0.8387096774193549;1.0;1.0;1.0;1.0;1.0;0.11322770341445958;0.006369426751592357;1.0;0.0
Case47_7;0;7;1;0.6567164179104478;1.0;1.0;1.0;1.0;1.0;0.11322770341445958;0.006369426751592357;1.0;0.0
Case59_7;1;7;1;0.6567164179104478;1.0;1.0;1.0;1.0;1.0;0.11322770341445958;0.006369426751592357;1.0;0.0
Case62_7;0;7;1;0.6567164179104478;1.0;1.0;1.0;1.0;1.0;0.11322770341445958;0.006369426751592357;1.0;0.0
Case95_7;1;7;1;0.6567164179104478;1.0;1.0;1.0;1.0;1.0;0.11322770341445958;0.006369426751592357;1.0;0.0
