Case ID;Actual;Prefix Length;Prediction;Prediction Probability;SHAP Subset Stability;SHAP Weight Stability;SHAP Adjusted Weight Stability;LIME Subset Stability;LIME Weight Stability;LIME Adjusted Weight Stability;ACV Subset Stability;ACV Weight Stability;ACV Adjusted Weight Stability;LINDA Subset Stability;LINDA Weight Stability;LINDA Adjusted Weight Stability;MAPE Correctness;RMSE Correctness;R2 Correctness;Mode
205876_3;0;3;0;0.5182820739575644;1.0;1.0;1.0;1.0;0.99962418278623;0.99962418278623;;1.0;1.0;;1.0;1.0;0.48569767721997836;0.48569767721997836;-0.48569767721997836;baseline_max
206162_3;1;3;0;0.5203381314035134;1.0;1.0;1.0;1.0;0.999727925495796;0.999727925495796;;1.0;1.0;;1.0;1.0;0.42173996558987475;0.42173996558987475;-0.42173996558987475;baseline_max
206294_3;0;3;0;0.5653742595754957;1.0;1.0;1.0;0.7865188953488372;0.9998900322753772;0.9998900322753772;;1.0;1.0;;1.0;1.0;0.48100085068447074;0.48100085068447074;-0.5347407899331232;baseline_max
207614_3;1;3;0;0.5175087271306018;1.0;1.0;1.0;1.0;0.9996691421922358;0.9996691421922358;;1.0;1.0;;1.0;1.0;0.5501385499614994;0.5501385499614994;-0.5501385499614994;baseline_max
209302_3;1;3;0;0.5684543853067844;1.0;1.0;1.0;0.7349261689909763;0.9997852623738732;0.9997852623738732;;1.0;1.0;;1.0;1.0;0.4921102381829607;0.4921102381829607;-0.5347407899331232;baseline_max
210032_3;0;3;0;0.5693231135743835;1.0;1.0;1.0;0.5032265242545618;0.9988141029260772;0.9988141029260772;;1.0;1.0;;1.0;1.0;0.49482839053987643;0.49482839053987643;-0.49482839053987643;baseline_max
210422_3;0;3;0;0.5645177153956046;1.0;1.0;1.0;0.7931858184561227;0.9998304956119266;0.9998304956119266;;1.0;1.0;;1.0;1.0;0.48618119916870817;0.48618119916870817;-0.5347407899331232;baseline_max
214052_3;1;3;0;0.5249797604997489;1.0;1.0;1.0;1.0;0.9997335199358228;0.9997335199358228;;1.0;1.0;;1.0;1.0;0.5316371649446443;0.5316371649446443;-0.5316371649446443;baseline_max
