Case ID;Actual;Prefix Length;Prediction;Prediction Probability;SHAP Subset Stability;SHAP Weight Stability;SHAP Adjusted Weight Stability;LIME Subset Stability;LIME Weight Stability;LIME Adjusted Weight Stability;ACV Subset Stability;ACV Weight Stability;ACV Adjusted Weight Stability;LINDA Subset Stability;LINDA Weight Stability;LINDA Adjusted Weight Stability;MAPE Correctness;RMSE Correctness;R2 Correctness;Mode
204730_8;0;8;1;0.6245555223333156;1.0;1.0;1.0;0.8870056497175142;0.9985551652003266;0.9985551652003266;;1.0;1.0;1.0;1.0;1.0;0.07365389678102813;0.07365389678102813;-0.07365389678102813;baseline_mean
206621_8;0;8;1;0.6927507381654978;1.0;1.0;1.0;0.6045197740112993;0.9980068092827192;0.9980068092827192;;1.0;1.0;1.0;1.0;1.0;0.06790015709547914;0.06790015709547914;-0.06790015709547914;baseline_mean
207572_8;0;8;1;0.6030015600799761;1.0;1.0;1.0;0.6610169491525424;0.9960183904341882;0.9960183904341882;;1.0;1.0;1.0;1.0;1.0;0.06965174155884633;0.06965782229058422;-0.06965782229058422;baseline_mean
209505_8;1;8;1;0.599233512669562;1.0;1.0;1.0;0.6610169491525424;0.99693507318834;0.99693507318834;;1.0;1.0;1.0;1.0;1.0;0.11260475031936547;0.11260475031936547;-0.11260475031936547;baseline_mean
210206_8;1;8;1;0.6143914327835825;1.0;1.0;1.0;0.8096804511278195;0.9973757565048664;0.9973757565048664;;1.0;1.0;1.0;1.0;1.0;0.09268633269331471;0.09268633269331471;;baseline_mean
212052_8;1;8;1;0.6582667688411411;1.0;1.0;1.0;0.7962264150943397;0.996634770990072;0.996634770990072;;1.0;1.0;1.0;1.0;1.0;0.08569683251062751;0.08569683251062751;;baseline_mean
212346_8;0;8;1;0.6283120930833447;1.0;1.0;1.0;1.0;0.9977633635040396;0.9977633635040396;;1.0;1.0;1.0;1.0;1.0;0.11433059870832607;0.11433059870832607;-0.3943659776778408;baseline_mean
213672_8;1;8;1;0.5753302440620214;1.0;1.0;1.0;0.8721590909090909;0.9985643681393428;0.9985643681393428;;1.0;1.0;1.0;1.0;1.0;0.0954791412113807;0.0954791412113807;-0.3943659776778408;baseline_mean
