"Case ID;Actual;Prefix Length;Prediction;Prediction Probability;SHAP Subset Stability;SHAP Weight Stability;SHAP Adjusted Weight Stability;LIME Subset Stability;LIME Weight Stability;LIME Adjusted Weight Stability;ACV Subset Stability;ACV Weight Stability;ACV Adjusted Weight Stability;LINDA Subset Stability;LINDA Weight Stability;LINDA Adjusted Weight Stability";MAPE Correctness;RMSE Correctness;R2 Correctness;Mode
"205086_14;0;14;1;0.5196334673643291;1.0;1.0;1.0;0.5762284330541805;0.9997897989595562;0.9997897989595562;;1.0;1.0;1.0;1.0;1.0";-0.1362372016722309;-0.1362372016722309;0.19512663807389144;baseline_0
"205921_14;0;14;0;0.5660464786958526;1.0;1.0;1.0;0.6670366259711444;0.9998545098226544;0.9998545098226544;;1.0;1.0;1.0;1.0;1.0";-0.10989316199478674;-0.10989316199478674;0.10989316199478674;baseline_0
"206255_14;0;14;0;0.5238891501064724;1.0;1.0;1.0;0.5558845299777946;0.999733747581576;0.999733747581576;;1.0;1.0;1.0;1.0;1.0";-0.1879422831594769;-0.1879422831594769;0.1879422831594769;baseline_0
"206408_14;1;14;1;0.5148363800028759;1.0;1.0;1.0;0.5555555555555559;0.9998604760436779;0.9998604760436779;;1.0;1.0;1.0;1.0;1.0";-0.12012077468241097;-0.12012077468241097;0.12012077468241097;baseline_0
"208556_14;1;14;0;0.5418996083578966;1.0;1.0;1.0;0.5252806872127194;0.9999121040487547;0.9999121040487547;;1.0;1.0;1.0;1.0;1.0";-0.15314426319303748;-0.15314426319303748;0.15314426319303748;baseline_0
"208730_14;1;14;0;0.5689556658367048;1.0;1.0;1.0;0.6379310344827586;0.9996052196507059;0.9996052196507059;;1.0;1.0;1.0;1.0;1.0";-0.15861060436811014;-0.15861060436811014;0.15861060436811014;baseline_0
"210668_14;0;14;0;0.5404060337347674;1.0;1.0;1.0;0.882060018346219;0.9988127028255164;0.9988127028255164;;1.0;1.0;1.0;1.0;1.0";-0.1651739866753508;-0.1651739866753508;0.1651739866753508;baseline_0
"211444_14;1;14;0;0.5523301996272221;1.0;1.0;1.0;0.6923076923076925;0.9997708422477388;0.9997708422477388;;1.0;1.0;1.0;1.0;1.0";-0.2139302784330167;-0.2139302784330167;0.2139302784330167;baseline_0
