Case ID;Actual;Prefix Length;Prediction;Prediction Probability;SHAP Subset Stability;SHAP Weight Stability;SHAP Adjusted Weight Stability;LIME Subset Stability;LIME Weight Stability;LIME Adjusted Weight Stability;ACV Subset Stability;ACV Weight Stability;ACV Adjusted Weight Stability;LINDA Subset Stability;LINDA Weight Stability;LINDA Adjusted Weight Stability;MAPE Correctness;RMSE Correctness;R2 Correctness;Mode
205583_9;0;9;0;0.5982209386050732;1.0;1.0;1.0;1.0;0.9999995747204528;0.9999995747204528;;1.0;1.0;1.0;1.0;1.0;0.8267336489804786;0.8267336489804786;-0.8267336489804786;baseline_max
207488_9;0;9;1;0.5392895919796965;1.0;1.0;1.0;1.0;0.9999996822191932;0.9999996822191932;;1.0;1.0;1.0;1.0;1.0;0.8219754640855104;0.8219754640855104;-0.2536899449327772;baseline_max
208310_9;0;9;0;0.6089261541681003;1.0;1.0;1.0;1.0;0.9999996457425862;0.9999996457425862;;1.0;1.0;1.0;1.0;1.0;0.8310723691708616;0.8310723691708616;-0.8310723691708616;baseline_max
210119_9;1;9;0;0.518654621939316;1.0;1.0;1.0;1.0;0.9999997084203092;0.9999997084203092;;1.0;1.0;1.0;1.0;1.0;0.8179743288496724;0.8179743288496724;-0.8179743288496724;baseline_max
210755_9;0;9;1;0.5904010747876258;1.0;1.0;1.0;1.0;0.9999995949020298;0.9999995949020298;;1.0;1.0;1.0;1.0;1.0;0.8323848783307396;0.8323848783307396;-0.8323848783307396;baseline_max
211588_9;1;9;0;0.5549953595841166;1.0;1.0;1.0;1.0;0.9999996482665476;0.9999996482665476;;1.0;1.0;1.0;1.0;1.0;0.8105588828300524;0.8105588828300524;-0.8105588828300524;baseline_max
212725_9;1;9;1;0.5839970271878291;1.0;1.0;1.0;1.0;0.9999997110371776;0.9999997110371776;;1.0;1.0;1.0;1.0;1.0;0.8272506358396272;0.8272506358396272;-0.2536899449327772;baseline_max
214250_9;1;9;1;0.5581066819775514;1.0;1.0;1.0;1.0;0.9999995776398254;0.9999995776398254;;1.0;1.0;1.0;1.0;1.0;0.81047972927937;0.8102013573909324;-0.8101318092250125;baseline_max
