"Case ID;Actual;Prefix Length;Prediction;Prediction Probability;SHAP Subset Stability;SHAP Weight Stability;SHAP Adjusted Weight Stability;LIME Subset Stability;LIME Weight Stability;LIME Adjusted Weight Stability;ACV Subset Stability;ACV Weight Stability;ACV Adjusted Weight Stability;LINDA Subset Stability;LINDA Weight Stability;LINDA Adjusted Weight Stability";MAPE Correctness;RMSE Correctness;R2 Correctness;Mode
"205897_7;0;7;1;0.6396782953286761;1.0;1.0;1.0;1.0;0.9971516759529192;0.9971516759529192;;1.0;1.0;1.0;1.0;1.0";-0.029631404007355696;-0.029631404007355696;0.029631404007355696;baseline_0
"206099_7;0;7;1;0.615970290945849;1.0;1.0;1.0;1.0;0.9985434104167572;0.9985434104167572;;1.0;1.0;1.0;1.0;1.0";-0.019544567185714335;-0.019544567185714335;0.1297924273837991;baseline_0
"206865_7;1;7;1;0.6275818067990622;1.0;1.0;1.0;0.15446004646934042;0.9977866502980738;0.9977866502980738;;1.0;1.0;1.0;1.0;1.0";-0.0056807154495398466;-0.0056807154495398466;0.0056807154495398466;baseline_0
"209419_7;1;7;1;0.6764077422677609;1.0;1.0;1.0;0.8314606741573033;0.9984259111375984;0.9984259111375984;;1.0;1.0;1.0;1.0;1.0";-0.06641475241828973;-0.06641475241828973;0.06641475241828973;baseline_0
"209511_7;0;7;1;0.6420900456156929;1.0;1.0;1.0;0.8314606741573033;0.9976402869605808;0.9976402869605808;;1.0;1.0;1.0;1.0;1.0";-0.10859822222450653;-0.10859822222450653;0.10859822222450653;baseline_0
"211083_7;1;7;1;0.6037526384970509;1.0;1.0;1.0;0.8314606741573033;0.9982539596560932;0.9982539596560932;;1.0;1.0;1.0;1.0;1.0";0.003367046796805068;0.003367046796805068;;baseline_0
"211360_7;0;7;1;0.5715017047028316;1.0;1.0;1.0;0.23295454545454555;0.9978445859868992;0.9978445859868992;;1.0;1.0;1.0;1.0;1.0";-0.01607661411159724;-0.01607661411159724;0.01607661411159724;baseline_0
"214238_7;1;7;1;0.6246810272291097;1.0;1.0;1.0;1.0;0.9982206502297841;0.9982206502297841;;1.0;1.0;1.0;1.0;1.0";-0.04754806689552426;-0.04754806689552426;0.04754806689552426;baseline_0
