Case ID;Actual;Prefix Length;Prediction;Prediction Probability;SHAP Subset Stability;SHAP Weight Stability;SHAP Adjusted Weight Stability;LIME Subset Stability;LIME Weight Stability;LIME Adjusted Weight Stability;ACV Subset Stability;ACV Weight Stability;ACV Adjusted Weight Stability;LINDA Subset Stability;LINDA Weight Stability;LINDA Adjusted Weight Stability;MAPE Correctness;RMSE Correctness;R2 Correctness;Mode
206240_11;0;11;0;0.5735568754158222;1.0;1.0;1.0;0.8097577696526508;0.999999997953954;0.999999997953954;;1.0;1.0;1.0;1.0;1.0;0.16626961363915574;0.16626961363915574;-0.16626961363915574;baseline_mean
206357_11;0;11;1;0.6116590357428829;1.0;1.0;1.0;0.8097577696526508;0.9999999979297324;0.9999999979297324;;1.0;1.0;;1.0;1.0;0.11338427753855232;0.11338427753855232;-0.11338427753855232;baseline_mean
206763_11;0;11;1;0.5456354186132888;1.0;1.0;1.0;0.8097577696526508;0.999999999171751;0.999999999171751;;1.0;1.0;;1.0;1.0;0.12386037002765242;0.12386037002765242;;baseline_mean
208067_11;1;11;1;0.6083529414095654;1.0;1.0;1.0;0.8097577696526508;0.9999999977053724;0.9999999977053724;;1.0;1.0;;1.0;1.0;0.12685893081124983;0.12685893081124983;-0.12685893081124983;baseline_mean
209078_11;0;11;0;0.5198425162806637;1.0;1.0;1.0;0.7829770594369134;0.999999997924162;0.999999997924162;;1.0;1.0;1.0;1.0;1.0;0.11584915313721651;0.11584915313721651;-0.11584915313721651;baseline_mean
209808_11;1;11;0;0.5949491521345649;1.0;1.0;1.0;0.8315118397085609;0.9999999964787708;0.9999999964787708;;1.0;1.0;1.0;1.0;1.0;0.16735096977636643;0.16735096977636643;;baseline_mean
212875_11;1;11;0;0.5084121911730252;1.0;1.0;1.0;0.6382950990615225;0.9999999986285848;0.9999999986285848;;1.0;1.0;1.0;1.0;1.0;0.1102711645429096;0.1102711645429096;-0.11026210178024436;baseline_mean
213789_11;1;11;1;0.5078439489584605;1.0;1.0;1.0;0.5963636363636364;0.9999999983322873;0.9999999983322873;;1.0;1.0;;1.0;1.0;0.11875821447987304;0.11875821447987304;-0.2950776281541782;baseline_mean
