Case ID;Actual;Prefix Length;Prediction;Prediction Probability;SHAP Subset Stability;SHAP Weight Stability;SHAP Adjusted Weight Stability;LIME Subset Stability;LIME Weight Stability;LIME Adjusted Weight Stability;ACV Subset Stability;ACV Weight Stability;ACV Adjusted Weight Stability;LINDA Subset Stability;LINDA Weight Stability;LINDA Adjusted Weight Stability;MAPE Correctness;RMSE Correctness;R2 Correctness;Mode
204924_10;1;10;1;0.5048245122823612;1.0;1.0;1.0;1.0;0.9999908793176244;0.9999908793176244;;1.0;1.0;1.0;1.0;1.0;-0.07848293697671059;-0.07848293697671059;0.07848293697671059;baseline_min
205340_10;0;10;0;0.5418944654158869;1.0;1.0;1.0;1.0;0.9999895907862142;0.9999895907862142;;1.0;1.0;1.0;1.0;1.0;-0.05209572517387126;-0.05209572517387126;0.05209572517387126;baseline_min
205379_10;0;10;1;0.5295233790004158;1.0;1.0;1.0;1.0;0.9999926530171136;0.9999926530171136;;1.0;1.0;1.0;1.0;1.0;-0.08074937449435779;-0.08074937449435779;0.15937201001877188;baseline_min
206309_10;1;10;0;0.5150035128688213;1.0;1.0;1.0;0.7373486540496061;0.9999925030405401;0.9999925030405401;;1.0;1.0;1.0;1.0;1.0;-0.041065199595168154;-0.041065199595168154;;baseline_min
206369_10;0;10;0;0.5065226500082877;1.0;1.0;1.0;1.0;0.9999708000305856;0.9999708000305856;;1.0;1.0;1.0;1.0;1.0;-0.04369622106097221;-0.04369622106097221;0.16073373270507166;baseline_min
206883_10;1;10;0;0.6400571116106328;1.0;1.0;1.0;0.6542524646969534;0.9999807013373452;0.9999807013373452;;1.0;1.0;1.0;1.0;1.0;0.004325669010661719;0.004325669010661719;-0.004325669010661719;baseline_min
209664_10;0;10;0;0.5616705639804797;1.0;1.0;1.0;1.0;0.9999907732296908;0.9999907732296908;;1.0;1.0;1.0;1.0;1.0;-0.055979927603046195;-0.055979927603046195;0.1455846607026599;baseline_min
212917_10;1;10;0;0.5279800488031896;1.0;1.0;1.0;1.0;0.9999569808417816;0.9999569808417816;;1.0;1.0;1.0;1.0;1.0;-0.03742226972834025;-0.03720075349169078;0.03720075349169078;baseline_min
