"Case ID;Actual;Prefix Length;Prediction;Prediction Probability;SHAP Subset Stability;SHAP Weight Stability;SHAP Adjusted Weight Stability;LIME Subset Stability;LIME Weight Stability;LIME Adjusted Weight Stability;ACV Subset Stability;ACV Weight Stability;ACV Adjusted Weight Stability;LINDA Subset Stability;LINDA Weight Stability;LINDA Adjusted Weight Stability";MAPE Correctness;RMSE Correctness;R2 Correctness;Mode
"204730_8;0;8;1;0.6245555223333156;1.0;1.0;1.0;0.8870056497175142;0.9985551652003266;0.9985551652003266;;1.0;1.0;1.0;1.0;1.0";-0.11483633107930623;-0.11481719009557809;0.11481719009557809;baseline_min
"206621_8;0;8;1;0.6927507381654978;1.0;1.0;1.0;0.6045197740112993;0.9980068092827192;0.9980068092827192;;1.0;1.0;1.0;1.0;1.0";-0.11174690406553578;-0.11174690406553578;0.11174690406553578;baseline_min
"207572_8;0;8;1;0.6030015600799761;1.0;1.0;1.0;0.6610169491525424;0.9960183904341882;0.9960183904341882;;1.0;1.0;1.0;1.0;1.0";-0.06477611483167883;-0.06477611483167883;0.06477611483167883;baseline_min
"209505_8;1;8;1;0.599233512669562;1.0;1.0;1.0;0.6610169491525424;0.99693507318834;0.99693507318834;;1.0;1.0;1.0;1.0;1.0";-0.07965533852072498;-0.07966695940320284;0.07965533852072498;baseline_min
"210206_8;1;8;1;0.6143914327835825;1.0;1.0;1.0;0.8096804511278195;0.9973757565048664;0.9973757565048664;;1.0;1.0;1.0;1.0;1.0";-0.05593052480134888;-0.05592182575396734;;baseline_min
"212052_8;1;8;1;0.6582667688411411;1.0;1.0;1.0;0.7962264150943397;0.996634770990072;0.996634770990072;;1.0;1.0;1.0;1.0;1.0";-0.10948939085209061;-0.10952137256472015;;baseline_min
"212346_8;0;8;1;0.6283120930833447;1.0;1.0;1.0;1.0;0.9977633635040396;0.9977633635040396;;1.0;1.0;1.0;1.0;1.0";-0.06817986022901333;-0.06819001737770716;0.16189627219070793;baseline_min
"213672_8;1;8;1;0.5753302440620214;1.0;1.0;1.0;0.8721590909090909;0.9985643681393428;0.9985643681393428;;1.0;1.0;1.0;1.0;1.0";-0.07489349497424283;-0.07489349497424283;0.14151513725723835;baseline_min
