"Case ID;Actual;Prefix Length;Prediction;Prediction Probability;SHAP Subset Stability;SHAP Weight Stability;SHAP Adjusted Weight Stability;LIME Subset Stability;LIME Weight Stability;LIME Adjusted Weight Stability;ACV Subset Stability;ACV Weight Stability;ACV Adjusted Weight Stability;LINDA Subset Stability;LINDA Weight Stability;LINDA Adjusted Weight Stability";MAPE Correctness;RMSE Correctness;R2 Correctness;Mode
"204924_10;1;10;1;0.5048245122823612;1.0;1.0;1.0;1.0;0.9999908793176244;0.9999908793176244;;1.0;1.0;1.0;1.0;1.0";0.21567807924347893;0.21567807924347893;-0.21567807924347893;baseline_mean
"205340_10;0;10;0;0.5418944654158869;1.0;1.0;1.0;1.0;0.9999895907862142;0.9999895907862142;;1.0;1.0;1.0;1.0;1.0";0.2218130703892432;0.2218130703892432;-0.2218130703892432;baseline_mean
"205379_10;0;10;1;0.5295233790004158;1.0;1.0;1.0;1.0;0.9999926530171136;0.9999926530171136;;1.0;1.0;1.0;1.0;1.0";0.20757715218534348;0.20757715218534348;-0.2963477923850999;baseline_mean
"206309_10;1;10;0;0.5150035128688213;1.0;1.0;1.0;0.7373486540496061;0.9999925030405401;0.9999925030405401;;1.0;1.0;1.0;1.0;1.0";0.2081660089804787;0.2081660089804787;;baseline_mean
"206369_10;0;10;0;0.5065226500082877;1.0;1.0;1.0;1.0;0.9999708000305856;0.9999708000305856;;1.0;1.0;1.0;1.0;1.0";0.2133712846768517;0.2133712846768517;-0.2963477923850999;baseline_mean
"206883_10;1;10;0;0.6400571116106328;1.0;1.0;1.0;0.6542524646969534;0.9999807013373452;0.9999807013373452;;1.0;1.0;1.0;1.0;1.0";0.1979088254518813;0.1979088254518813;-0.1979088254518813;baseline_mean
"209664_10;0;10;0;0.5616705639804797;1.0;1.0;1.0;1.0;0.9999907732296908;0.9999907732296908;;1.0;1.0;1.0;1.0;1.0";0.2470725995316159;0.2470725995316159;-0.2963477923850999;baseline_mean
"212917_10;1;10;0;0.5279800488031896;1.0;1.0;1.0;1.0;0.9999569808417816;0.9999569808417816;;1.0;1.0;1.0;1.0;1.0";0.20619249460944408;0.20619249460944408;-0.20619249460944408;baseline_mean
