Case ID;Actual;Prefix Length;Prediction;Prediction Probability;SHAP Subset Stability;SHAP Weight Stability;SHAP Adjusted Weight Stability;LIME Subset Stability;LIME Weight Stability;LIME Adjusted Weight Stability;ACV Subset Stability;ACV Weight Stability;ACV Adjusted Weight Stability;LINDA Subset Stability;LINDA Weight Stability;LINDA Adjusted Weight Stability;MAPE Correctness;RMSE Correctness;R2 Correctness;Mode
204514_4;0;4;1;0.7850089717389556;1.0;1.0;1.0;0.7051114023591089;0.9953024275344784;0.9953024275344784;;1.0;1.0;1.0;1.0;1.0;0.07799091616415123;0.07799091616415123;;baseline_mean
205433_4;0;4;1;0.7328751370238031;1.0;1.0;1.0;0.7395833333333333;0.9954521229461892;0.9954521229461892;;1.0;1.0;1.0;1.0;1.0;0.08125157708806459;0.08125157708806459;-0.08125157708806459;baseline_mean
205954_4;1;4;1;0.6939423112160845;1.0;1.0;1.0;0.7974537037037037;0.9938186005047436;0.9938186005047436;;1.0;1.0;1.0;1.0;1.0;0.07243816485149321;0.07243816485149321;-0.07242902265863148;baseline_mean
206453_4;1;4;1;0.7891045583084918;1.0;1.0;1.0;0.7407834101382489;0.9960333901770452;0.9960333901770452;;1.0;1.0;1.0;1.0;1.0;0.024233246720141;0.02423018754614407;-0.02423018754614407;baseline_mean
206483_4;1;4;1;0.7861234956549675;1.0;1.0;1.0;0.7407834101382489;0.9955985165900464;0.9955985165900464;;1.0;1.0;1.0;1.0;1.0;0.05553452373365646;0.05553452373365646;-0.4288957354120644;baseline_mean
206519_4;1;4;1;0.7844961590094311;1.0;1.0;1.0;0.7554680070642577;0.9848620512860992;0.9848620512860992;;1.0;1.0;1.0;1.0;1.0;0.0794952687716687;0.07950530288578524;-0.0794952687716687;baseline_mean
207143_4;0;4;1;0.7687965988664899;1.0;1.0;1.0;0.8379896313364055;0.99607992852293;0.99607992852293;;1.0;1.0;1.0;1.0;1.0;0.045437337600264374;0.04543160164902013;-0.04543160164902013;baseline_mean
209090_4;0;4;1;0.7621252919518361;1.0;1.0;1.0;0.7931034482758621;0.995578643845548;0.995578643845548;;1.0;1.0;1.0;1.0;1.0;0.09059936980644145;0.09059936980644145;-0.4288957354120644;baseline_mean
