"Case ID;Actual;Prefix Length;Prediction;Prediction Probability;SHAP Subset Stability;SHAP Weight Stability;SHAP Adjusted Weight Stability;LIME Subset Stability;LIME Weight Stability;LIME Adjusted Weight Stability;ACV Subset Stability;ACV Weight Stability;ACV Adjusted Weight Stability;LINDA Subset Stability;LINDA Weight Stability;LINDA Adjusted Weight Stability";MAPE Correctness;RMSE Correctness;R2 Correctness;Mode
"205179_6;0;6;0;0.5492667493189864;1.0;1.0;1.0;0.8428613783995039;0.9992471057024868;0.9992471057024868;;1.0;1.0;1.0;1.0;1.0";0.8623851877467694;0.8623851877467694;-0.8623851877467694;baseline_max
"207560_6;0;6;1;0.5966549338932815;1.0;1.0;1.0;0.921430689199752;0.9993745102449244;0.9993745102449244;;1.0;1.0;;1.0;1.0";0.8229478646188725;0.8229478646188725;-0.8229478646188725;baseline_max
"208532_6;1;6;1;0.5099765319541837;1.0;1.0;1.0;0.9098025867937372;0.9989724370765308;0.9989724370765308;;1.0;1.0;1.0;1.0;1.0";0.8141722452827022;0.8141722452827022;;baseline_max
"208832_6;1;6;0;0.5169529778419422;1.0;1.0;1.0;0.8411318605557387;0.9994580926692096;0.9994580926692096;;1.0;1.0;1.0;1.0;1.0";0.8553058765256892;0.8553058765256892;-0.8553058765256892;baseline_max
"209604_6;1;6;0;0.532655902908947;1.0;1.0;1.0;0.8714320368723215;0.9988987144396576;0.9988987144396576;;1.0;1.0;1.0;1.0;1.0";0.8727906249191697;0.8727906249191697;-0.8727906249191697;baseline_max
"210224_6;0;6;1;0.5253732308996346;1.0;1.0;1.0;0.9293207681365576;0.9988828772098456;0.9988828772098456;;1.0;1.0;1.0;1.0;1.0";0.8316736206386882;0.8316736206386882;-0.3688011177223455;baseline_max
"210815_6;1;6;0;0.5056624363251632;1.0;1.0;1.0;0.933080808080808;0.9991418286642336;0.9991418286642336;;1.0;1.0;1.0;1.0;1.0";0.7857772373989326;0.7857772373989326;-0.7857772373989326;baseline_max
"212608_6;0;6;1;0.5400979003009261;1.0;1.0;1.0;0.9145787545787546;0.9991507911646428;0.9991507911646428;;1.0;1.0;1.0;1.0;1.0";0.8107343616587166;0.8107343616587166;-0.8107343616587166;baseline_max
