Case ID;Actual;Prefix Length;Prediction;Prediction Probability;SHAP Subset Stability;SHAP Weight Stability;SHAP Adjusted Weight Stability;LIME Subset Stability;LIME Weight Stability;LIME Adjusted Weight Stability;ACV Subset Stability;ACV Weight Stability;ACV Adjusted Weight Stability;LINDA Subset Stability;LINDA Weight Stability;LINDA Adjusted Weight Stability;MAPE Correctness;RMSE Correctness;R2 Correctness;Mode
206315_13;0;13;1;0.5817165688698235;1.0;1.0;1.0;0.2605002199884929;0.9978601012608852;0.9978601012608852;;1.0;1.0;1.0;1.0;1.0;0.12856378844458607;0.12870681899066994;-0.12870681899066994;baseline_mean
206754_13;0;13;1;0.5029050532502894;1.0;1.0;1.0;0.13470873786407744;0.9986961227810228;0.9986961227810228;;1.0;1.0;1.0;1.0;1.0;0.11906763504392633;0.11906763504392633;;baseline_mean
206865_13;1;13;1;0.521226992924024;1.0;1.0;1.0;0.11027439653393832;0.9988307516663036;0.9988307516663036;;1.0;1.0;1.0;1.0;1.0;0.13954910243274035;0.13954910243274035;-0.13954910243274035;baseline_mean
206952_13;0;13;0;0.5480018253544603;1.0;1.0;1.0;0.008522539766351978;0.9983354449539678;0.9983354449539678;;1.0;1.0;1.0;1.0;1.0;0.1321000020054056;0.1321000020054056;-0.1321000020054056;baseline_mean
207852_13;1;13;1;0.5858715735059253;1.0;1.0;1.0;0.06019160558118486;0.9985815999665116;0.9985815999665116;;1.0;1.0;1.0;1.0;1.0;0.13774652837759999;0.13774652837759999;;baseline_mean
211507_13;1;13;1;0.5118645159812854;1.0;1.0;1.0;0.27427184466019394;0.9986518043340574;0.9986518043340574;;1.0;1.0;1.0;1.0;1.0;0.17121455773833102;0.17121455773833102;-0.17121455773833102;baseline_mean
213954_13;0;13;0;0.5709804463345689;1.0;1.0;1.0;0.6405077742742198;0.9984122120895886;0.9984122120895886;;1.0;1.0;1.0;1.0;1.0;0.1758141039225749;0.1758141039225749;-0.1758141039225749;baseline_mean
214277_13;1;13;1;0.5504342166162324;1.0;1.0;1.0;0.07952010936038523;0.998612399681964;0.998612399681964;;1.0;1.0;1.0;1.0;1.0;0.16034851914633344;0.16034851914633344;-0.16034851914633344;baseline_mean
