"Case ID;Actual;Prefix Length;Prediction;Prediction Probability;SHAP Subset Stability;SHAP Weight Stability;SHAP Adjusted Weight Stability;LIME Subset Stability;LIME Weight Stability;LIME Adjusted Weight Stability;ACV Subset Stability;ACV Weight Stability;ACV Adjusted Weight Stability;LINDA Subset Stability;LINDA Weight Stability;LINDA Adjusted Weight Stability";MAPE Correctness;RMSE Correctness;R2 Correctness;Mode
"204514_4;0;4;1;0.7850089717389556;1.0;1.0;1.0;0.7051114023591089;0.9953024275344784;0.9953024275344784;;1.0;1.0;1.0;1.0;1.0";0.7926691311027915;0.7926691311027915;;baseline_max
"205433_4;0;4;1;0.7328751370238031;1.0;1.0;1.0;0.7395833333333333;0.9954521229461892;0.9954521229461892;;1.0;1.0;1.0;1.0;1.0";0.7913525811002712;0.7913525811002712;-0.7913525811002712;baseline_max
"205954_4;1;4;1;0.6939423112160845;1.0;1.0;1.0;0.7974537037037037;0.9938186005047436;0.9938186005047436;;1.0;1.0;1.0;1.0;1.0";0.7903409446910666;0.7903409446910666;-0.7903409446910666;baseline_max
"206453_4;1;4;1;0.7891045583084918;1.0;1.0;1.0;0.7407834101382489;0.9960333901770452;0.9960333901770452;;1.0;1.0;1.0;1.0;1.0";0.8367293664828825;0.8367293664828825;-0.8367293664828825;baseline_max
"206483_4;1;4;1;0.7861234956549675;1.0;1.0;1.0;0.7407834101382489;0.9955985165900464;0.9955985165900464;;1.0;1.0;1.0;1.0;1.0";0.8247365826040218;0.8247365826040218;-0.4596498331177265;baseline_max
"206519_4;1;4;1;0.7844961590094311;1.0;1.0;1.0;0.7554680070642577;0.9848620512860992;0.9848620512860992;;1.0;1.0;1.0;1.0;1.0";0.790188192530993;0.790188192530993;-0.7903409446910666;baseline_max
"207143_4;0;4;1;0.7687965988664899;1.0;1.0;1.0;0.8379896313364055;0.99607992852293;0.99607992852293;;1.0;1.0;1.0;1.0;1.0";0.8418277127934791;0.8419344015604995;-0.8419344015604995;baseline_max
"209090_4;0;4;1;0.7621252919518361;1.0;1.0;1.0;0.7931034482758621;0.995578643845548;0.995578643845548;;1.0;1.0;1.0;1.0;1.0";0.7943874903278848;0.7943874903278848;-0.4596498331177265;baseline_max
