Case ID;Actual;Prefix Length;Prediction;Prediction Probability;SHAP Subset Stability;SHAP Weight Stability;SHAP Adjusted Weight Stability;LIME Subset Stability;LIME Weight Stability;LIME Adjusted Weight Stability;ACV Subset Stability;ACV Weight Stability;ACV Adjusted Weight Stability;LINDA Subset Stability;LINDA Weight Stability;LINDA Adjusted Weight Stability;MAPE Correctness;RMSE Correctness;R2 Correctness;Mode
204924_10;1;10;1;0.5048245122823612;1.0;1.0;1.0;1.0;0.9999908793176244;0.9999908793176244;;1.0;1.0;1.0;1.0;1.0;0.7884786660173273;0.7884786660173273;-0.7883455332741214;baseline_max
205340_10;0;10;0;0.5418944654158869;1.0;1.0;1.0;1.0;0.9999895907862142;0.9999895907862142;;1.0;1.0;1.0;1.0;1.0;0.7645364719323656;0.7645364719323656;-0.7646399153827855;baseline_max
205379_10;0;10;1;0.5295233790004158;1.0;1.0;1.0;1.0;0.9999926530171136;0.9999926530171136;;1.0;1.0;1.0;1.0;1.0;0.7464578460419848;0.7463527913304796;-0.2029086958028368;baseline_max
206309_10;1;10;0;0.5150035128688213;1.0;1.0;1.0;0.7373486540496061;0.9999925030405401;0.9999925030405401;;1.0;1.0;1.0;1.0;1.0;0.7521213525724808;0.7521213525724808;;baseline_max
206369_10;0;10;0;0.5065226500082877;1.0;1.0;1.0;1.0;0.9999708000305856;0.9999708000305856;;1.0;1.0;1.0;1.0;1.0;0.7580336004338238;0.7580336004338238;-0.18241346935998945;baseline_max
206883_10;1;10;0;0.6400571116106328;1.0;1.0;1.0;0.6542524646969534;0.9999807013373452;0.9999807013373452;;1.0;1.0;1.0;1.0;1.0;0.7649531228434947;0.7649531228434947;-0.7650564753856697;baseline_max
209664_10;0;10;0;0.5616705639804797;1.0;1.0;1.0;1.0;0.9999907732296908;0.9999907732296908;;1.0;1.0;1.0;1.0;1.0;0.7843750651928079;0.7845069261780536;-0.17373812340030323;baseline_max
212917_10;1;10;0;0.5279800488031896;1.0;1.0;1.0;1.0;0.9999569808417816;0.9999569808417816;;1.0;1.0;1.0;1.0;1.0;0.7450080115262805;0.744902830798264;-0.7450080115262805;baseline_max
