"Case ID;Actual;Prefix Length;Prediction;Prediction Probability;SHAP Subset Stability;SHAP Weight Stability;SHAP Adjusted Weight Stability;LIME Subset Stability;LIME Weight Stability;LIME Adjusted Weight Stability;ACV Subset Stability;ACV Weight Stability;ACV Adjusted Weight Stability;LINDA Subset Stability;LINDA Weight Stability;LINDA Adjusted Weight Stability";MAPE Correctness;RMSE Correctness;R2 Correctness;Mode
"204793_2;0;2;0;0.5091657994492791;1.0;1.0;1.0;1.0;0.9946319928502108;0.9946319928502108;;1.0;1.0;1.0;1.0;1.0";0.6850077270877166;0.6854416883140683;-0.6854416883140683;baseline_max
"205041_2;1;2;0;0.5486265018567177;1.0;1.0;1.0;1.0;0.9968118719546928;0.9968118719546928;;1.0;1.0;1.0;1.0;1.0";0.8220848797581414;0.8220848797581414;-0.8220848797581414;baseline_max
"205385_2;1;2;0;0.5287326646392636;1.0;1.0;1.0;1.0;0.9981498874816696;0.9981498874816696;;1.0;1.0;1.0;1.0;1.0";0.7685129828667957;0.7685129828667957;-0.7685129828667957;baseline_max
"205797_2;0;2;0;0.5653851160838128;1.0;1.0;1.0;1.0;0.9980779794937092;0.9980779794937092;;1.0;1.0;1.0;1.0;1.0";0.7581377790078546;0.7581377790078546;-0.6725301627347178;baseline_max
"206438_2;1;2;0;0.5259655675775421;1.0;1.0;1.0;1.0;0.9978486258536012;0.9978486258536012;;1.0;1.0;1.0;1.0;1.0";0.7176931489952028;0.7176931489952028;-0.7176931489952028;baseline_max
"206615_2;1;2;0;0.5112931514512963;1.0;1.0;1.0;1.0;0.9984700312316648;0.9984700312316648;;1.0;1.0;1.0;1.0;1.0";0.6509985131179253;0.6509985131179253;;baseline_max
"206672_2;0;2;0;0.5790554796912413;1.0;1.0;1.0;1.0;0.9994257715610704;0.9994257715610704;;1.0;1.0;1.0;1.0;1.0";0.8363201157712693;0.8363201157712693;-0.8363201157712693;baseline_max
"212118_2;0;2;0;0.5314980873731076;1.0;1.0;1.0;1.0;0.9976443331848264;0.9976443331848264;;1.0;1.0;1.0;1.0;1.0";0.7644287396937574;0.7644287396937574;-0.7644287396937574;baseline_max
