"Case ID;Actual;Prefix Length;Prediction;Prediction Probability;SHAP Subset Stability;SHAP Weight Stability;SHAP Adjusted Weight Stability;LIME Subset Stability;LIME Weight Stability;LIME Adjusted Weight Stability;ACV Subset Stability;ACV Weight Stability;ACV Adjusted Weight Stability;LINDA Subset Stability;LINDA Weight Stability;LINDA Adjusted Weight Stability";MAPE Correctness;RMSE Correctness;R2 Correctness;Mode
"205065_5;1;5;1;0.5126035895754161;1.0;1.0;1.0;1.0;0.9981758857496638;0.9981758857496638;;1.0;1.0;1.0;1.0;1.0";0.03679428669580321;0.03679428669580321;-0.03679428669580321;baseline_min
"205468_5;1;5;1;0.6119502522392217;1.0;1.0;1.0;1.0;0.9985179040221868;0.9985179040221868;;1.0;1.0;1.0;1.0;1.0";-0.03303942989280904;-0.03303942989280904;0.15624846602278744;baseline_min
"205565_5;1;5;1;0.6424404486480689;1.0;1.0;1.0;0.8313878080415045;0.9969102323690412;0.9969102323690412;;1.0;1.0;1.0;1.0;1.0";-0.11523338264910651;-0.11523338264910651;0.1642462018504978;baseline_min
"206621_5;0;5;1;0.6201244565610332;1.0;1.0;1.0;1.0;0.9973282127421098;0.9973282127421098;;1.0;1.0;1.0;1.0;1.0";-0.05219028566607266;-0.05219028566607266;0.15362964422292247;baseline_min
"206880_5;0;5;1;0.5928834706833177;1.0;1.0;1.0;1.0;0.9984282339761242;0.9984282339761242;;1.0;1.0;1.0;1.0;1.0";-0.03166777835389812;-0.03166777835389812;;baseline_min
"207359_5;0;5;1;0.6286664282409387;1.0;1.0;1.0;1.0;0.9983320199677579;0.9983320199677579;;1.0;1.0;1.0;1.0;1.0";-0.07200147539873385;-0.07200147539873385;0.07200147539873385;baseline_min
"209742_5;1;5;1;0.6342885066004408;1.0;1.0;1.0;1.0;0.9982847145919094;0.9982847145919094;;1.0;1.0;1.0;1.0;1.0";-0.09307824929578269;-0.09307824929578269;0.16194893903643814;baseline_min
"212563_5;0;5;1;0.6401719775598418;1.0;1.0;1.0;0.8313878080415045;0.9968668917383944;0.9968668917383944;;1.0;1.0;1.0;1.0;1.0";-0.08093519908821184;-0.08093519908821184;0.08093519908821184;baseline_min
