Case ID;Actual;Prefix Length;Prediction;Prediction Probability;SHAP Subset Stability;SHAP Weight Stability;SHAP Adjusted Weight Stability;LIME Subset Stability;LIME Weight Stability;LIME Adjusted Weight Stability;ACV Subset Stability;ACV Weight Stability;ACV Adjusted Weight Stability;LINDA Subset Stability;LINDA Weight Stability;LINDA Adjusted Weight Stability;MAPE Correctness;RMSE Correctness;R2 Correctness;Mode
204730_8;0;8;1;0.6245555223333156;1.0;1.0;1.0;0.8870056497175142;0.9985551652003266;0.9985551652003266;;1.0;1.0;1.0;1.0;1.0;0.7991001642285078;0.7991001642285078;-0.7991001642285078;baseline_max
206621_8;0;8;1;0.6927507381654978;1.0;1.0;1.0;0.6045197740112993;0.9980068092827192;0.9980068092827192;;1.0;1.0;1.0;1.0;1.0;0.7827207563255696;0.7827207563255696;-0.7827207563255696;baseline_max
207572_8;0;8;1;0.6030015600799761;1.0;1.0;1.0;0.6610169491525424;0.9960183904341882;0.9960183904341882;;1.0;1.0;1.0;1.0;1.0;0.7819658001667775;0.7819658001667775;-0.7819658001667775;baseline_max
209505_8;1;8;1;0.599233512669562;1.0;1.0;1.0;0.6610169491525424;0.99693507318834;0.99693507318834;;1.0;1.0;1.0;1.0;1.0;0.7854212886373948;0.7853521463960849;-0.7853521463960849;baseline_max
210206_8;1;8;1;0.6143914327835825;1.0;1.0;1.0;0.8096804511278195;0.9973757565048664;0.9973757565048664;;1.0;1.0;1.0;1.0;1.0;0.7863810728042693;0.7863810728042693;;baseline_max
212052_8;1;8;1;0.6582667688411411;1.0;1.0;1.0;0.7962264150943397;0.996634770990072;0.996634770990072;;1.0;1.0;1.0;1.0;1.0;0.8290166599677599;0.8290166599677599;;baseline_max
212346_8;0;8;1;0.6283120930833447;1.0;1.0;1.0;1.0;0.9977633635040396;0.9977633635040396;;1.0;1.0;1.0;1.0;1.0;0.7668376599330279;0.7667026651850523;-0.266589920591584;baseline_max
213672_8;1;8;1;0.5753302440620214;1.0;1.0;1.0;0.8721590909090909;0.9985643681393428;0.9985643681393428;;1.0;1.0;1.0;1.0;1.0;0.8253986150472613;0.8253986150472613;-0.28384030296377366;baseline_max
