"Case ID;Actual;Prefix Length;Prediction;Prediction Probability;SHAP Subset Stability;SHAP Weight Stability;SHAP Adjusted Weight Stability;LIME Subset Stability;LIME Weight Stability;LIME Adjusted Weight Stability;ACV Subset Stability;ACV Weight Stability;ACV Adjusted Weight Stability;LINDA Subset Stability;LINDA Weight Stability;LINDA Adjusted Weight Stability";MAPE Correctness;RMSE Correctness;R2 Correctness;Mode
"205876_3;0;3;0;0.5182820739575644;1.0;1.0;1.0;1.0;0.99962418278623;0.99962418278623;;1.0;1.0;;1.0;1.0";0.7741968773855656;0.760511579047942;-0.760511579047942;permutation
"206162_3;1;3;0;0.5203381314035134;1.0;1.0;1.0;1.0;0.999727925495796;0.999727925495796;;1.0;1.0;;1.0;1.0";0.8035225166804734;0.8015674740608129;-0.8015674740608129;permutation
"206294_3;0;3;0;0.5653742595754957;1.0;1.0;1.0;0.7865188953488372;0.9998900322753772;0.9998900322753772;;1.0;1.0;;1.0;1.0";0.813297729778776;0.8211179002574182;-0.6230853024407229;permutation
"207614_3;1;3;0;0.5175087271306018;1.0;1.0;1.0;1.0;0.9996691421922358;0.9996691421922358;;1.0;1.0;;1.0;1.0";0.8230729428770787;0.8387132838343628;-0.8387132838343628;permutation
"209302_3;1;3;0;0.5684543853067844;1.0;1.0;1.0;0.7349261689909763;0.9997852623738732;0.9997852623738732;;1.0;1.0;;1.0;1.0";0.8211179002574182;0.8152527723984365;-0.6230853024407229;permutation
"210032_3;0;3;0;0.5693231135743835;1.0;1.0;1.0;0.5032265242545618;0.9988141029260772;0.9988141029260772;;1.0;1.0;;1.0;1.0";0.7722418347659051;0.768331749526584;-0.768331749526584;permutation
"210422_3;0;3;0;0.5645177153956046;1.0;1.0;1.0;0.7931858184561227;0.9998304956119266;0.9998304956119266;;1.0;1.0;;1.0;1.0";0.813297729778776;0.817207815018097;-0.6230853024407229;permutation
"214052_3;1;3;0;0.5249797604997489;1.0;1.0;1.0;1.0;0.9997335199358228;0.9997335199358228;;1.0;1.0;;1.0;1.0";0.797657388821492;0.7937473035821708;-0.7937473035821708;permutation
