Case ID;Actual;Prefix Length;Prediction;Prediction Probability;SHAP Subset Stability;SHAP Weight Stability;SHAP Adjusted Weight Stability;LIME Subset Stability;LIME Weight Stability;LIME Adjusted Weight Stability;ACV Subset Stability;ACV Weight Stability;ACV Adjusted Weight Stability;LINDA Subset Stability;LINDA Weight Stability;LINDA Adjusted Weight Stability;MAPE Correctness;RMSE Correctness;R2 Correctness;Mode
204730_8;0;8;1;0.6245555223333156;1.0;1.0;1.0;0.8870056497175142;0.9985551652003266;0.9985551652003266;;1.0;1.0;1.0;1.0;1.0;0.8837944826421184;0.8820509543670304;-0.8820509543670304;permutation
206621_8;0;8;1;0.6927507381654978;1.0;1.0;1.0;0.6045197740112993;0.9980068092827192;0.9980068092827192;;1.0;1.0;1.0;1.0;1.0;0.8792613091268895;0.8705436677514494;-0.8705436677514494;permutation
207572_8;0;8;1;0.6030015600799761;1.0;1.0;1.0;0.6610169491525424;0.9960183904341882;0.9960183904341882;;1.0;1.0;1.0;1.0;1.0;0.9061116445632451;0.9064603502182628;-0.9064603502182628;permutation
209505_8;1;8;1;0.599233512669562;1.0;1.0;1.0;0.6610169491525424;0.99693507318834;0.99693507318834;;1.0;1.0;1.0;1.0;1.0;0.9008810597379809;0.8946043579476641;-0.8946043579476641;permutation
210206_8;1;8;1;0.6143914327835825;1.0;1.0;1.0;0.8096804511278195;0.9973757565048664;0.9973757565048664;;1.0;1.0;1.0;1.0;1.0;0.8914660070525056;0.8900711844324353;;permutation
212052_8;1;8;1;0.6582667688411411;1.0;1.0;1.0;0.7962264150943397;0.996634770990072;0.996634770990072;;1.0;1.0;1.0;1.0;1.0;0.8855380109172064;0.8820509543670304;;permutation
212346_8;0;8;1;0.6283120930833447;1.0;1.0;1.0;1.0;0.9977633635040396;0.9977633635040396;;1.0;1.0;1.0;1.0;1.0;0.8907685957424705;0.8893737731224002;-0.3943659776778408;permutation
213672_8;1;8;1;0.5753302440620214;1.0;1.0;1.0;0.8721590909090909;0.9985643681393428;0.9985643681393428;;1.0;1.0;1.0;1.0;1.0;0.8987888258078753;0.8928608296725761;-0.3943659776778408;permutation
