Case ID;Actual;Prefix Length;Prediction;Prediction Probability;SHAP Subset Stability;SHAP Weight Stability;SHAP Adjusted Weight Stability;LIME Subset Stability;LIME Weight Stability;LIME Adjusted Weight Stability;ACV Subset Stability;ACV Weight Stability;ACV Adjusted Weight Stability;LINDA Subset Stability;LINDA Weight Stability;LINDA Adjusted Weight Stability;MAPE Correctness;RMSE Correctness;R2 Correctness;Mode
204703_12;1;12;0;0.5426204625084496;1.0;1.0;1.0;-0.06223218018394627;0.9999999997803376;0.9999999997803376;;1.0;1.0;1.0;1.0;1.0;0.8819233876792169;0.8858620109215506;-0.2949565110337148;permutation
204847_12;0;12;1;0.6379891709563635;1.0;1.0;1.0;0.7831692451945617;0.9999999998633065;0.9999999998633065;;1.0;1.0;;1.0;1.0;0.8740461411945496;0.8730614853839661;;permutation
204897_12;0;12;1;0.5686895857411627;1.0;1.0;1.0;0.8568744473916887;0.9999999995683708;0.9999999995683708;;1.0;1.0;;1.0;1.0;0.8730614853839661;0.8727332667804383;-0.8727332667804383;permutation
207780_12;1;12;1;0.5843484840288581;1.0;1.0;1.0;1.0;0.9999999997486344;0.9999999997486344;;1.0;1.0;;1.0;1.0;0.8619020528640207;0.8615738342604929;-0.2949565110337148;permutation
207783_12;1;12;1;0.6322238619139697;1.0;1.0;1.0;0.7786139772364643;0.9999999996907176;0.9999999996907176;;1.0;1.0;;1.0;1.0;0.8668253319169378;0.869779299348688;-0.869779299348688;permutation
210890_12;0;12;1;0.6290796991811815;1.0;1.0;1.0;0.1492166661556863;0.9999999997556388;0.9999999997556388;;1.0;1.0;;1.0;1.0;0.8645278016922432;0.8635431458816597;;permutation
210987_12;1;12;1;0.5152997483438596;1.0;1.0;1.0;0.7661122661122662;0.9999999997584516;0.9999999997584516;;1.0;1.0;;1.0;1.0;0.8806105132651056;0.8865184481286061;-0.8865184481286061;permutation
212773_12;0;12;1;0.5418791197129695;1.0;1.0;1.0;1.0;0.9999999996935952;0.9999999996935952;;1.0;1.0;;1.0;1.0;0.8507426203440753;0.851070838947603;-0.851070838947603;permutation
