"Case ID;Actual;Prefix Length;Prediction;Prediction Probability;SHAP Subset Stability;SHAP Weight Stability;SHAP Adjusted Weight Stability;LIME Subset Stability;LIME Weight Stability;LIME Adjusted Weight Stability;ACV Subset Stability;ACV Weight Stability;ACV Adjusted Weight Stability;LINDA Subset Stability;LINDA Weight Stability;LINDA Adjusted Weight Stability";MAPE Correctness;RMSE Correctness;R2 Correctness;Mode
"205897_7;0;7;1;0.6396782953286761;1.0;1.0;1.0;1.0;0.9971516759529192;0.9971516759529192;;1.0;1.0;1.0;1.0;1.0";0.9013622943461395;0.8926870075863115;-0.8926870075863115;permutation
"206099_7;0;7;1;0.615970290945849;1.0;1.0;1.0;1.0;0.9985434104167572;0.9985434104167572;;1.0;1.0;1.0;1.0;1.0";0.9020563172869258;0.8940750534678839;-0.2990405448075419;permutation
"206865_7;1;7;1;0.6275818067990622;1.0;1.0;1.0;0.15446004646934042;0.9977866502980738;0.9977866502980738;;1.0;1.0;1.0;1.0;1.0";0.8916459731751321;0.8850527552376628;-0.8850527552376628;permutation
"209419_7;1;7;1;0.6764077422677609;1.0;1.0;1.0;0.8314606741573033;0.9984259111375984;0.9984259111375984;;1.0;1.0;1.0;1.0;1.0";0.9187128678657959;0.9180188449250094;-0.9180188449250094;permutation
"209511_7;0;7;1;0.6420900456156929;1.0;1.0;1.0;0.8314606741573033;0.9976402869605808;0.9976402869605808;;1.0;1.0;1.0;1.0;1.0";0.9079555122836089;0.905179420520464;-0.905179420520464;permutation
"211083_7;1;7;1;0.6037526384970509;1.0;1.0;1.0;0.8314606741573033;0.9982539596560932;0.9982539596560932;;1.0;1.0;1.0;1.0;1.0";0.9214889596289407;0.9100375811059677;;permutation
"211360_7;0;7;1;0.5715017047028316;1.0;1.0;1.0;0.23295454545454555;0.9978445859868992;0.9978445859868992;;1.0;1.0;1.0;1.0;1.0";0.9086495352243951;0.9030973516981051;-0.9030973516981051;permutation
"214238_7;1;7;1;0.6246810272291097;1.0;1.0;1.0;1.0;0.9982206502297841;0.9982206502297841;;1.0;1.0;1.0;1.0;1.0";0.9301642463887687;0.9214889596289407;-0.9214889596289407;permutation
