Case ID;Actual;Prefix Length;Prediction;Prediction Probability;SHAP Subset Stability;SHAP Weight Stability;SHAP Adjusted Weight Stability;LIME Subset Stability;LIME Weight Stability;LIME Adjusted Weight Stability;ACV Subset Stability;ACV Weight Stability;ACV Adjusted Weight Stability;LINDA Subset Stability;LINDA Weight Stability;LINDA Adjusted Weight Stability;MAPE Correctness;RMSE Correctness;R2 Correctness;Mode
205065_5;1;5;1;0.5126035895754161;1.0;1.0;1.0;1.0;0.9981758857496638;0.9981758857496638;;1.0;1.0;1.0;1.0;1.0;0.9349137334355463;0.9191123745605793;-0.9191123745605793;permutation
205468_5;1;5;1;0.6119502522392217;1.0;1.0;1.0;1.0;0.9985179040221868;0.9985179040221868;;1.0;1.0;1.0;1.0;1.0;0.9055683526677505;0.8897669937927835;-0.40119362569862055;permutation
205565_5;1;5;1;0.6424404486480689;1.0;1.0;1.0;0.8313878080415045;0.9969102323690412;0.9969102323690412;;1.0;1.0;1.0;1.0;1.0;0.9066970211588196;0.8950341134177725;-0.40119362569862055;permutation
206621_5;0;5;1;0.6201244565610332;1.0;1.0;1.0;1.0;0.9973282127421098;0.9973282127421098;;1.0;1.0;1.0;1.0;1.0;0.8969152275695541;0.8818663143552999;-0.40119362569862055;permutation
206880_5;0;5;1;0.5928834706833177;1.0;1.0;1.0;1.0;0.9984282339761242;0.9984282339761242;;1.0;1.0;1.0;1.0;1.0;0.9352899562659026;0.9232508256944992;;permutation
207359_5;0;5;1;0.6286664282409387;1.0;1.0;1.0;1.0;0.9983320199677579;0.9983320199677579;;1.0;1.0;1.0;1.0;1.0;0.9179837060695102;0.908201912480245;-0.908201912480245;permutation
209742_5;1;5;1;0.6342885066004408;1.0;1.0;1.0;1.0;0.9982847145919094;0.9982847145919094;;1.0;1.0;1.0;1.0;1.0;0.9089543581409576;0.8969152275695541;-0.40119362569862055;permutation
212563_5;0;5;1;0.6401719775598418;1.0;1.0;1.0;0.8313878080415045;0.9968668917383944;0.9968668917383944;;1.0;1.0;1.0;1.0;1.0;0.9247557170159246;0.9127165864445211;-0.9127165864445211;permutation
