Case ID;Actual;Prefix Length;Prediction;Prediction Probability;SHAP Subset Stability;SHAP Weight Stability;SHAP Adjusted Weight Stability;LIME Subset Stability;LIME Weight Stability;LIME Adjusted Weight Stability;ACV Subset Stability;ACV Weight Stability;ACV Adjusted Weight Stability;LINDA Subset Stability;LINDA Weight Stability;LINDA Adjusted Weight Stability;MAPE Correctness;RMSE Correctness;R2 Correctness;Mode
206315_13;0;13;1;0.5817165688698235;1.0;1.0;1.0;0.2605002199884929;0.9978601012608852;0.9978601012608852;;1.0;1.0;1.0;1.0;1.0;0.8992970765146049;0.8953239713337419;-0.8953239713337419;permutation
206754_13;0;13;1;0.5029050532502894;1.0;1.0;1.0;0.13470873786407744;0.9986961227810228;0.9986961227810228;;1.0;1.0;1.0;1.0;1.0;0.9191626024189208;0.9176344850416657;;permutation
206865_13;1;13;1;0.521226992924024;1.0;1.0;1.0;0.11027439653393832;0.9988307516663036;0.9988307516663036;;1.0;1.0;1.0;1.0;1.0;0.8910452426774275;0.8861552670702113;-0.8861552670702113;permutation
206952_13;0;13;0;0.5480018253544603;1.0;1.0;1.0;0.008522539766351978;0.9983354449539678;0.9983354449539678;;1.0;1.0;1.0;1.0;1.0;0.9026589347445662;0.8956295948091927;-0.8956295948091927;permutation
207852_13;1;13;1;0.5858715735059253;1.0;1.0;1.0;0.06019160558118486;0.9985815999665116;0.9985815999665116;;1.0;1.0;1.0;1.0;1.0;0.8898227487756235;0.8907396192019766;;permutation
211507_13;1;13;1;0.5118645159812854;1.0;1.0;1.0;0.27427184466019394;0.9986518043340574;0.9986518043340574;;1.0;1.0;1.0;1.0;1.0;0.9029645582200171;0.898991453039154;-0.898991453039154;permutation
213954_13;0;13;0;0.5709804463345689;1.0;1.0;1.0;0.6405077742742198;0.9984122120895886;0.9984122120895886;;1.0;1.0;1.0;1.0;1.0;0.9075489103517823;0.9035758051709191;-0.9035758051709191;permutation
214277_13;1;13;1;0.5504342166162324;1.0;1.0;1.0;0.07952010936038523;0.998612399681964;0.998612399681964;;1.0;1.0;1.0;1.0;1.0;0.9289425536333532;0.9264975658297451;-0.9264975658297451;permutation
