Case ID;Actual;Prefix Length;Prediction;Prediction Probability;SHAP Subset Stability;SHAP Weight Stability;SHAP Adjusted Weight Stability;LIME Subset Stability;LIME Weight Stability;LIME Adjusted Weight Stability;ACV Subset Stability;ACV Weight Stability;ACV Adjusted Weight Stability;LINDA Subset Stability;LINDA Weight Stability;LINDA Adjusted Weight Stability;MAPE Correctness;RMSE Correctness;R2 Correctness;Mode
205086_14;0;14;1;0.5196334673643291;1.0;1.0;1.0;0.5762284330541805;0.9997897989595562;0.9997897989595562;;1.0;1.0;1.0;1.0;1.0;0.9418612829109267;0.9373728896044266;-0.28400083372888874;permutation
205921_14;0;14;0;0.5660464786958526;1.0;1.0;1.0;0.6670366259711444;0.9998545098226544;0.9998545098226544;;1.0;1.0;1.0;1.0;1.0;0.9000631202441426;0.895294202355986;-0.895294202355986;permutation
206255_14;0;14;0;0.5238891501064724;1.0;1.0;1.0;0.5558845299777946;0.999733747581576;0.999733747581576;;1.0;1.0;1.0;1.0;1.0;0.9112841035103934;0.9073567593672056;-0.9073567593672056;permutation
206408_14;1;14;1;0.5148363800028759;1.0;1.0;1.0;0.5555555555555559;0.9998604760436779;0.9998604760436779;;1.0;1.0;1.0;1.0;1.0;0.8978189235908923;0.8966968252642673;-0.8966968252642673;permutation
208556_14;1;14;0;0.5418996083578966;1.0;1.0;1.0;0.5252806872127194;0.9999121040487547;0.9999121040487547;;1.0;1.0;1.0;1.0;1.0;0.9093204314387994;0.9000631202441426;-0.9000631202441426;permutation
208730_14;1;14;0;0.5689556658367048;1.0;1.0;1.0;0.6379310344827586;0.9996052196507059;0.9996052196507059;;1.0;1.0;1.0;1.0;1.0;0.9093204314387994;0.8995020710808301;-0.8995020710808301;permutation
210668_14;0;14;0;0.5404060337347674;1.0;1.0;1.0;0.882060018346219;0.9988127028255164;0.9988127028255164;;1.0;1.0;1.0;1.0;1.0;0.9003436448257989;0.8947331531926734;-0.8947331531926734;permutation
211444_14;1;14;0;0.5523301996272221;1.0;1.0;1.0;0.6923076923076925;0.9997708422477388;0.9997708422477388;;1.0;1.0;1.0;1.0;1.0;0.909881480602112;0.9025878414790489;-0.9025878414790489;permutation
