"Case ID;Actual;Prefix Length;Prediction;Prediction Probability;SHAP Subset Stability;SHAP Weight Stability;SHAP Adjusted Weight Stability;LIME Subset Stability;LIME Weight Stability;LIME Adjusted Weight Stability;ACV Subset Stability;ACV Weight Stability;ACV Adjusted Weight Stability;LINDA Subset Stability;LINDA Weight Stability;LINDA Adjusted Weight Stability";MAPE Correctness;RMSE Correctness;R2 Correctness;Mode
"205583_9;0;9;0;0.5982209386050732;1.0;1.0;1.0;1.0;0.9999995747204528;0.9999995747204528;;1.0;1.0;1.0;1.0;1.0";0.8984078258099378;0.8888702261425718;-0.8888702261425718;permutation
"207488_9;0;9;1;0.5392895919796965;1.0;1.0;1.0;1.0;0.9999996822191932;0.9999996822191932;;1.0;1.0;1.0;1.0;1.0";0.9191861679424141;0.912714225310987;-0.29771014051501143;permutation
"208310_9;0;9;0;0.6089261541681003;1.0;1.0;1.0;1.0;0.9999996457425862;0.9999996457425862;;1.0;1.0;1.0;1.0;1.0";0.9164611394660237;0.9082860540368529;-0.9082860540368529;permutation
"210119_9;1;9;0;0.518654621939316;1.0;1.0;1.0;1.0;0.9999997084203092;0.9999997084203092;;1.0;1.0;1.0;1.0;1.0";0.9052203970009136;0.8912546260594133;-0.8912546260594133;permutation
"210755_9;0;9;1;0.5904010747876258;1.0;1.0;1.0;1.0;0.9999995949020298;0.9999995949020298;;1.0;1.0;1.0;1.0;1.0";0.9311081675266218;0.9239549677760973;-0.9239549677760973;permutation
"211588_9;1;9;0;0.5549953595841166;1.0;1.0;1.0;1.0;0.9999996482665476;0.9999996482665476;;1.0;1.0;1.0;1.0;1.0";0.9007922257267795;0.8892108547021205;-0.8892108547021205;permutation
"212725_9;1;9;1;0.5839970271878291;1.0;1.0;1.0;1.0;0.9999997110371776;0.9999997110371776;;1.0;1.0;1.0;1.0;1.0";0.9188455393828654;0.9072641683582064;-0.29771014051501143;permutation
"214250_9;1;9;1;0.5581066819775514;1.0;1.0;1.0;1.0;0.9999995776398254;0.9999995776398254;;1.0;1.0;1.0;1.0;1.0";0.929064396169329;0.9259987391333899;-0.9259987391333899;permutation
