"Case ID;Actual;Prefix Length;Prediction;Prediction Probability;SHAP Subset Stability;SHAP Weight Stability;SHAP Adjusted Weight Stability;LIME Subset Stability;LIME Weight Stability;LIME Adjusted Weight Stability;ACV Subset Stability;ACV Weight Stability;ACV Adjusted Weight Stability;LINDA Subset Stability;LINDA Weight Stability;LINDA Adjusted Weight Stability";MAPE Correctness;RMSE Correctness;R2 Correctness;Mode
"206240_11;0;11;0;0.5735568754158222;1.0;1.0;1.0;0.8097577696526508;0.999999997953954;0.999999997953954;;1.0;1.0;1.0;1.0;1.0";0.8768676985207294;0.8709573376993951;-0.8709573376993951;permutation
"206357_11;0;11;1;0.6116590357428829;1.0;1.0;1.0;0.8097577696526508;0.9999999979297324;0.9999999979297324;;1.0;1.0;;1.0;1.0";0.9323594195654787;0.9280908256389596;-0.9280908256389596;permutation
"206763_11;0;11;1;0.5456354186132888;1.0;1.0;1.0;0.8097577696526508;0.999999999171751;0.999999999171751;;1.0;1.0;;1.0;1.0";0.9195536377859211;0.9139716303435499;;permutation
"208067_11;1;11;1;0.6083529414095654;1.0;1.0;1.0;0.8097577696526508;0.9999999977053724;0.9999999977053724;;1.0;1.0;;1.0;1.0";0.9080612695222158;0.9044493823536226;-0.9044493823536226;permutation
"209078_11;0;11;0;0.5198425162806637;1.0;1.0;1.0;0.7829770594369134;0.999999997924162;0.999999997924162;;1.0;1.0;1.0;1.0;1.0";0.9395831939026652;0.9376130736288869;-0.9376130736288869;permutation
"209808_11;1;11;0;0.5949491521345649;1.0;1.0;1.0;0.8315118397085609;0.9999999964787708;0.9999999964787708;;1.0;1.0;1.0;1.0;1.0";0.8857332397527308;0.8837631194789527;;permutation
"212875_11;1;11;0;0.5084121911730252;1.0;1.0;1.0;0.6382950990615225;0.9999999986285848;0.9999999986285848;;1.0;1.0;1.0;1.0;1.0";0.8890167735423609;0.8834347660999896;-0.8834347660999896;permutation
"213789_11;1;11;1;0.5078439489584605;1.0;1.0;1.0;0.5963636363636364;0.9999999983322873;0.9999999983322873;;1.0;1.0;;1.0;1.0";0.914628337101476;0.9120015100697718;-0.2950776281541782;permutation
