Case ID;Actual;Prefix Length;Prediction;Prediction Probability;SHAP Subset Stability;SHAP Weight Stability;SHAP Adjusted Weight Stability;LIME Subset Stability;LIME Weight Stability;LIME Adjusted Weight Stability;ACV Subset Stability;ACV Weight Stability;ACV Adjusted Weight Stability;LINDA Subset Stability;LINDA Weight Stability;LINDA Adjusted Weight Stability;SHAP Precision;SHAP Recall;SHAP Correlation;LIME Precision;LIME Recall;LIME Correlation;LINDA Precision;LINDA Recall;LINDA Correlation
205583_9;0;9;0;0.5982209386050732;1.0;1.0;1.0;1.0;0.9999995747204528;0.9999995747204528;;1.0;1.0;1.0;1.0;1.0;0.0;0.0;0.11622892497433394;1.0;1.0;0.6514521201370639;0.009174311926605505;1.0;0.0
207488_9;0;9;1;0.5392895919796965;1.0;1.0;1.0;1.0;0.9999996822191932;0.9999996822191932;;1.0;1.0;1.0;1.0;1.0;0.0;0.0;0.11379298942097965;1.0;1.0;0.6756367478650281;0.009174311926605505;1.0;0.0
208310_9;0;9;0;0.6089261541681003;1.0;1.0;1.0;1.0;0.9999996457425862;0.9999996457425862;;1.0;1.0;1.0;1.0;1.0;0.0;0.0;0.06542226914722989;1.0;1.0;0.6613303483639789;0.009174311926605505;1.0;0.0
210119_9;1;9;0;0.518654621939316;1.0;1.0;1.0;1.0;0.9999997084203092;0.9999997084203092;;1.0;1.0;1.0;1.0;1.0;0.0;0.0;0.13328047384781408;1.0;1.0;0.6442989203865394;0.009174311926605505;1.0;0.0
210755_9;0;9;1;0.5904010747876258;1.0;1.0;1.0;1.0;0.9999995949020298;0.9999995949020298;;1.0;1.0;1.0;1.0;1.0;0.0;0.0;0.08699769833408229;1.0;1.0;0.6998213755929924;0.009174311926605505;1.0;0.0
211588_9;1;9;0;0.5549953595841166;1.0;1.0;1.0;1.0;0.9999996482665476;0.9999996482665476;;1.0;1.0;1.0;1.0;1.0;0.0;0.0;0.11796887894101556;1.0;1.0;0.6705273194717963;0.009174311926605505;1.0;0.0
212725_9;1;9;1;0.5839970271878291;1.0;1.0;1.0;1.0;0.9999997110371776;0.9999997110371776;;1.0;1.0;1.0;1.0;1.0;0.0;0.0;0.12980056591445074;1.0;1.0;0.6705273194717963;0.009174311926605505;1.0;0.0
214250_9;1;9;1;0.5581066819775514;1.0;1.0;1.0;1.0;0.9999995776398254;0.9999995776398254;;1.0;1.0;1.0;1.0;1.0;0.0;0.0;0.08247381802071002;1.0;1.0;0.6953932043188581;0.009174311926605505;1.0;0.0
