Case ID;Actual;Prefix Length;Prediction;Prediction Probability;SHAP Subset Stability;SHAP Weight Stability;SHAP Adjusted Weight Stability;LIME Subset Stability;LIME Weight Stability;LIME Adjusted Weight Stability;ACV Subset Stability;ACV Weight Stability;ACV Adjusted Weight Stability;LINDA Subset Stability;LINDA Weight Stability;LINDA Adjusted Weight Stability;SHAP Precision;SHAP Recall;SHAP Correlation
205086_14;0;14;1;0.5196334673643291;1.0;1.0;1.0;0.5762284330541805;0.9997897989595562;0.9997897989595562;;1.0;1.0;1.0;1.0;1.0;0.0;0.0;0.11475146326832748
205921_14;0;14;0;0.5660464786958526;1.0;1.0;1.0;0.6670366259711444;0.9998545098226544;0.9998545098226544;;1.0;1.0;1.0;1.0;1.0;0.0;0.0;0.10104979601240778
206255_14;0;14;0;0.5238891501064724;1.0;1.0;1.0;0.5558845299777946;0.999733747581576;0.999733747581576;;1.0;1.0;1.0;1.0;1.0;0.0;0.0;0.1418693463790019
206408_14;1;14;1;0.5148363800028759;1.0;1.0;1.0;0.5555555555555559;0.999860476043678;0.999860476043678;;1.0;1.0;1.0;1.0;1.0;0.0;0.0;0.1278822277219172
208556_14;1;14;0;0.5418996083578966;1.0;1.0;1.0;0.5252806872127194;0.9999121040487547;0.9999121040487547;;1.0;1.0;1.0;1.0;1.0;0.0;0.0;0.14215479778016687
208730_14;1;14;0;0.5689556658367048;1.0;1.0;1.0;0.6379310344827586;0.999605219650706;0.999605219650706;;1.0;1.0;1.0;1.0;1.0;0.0;0.0;0.1450093117918168
210668_14;0;14;0;0.5404060337347674;1.0;1.0;1.0;0.882060018346219;0.9988127028255164;0.9988127028255164;;1.0;1.0;1.0;1.0;1.0;0.0;0.0;0.1455802145941468
211444_14;1;14;0;0.5523301996272221;1.0;1.0;1.0;0.6923076923076925;0.9997708422477388;0.9997708422477388;;1.0;1.0;1.0;1.0;1.0;0.0;0.0;0.136445769756867
