Case ID;Actual;Prefix Length;Prediction;Prediction Probability;SHAP Subset Stability;SHAP Weight Stability;SHAP Adjusted Weight Stability;LIME Subset Stability;LIME Weight Stability;LIME Adjusted Weight Stability;ACV Subset Stability;ACV Weight Stability;ACV Adjusted Weight Stability;LINDA Subset Stability;LINDA Weight Stability;LINDA Adjusted Weight Stability;SHAP Precision;SHAP Recall;SHAP Correlation;LIME Precision;LIME Recall;LIME Correlation;LINDA Precision;LINDA Recall;LINDA Correlation
205065_5;1;5;1;0.5126035895754161;1.0;1.0;1.0;1.0;0.9981758857496638;0.9981758857496638;;1.0;1.0;1.0;1.0;1.0;0.0;0.0;0.0569109067725648;1.0;1.0;0.7148233776770776;0.009615384615384616;1.0;0.0
205468_5;1;5;1;0.6119502522392217;1.0;1.0;1.0;1.0;0.9985179040221868;0.9985179040221868;;1.0;1.0;1.0;1.0;1.0;0.0;0.0;0.10699926933740178;1.0;1.0;0.7832959328019345;0.009615384615384616;1.0;0.0
205565_5;1;5;1;0.6424404486480689;1.0;1.0;1.0;0.8313878080415045;0.9969102323690412;0.9969102323690412;;1.0;1.0;1.0;1.0;1.0;0.0;0.0;0.10740931700737584;1.0;1.0;0.7291198452306191;0.009615384615384616;1.0;0.0
206621_5;0;5;1;0.6201244565610332;1.0;1.0;1.0;1.0;0.9973282127421098;0.9973282127421098;;1.0;1.0;1.0;1.0;1.0;0.0;0.0;0.052903096436468684;1.0;1.0;0.703536692766387;0.009615384615384616;1.0;0.0
206880_5;0;5;1;0.5928834706833177;1.0;1.0;1.0;1.0;0.9984282339761242;0.9984282339761242;;1.0;1.0;1.0;1.0;1.0;0.0;0.0;0.0677319946800243;1.0;1.0;0.6632808499182568;0.009615384615384616;1.0;0.0
207359_5;0;5;1;0.6286664282409387;1.0;1.0;1.0;1.0;0.998332019967758;0.998332019967758;;1.0;1.0;1.0;1.0;1.0;0.0;0.0;0.05129997230203024;1.0;1.0;0.7065464754092379;0.009615384615384616;1.0;0.0
209742_5;1;5;1;0.6342885066004408;1.0;1.0;1.0;1.0;0.9982847145919094;0.9982847145919094;;1.0;1.0;1.0;1.0;1.0;0.0;0.0;0.08376323602440874;1.0;1.0;0.7020318014449615;0.009615384615384616;1.0;0.0
212563_5;0;5;1;0.6401719775598418;1.0;1.0;1.0;0.8313878080415045;0.9968668917383944;0.9968668917383944;;1.0;1.0;1.0;1.0;1.0;0.0;0.0;0.08416401705801838;1.0;1.0;0.6768248718110855;0.009615384615384616;1.0;0.0
