Case ID;Actual;Prefix Length;Prediction;Prediction Probability;SHAP Subset Stability;SHAP Weight Stability;SHAP Adjusted Weight Stability;LIME Subset Stability;LIME Weight Stability;LIME Adjusted Weight Stability;ACV Subset Stability;ACV Weight Stability;ACV Adjusted Weight Stability;LINDA Subset Stability;LINDA Weight Stability;LINDA Adjusted Weight Stability;SHAP Precision;SHAP Recall;SHAP Correlation;LIME Precision;LIME Recall;LIME Correlation;LINDA Precision;LINDA Recall;LINDA Correlation
205876_3;0;3;0;0.5182820739575644;1.0;1.0;1.0;1.0;0.99962418278623;0.99962418278623;;1.0;1.0;;1.0;1.0;1.0;1.0;0.6177892992808294;1.0;1.0;0.5934031828541663;0.02127659574468085;1.0;0.0
206162_3;1;3;0;0.5203381314035134;1.0;1.0;1.0;1.0;0.999727925495796;0.999727925495796;;1.0;1.0;;1.0;1.0;1.0;1.0;0.5225922322969455;1.0;1.0;0.4805592989015707;0.02127659574468085;1.0;0.0
206294_3;0;3;0;0.5653742595754957;1.0;1.0;1.0;0.7865188953488372;0.9998900322753772;0.9998900322753772;;1.0;1.0;;1.0;1.0;1.0;1.0;0.6237391159673221;1.0;1.0;0.6342604511818302;0.02127659574468085;1.0;0.0
207614_3;1;3;0;0.5175087271306018;1.0;1.0;1.0;1.0;0.9996691421922358;0.9996691421922358;;1.0;1.0;;1.0;1.0;1.0;1.0;0.5820903991618729;1.0;1.0;0.5291989040535515;0.02127659574468085;1.0;0.0
209302_3;1;3;0;0.5684543853067844;1.0;1.0;1.0;0.7349261689909763;0.9997852623738732;0.9997852623738732;;1.0;1.0;;1.0;1.0;1.0;1.0;0.645555110484462;1.0;1.0;0.6264781143575133;0.02127659574468085;1.0;0.0
210032_3;0;3;0;0.5693231135743835;1.0;1.0;1.0;0.5032265242545618;0.9988141029260772;0.9988141029260772;;1.0;1.0;;1.0;1.0;1.0;1.0;0.5721740380177183;1.0;1.0;0.53309007246571;0.02127659574468085;1.0;0.0
210422_3;0;3;0;0.5645177153956046;1.0;1.0;1.0;0.7931858184561227;0.9998304956119266;0.9998304956119266;;1.0;1.0;;1.0;1.0;1.0;1.0;0.5939900325348584;1.0;1.0;0.6070222722967209;0.02127659574468085;1.0;0.0
214052_3;1;3;0;0.5249797604997489;1.0;1.0;1.0;1.0;0.9997335199358228;0.9997335199358228;;1.0;1.0;;1.0;1.0;1.0;1.0;0.5622576768735638;1.0;1.0;0.6225869459453548;0.02127659574468085;1.0;0.0
