Case ID;Actual;Prefix Length;Prediction;Prediction Probability;SHAP Subset Stability;SHAP Weight Stability;SHAP Adjusted Weight Stability;LIME Subset Stability;LIME Weight Stability;LIME Adjusted Weight Stability;ACV Subset Stability;ACV Weight Stability;ACV Adjusted Weight Stability;LINDA Subset Stability;LINDA Weight Stability;LINDA Adjusted Weight Stability;SHAP Precision;SHAP Recall;SHAP Correlation;LIME Precision;LIME Recall;LIME Correlation;LINDA Precision;LINDA Recall;LINDA Correlation
204730_8;0;8;1;0.6245555223333156;1.0;1.0;1.0;0.8870056497175142;0.9985551652003266;0.9985551652003266;;1.0;1.0;1.0;1.0;1.0;0.0;0.0;0.010489142391006729;1.0;1.0;0.7575630355257456;0.009259259259259259;1.0;0.0
206621_8;0;8;1;0.6927507381654978;1.0;1.0;1.0;0.6045197740112993;0.9980068092827192;0.9980068092827192;;1.0;1.0;1.0;1.0;1.0;0.0;0.0;0.0090432113884729;1.0;1.0;0.7704651447613969;0.009259259259259259;1.0;0.0
207572_8;0;8;1;0.6030015600799761;1.0;1.0;1.0;0.6610169491525424;0.9960183904341882;0.9960183904341882;;1.0;1.0;1.0;1.0;1.0;0.0;0.0;0.019895065054640386;0.5;1.0;0.7484966884952879;0.009259259259259259;1.0;0.0
209505_8;1;8;1;0.599233512669562;1.0;1.0;1.0;0.6610169491525424;0.99693507318834;0.99693507318834;;1.0;1.0;1.0;1.0;1.0;0.0;0.0;0.04340741466466992;1.0;1.0;0.7380355188447597;0.009259259259259259;1.0;0.0
210206_8;1;8;1;0.6143914327835825;1.0;1.0;1.0;0.8096804511278195;0.9973757565048664;0.9973757565048664;;1.0;1.0;1.0;1.0;1.0;0.0;0.0;0.037981487831586176;1.0;1.0;0.7526811563554991;0.009259259259259259;1.0;0.0
212052_8;1;8;1;0.6582667688411411;1.0;1.0;1.0;0.7962264150943397;0.996634770990072;0.996634770990072;;1.0;1.0;1.0;1.0;1.0;0.0;0.0;0.0293000048986522;1.0;1.0;0.7708138504164145;0.009259259259259259;1.0;0.0
212346_8;0;8;1;0.6283120930833447;1.0;1.0;1.0;1.0;0.9977633635040396;0.9977633635040396;;1.0;1.0;1.0;1.0;1.0;0.0;0.0;0.042683957753592086;1.0;1.0;0.7554708015956401;0.009259259259259259;1.0;0.0
213672_8;1;8;1;0.5753302440620214;1.0;1.0;1.0;0.8721590909090909;0.9985643681393428;0.9985643681393428;;1.0;1.0;1.0;1.0;1.0;0.0;0.0;0.02821481953203545;1.0;1.0;0.7070007155481929;0.009259259259259259;1.0;0.0
