Case ID;Actual;Prefix Length;Prediction;Prediction Probability;SHAP Subset Stability;SHAP Weight Stability;SHAP Adjusted Weight Stability;LIME Subset Stability;LIME Weight Stability;LIME Adjusted Weight Stability;ACV Subset Stability;ACV Weight Stability;ACV Adjusted Weight Stability;LINDA Subset Stability;LINDA Weight Stability;LINDA Adjusted Weight Stability;SHAP Precision;SHAP Recall;SHAP Correlation;LIME Precision;LIME Recall;LIME Correlation;LINDA Precision;LINDA Recall;LINDA Correlation
205897_7;0;7;1;0.6396782953286761;1.0;1.0;1.0;1.0;0.9971516759529192;0.9971516759529192;;1.0;1.0;1.0;1.0;1.0;0.0;0.0;0.16668868220287655;1.0;1.0;0.6494319668407315;0.009259259259259259;1.0;0.0
206099_7;0;7;1;0.615970290945849;1.0;1.0;1.0;1.0;0.9985434104167572;0.9985434104167572;;1.0;1.0;1.0;1.0;1.0;0.0;0.0;0.14647324627614472;0.5;1.0;0.7701919585375386;0.009259259259259259;1.0;0.0
206865_7;1;7;1;0.6275818067990622;1.0;1.0;1.0;0.1544600464693404;0.9977866502980738;0.9977866502980738;;1.0;1.0;1.0;1.0;1.0;0.0;0.0;0.14753721658807795;1.0;1.0;0.6855211597616164;0.009259259259259259;1.0;0.0
209419_7;1;7;1;0.6764077422677609;1.0;1.0;1.0;0.8314606741573033;0.9984259111375984;0.9984259111375984;;1.0;1.0;1.0;1.0;1.0;0.0;0.0;0.1773283853222091;0.5;1.0;0.7719270158895043;0.009259259259259259;1.0;0.0
209511_7;0;7;1;0.6420900456156929;1.0;1.0;1.0;0.8314606741573033;0.9976402869605808;0.9976402869605808;;1.0;1.0;1.0;1.0;1.0;0.0;0.0;0.15711294939547726;1.0;1.0;0.7903186238203399;0.009259259259259259;1.0;0.0
211083_7;1;7;1;0.6037526384970509;1.0;1.0;1.0;0.8314606741573033;0.9982539596560932;0.9982539596560932;;1.0;1.0;1.0;1.0;1.0;0.0;0.0;0.1443453056522782;1.0;1.0;0.6591482880117391;0.009259259259259259;1.0;0.0
211360_7;0;7;1;0.5715017047028316;1.0;1.0;1.0;0.2329545454545455;0.9978445859868992;0.9978445859868992;;1.0;1.0;1.0;1.0;1.0;0.0;0.0;0.151793097835811;1.0;1.0;0.6962785153438034;0.009259259259259259;1.0;0.0
214238_7;1;7;1;0.6246810272291097;1.0;1.0;1.0;1.0;0.998220650229784;0.998220650229784;;1.0;1.0;1.0;1.0;1.0;0.0;0.0;0.17874701240478674;0.5;1.0;0.7604756373665312;0.009259259259259259;1.0;0.0
