Case ID;Actual;Prefix Length;Prediction;Prediction Probability;SHAP Subset Stability;SHAP Weight Stability;SHAP Adjusted Weight Stability;LIME Subset Stability;LIME Weight Stability;LIME Adjusted Weight Stability;ACV Subset Stability;ACV Weight Stability;ACV Adjusted Weight Stability;LINDA Subset Stability;LINDA Weight Stability;LINDA Adjusted Weight Stability;SHAP Precision;SHAP Recall;SHAP Correlation;LIME Precision;LIME Recall;LIME Correlation;LINDA Precision;LINDA Recall;LINDA Correlation
204703_12;1;12;0;0.5426204625084496;1.0;1.0;1.0;-0.0622321801839462;0.9999999997803376;0.9999999997803376;;1.0;1.0;1.0;1.0;1.0;0.0;0.0;0.02691232216755864;1.0;0.5;0.7122343696553407;0.018018018018018018;1.0;0.0
204847_12;0;12;1;0.6379891709563635;1.0;1.0;1.0;0.7831692451945617;0.9999999998633065;0.9999999998633065;;1.0;1.0;;1.0;1.0;0.0;0.0;0.035322422844920716;1.0;0.5;0.6859768813731162;0.018018018018018018;1.0;0.0
204897_12;0;12;1;0.5686895857411627;1.0;1.0;1.0;0.8568744473916887;0.9999999995683708;0.9999999995683708;;1.0;1.0;;1.0;1.0;0.0;0.0;0.044741735603566236;1.0;0.5;0.6702223884037815;0.018018018018018018;1.0;0.0
207780_12;1;12;1;0.5843484840288581;1.0;1.0;1.0;1.0;0.9999999997486344;0.9999999997486344;;1.0;1.0;;1.0;1.0;0.0;0.0;-0.030276362438503464;1.0;0.5;0.5766800863983566;0.018018018018018018;1.0;0.0
207783_12;1;12;1;0.6322238619139697;1.0;1.0;1.0;0.7786139772364643;0.9999999996907176;0.9999999996907176;;1.0;1.0;;1.0;1.0;0.0;0.0;0.04036848325133795;1.0;0.5;0.6528268024168077;0.018018018018018018;1.0;0.0
210890_12;0;12;1;0.6290796991811815;1.0;1.0;1.0;0.1492166661556863;0.9999999997556388;0.9999999997556388;;1.0;1.0;;1.0;1.0;0.0;0.0;0.06290755306666831;1.0;0.5;0.6344465606192505;0.018018018018018018;1.0;0.0
210987_12;1;12;1;0.5152997483438596;1.0;1.0;1.0;0.7661122661122662;0.9999999997584516;0.9999999997584516;;1.0;1.0;;1.0;1.0;0.0;0.0;0.07434528998788073;1.0;0.5;0.6049068863017479;0.018018018018018018;1.0;0.0
212773_12;0;12;1;0.5418791197129695;1.0;1.0;1.0;1.0;0.9999999996935952;0.9999999996935952;;1.0;1.0;;1.0;1.0;0.0;0.0;-0.008410100677362075;1.0;0.5;0.6613604861085307;0.018018018018018018;1.0;0.0
