Case ID;Actual;Prefix Length;Prediction;Prediction Probability;SHAP Subset Stability;SHAP Weight Stability;SHAP Adjusted Weight Stability;LIME Subset Stability;LIME Weight Stability;LIME Adjusted Weight Stability;ACV Subset Stability;ACV Weight Stability;ACV Adjusted Weight Stability;LINDA Subset Stability;LINDA Weight Stability;LINDA Adjusted Weight Stability;SHAP Precision;SHAP Recall;SHAP Correlation
205897_7;0;7;1;0.6396782953286761;1.0;1.0;1.0;1.0;0.9971516759529192;0.9971516759529192;;1.0;1.0;1.0;1.0;1.0;0.0;0.0;0.16668868220287655
206099_7;0;7;1;0.615970290945849;1.0;1.0;1.0;1.0;0.9985434104167572;0.9985434104167572;;1.0;1.0;1.0;1.0;1.0;0.0;0.0;0.14647324627614472
206865_7;1;7;1;0.6275818067990622;1.0;1.0;1.0;0.1544600464693404;0.9977866502980738;0.9977866502980738;;1.0;1.0;1.0;1.0;1.0;0.0;0.0;0.14753721658807797
209419_7;1;7;1;0.6764077422677609;1.0;1.0;1.0;0.8314606741573033;0.9984259111375984;0.9984259111375984;;1.0;1.0;1.0;1.0;1.0;0.0;0.0;0.1773283853222091
209511_7;0;7;1;0.6420900456156929;1.0;1.0;1.0;0.8314606741573033;0.9976402869605808;0.9976402869605808;;1.0;1.0;1.0;1.0;1.0;0.0;0.0;0.15711294939547726
211083_7;1;7;1;0.6037526384970509;1.0;1.0;1.0;0.8314606741573033;0.9982539596560932;0.9982539596560932;;1.0;1.0;1.0;1.0;1.0;0.0;0.0;0.1443453056522782
211360_7;0;7;1;0.5715017047028316;1.0;1.0;1.0;0.2329545454545455;0.9978445859868992;0.9978445859868992;;1.0;1.0;1.0;1.0;1.0;0.0;0.0;0.151793097835811
214238_7;1;7;1;0.6246810272291097;1.0;1.0;1.0;1.0;0.998220650229784;0.998220650229784;;1.0;1.0;1.0;1.0;1.0;0.0;0.0;0.17874701240478677
