Case ID;Actual;Prefix Length;Prediction;Prediction Probability;SHAP Subset Stability;SHAP Weight Stability;SHAP Adjusted Weight Stability;LIME Subset Stability;LIME Weight Stability;LIME Adjusted Weight Stability;ACV Subset Stability;ACV Weight Stability;ACV Adjusted Weight Stability;LINDA Subset Stability;LINDA Weight Stability;LINDA Adjusted Weight Stability;SHAP Precision;SHAP Recall;SHAP Correlation;LIME Precision;LIME Recall;LIME Correlation;LINDA Precision;LINDA Recall;LINDA Correlation
204924_10;1;10;1;0.5048245122823612;1.0;1.0;1.0;1.0;0.9999908793176244;0.9999908793176244;;1.0;1.0;1.0;1.0;1.0;0.0;0.0;0.15516442430805424;1.0;1.0;0.6476637403998433;0.00909090909090909;1.0;0.0
205340_10;0;10;0;0.5418944654158869;1.0;1.0;1.0;1.0;0.9999895907862142;0.9999895907862142;;1.0;1.0;1.0;1.0;1.0;0.0;0.0;0.1572127995464444;1.0;1.0;0.7004933072471202;0.00909090909090909;1.0;0.0
205379_10;0;10;1;0.5295233790004158;1.0;1.0;1.0;1.0;0.9999926530171136;0.9999926530171136;;1.0;1.0;1.0;1.0;1.0;0.0;0.0;0.15106767383127395;1.0;1.0;0.7332610132663172;0.00909090909090909;1.0;0.0
206309_10;1;10;0;0.5150035128688213;1.0;1.0;1.0;0.7373486540496061;0.99999250304054;0.99999250304054;;1.0;1.0;1.0;1.0;1.0;0.0;0.0;0.14970209033901385;1.0;1.0;0.6974840281229082;0.00909090909090909;1.0;0.0
206369_10;0;10;0;0.5065226500082877;1.0;1.0;1.0;1.0;0.9999708000305856;0.9999708000305856;;1.0;1.0;1.0;1.0;1.0;0.0;0.0;0.1374118389086729;1.0;1.0;0.6617070429794992;0.00909090909090909;1.0;0.0
206883_10;1;10;0;0.6400571116106328;1.0;1.0;1.0;0.6542524646969534;0.9999807013373452;0.9999807013373452;;1.0;1.0;1.0;1.0;1.0;0.0;0.0;0.13433927605108767;1.0;1.0;0.6516761125654593;0.00909090909090909;1.0;0.0
209664_10;0;10;0;0.5616705639804797;1.0;1.0;1.0;1.0;0.9999907732296908;0.9999907732296908;;1.0;1.0;1.0;1.0;1.0;0.0;0.0;0.15414023668885915;1.0;1.0;0.6433170038870928;0.00909090909090909;1.0;0.0
212917_10;1;10;0;0.5279800488031896;1.0;1.0;1.0;1.0;0.9999569808417816;0.9999569808417816;;1.0;1.0;1.0;1.0;1.0;0.0;0.0;0.13946021414706306;1.0;1.0;0.6617070429794992;0.00909090909090909;1.0;0.0
