Case ID;Actual;Prefix Length;Prediction;Prediction Probability;SHAP Subset Stability;SHAP Weight Stability;SHAP Adjusted Weight Stability;LIME Subset Stability;LIME Weight Stability;LIME Adjusted Weight Stability;ACV Subset Stability;ACV Weight Stability;ACV Adjusted Weight Stability;LINDA Subset Stability;LINDA Weight Stability;LINDA Adjusted Weight Stability;SHAP Precision;SHAP Recall;SHAP Correlation;LIME Precision;LIME Recall;LIME Correlation;LINDA Precision;LINDA Recall;LINDA Correlation
206315_13;0;13;1;0.5817165688698235;1.0;1.0;1.0;0.2605002199884929;0.9978601012608852;0.9978601012608852;;1.0;1.0;1.0;1.0;1.0;0.0;0.0;0.0540426049762006;0.0;0.0;0.7095048982595259;0.008695652173913044;1.0;0.0
206754_13;0;13;1;0.5029050532502894;1.0;1.0;1.0;0.1347087378640774;0.9986961227810228;0.9986961227810228;;1.0;1.0;1.0;1.0;1.0;0.0;0.0;0.0484358793878916;0.0;0.0;0.7257029424584297;0.008695652173913044;1.0;0.0
206865_13;1;13;1;0.521226992924024;1.0;1.0;1.0;0.1102743965339383;0.9988307516663036;0.9988307516663036;;1.0;1.0;1.0;1.0;1.0;0.0;0.0;0.07148575125093969;0.0;0.0;0.7113386391122322;0.008695652173913044;1.0;0.0
206952_13;0;13;0;0.5480018253544603;1.0;1.0;1.0;0.0085225397663519;0.9983354449539678;0.9983354449539678;;1.0;1.0;1.0;1.0;1.0;0.0;0.0;0.04407509281920682;0.0;0.0;0.6969743357660345;0.008695652173913044;1.0;0.0
207852_13;1;13;1;0.5858715735059253;1.0;1.0;1.0;0.0601916055811848;0.9985815999665116;0.9985815999665116;;1.0;1.0;1.0;1.0;1.0;0.0;0.0;0.0574689372801672;0.0;0.0;0.6761919394353657;0.008695652173913044;1.0;0.0
211507_13;1;13;1;0.5118645159812854;1.0;1.0;1.0;0.2742718446601939;0.9986518043340574;0.9986518043340574;;1.0;1.0;1.0;1.0;1.0;0.0;0.0;0.0929781993394575;0.0;0.0;0.70767115740682;0.008695652173913044;1.0;0.0
213954_13;0;13;0;0.5709804463345689;1.0;1.0;1.0;0.6405077742742198;0.9984122120895886;0.9984122120895886;;1.0;1.0;1.0;1.0;1.0;0.0;0.0;0.0936011688492696;0.0;0.0;0.7797982976132589;0.008695652173913044;1.0;0.0
214277_13;1;13;1;0.5504342166162324;1.0;1.0;1.0;0.0795201093603852;0.998612399681964;0.998612399681964;;1.0;1.0;1.0;1.0;1.0;0.0;0.0;0.08020732438830924;0.0;0.0;0.7440403509854905;0.008695652173913044;1.0;0.0
