"Case ID;Actual;Prefix Length;Prediction;Prediction Probability;SHAP Subset Stability;SHAP Weight Stability;SHAP Adjusted Weight Stability";MAPE Correctness;RMSE Correctness;R2 Correctness;Mode
"1003_9;0;9;0;1.0;1.0;0.921127795783946;0.921127795783946";;;;baseline_max
"1045_9;0;9;1;1.0;1.0;0.9937966676474115;0.9937966676474115";0.6484947726913911;0.6484947726913911;-0.6484947726913911;baseline_max
"1057_9;1;9;1;1.0;1.0;0.11154272414855493;0.11154272414855493";0.6510173225176205;0.6510173225176205;-0.6510173225176205;baseline_max
"1086_9;0;9;1;1.0;1.0;0.9961075705781192;0.9961075705781192";0.6438518266025275;0.6438518266025275;-0.6438518266025275;baseline_max
"959_9;1;9;0;1.0;0.8331057502655135;-9.413657863405712;-9.413657863405712";-0.04388379699254337;-0.04388379699254337;0.04533043224282793;baseline_max
"961_9;0;9;0;1.0;1.0;0.9936559742017755;0.9936559742017755";;;;baseline_max
"969_9;1;9;1;1.0;1.0;0.9945124210135101;0.9945124210135101";0.6438719472431256;0.6438719472431256;-0.6438719472431256;baseline_max
"990_9;1;9;1;1.0;1.0;-5.861385987734854;-5.861385987734854";0.6510173225176205;0.6510173225176205;-0.6510173225176205;baseline_max
