Case ID;Actual;Prefix Length;Prediction;Prediction Probability;SHAP Subset Stability;SHAP Weight Stability;SHAP Adjusted Weight Stability;MAPE Correctness;RMSE Correctness;R2 Correctness;Mode
1019_2;0;2;0;1.0;1.0;0.999949087190505;0.999949087190505;0.015640824237024384;0.015640824237024384;-0.015640824237024384;baseline_0
1028_2;1;2;1;1.0;1.0;-0.3409417436333533;-0.3409417436333533;0.04867513306278469;0.04867513306278469;-0.04867513306278469;baseline_0
1070_2;0;2;0;1.0;1.0;0.9620075070777856;0.9620075070777856;0.014877857201071973;0.014877857201071973;-0.014877857201071973;baseline_0
1097_2;1;2;0;1.0;1.0;0.9942265432416618;0.9942265432416618;0.01545008247803628;0.01545008247803628;-0.01545008247803628;baseline_0
1099_2;0;2;0;1.0;1.0;0.9999292470500147;0.9999292470500147;0.015068598960060074;0.015068598960060074;-0.015068598960060074;baseline_0
922_2;0;2;1;1.0;1.0;0.9999332928812961;0.9999332928812961;0.04867513306278469;0.04867513306278469;-0.04867513306278469;baseline_0
926_2;1;2;0;1.0;1.0;0.9962065981050732;0.9962065981050732;0.01545008247803628;0.01545008247803628;-0.01545008247803628;baseline_0
962_2;1;2;1;1.0;1.0;-1.090417554460915;-1.090417554460915;0.04867513306278469;0.04867513306278469;-0.04867513306278469;baseline_0
