"Case ID;Actual;Prefix Length;Prediction;Prediction Probability;SHAP Subset Stability;SHAP Weight Stability;SHAP Adjusted Weight Stability";MAPE Correctness;RMSE Correctness;R2 Correctness;Mode
"958.0;0.0;1.0;0.0;1.0;1.0;0.9999465707233768;0.9999465707233768";;;;baseline_max
"976.0;0.0;1.0;1.0;1.0;1.0;0.9999571242412005;0.9999571242412005";-0.23047262437495872;-0.23047262437495872;0.23047262437495872;baseline_max
"989.0;1.0;1.0;1.0;1.0;1.0;0.9999230500743248;0.9999230500743248";0.12668205719585446;0.12668205719585446;-0.12649576950019004;baseline_max
"1049.0;1.0;1.0;0.0;1.0;1.0;0.9999902906450983;0.9999902906450983";0.625670256010769;0.625670256010769;-0.625670256010769;baseline_max
"1066.0;1.0;1.0;1.0;1.0;1.0;0.9999632613550811;0.9999632613550811";-0.23278487334652676;-0.23278487334652676;0.23278487334652676;baseline_max
"1075.0;0.0;1.0;1.0;1.0;1.0;0.9999536667927741;0.9999536667927741";-0.23047262437495872;-0.23047262437495872;0.23047262437495872;baseline_max
"1085.0;1.0;1.0;1.0;1.0;1.0;0.9999056130638961;0.9999056130638961";-0.2125837634494031;-0.2125837634494031;0.2357622898304637;baseline_max
"1101.0;0.0;1.0;1.0;1.0;1.0;0.999895523941322;0.999895523941322";0.18375614164622306;0.18375614164622306;-0.18375614164622306;baseline_max
