Case ID;Actual;Prefix Length;Prediction;Prediction Probability;SHAP Subset Stability;SHAP Weight Stability;SHAP Adjusted Weight Stability;MAPE Correctness;RMSE Correctness;R2 Correctness;Mode
1014_14;1;14;0;1.0;1.0;0.9995433517392137;0.9995433517392137;0.011592991305330591;0.011592991305330591;-0.010226399535677997;baseline_max
1031_14;0;14;0;1.0;1.0;0.9998319262500097;0.9998319262500097;0.015356744740743734;0.015356744740743734;-0.015356744740743734;baseline_max
1042_14;1;14;1;1.0;1.0;0.9998748115730871;0.9998748115730871;0.6094058555318673;0.6094058555318673;-0.6094058555318673;baseline_max
1091_14;1;14;1;1.0;1.0;0.999840039240748;0.999840039240748;0.6247759388959225;0.6247759388959225;-0.6247759388959225;baseline_max
1098_14;0;14;0;1.0;1.0;0.9997855048715091;0.9997855048715091;0.015356744740743734;0.015356744740743734;-0.015356744740743734;baseline_max
1140_14;0;14;0;1.0;1.0;0.9996387524091834;0.9996387524091834;;;;baseline_max
987_14;1;14;0;1.0;1.0;0.9999340298313747;0.9999340298313747;0.015231829684387913;0.015231829684387913;-0.015231829684387913;baseline_max
996_14;0;14;0;1.0;1.0;0.9997611481128501;0.9997611481128501;;;;baseline_max
