"Case ID;Actual;Prefix Length;Prediction;Prediction Probability;SHAP Subset Stability;SHAP Weight Stability;SHAP Adjusted Weight Stability";MAPE Correctness;RMSE Correctness;R2 Correctness;Mode
"1003_9;0;9;0;1.0;1.0;0.921127795783946;0.921127795783946";;;;baseline_mean
"1045_9;0;9;1;1.0;1.0;0.9937966676474115;0.9937966676474115";0.049833528490625716;0.049833528490625716;-0.049833528490625716;baseline_mean
"1057_9;1;9;1;1.0;1.0;0.11154272414855493;0.11154272414855493";;;;baseline_mean
"1086_9;0;9;1;1.0;1.0;0.9961075705781192;0.9961075705781192";0.04983366928259437;0.04983366928259437;-0.04983366928259437;baseline_mean
"959_9;1;9;0;1.0;0.8331057502655135;-9.413657863405712;-9.413657863405712";0.1545560974218912;0.1545560974218912;-0.1545560974218912;baseline_mean
"961_9;0;9;0;1.0;1.0;0.9936559742017755;0.9936559742017755";;;;baseline_mean
"969_9;1;9;1;1.0;1.0;0.9945124210135101;0.9945124210135101";0.04982135449943648;0.04982135449943648;-0.04982135449943648;baseline_mean
"990_9;1;9;1;1.0;1.0;-5.861385987734854;-5.861385987734854";;;;baseline_mean
