Case ID;Actual;Prefix Length;Prediction;Prediction Probability;SHAP Subset Stability;SHAP Weight Stability;SHAP Adjusted Weight Stability;MAPE Correctness;RMSE Correctness;R2 Correctness;Mode
1048_6;0;6;0;1.0;1.0;0.9954106540968487;0.9954106540968487;-0.07293936528467003;-0.07293936528467003;0.07293936528467003;baseline_max
1092_6;0;6;0;1.0;1.0;0.9997698780063399;0.9997698780063399;-0.10807526114959318;-0.10807526114959318;0.13608129513935233;baseline_max
1121_6;1;6;1;1.0;1.0;-0.44960256993898606;-0.44960256993898606;0.11725216522427351;0.11725216522427351;-0.11710459013057778;baseline_max
1126_6;1;6;1;1.0;1.0;0.08429703016526624;0.08429703016526624;0.11725216522427351;0.11725216522427351;-0.11710459013057778;baseline_max
932_6;0;6;0;1.0;1.0;0.8414392069834882;0.8414392069834882;-0.07825959340931969;-0.07825959340931969;0.0896838125750774;baseline_max
962_6;1;6;1;1.0;1.0;-0.2425470219180812;-0.2425470219180812;0.11725216522427351;0.11725216522427351;-0.11710459013057778;baseline_max
972_6;0;6;0;1.0;1.0;0.9992417186164902;0.9992417186164902;-0.07661337138274049;-0.07661337138274049;0.08516044370487506;baseline_max
982_6;1;6;1;1.0;1.0;-4.831989802256167;-4.831989802256167;0.5247521999357592;0.5247521999357592;-0.5068793190604469;baseline_max
