Case ID;Actual;Prefix Length;Prediction;Prediction Probability;SHAP Subset Stability;SHAP Weight Stability;SHAP Adjusted Weight Stability;MAPE Correctness;RMSE Correctness;R2 Correctness;Mode
1048_6;0;6;0;1.0;1.0;0.9954106540968487;0.9954106540968487;0.04088631500026241;0.04088631500026241;-0.04088631500026241;baseline_min
1092_6;0;6;0;1.0;1.0;0.9997698780063399;0.9997698780063399;0.05919727716461066;0.05919727716461066;-0.05930535517923647;baseline_min
1121_6;1;6;1;1.0;1.0;-0.44960256993898606;-0.44960256993898606;0.048332001576283416;0.048332001576283416;-0.048332001576283416;baseline_min
1126_6;1;6;1;1.0;1.0;0.08429703016526624;0.08429703016526624;0.048332001576283416;0.048332001576283416;-0.048332001576283416;baseline_min
932_6;0;6;0;1.0;1.0;0.8414392069834882;0.8414392069834882;0.05952798821022301;0.05952798821022301;-0.05963620792779567;baseline_min
962_6;1;6;1;1.0;1.0;-0.2425470219180812;-0.2425470219180812;0.048332001576283416;0.048332001576283416;-0.048332001576283416;baseline_min
972_6;0;6;0;1.0;1.0;0.9992417186164902;0.9992417186164902;0.05952790902112627;0.05952790902112627;-0.059636128594736035;baseline_min
982_6;1;6;1;1.0;1.0;-4.831989802256167;-4.831989802256167;0.048332001576283416;0.048332001576283416;-0.048332001576283416;baseline_min
