Case ID;Actual;Prefix Length;Prediction;Prediction Probability;SHAP Subset Stability;SHAP Weight Stability;SHAP Adjusted Weight Stability;MAPE Correctness;RMSE Correctness;R2 Correctness;Mode
1002_7;1;7;1;1.0;1.0;0.9995175601864439;0.9995175601864439;0.617989728310232;0.617989728310232;-0.617989728310232;baseline_max
1003_7;0;7;0;1.0;1.0;0.9994282448395886;0.9994282448395886;;;;baseline_max
1036_7;1;7;1;1.0;1.0;0.9996097952485375;0.9996097952485375;0.6225631324325746;0.6225631324325746;-0.6225631324325746;baseline_max
933_7;0;7;0;1.0;1.0;0.9999334041018629;0.9999334041018629;-0.06487104896408694;-0.06487104896408694;0.06487104896408694;baseline_max
969_7;1;7;1;1.0;1.0;0.9995428170567962;0.9995428170567962;0.6180043219018023;0.6180043219018023;-0.6180043219018023;baseline_max
971_7;0;7;0;1.0;1.0;0.999922334681129;0.999922334681129;-0.06213652157557909;-0.06213652157557909;0.06213652157557909;baseline_max
973_7;0;7;0;1.0;1.0;0.9996029422645932;0.9996029422645932;;;;baseline_max
987_7;1;7;0;1.0;1.0;0.9999214727306416;0.9999214727306416;-0.06487078720731883;-0.06487078720731883;0.06487078720731883;baseline_max
