Case ID;Actual;Prefix Length;Prediction;Prediction Probability;SHAP Subset Stability;SHAP Weight Stability;SHAP Adjusted Weight Stability;MAPE Correctness;RMSE Correctness;R2 Correctness;Mode
1026_3;1;3;1;1.0;1.0;0.999874016121462;0.999874016121462;-0.1982910641718439;-0.1982910641718439;0.1982910641718439;baseline_max
1074_3;0;3;1;1.0;1.0;0.9996575585587888;0.9996575585587888;-0.16697753475480753;-0.16697753475480753;0.18831254290206417;baseline_max
1103_3;0;3;0;1.0;1.0;0.9998108877286813;0.9998108877286813;0.06704722611431518;0.06704722611431518;-0.06702814511360262;baseline_max
1115_3;1;3;1;1.0;1.0;0.9998691121468434;0.9998691121468434;-0.2127168265803739;-0.2127168265803739;0.21851065520562588;baseline_max
1116_3;1;3;1;1.0;1.0;0.9998537468336832;0.9998537468336832;-0.1882788598204368;-0.1882788598204368;0.1882788598204368;baseline_max
1136_3;0;3;0;1.0;1.0;0.9999248925228017;0.9999248925228017;0.6182133352885748;0.6182133352885748;-0.609016431583449;baseline_max
957_3;1;3;1;1.0;1.0;0.9998403965566189;0.9998403965566189;-0.1882788598204368;-0.1882788598204368;0.1882788598204368;baseline_max
973_3;0;3;0;1.0;1.0;0.9998137480351603;0.9998137480351603;;;;baseline_max
