"Case ID;Actual;Prefix Length;Prediction;Prediction Probability;SHAP Subset Stability;SHAP Weight Stability;SHAP Adjusted Weight Stability";MAPE Correctness;RMSE Correctness;R2 Correctness;Mode
"1047_4;0;4;0;1.0;0.7216586514377317;-9.806062359769768;-9.806062359769768";0.06479799004748744;0.06479799004748744;-0.06479799004748744;baseline_0
"1050_4;1;4;1;1.0;0.8331080573702786;-6.274466716609519;-6.274466716609519";0.04945403491450596;0.04945403491450596;-0.04945403491450596;baseline_0
"1074_4;0;4;1;1.0;0.8331080573702786;-5.498349007220669;-5.498349007220669";0.049453966812275686;0.049453966812275686;-0.049453966812275686;baseline_0
"1077_4;1;4;1;1.0;0.7853762956286615;-7.346209797080677;-7.346209797080677";;;;baseline_0
"1100_4;1;4;1;1.0;0.8331080573702786;-6.719600643904112;-6.719600643904112";0.04945403491450596;0.04945403491450596;-0.04945403491450596;baseline_0
"1102_4;0;4;1;1.0;1.0;-5.678784362358772;-5.678784362358772";0.04945151531934737;0.04945151531934737;-0.04945151531934737;baseline_0
"1127_4;1;4;1;0.9999920630679134;0.7853762956286615;-5.289199633612971;-5.289199633612971";0.07523761248273712;0.07523761248273712;-0.07523761248273712;baseline_0
"924_4;0;4;0;1.0;1.0;-3.286594040981189;-3.286594040981189";;;;baseline_0
