Case ID;Actual;Prefix Length;Prediction;Prediction Probability;SHAP Subset Stability;SHAP Weight Stability;SHAP Adjusted Weight Stability;MAPE Correctness;RMSE Correctness;R2 Correctness;Mode
1015_5;0;5;0;1.0;1.0;-5.015630310796462;-5.015630310796462;-0.21075980520194915;-0.21075980520194915;0.23776677429842877;baseline_max
1030_5;1;5;1;1.0;1.0;-4.964814346328995;-4.964814346328995;0.5120212080093699;0.5120212080093699;-0.5140197487498023;baseline_max
1036_5;1;5;1;1.0;0.4276639875550946;-11.436000943684856;-11.436000943684856;0.502104906399496;0.502104906399496;-0.4978018184786232;baseline_max
1056_5;0;5;0;1.0;0.28457998444386823;-5.029326377840543;-5.029326377840543;-0.2383351291540904;-0.2383351291540904;0.2389216647354131;baseline_max
925_5;1;5;1;1.0;0.4992059891107078;-16.760643187770675;-16.760643187770675;;;;baseline_max
952_5;0;5;0;1.0;0.599546485260771;-11.990432383694687;-11.990432383694687;-0.269563211387361;-0.269563211387361;0.31123951963450575;baseline_max
955_5;1;5;1;1.0;0.7138319937775472;-11.09189116988607;-11.09189116988607;0.49966051818833507;0.49966051818833507;-0.4953213548858029;baseline_max
996_5;0;5;0;1.0;0.1860250737463126;-60.52468413622054;-60.52468413622054;-0.20440304680348675;-0.20440304680348675;0.23130483953649805;baseline_max
