"Case ID;Actual;Prefix Length;Prediction;Prediction Probability;SHAP Subset Stability;SHAP Weight Stability;SHAP Adjusted Weight Stability";MAPE Correctness;RMSE Correctness;R2 Correctness;Mode
"1055_11;1;11;1;1.0;1.0;-12.144667562864678;-12.144667562864678";0.05081578521008776;0.05081578521008776;-0.05081578521008776;baseline_min
"1089_11;0;11;0;1.0;1.0;-5.716349012521522;-5.716349012521522";;;;baseline_min
"1117_11;1;11;1;1.0;1.0;-1.0527398618926678;-1.0527398618926678";;;;baseline_min
"1139_11;1;11;1;1.0;1.0;0.1906832561041789;0.1906832561041789";0.05081578521008776;0.05081578521008776;-0.05081578521008776;baseline_min
"1140_11;0;11;0;1.0;1.0;-3.237050663687816;-3.237050663687816";;;;baseline_min
"916_11;0;11;0;1.0;0.8331031307550644;-10.286808769236659;-10.286808769236659";;;;baseline_min
"941_11;1;11;1;1.0;0.8331031307550644;-9.646828014642539;-9.646828014642539";;;;baseline_min
"971_11;0;11;0;1.0;0.8331031307550644;-10.96043049902255;-10.96043049902255";;;;baseline_min
