"Case ID;Actual;Prefix Length;Prediction;Prediction Probability;SHAP Subset Stability;SHAP Weight Stability;SHAP Adjusted Weight Stability";MAPE Correctness;RMSE Correctness;R2 Correctness;Mode
"1011_10;0;10;0;1.0;1.0;0.9567987397216777;0.9567987397216777";-0.0302616004547025;-0.0302616004547025;0.03167114710851901;baseline_max
"1030_10;1;10;0;1.0;1.0;0.14432006058116265;0.14432006058116265";-0.05159874747259895;-0.05159874747259895;0.08046793925941291;baseline_max
"1062_10;1;10;1;1.0;1.0;-0.379756988947362;-0.379756988947362";;;;baseline_max
"1076_10;1;10;1;1.0;1.0;-8.57397581671241;-8.57397581671241";;;;baseline_max
"1084_10;0;10;0;1.0;1.0;0.9381252215180703;0.9381252215180703";-0.03100784010279886;-0.03100784010279886;0.03661788106313488;baseline_max
"1140_10;0;10;0;1.0;1.0;0.9716159645550732;0.9716159645550732";;;;baseline_max
"976_10;0;10;1;1.0;1.0;0.9964837401678384;0.9964837401678384";0.6210698241501235;0.6210698241501235;-0.6210698241501235;baseline_max
"986_10;1;10;1;1.0;1.0;-3.649999240687161;-3.649999240687161";;;;baseline_max
