Case ID;Actual;Prefix Length;Prediction;Prediction Probability;SHAP Subset Stability;SHAP Weight Stability;SHAP Adjusted Weight Stability;MAPE Correctness;RMSE Correctness;R2 Correctness;Mode
1002_7;1;7;1;1.0;1.0;0.9995175601864439;0.9995175601864439;0.04857095521799907;0.04857095521799907;-0.04857095521799907;baseline_0
1003_7;0;7;0;1.0;1.0;0.9994282448395886;0.9994282448395886;;;;baseline_0
1036_7;1;7;1;1.0;1.0;0.9996097952485375;0.9996097952485375;0.04857075923474206;0.04857075923474206;-0.04857075923474206;baseline_0
933_7;0;7;0;1.0;1.0;0.9999334041018629;0.9999334041018629;0.07554861961166952;0.07554861961166952;-0.07554861961166952;baseline_0
969_7;1;7;1;1.0;1.0;0.9995428170567962;0.9995428170567962;0.04856775445517688;0.04856775445517688;-0.04856775445517688;baseline_0
971_7;0;7;0;1.0;1.0;0.999922334681129;0.999922334681129;0.07574079424625914;0.07574079424625914;-0.07574079424625914;baseline_0
973_7;0;7;0;1.0;1.0;0.9996029422645932;0.9996029422645932;;;;baseline_0
987_7;1;7;0;1.0;1.0;0.9999214727306416;0.9999214727306416;0.07554831477056057;0.07554831477056057;-0.07554831477056057;baseline_0
