"Case ID;Actual;Prefix Length;Prediction;Prediction Probability;SHAP Subset Stability;SHAP Weight Stability;SHAP Adjusted Weight Stability";MAPE Correctness;RMSE Correctness;R2 Correctness;Mode
"1009_8;0;8;0;1.0;1.0;0.9998080230811236;0.9998080230811236";-0.034591890401244205;-0.034591890401244205;0.034591890401244205;baseline_min
"1044_8;1;8;0;1.0;1.0;0.9997794628311437;0.9997794628311437";-0.037586177041898594;-0.037586177041898594;0.037586177041898594;baseline_min
"1056_8;0;8;0;1.0;1.0;0.9997011000254199;0.9997011000254199";-0.03853174124421051;-0.03853174124421051;0.03853174124421051;baseline_min
"1127_8;1;8;1;1.0;1.0;0.9996928761781805;0.9996928761781805";0.04878101783601143;0.04878101783601143;-0.04878101783601143;baseline_min
"934_8;0;8;0;1.0;1.0;0.9997737796208149;0.9997737796208149";-0.034591890401244205;-0.034591890401244205;0.034591890401244205;baseline_min
"947_8;0;8;0;1.0;1.0;0.9990299317857084;0.9990299317857084";;;;baseline_min
"955_8;1;8;1;1.0;1.0;0.9996514449881412;0.9996514449881412";;;;baseline_min
"991_8;1;8;1;1.0;1.0;0.9995430219613324;0.9995430219613324";0.04878101783601143;0.04878101783601143;-0.04878101783601143;baseline_min
