Case ID;Actual;Prefix Length;Prediction;Prediction Probability;SHAP Subset Stability;SHAP Weight Stability;SHAP Adjusted Weight Stability;MAPE Correctness;RMSE Correctness;R2 Correctness;Mode
1066_13;1;13;1;1.0;1.0;0.9996577999001068;0.9996577999001068;;;;baseline_mean
1069_13;0;13;0;1.0;1.0;0.9997564054541357;0.9997564054541357;;;;baseline_mean
1100_13;1;13;1;1.0;1.0;0.999794588061412;0.999794588061412;;;;baseline_mean
1104_13;1;13;0;1.0;1.0;0.9998426441167022;0.9998426441167022;0.011128569598837151;0.011128569598837151;-0.011128569598837151;baseline_mean
1110_13;0;13;0;1.0;1.0;0.9999747955384937;0.9999747955384937;0.0031248415755283005;0.0031248415755283005;-0.0031248415755283005;baseline_mean
915_13;1;13;1;1.0;1.0;0.9999261185901261;0.9999261185901261;;;;baseline_mean
937_13;0;13;0;1.0;1.0;0.9999664230129403;0.9999664230129403;0.008554628784455747;0.008554628784455747;-0.008554628784455747;baseline_mean
961_13;0;13;0;1.0;1.0;0.9998135644188911;0.9998135644188911;;;;baseline_mean
