Case ID;Actual;Prefix Length;Prediction;Prediction Probability;SHAP Subset Stability;SHAP Weight Stability;SHAP Adjusted Weight Stability;MAPE Correctness;RMSE Correctness;R2 Correctness;Mode
1047_4;0;4;0;1.0;0.7216586514377317;-9.806062359769768;-9.806062359769768;0.5284757259130834;0.5284757259130834;-0.5338346969144896;baseline_max
1050_4;1;4;1;1.0;0.8331080573702786;-6.274466716609519;-6.274466716609519;0.19920900445843903;0.19920900445843903;-0.19849916216217575;baseline_max
1074_4;0;4;1;1.0;0.8331080573702786;-5.498349007220669;-5.498349007220669;0.2046497735303809;0.2046497735303809;-0.2038310113229552;baseline_max
1077_4;1;4;1;1.0;0.7853762956286615;-7.346209797080677;-7.346209797080677;-0.2698803392635295;-0.2698803392635295;0.26964026760226323;baseline_max
1100_4;1;4;1;1.0;0.8331080573702786;-6.719600643904112;-6.719600643904112;0.06850080126423087;0.06850080126423087;-0.06848070340588765;baseline_max
1102_4;0;4;1;1.0;1.0;-5.678784362358772;-5.678784362358772;-0.24072374051480014;-0.24072374051480014;0.2683404972785007;baseline_max
1127_4;1;4;1;0.9999920630679134;0.7853762956286615;-5.289199633612971;-5.289199633612971;-0.2369863595595385;-0.2369863595595385;0.2369863595595385;baseline_max
924_4;0;4;0;1.0;1.0;-3.286594040981189;-3.286594040981189;0.06816652693905853;0.06816652693905853;-0.06814634594348441;baseline_max
