Case ID;Actual;Prefix Length;Prediction;Prediction Probability;SHAP Subset Stability;SHAP Weight Stability;SHAP Adjusted Weight Stability;MAPE Correctness;RMSE Correctness;R2 Correctness;Mode
1011_10;0;10;0;1.0;1.0;0.9567987397216777;0.9567987397216777;-0.0344153507475808;-0.034532987723170705;0.03167114710851901;permutation
1030_10;1;10;0;1.0;1.0;0.14432006058116265;0.14432006058116265;-0.04749156353928582;-0.04756826076860705;0.08328309466756745;permutation
1062_10;1;10;1;1.0;1.0;-0.379756988947362;-0.379756988947362;;;;permutation
1076_10;1;10;1;1.0;1.0;-8.57397581671241;-8.57397581671241;;;;permutation
1084_10;0;10;0;1.0;1.0;0.9381252215180703;0.9381252215180703;-0.031055202585524664;-0.030833891143917488;0.03661788106313488;permutation
1140_10;0;10;0;1.0;1.0;0.9716159645550732;0.9716159645550732;;;;permutation
976_10;0;10;1;1.0;1.0;0.9964837401678384;0.9964837401678384;0.5765283369044863;0.576360384662319;-0.6239972098163058;permutation
986_10;1;10;1;1.0;1.0;-3.649999240687161;-3.649999240687161;;;;permutation
