"Case ID;Actual;Prefix Length;Prediction;Prediction Probability;SHAP Subset Stability;SHAP Weight Stability;SHAP Adjusted Weight Stability";MAPE Correctness;RMSE Correctness;R2 Correctness;Mode
"1014_14;1;14;0;1.0;1.0;0.9995433517392137;0.9995433517392137";0.021406672317534202;0.02125729819772061;-0.013596733293446066;permutation
"1031_14;0;14;0;1.0;1.0;0.9998319262500097;0.9998319262500097";0.02095478169828597;0.021735311896594875;-0.015356744740743734;permutation
"1042_14;1;14;1;1.0;1.0;0.9998748115730871;0.9998748115730871";0.07846922505702654;0.07846922505702654;-0.07844443584162636;permutation
"1091_14;1;14;1;1.0;1.0;0.999840039240748;0.999840039240748";0.0800881009055358;0.0800881009055358;-0.08006518864827153;permutation
"1098_14;0;14;0;1.0;1.0;0.9997855048715091;0.9997855048715091";0.021112894983909284;0.0215358260196885;-0.015356744740743734;permutation
"1140_14;0;14;0;1.0;1.0;0.9996387524091834;0.9996387524091834";;;;permutation
"987_14;1;14;0;1.0;1.0;0.9999340298313747;0.9999340298313747";0.020065611841231668;0.021055166598943558;-0.015231829684387913;permutation
"996_14;0;14;0;1.0;1.0;0.9997611481128501;0.9997611481128501";;;;permutation
