Case ID;Actual;Prefix Length;Prediction;Prediction Probability;SHAP Subset Stability;SHAP Weight Stability;SHAP Adjusted Weight Stability;MAPE Correctness;RMSE Correctness;R2 Correctness;Mode
1009_8;0;8;0;1.0;1.0;0.9998080230811236;0.9998080230811236;-0.03907579945585189;-0.03967381778858983;0.04187095215306757;permutation
1044_8;1;8;0;1.0;1.0;0.9997794628311437;0.9997794628311437;-0.055263236846529715;-0.05584873362903679;0.05583048309898991;permutation
1056_8;0;8;0;1.0;1.0;0.9997011000254199;0.9997011000254199;-0.059166567039079104;-0.060050576132491935;0.058504722743802626;permutation
1127_8;1;8;1;1.0;1.0;0.9996928761781805;0.9996928761781805;0.03218656199682032;0.03218656199682032;-0.03218656199682032;permutation
934_8;0;8;0;1.0;1.0;0.9997737796208149;0.9997737796208149;-0.03905465482676163;-0.03824038211645924;0.041878592837767036;permutation
947_8;0;8;0;1.0;1.0;0.9990299317857084;0.9990299317857084;;;;permutation
955_8;1;8;1;1.0;1.0;0.9996514449881412;0.9996514449881412;;;;permutation
991_8;1;8;1;1.0;1.0;0.9995430219613324;0.9995430219613324;0.03196381762313991;0.03196381762313991;-0.03196381762313991;permutation
