Case ID;Actual;Prefix Length;Prediction;Prediction Probability;SHAP Subset Stability;SHAP Weight Stability;SHAP Adjusted Weight Stability;MAPE Correctness;RMSE Correctness;R2 Correctness;Mode
1047_4;0;4;0;1.0;0.7216586514377317;-9.806062359769768;-9.806062359769768;0.4723269355252678;0.4725476900056601;-0.5408358065612131;permutation
1050_4;1;4;1;1.0;0.8331080573702786;-6.274466716609519;-6.274466716609519;0.20496729797742183;0.20501737855844376;-0.20476283324603142;permutation
1074_4;0;4;1;1.0;0.8331080573702786;-5.498349007220669;-5.498349007220669;0.2102284269590797;0.21027731444863476;-0.20994861140084214;permutation
1077_4;1;4;1;1.0;0.7853762956286615;-7.346209797080677;-7.346209797080677;-0.21937880335634757;-0.2197192422194083;0.26964026760226323;permutation
1100_4;1;4;1;1.0;0.8331080573702786;-6.719600643904112;-6.719600643904112;0.08457916573109793;0.08457916573109793;-0.08453031389205268;permutation
1102_4;0;4;1;1.0;1.0;-5.678784362358772;-5.678784362358772;-0.20832697524065688;-0.20939843350943704;0.2647267377074748;permutation
1127_4;1;4;1;0.9999920630679134;0.7853762956286615;-5.289199633612971;-5.289199633612971;-0.09872312526980762;-0.10274390655588328;0.10274390655588328;permutation
924_4;0;4;0;1.0;1.0;-3.286594040981189;-3.286594040981189;0.04843798272260652;0.04843798272260652;-0.04843798272260652;permutation
