Case ID;Actual;Prefix Length;Prediction;Prediction Probability;SHAP Subset Stability;SHAP Weight Stability;SHAP Adjusted Weight Stability;MAPE Correctness;RMSE Correctness;R2 Correctness;Mode
1055_11;1;11;1;1.0;1.0;-12.144667562864678;-12.144667562864678;0.14162326358687177;0.14162326358687177;-0.14184266636948278;permutation
1089_11;0;11;0;1.0;1.0;-5.716349012521522;-5.716349012521522;;;;permutation
1117_11;1;11;1;1.0;1.0;-1.0527398618926678;-1.0527398618926678;;;;permutation
1139_11;1;11;1;1.0;1.0;0.1906832561041789;0.1906832561041789;0.18201711843170262;0.18201711843170262;-0.18306323345832387;permutation
1140_11;0;11;0;1.0;1.0;-3.237050663687816;-3.237050663687816;;;;permutation
916_11;0;11;0;1.0;0.8331031307550644;-10.286808769236659;-10.286808769236659;-0.027218825515245394;-0.02718226642546671;0.019382881677714122;permutation
941_11;1;11;1;1.0;0.8331031307550644;-9.646828014642539;-9.646828014642539;;;;permutation
971_11;0;11;0;1.0;0.8331031307550644;-10.96043049902255;-10.96043049902255;-0.02739884178040038;-0.02724797147455781;0.019382881677714122;permutation
