Case ID;Actual;Prefix Length;Prediction;Prediction Probability;SHAP Subset Stability;SHAP Weight Stability;SHAP Adjusted Weight Stability;MAPE Correctness;RMSE Correctness;R2 Correctness;Mode
1003_9;0;9;0;1.0;1.0;0.921127795783946;0.921127795783946;;;;permutation
1045_9;0;9;1;1.0;1.0;0.9937966676474115;0.9937966676474115;0.11019329580288414;0.11019329580288414;-0.11024589400620381;permutation
1057_9;1;9;1;1.0;1.0;0.11154272414855493;0.11154272414855493;0.10192851215691791;0.10192851215691791;-0.10185275848745222;permutation
1086_9;0;9;1;1.0;1.0;0.9961075705781192;0.9961075705781192;0.11072826401830024;0.11072826401830024;-0.11060526091493833;permutation
959_9;1;9;0;1.0;0.8331057502655135;-9.413657863405712;-9.413657863405712;-0.0283192856088378;-0.02811058261397026;0.04191114453306362;permutation
961_9;0;9;0;1.0;1.0;0.9936559742017755;0.9936559742017755;;;;permutation
969_9;1;9;1;1.0;1.0;0.9945124210135101;0.9945124210135101;0.10953231487001944;0.10953231487001944;-0.10949448688563228;permutation
990_9;1;9;1;1.0;1.0;-5.861385987734854;-5.861385987734854;0.10192851215691791;0.10192851215691791;-0.10185275848745222;permutation
