Case ID;Actual;Prefix Length;Prediction;Prediction Probability;SHAP Subset Stability;SHAP Weight Stability;SHAP Adjusted Weight Stability;MAPE Correctness;RMSE Correctness;R2 Correctness;Mode
1026_3;1;3;1;1.0;1.0;0.999874016121462;0.999874016121462;-0.014183340717840534;-0.014295544159248429;0.01661243863782636;permutation
1074_3;0;3;1;1.0;1.0;0.9996575585587888;0.9996575585587888;0.06903666079826294;0.06903666079826294;-0.06871621870878616;permutation
1103_3;0;3;0;1.0;1.0;0.9998108877286813;0.9998108877286813;0.04731586600774006;0.04731586600774006;-0.04731586600774006;permutation
1115_3;1;3;1;1.0;1.0;0.9998691121468434;0.9998691121468434;-0.1864451740589746;-0.1863871177189699;0.21511839983795686;permutation
1116_3;1;3;1;1.0;1.0;0.9998537468336832;0.9998537468336832;-0.026157350421072416;-0.026162794549439712;0.03034323161028891;permutation
1136_3;0;3;0;1.0;1.0;0.9999248925228017;0.9999248925228017;0.5368307680621598;0.5373042776803686;-0.6102398982725528;permutation
957_3;1;3;1;1.0;1.0;0.9998403965566189;0.9998403965566189;-0.026157350421072416;-0.026162794549439712;0.03034323161028891;permutation
973_3;0;3;0;1.0;1.0;0.9998137480351603;0.9998137480351603;;;;permutation
