Case ID;Actual;Prefix Length;Prediction;Prediction Probability;SHAP Subset Stability;SHAP Weight Stability;SHAP Adjusted Weight Stability;MAPE Correctness;RMSE Correctness;R2 Correctness;Mode
1015_5;0;5;0;1.0;1.0;-5.015630310796462;-5.015630310796462;-0.18096646659198085;-0.1819552299745715;0.23964931717122037;permutation
1030_5;1;5;1;1.0;1.0;-4.964814346328995;-4.964814346328995;0.47070266991319604;0.4707286109122199;-0.5171399558793782;permutation
1036_5;1;5;1;1.0;0.4276639875550946;-11.436000943684856;-11.436000943684856;0.4610744915038666;0.46098975253788044;-0.5009213768159464;permutation
1056_5;0;5;0;1.0;0.28457998444386823;-5.029326377840543;-5.029326377840543;-0.18884346324569207;-0.18907740559520494;0.24423868164337728;permutation
925_5;1;5;1;1.0;0.4992059891107078;-16.760643187770675;-16.760643187770675;;;;permutation
952_5;0;5;0;1.0;0.599546485260771;-11.990432383694687;-11.990432383694687;-0.2152761346980753;-0.21511940381677724;0.3067095843152598;permutation
955_5;1;5;1;1.0;0.7138319937775472;-11.09189116988607;-11.09189116988607;0.45895185265143573;0.45888847973175123;-0.4984419796560383;permutation
996_5;0;5;0;1.0;0.1860250737463126;-60.52468413622054;-60.52468413622054;-0.17558343838297832;-0.17663360338365305;0.23313035944750604;permutation
