"Case ID;Actual;Prefix Length;Prediction;Prediction Probability;SHAP Subset Stability;SHAP Weight Stability;SHAP Adjusted Weight Stability";MAPE Correctness;RMSE Correctness;R2 Correctness;Mode
"1048_6;0;6;0;1.0;1.0;0.9954106540968487;0.9954106540968487";-0.060646518429295866;-0.06087351320472367;0.06800520875741284;permutation
"1092_6;0;6;0;1.0;1.0;0.9997698780063399;0.9997698780063399";-0.0843430989059175;-0.08447603234009823;0.12788991570759486;permutation
"1121_6;1;6;1;1.0;1.0;-0.44960256993898606;-0.44960256993898606";0.11761243134158918;0.11761243134158918;-0.11751026423033728;permutation
"1126_6;1;6;1;1.0;1.0;0.08429703016526624;0.08429703016526624";0.11761243134158918;0.11761243134158918;-0.11751026423033728;permutation
"932_6;0;6;0;1.0;1.0;0.8414392069834882;0.8414392069834882";-0.06310754771597933;-0.06314611218980892;0.08142754688520264;permutation
"962_6;1;6;1;1.0;1.0;-0.2425470219180812;-0.2425470219180812";0.11761243134158918;0.11761243134158918;-0.11751026423033728;permutation
"972_6;0;6;0;1.0;1.0;0.9992417186164902;0.9992417186164902";-0.0629777720072614;-0.06322893604328586;0.07690114770849459;permutation
"982_6;1;6;1;1.0;1.0;-4.831989802256167;-4.831989802256167";0.48915840596956345;0.48932347704051415;-0.5099557722309639;permutation
