Case ID;Actual;Prefix Length;Prediction;Prediction Probability;SHAP Subset Stability;SHAP Weight Stability;SHAP Adjusted Weight Stability;MAPE Correctness;RMSE Correctness;R2 Correctness;Mode
1066_13;1;13;1;1.0;1.0;0.9996577999001068;0.9996577999001068;;;;permutation
1069_13;0;13;0;1.0;1.0;0.9997564054541357;0.9997564054541357;;;;permutation
1100_13;1;13;1;1.0;1.0;0.999794588061412;0.999794588061412;;;;permutation
1104_13;1;13;0;1.0;1.0;0.9998426441167022;0.9998426441167022;0.012881234015995972;0.012881234015995972;-0.005226014066833504;permutation
1110_13;0;13;0;1.0;1.0;0.9999747955384937;0.9999747955384937;0.001152588924331873;0.0009251602988466791;0.0028720561899842857;permutation
915_13;1;13;1;1.0;1.0;0.9999261185901261;0.9999261185901261;0.04595125262651066;0.04595125262651066;-0.04596440974993749;permutation
937_13;0;13;0;1.0;1.0;0.9999664230129403;0.9999664230129403;0.00917149332662495;0.009373734602593126;-0.0025941117003299946;permutation
961_13;0;13;0;1.0;1.0;0.9998135644188911;0.9998135644188911;;;;permutation
