Case ID;Actual;Prefix Length;Prediction;Prediction Probability;SHAP Subset Stability;SHAP Weight Stability;SHAP Adjusted Weight Stability;MAPE Correctness;RMSE Correctness;R2 Correctness;Mode
1019_2;0;2;0;1.0;1.0;0.999949087190505;0.999949087190505;0.5541165588204452;0.5535521325894506;-0.6177361533249861;permutation
1028_2;1;2;1;1.0;1.0;-0.3409417436333533;-0.3409417436333533;0.06621115309466201;0.06621115309466201;-0.06626878829149933;permutation
1070_2;0;2;0;1.0;1.0;0.9620075070777856;0.9620075070777856;0.5588231994739042;0.5585096985564152;-0.6406627280139012;permutation
1097_2;1;2;0;1.0;1.0;0.9942265432416618;0.9942265432416618;0.5290276825063429;0.5289337761564569;-0.5768864817354552;permutation
1099_2;0;2;0;1.0;1.0;0.9999292470500147;0.9999292470500147;0.5312962519001476;0.5313724875483722;-0.5763279076464575;permutation
922_2;0;2;1;1.0;1.0;0.9999332928812961;0.9999332928812961;-0.20987946085158252;-0.20975010066636243;0.30371774855560124;permutation
926_2;1;2;0;1.0;1.0;0.9962065981050732;0.9962065981050732;0.5363010257157663;0.5363792407380581;-0.5819515248943096;permutation
962_2;1;2;1;1.0;1.0;-1.090417554460915;-1.090417554460915;0.06621115309466201;0.06621115309466201;-0.06626878829149933;permutation
