Case ID;Actual;Prefix Length;Prediction;Prediction Probability;SHAP Subset Stability;SHAP Weight Stability;SHAP Adjusted Weight Stability;LIME Precision;LIME Recall;LIME Correlation
1014_14;1;14;0;1.0;1.0;0.9995433517392136;0.9995433517392136;0.5;1.0;0.4394933709384021
1031_14;0;14;0;1.0;1.0;0.9998319262500096;0.9998319262500096;0.0;0.0;0.43861960010682843
1042_14;1;14;1;1.0;1.0;0.9998748115730872;0.9998748115730872;0.25;1.0;0.4155320717625076
1091_14;1;14;1;1.0;1.0;0.9998400392407479;0.9998400392407479;0.3333333333333333;1.0;0.4400313492530004
1098_14;0;14;0;1.0;1.0;0.9997855048715092;0.9997855048715092;0.0;0.0;0.4371209740901227
1140_14;0;14;0;1.0;1.0;0.9996387524091834;0.9996387524091834;0.0;0.0;0.43882260942047835
987_14;1;14;0;1.0;1.0;0.9999340298313748;0.9999340298313748;0.3333333333333333;0.5;0.4363553716685449
996_14;0;14;0;1.0;1.0;0.99976114811285;0.99976114811285;0.0;0.0;0.41613125435699966
