Case ID;Actual;Prefix Length;Prediction;Prediction Probability;SHAP Subset Stability;SHAP Weight Stability;SHAP Adjusted Weight Stability;LIME Precision;LIME Recall;LIME Correlation
1066_13;1;13;1;1.0;1.0;0.9996577999001068;0.9996577999001068;0.3333333333333333;0.5;0.4635116748221688
1069_13;0;13;0;1.0;1.0;0.9997564054541356;0.9997564054541356;0.0;0.0;0.4524546476652652
1100_13;1;13;1;1.0;1.0;0.999794588061412;0.999794588061412;0.3333333333333333;0.5;0.45950716804409336
1104_13;1;13;0;1.0;1.0;0.9998426441167022;0.9998426441167022;0.25;0.5;0.46273212532810964
1110_13;0;13;0;1.0;1.0;0.9999747955384936;0.9999747955384936;0.0;0.0;0.44690241311646767
915_13;1;13;1;1.0;1.0;0.999926118590126;0.999926118590126;0.2;1.0;0.45324606298370057
937_13;0;13;0;1.0;1.0;0.9999664230129404;0.9999664230129404;0.0;0.0;0.45553160776153034
961_13;0;13;0;1.0;1.0;0.9998135644188912;0.9998135644188912;0.0;0.0;0.45821819814305637
