Case ID;Actual;Prefix Length;Prediction;Prediction Probability;SHAP Subset Stability;SHAP Weight Stability;SHAP Adjusted Weight Stability;LIME Precision;LIME Recall;LIME Correlation
1055_11;1;11;1;1.0;1.0;-12.144667562864678;-12.144667562864678;0.5;1.0;0.43365926399076293
1089_11;0;11;0;1.0;1.0;-5.716349012521522;-5.716349012521522;0.0;0.0;0.43535245391772376
1117_11;1;11;1;1.0;1.0;-1.0527398618926678;-1.0527398618926678;0.5;0.5;0.43275442780663104
1139_11;1;11;1;1.0;1.0;0.1906832561041789;0.1906832561041789;0.5;1.0;0.43332278318692674
1140_11;0;11;0;1.0;1.0;-3.2370506636878162;-3.2370506636878162;0.0;0.0;0.43064776079642914
916_11;0;11;0;1.0;0.8331031307550644;-10.28680876923666;-10.28680876923666;0.0;0.0;0.43609314180517794
941_11;1;11;1;1.0;0.8331031307550644;-9.646828014642539;-9.646828014642539;0.5;0.5;0.429313053607879
971_11;0;11;0;1.0;0.8331031307550644;-10.96043049902255;-10.96043049902255;0.0;0.0;0.4363455024080551
