Case ID;Actual;Prefix Length;Prediction;Prediction Probability;SHAP Subset Stability;SHAP Weight Stability;SHAP Adjusted Weight Stability;LIME Precision;LIME Recall;LIME Correlation
1048_6;0;6;0;1.0;1.0;0.9954106540968488;0.9954106540968488;0.0;0.0;0.29063668077948934
1092_6;0;6;0;1.0;1.0;0.99976987800634;0.99976987800634;0.0;0.0;0.28010560504010895
1121_6;1;6;1;1.0;1.0;-0.4496025699389861;-0.4496025699389861;0.3333333333333333;1.0;0.29716542249722
1126_6;1;6;1;1.0;1.0;0.08429703016526624;0.08429703016526624;0.3333333333333333;1.0;0.29744905246725817
932_6;0;6;0;1.0;1.0;0.8414392069834882;0.8414392069834882;0.0;0.0;0.2902480026724
962_6;1;6;1;1.0;1.0;-0.2425470219180812;-0.2425470219180812;0.5;1.0;0.2950381977219336
972_6;0;6;0;1.0;1.0;0.9992417186164902;0.9992417186164902;0.0;0.0;0.2925192795020616
982_6;1;6;1;1.0;1.0;-4.831989802256167;-4.831989802256167;0.0;0.0;0.2936988339745311
