Case ID;Actual;Prefix Length;Prediction;Prediction Probability;SHAP Subset Stability;SHAP Weight Stability;SHAP Adjusted Weight Stability;LIME Precision;LIME Recall;LIME Correlation;SHAP Precision;SHAP Recall;SHAP Correlation
1055_11;1;11;1;1.0;1.0;-12.144667562864678;-12.144667562864678;0.5;1.0;0.4336592639907629;1.0;1.0;0.11116185710996626
1089_11;0;11;0;1.0;1.0;-5.716349012521522;-5.716349012521522;0.0;0.0;0.4353524539177237;1.0;1.0;-0.08342630432383723
1117_11;1;11;1;1.0;1.0;-1.0527398618926678;-1.0527398618926678;0.5;0.5;0.432754427806631;1.0;0.5;0.19771845929452417
1139_11;1;11;1;1.0;1.0;0.1906832561041789;0.1906832561041789;0.5;1.0;0.4333227831869267;1.0;1.0;0.1835957434543943
1140_11;0;11;0;1.0;1.0;-3.237050663687816;-3.237050663687816;0.0;0.0;0.4306477607964291;1.0;1.0;0.014127659651691464
916_11;0;11;0;1.0;0.8331031307550644;-10.28680876923666;-10.28680876923666;0.0;0.0;0.4360931418051779;0.0;0.0;-0.028613902350119416
941_11;1;11;1;1.0;0.8331031307550644;-9.64682801464254;-9.64682801464254;0.5;0.5;0.429313053607879;1.0;0.5;0.09434821891470832
971_11;0;11;0;1.0;0.8331031307550644;-10.96043049902255;-10.96043049902255;0.0;0.0;0.4363455024080551;0.0;0.0;-0.03084474929621145
