Case ID;Actual;Prefix Length;Prediction;Prediction Probability;SHAP Subset Stability;SHAP Weight Stability;SHAP Adjusted Weight Stability;LIME Precision;LIME Recall;LIME Correlation
1009_8;0;8;0;1.0;1.0;0.9998080230811236;0.9998080230811236;0.25;0.5;0.22933856315703485
1044_8;1;8;0;1.0;1.0;0.9997794628311436;0.9997794628311436;0.0;0.0;0.21075763394525363
1056_8;0;8;0;1.0;1.0;0.99970110002542;0.99970110002542;0.0;0.0;0.21102360773872317
1127_8;1;8;1;1.0;1.0;0.9996928761781804;0.9996928761781804;0.0;0.0;0.23272174980996724
934_8;0;8;0;1.0;1.0;0.9997737796208148;0.9997737796208148;0.0;0.0;0.22838637697641392
947_8;0;8;0;1.0;1.0;0.9990299317857084;0.9990299317857084;0.0;0.0;0.21088947608066486
955_8;1;8;1;1.0;1.0;0.9996514449881412;0.9996514449881412;0.5;0.5;0.23234514889650223
991_8;1;8;1;1.0;1.0;0.9995430219613324;0.9995430219613324;0.25;1.0;0.22720545333340922
