Case ID;Actual;Prefix Length;Prediction;Prediction Probability;SHAP Subset Stability;SHAP Weight Stability;SHAP Adjusted Weight Stability;LIME Precision;LIME Recall;LIME Correlation;SHAP Precision;SHAP Recall;SHAP Correlation
1048_6;0;6;0;1.0;1.0;0.9954106540968488;0.9954106540968488;0.0;0.0;0.2906366807794893;1.0;1.0;-0.2710751975251709
1092_6;0;6;0;1.0;1.0;0.99976987800634;0.99976987800634;0.0;0.0;0.2801056050401089;0.0;0.0;-0.2567466378095064
1121_6;1;6;1;1.0;1.0;-0.4496025699389861;-0.4496025699389861;0.3333333333333333;1.0;0.29716542249722;1.0;1.0;-0.1762611409811179
1126_6;1;6;1;1.0;1.0;0.0842970301652662;0.0842970301652662;0.3333333333333333;1.0;0.2974490524672581;1.0;1.0;-0.1828448180891459
932_6;0;6;0;1.0;1.0;0.8414392069834882;0.8414392069834882;0.0;0.0;0.2902480026724;1.0;1.0;-0.24566669124826446
962_6;1;6;1;1.0;1.0;-0.2425470219180812;-0.2425470219180812;0.5;1.0;0.2950381977219336;1.0;1.0;-0.19128888089997967
972_6;0;6;0;1.0;1.0;0.9992417186164902;0.9992417186164902;0.0;0.0;0.2925192795020616;1.0;1.0;-0.2648788780867517
982_6;1;6;1;1.0;1.0;-4.831989802256167;-4.831989802256167;0.0;0.0;0.2936988339745311;1.0;1.0;-0.15755907939321273
