Case ID;Actual;Prefix Length;Prediction;Prediction Probability;SHAP Subset Stability;SHAP Weight Stability;SHAP Adjusted Weight Stability;LIME Precision;LIME Recall;LIME Correlation;SHAP Precision;SHAP Recall;SHAP Correlation
1015_5;0;5;0;1.0;1.0;-5.015630310796461;-5.015630310796461;0.0;0.0;0.0931028535262286;1.0;1.0;-0.029559206094431554
1030_5;1;5;1;1.0;1.0;-4.964814346328995;-4.964814346328995;0.0;0.0;0.1046312509237427;1.0;1.0;-0.0478273352256612
1036_5;1;5;1;1.0;0.4276639875550946;-11.436000943684856;-11.436000943684856;0.0;0.0;0.0946122741708849;1.0;1.0;-0.02712054961285042
1056_5;0;5;0;1.0;0.2845799844438682;-5.029326377840543;-5.029326377840543;0.0;0.0;0.0896422305848216;1.0;0.3333333333333333;-0.08955188959035894
925_5;1;5;1;1.0;0.4992059891107078;-16.760643187770675;-16.760643187770675;0.0;0.0;0.0876649677485992;1.0;1.0;-0.001330882674124344
952_5;0;5;0;1.0;0.599546485260771;-11.990432383694689;-11.990432383694689;0.0;0.0;0.0627066136699595;1.0;1.0;-0.019959662862064898
955_5;1;5;1;1.0;0.7138319937775472;-11.09189116988607;-11.09189116988607;0.0;0.0;0.0903627554221662;1.0;1.0;-0.027049661879975564
996_5;0;5;0;1.0;0.1860250737463126;-60.52468413622054;-60.52468413622054;0.0;0.0;0.0991868950278308;1.0;1.0;-0.0633684420252432
