Case ID;Actual;Prefix Length;Prediction;Prediction Probability;SHAP Subset Stability;SHAP Weight Stability;SHAP Adjusted Weight Stability;LIME Precision;LIME Recall;LIME Correlation;SHAP Precision;SHAP Recall;SHAP Correlation
1002_7;1;7;1;1.0;1.0;0.999517560186444;0.999517560186444;0.0;0.0;0.6296055389105594;1.0;1.0;0.191091328208436
1003_7;0;7;0;1.0;1.0;0.9994282448395886;0.9994282448395886;0.0;0.0;0.6308815003060577;1.0;1.0;0.019465735673633817
1036_7;1;7;1;1.0;1.0;0.9996097952485375;0.9996097952485375;0.0;0.0;0.6362307323830316;1.0;1.0;0.2030903343504313
933_7;0;7;0;1.0;1.0;0.9999334041018628;0.9999334041018628;0.0;0.0;0.630201118638652;0.0;0.0;0.011196210946592719
969_7;1;7;1;1.0;1.0;0.9995428170567962;0.9995428170567962;0.0;0.0;0.6325485914799964;1.0;1.0;0.2076074898527198
971_7;0;7;0;1.0;1.0;0.999922334681129;0.999922334681129;0.0;0.0;0.6328747668697114;0.0;0.0;0.011507172953251033
973_7;0;7;0;1.0;1.0;0.9996029422645932;0.9996029422645932;0.0;0.0;0.614699983193259;1.0;1.0;0.015663655494464027
987_7;1;7;0;1.0;1.0;0.9999214727306416;0.9999214727306416;0.0;0.0;0.6293816707706213;0.0;0.0;0.01167810377993457
