Case ID;Actual;Prefix Length;Prediction;Prediction Probability;SHAP Subset Stability;SHAP Weight Stability;SHAP Adjusted Weight Stability;LIME Precision;LIME Recall;LIME Correlation
1015_5;0;5;0;1.0;1.0;-5.015630310796461;-5.015630310796461;0.0;0.0;0.09310285352622866
1030_5;1;5;1;1.0;1.0;-4.964814346328995;-4.964814346328995;0.0;0.0;0.10463125092374276
1036_5;1;5;1;1.0;0.4276639875550946;-11.436000943684855;-11.436000943684855;0.0;0.0;0.09461227417088493
1056_5;0;5;0;1.0;0.28457998444386823;-5.029326377840543;-5.029326377840543;0.0;0.0;0.0896422305848216
925_5;1;5;1;1.0;0.4992059891107078;-16.760643187770675;-16.760643187770675;0.0;0.0;0.08766496774859923
952_5;0;5;0;1.0;0.599546485260771;-11.990432383694687;-11.990432383694687;0.0;0.0;0.06270661366995951
955_5;1;5;1;1.0;0.7138319937775472;-11.09189116988607;-11.09189116988607;0.0;0.0;0.09036275542216624
996_5;0;5;0;1.0;0.1860250737463126;-60.52468413622054;-60.52468413622054;0.0;0.0;0.09918689502783086
