Case ID;Actual;Prefix Length;Prediction;Prediction Probability;SHAP Subset Stability;SHAP Weight Stability;SHAP Adjusted Weight Stability;LIME Precision;LIME Recall;LIME Correlation;SHAP Precision;SHAP Recall;SHAP Correlation
1017_12;1;12;1;1.0;1.0;0.9997433189198092;0.9997433189198092;0.2;0.5;0.4400161321703551;1.0;1.0;0.21542977319431203
1018_12;0;12;0;1.0;1.0;0.9998169930811632;0.9998169930811632;0.0;0.0;0.4334870009971629;1.0;1.0;0.027211305830666777
1050_12;1;12;1;1.0;1.0;0.9997764267681172;0.9997764267681172;0.2;0.5;0.4430912009995196;1.0;0.5;0.21784641389256326
1116_12;1;12;1;1.0;1.0;0.9997852904159582;0.9997852904159582;0.25;0.5;0.4386363996675242;1.0;1.0;0.20906980986110404
1141_12;0;12;0;1.0;1.0;0.9997637306261224;0.9997637306261224;0.0;0.0;0.4373903545142357;1.0;1.0;0.0297311040896465
917_12;1;12;1;1.0;1.0;0.9991628781850888;0.9991628781850888;0.1666666666666666;0.5;0.4240378419002677;1.0;0.5;0.2097033522549904
922_12;0;12;0;1.0;1.0;0.9998098481462452;0.9998098481462452;0.0;0.0;0.4176340920367745;1.0;1.0;0.02090603894867754
961_12;0;12;0;1.0;1.0;0.9998119251720448;0.9998119251720448;0.0;0.0;0.4373456317714325;1.0;1.0;0.030657418407400192
