Case ID;Actual;Prefix Length;Prediction;Prediction Probability;SHAP Subset Stability;SHAP Weight Stability;SHAP Adjusted Weight Stability;LIME Precision;LIME Recall;LIME Correlation;SHAP Precision;SHAP Recall;SHAP Correlation
1014_14;1;14;0;1.0;1.0;0.9995433517392136;0.9995433517392136;0.5;1.0;0.4394933709384021;1.0;0.5;0.16053251000645505
1031_14;0;14;0;1.0;1.0;0.9998319262500096;0.9998319262500096;0.0;0.0;0.4386196001068284;0.0;0.0;0.03555546069346989
1042_14;1;14;1;1.0;1.0;0.9998748115730872;0.9998748115730872;0.25;1.0;0.4155320717625076;1.0;1.0;0.24920266634094573
1091_14;1;14;1;1.0;1.0;0.999840039240748;0.999840039240748;0.3333333333333333;1.0;0.4400313492530004;1.0;1.0;0.2524770699261287
1098_14;0;14;0;1.0;1.0;0.9997855048715092;0.9997855048715092;0.0;0.0;0.4371209740901227;0.0;0.0;0.03751588590045226
1140_14;0;14;0;1.0;1.0;0.9996387524091834;0.9996387524091834;0.0;0.0;0.4388226094204783;1.0;1.0;0.040777554322973336
987_14;1;14;0;1.0;1.0;0.9999340298313748;0.9999340298313748;0.3333333333333333;0.5;0.4363553716685449;1.0;0.5;0.034066058138031555
996_14;0;14;0;1.0;1.0;0.99976114811285;0.99976114811285;0.0;0.0;0.4161312543569996;0.0;0.0;0.0366367999768773
