Case ID;Actual;Prefix Length;Prediction;Prediction Probability;SHAP Subset Stability;SHAP Weight Stability;SHAP Adjusted Weight Stability;LIME Precision;LIME Recall;LIME Correlation
958.0;0.0;1.0;0.0;1.0;1.0;0.9999465707233768;0.9999465707233768;0.0;0.0;0.6047880120657531
976.0;0.0;1.0;1.0;1.0;1.0;0.9999571242412004;0.9999571242412004;0.0;0.0;0.6123147998034877
989.0;1.0;1.0;1.0;1.0;1.0;0.9999230500743248;0.9999230500743248;1.0;1.0;0.6079692349777751
1049.0;1.0;1.0;0.0;1.0;1.0;0.9999902906450984;0.9999902906450984;0.0;0.0;0.6108083757402979
1066.0;1.0;1.0;1.0;1.0;1.0;0.9999632613550812;0.9999632613550812;0.0;0.0;0.6111956039159764
1075.0;0.0;1.0;1.0;1.0;1.0;0.999953666792774;0.999953666792774;0.0;0.0;0.6112447393451843
1085.0;1.0;1.0;1.0;1.0;1.0;0.999905613063896;0.999905613063896;0.0;0.0;0.6039290198853544
1101.0;0.0;1.0;1.0;1.0;1.0;0.999895523941322;0.999895523941322;0.0;0.0;0.5885429602988207
