Case ID;Actual;Prefix Length;Prediction;Prediction Probability;SHAP Subset Stability;SHAP Weight Stability;SHAP Adjusted Weight Stability;LIME Precision;LIME Recall;LIME Correlation;SHAP Precision;SHAP Recall;SHAP Correlation
1011_10;0;10;0;1.0;1.0;0.9567987397216776;0.9567987397216776;0.0;0.0;0.3681608409775443;0.0;0.0;-0.21630384456324836
1030_10;1;10;0;1.0;1.0;0.1443200605811626;0.1443200605811626;0.0;0.0;0.3702456496310609;0.0;0.0;-0.2672402331546935
1062_10;1;10;1;1.0;1.0;-0.3797569889473621;-0.3797569889473621;1.0;0.5;0.3548498616690275;1.0;0.5;-0.1385658573438403
1076_10;1;10;1;1.0;1.0;-8.57397581671241;-8.57397581671241;1.0;0.5;0.3571086503018844;1.0;0.5;-0.17054034467791498
1084_10;0;10;0;1.0;1.0;0.9381252215180704;0.9381252215180704;0.0;0.0;0.3680738495806363;0.0;0.0;-0.2553889160354157
1140_10;0;10;0;1.0;1.0;0.9716159645550732;0.9716159645550732;0.0;0.0;0.3695076286263662;1.0;1.0;-0.22302735251744096
976_10;0;10;1;1.0;1.0;0.9964837401678384;0.9964837401678384;0.0;0.0;0.3574359264999237;1.0;1.0;-0.009681865410695845
986_10;1;10;1;1.0;1.0;-3.649999240687161;-3.649999240687161;1.0;0.5;0.3587629743710191;1.0;0.5;-0.15283505855811733
