Case ID;Actual;Prefix Length;Prediction;Prediction Probability;SHAP Subset Stability;SHAP Weight Stability;SHAP Adjusted Weight Stability;LIME Precision;LIME Recall;LIME Correlation;SHAP Precision;SHAP Recall;SHAP Correlation
1066_13;1;13;1;1.0;1.0;0.9996577999001068;0.9996577999001068;0.3333333333333333;0.5;0.4635116748221688;1.0;0.5;0.19944629052866125
1069_13;0;13;0;1.0;1.0;0.9997564054541356;0.9997564054541356;0.0;0.0;0.4524546476652652;1.0;1.0;0.056181281133777364
1100_13;1;13;1;1.0;1.0;0.999794588061412;0.999794588061412;0.3333333333333333;0.5;0.4595071680440933;1.0;0.5;0.20384623964071508
1104_13;1;13;0;1.0;1.0;0.9998426441167022;0.9998426441167022;0.25;0.5;0.4627321253281096;1.0;0.5;0.16795594142478443
1110_13;0;13;0;1.0;1.0;0.9999747955384936;0.9999747955384936;0.0;0.0;0.4469024131164676;0.0;0.0;0.04617644331351618
915_13;1;13;1;1.0;1.0;0.999926118590126;0.999926118590126;0.2;1.0;0.4532460629837005;1.0;1.0;0.19911649455334707
937_13;0;13;0;1.0;1.0;0.9999664230129404;0.9999664230129404;0.0;0.0;0.4555316077615303;0.0;0.0;0.04917987194059228
961_13;0;13;0;1.0;1.0;0.9998135644188912;0.9998135644188912;0.0;0.0;0.4582181981430563;1.0;1.0;0.056559805821633675
