Case ID;Actual;Prefix Length;Prediction;Prediction Probability;SHAP Subset Stability;SHAP Weight Stability;SHAP Adjusted Weight Stability;LIME Precision;LIME Recall;LIME Correlation;SHAP Precision;SHAP Recall;SHAP Correlation
1009_8;0;8;0;1.0;1.0;0.9998080230811236;0.9998080230811236;0.25;0.5;0.2293385631570348;1.0;0.5;-0.006693064726114843
1044_8;1;8;0;1.0;1.0;0.9997794628311436;0.9997794628311436;0.0;0.0;0.2107576339452536;0.0;0.0;-0.012297782858175888
1056_8;0;8;0;1.0;1.0;0.99970110002542;0.99970110002542;0.0;0.0;0.2110236077387231;0.0;0.0;-0.01293483359414103
1127_8;1;8;1;1.0;1.0;0.9996928761781804;0.9996928761781804;0.0;0.0;0.2327217498099672;1.0;1.0;0.1853230058429184
934_8;0;8;0;1.0;1.0;0.9997737796208148;0.9997737796208148;0.0;0.0;0.2283863769764139;0.0;0.0;-0.007039153678416563
947_8;0;8;0;1.0;1.0;0.9990299317857084;0.9990299317857084;0.0;0.0;0.2108894760806648;1.0;1.0;0.006504676507022294
955_8;1;8;1;1.0;1.0;0.9996514449881412;0.9996514449881412;0.5;0.5;0.2323451488965022;1.0;0.5;0.19848682673678403
991_8;1;8;1;1.0;1.0;0.9995430219613324;0.9995430219613324;0.25;1.0;0.2272054533334092;1.0;1.0;0.1835029447688577
