Case ID;Actual;Prefix Length;Prediction;Prediction Probability;SHAP Subset Stability;SHAP Weight Stability;SHAP Adjusted Weight Stability;LIME Precision;LIME Recall;LIME Correlation
1011_10;0;10;0;1.0;1.0;0.9567987397216776;0.9567987397216776;0.0;0.0;0.36816084097754437
1030_10;1;10;0;1.0;1.0;0.14432006058116265;0.14432006058116265;0.0;0.0;0.37024564963106094
1062_10;1;10;1;1.0;1.0;-0.3797569889473621;-0.3797569889473621;1.0;0.5;0.3548498616690275
1076_10;1;10;1;1.0;1.0;-8.57397581671241;-8.57397581671241;1.0;0.5;0.35710865030188443
1084_10;0;10;0;1.0;1.0;0.9381252215180704;0.9381252215180704;0.0;0.0;0.3680738495806363
1140_10;0;10;0;1.0;1.0;0.9716159645550732;0.9716159645550732;0.0;0.0;0.3695076286263662
976_10;0;10;1;1.0;1.0;0.9964837401678384;0.9964837401678384;0.0;0.0;0.3574359264999237
986_10;1;10;1;1.0;1.0;-3.649999240687161;-3.649999240687161;1.0;0.5;0.35876297437101917
