Case ID;Actual;Prefix Length;Prediction;Prediction Probability;SHAP Subset Stability;SHAP Weight Stability;SHAP Adjusted Weight Stability;LIME Precision;LIME Recall;LIME Correlation;SHAP Precision;SHAP Recall;SHAP Correlation
1019_2;0;2;0;1.0;1.0;0.999949087190505;0.999949087190505;0.0;0.0;0.0624582835388096;1.0;1.0;-0.10745615028410804
1028_2;1;2;1;1.0;1.0;-0.3409417436333533;-0.3409417436333533;0.0;0.0;0.0597402060896356;1.0;1.0;-0.21249803720103527
1070_2;0;2;0;1.0;1.0;0.9620075070777856;0.9620075070777856;0.0;0.0;0.046034823259377;0.0;0.0;-0.1323205047628068
1097_2;1;2;0;1.0;1.0;0.9942265432416618;0.9942265432416618;0.0;0.0;0.0599492889703413;0.0;0.0;-0.21000602504912264
1099_2;0;2;0;1.0;1.0;0.9999292470500148;0.9999292470500148;0.0;0.0;0.0504046554661261;0.0;0.0;-0.16427392856513087
922_2;0;2;1;1.0;1.0;0.999933292881296;0.999933292881296;0.0;0.0;0.0524275323369538;1.0;1.0;-0.20207149368665236
926_2;1;2;0;1.0;1.0;0.9962065981050732;0.9962065981050732;0.0;0.0;0.0584229839411897;0.0;0.0;-0.1837428521496854
962_2;1;2;1;1.0;1.0;-1.090417554460915;-1.090417554460915;0.0;0.0;0.0589195557828657;1.0;1.0;-0.18202229131966535
