Case ID;Actual;Prefix Length;Prediction;Prediction Probability;SHAP Subset Stability;SHAP Weight Stability;SHAP Adjusted Weight Stability;LIME Subset Stability;LIME Weight Stability;LIME Adjusted Weight Stability;ACV Subset Stability;ACV Weight Stability;ACV Adjusted Weight Stability;LINDA Subset Stability;LINDA Weight Stability;LINDA Adjusted Weight Stability;MAPE Correctness;RMSE Correctness;R2 Correctness;Mode
Case124_4;0;4;0;0.9999910494425164;1.0;1.0;1.0;0.9461041985494708;0.97523053549328;0.97523053549328;;1.0;1.0;;1.0;1.0;0.16559922130231328;0.16559922130231328;-0.16559922130231328;baseline_0
Case174_4;1;4;1;0.999999995219367;1.0;1.0;1.0;1.0;0.9613062891018628;0.9613062891018628;;1.0;1.0;;1.0;1.0;0.14667784930952832;0.14667784930952832;-0.14667784930952832;baseline_0
Case25_4;1;4;1;0.9804254571230429;1.0;1.0;1.0;1.0;0.9712506432791967;0.9712506432791967;;1.0;1.0;;1.0;1.0;0.22730620292921494;0.22730620292921494;-0.22730620292921494;baseline_0
Case45_4;1;4;0;0.9422678760632472;1.0;1.0;1.0;1.0;0.9774530815691012;0.9774530815691012;;1.0;1.0;;1.0;1.0;0.18866306541287894;0.18866306541287894;-0.18866306541287894;baseline_0
Case47_4;0;4;0;0.99999992437141;1.0;1.0;1.0;0.9461041985494708;0.9808561781361682;0.9808561781361682;;1.0;1.0;;1.0;1.0;0.09158543038760159;0.09158543038760159;-0.09158543038760159;baseline_0
Case53_4;1;4;1;0.9999856095899304;1.0;1.0;1.0;1.0;0.9706130972899184;0.9706130972899184;;1.0;1.0;;1.0;1.0;0.09825780091292566;0.09825780091292566;-0.09825780091292566;baseline_0
Case60_4;0;4;1;0.9999998591263723;1.0;1.0;1.0;1.0;0.9782599287559308;0.9782599287559308;;1.0;1.0;;1.0;1.0;0.16041928074194114;0.16041928074194114;-0.12066860839430572;baseline_0
Case68_4;0;4;0;0.9999999986473784;1.0;1.0;1.0;1.0;0.7238833105337701;0.7238833105337701;;1.0;1.0;;1.0;1.0;0.1697320896451033;0.1697320896451033;-0.1697320896451033;baseline_0
