Case ID;Actual;Prefix Length;Prediction;Prediction Probability;SHAP Subset Stability;SHAP Weight Stability;SHAP Adjusted Weight Stability;LIME Subset Stability;LIME Weight Stability;LIME Adjusted Weight Stability;ACV Subset Stability;ACV Weight Stability;ACV Adjusted Weight Stability;LINDA Subset Stability;LINDA Weight Stability;LINDA Adjusted Weight Stability;MAPE Correctness;RMSE Correctness;R2 Correctness;Mode
Case124_9;0;9;0;0.9969908089620712;1.0;1.0;1.0;1.0;0.9563441085887936;0.9563441085887936;;1.0;1.0;;1.0;1.0;0.6466997598904829;0.6466997598904829;-0.6466997598904829;baseline_max
Case135_9;1;9;1;0.9995107685153124;1.0;1.0;1.0;1.0;0.9392260974395364;0.9392260974395364;;1.0;1.0;;1.0;1.0;0.7061889182992122;0.7061889182992122;-0.7061889182992122;baseline_max
Case209_9;0;9;0;0.9648867269920433;1.0;1.0;1.0;1.0;0.9560472792910436;0.9560472792910436;;1.0;1.0;;1.0;1.0;0.6465206777449356;0.6465206777449356;-0.6464945234668146;baseline_max
Case20_9;1;9;1;0.9999999993094112;1.0;1.0;1.0;1.0;0.9449601923023008;0.9449601923023008;1.0;1.0;1.0;;1.0;1.0;0.7228087333137201;0.7228087333137201;-0.7228087333137201;baseline_max
Case252_9;0;9;0;0.999999985560617;1.0;1.0;1.0;1.0;0.9765482606729592;0.9765482606729592;1.0;1.0;1.0;;1.0;1.0;0.675788188763656;0.675788188763656;-0.3377675461639659;baseline_max
Case267_9;1;9;1;0.9999787898737222;1.0;1.0;1.0;1.0;0.9721880860170536;0.9721880860170536;;1.0;1.0;;1.0;1.0;0.6793649654616903;0.6793649654616903;-0.6793649654616903;baseline_max
Case268_9;1;9;1;0.9891919240926812;1.0;1.0;1.0;1.0;0.956360274223462;0.956360274223462;;1.0;1.0;;1.0;1.0;0.7198205195199113;0.7198496190497483;-0.7198205195199113;baseline_max
Case274_9;0;9;0;0.9992282605110516;1.0;1.0;1.0;1.0;0.9736992772474444;0.9736992772474444;1.0;1.0;1.0;;1.0;1.0;0.6972928510855109;0.6972928510855109;-0.6972928510855109;baseline_max
