Case ID;Actual;Prefix Length;Prediction;Prediction Probability;SHAP Subset Stability;SHAP Weight Stability;SHAP Adjusted Weight Stability;LIME Subset Stability;LIME Weight Stability;LIME Adjusted Weight Stability;ACV Subset Stability;ACV Weight Stability;ACV Adjusted Weight Stability;LINDA Subset Stability;LINDA Weight Stability;LINDA Adjusted Weight Stability;MAPE Correctness;RMSE Correctness;R2 Correctness;Mode
Case19_8;1;8;1;0.9992604677650272;1.0;1.0;1.0;1.0;0.9480275631544552;0.9480275631544552;;1.0;1.0;;1.0;1.0;0.6933894656956854;0.6933894656956854;-0.6933615868196235;baseline_max
Case206_8;1;8;1;0.9993379699233832;1.0;1.0;1.0;1.0;0.9415422052261472;0.9415422052261472;;1.0;1.0;;1.0;1.0;0.6879154912821714;0.6879154912821714;-0.6879154912821714;baseline_max
Case236_8;0;8;0;0.9997644713790262;1.0;1.0;1.0;1.0;0.9318445438145668;0.9318445438145668;;1.0;1.0;;1.0;1.0;0.6505480121378172;0.6505480121378172;-0.6505480121378172;baseline_max
Case245_8;1;8;1;1.0;1.0;1.0;1.0;0.8105940279542567;0.9725538580639992;0.9725538580639992;;1.0;1.0;;1.0;1.0;0.41824888219274087;0.41824888219274087;-0.40765415087905305;baseline_max
Case251_8;0;8;0;0.9997260683972528;1.0;1.0;1.0;1.0;0.947138752091372;0.947138752091372;;1.0;1.0;;1.0;1.0;0.6154398247949001;0.6154398247949001;-0.6154398247949001;baseline_max
Case260_8;1;8;1;0.9985344211147552;1.0;1.0;1.0;1.0;0.9381189051243476;0.9381189051243476;;1.0;1.0;;1.0;1.0;0.7064506273114398;0.7064506273114398;-0.7064506273114398;baseline_max
Case27_8;0;8;0;0.9972556081473472;1.0;1.0;1.0;1.0;0.9569099298894552;0.9569099298894552;;1.0;1.0;;1.0;1.0;0.6566425225561472;0.6566425225561472;-0.6566425225561472;baseline_max
Case72_8;0;8;0;0.9999255633125088;1.0;1.0;1.0;1.0;0.9674674696737661;0.9674674696737661;;1.0;1.0;;1.0;1.0;0.6448749761974886;0.6448749761974886;-0.6448749761974886;baseline_max
