Case ID;Actual;Prefix Length;Prediction;Prediction Probability;SHAP Subset Stability;SHAP Weight Stability;SHAP Adjusted Weight Stability;LIME Subset Stability;LIME Weight Stability;LIME Adjusted Weight Stability;ACV Subset Stability;ACV Weight Stability;ACV Adjusted Weight Stability;LINDA Subset Stability;LINDA Weight Stability;LINDA Adjusted Weight Stability;MAPE Correctness;RMSE Correctness;R2 Correctness;Mode
Case102_11;1;11;1;0.990258163747728;1.0;1.0;1.0;0.4942381562099871;0.994393753949655;0.994393753949655;;1.0;1.0;;1.0;1.0;0.6730104960518335;0.6730104960518335;-0.6730104960518335;baseline_mean
Case19_11;1;11;1;0.9914722180664266;1.0;1.0;1.0;0.35139573070607544;0.9954030605865352;0.9954030605865352;;1.0;1.0;;1.0;1.0;0.6087630474834321;0.6087630474834321;-0.6087630474834321;baseline_mean
Case209_11;0;11;0;0.9949867231155864;1.0;1.0;1.0;0.4942381562099871;0.9976913367170102;0.9976913367170102;;1.0;1.0;;1.0;1.0;0.6600520843723028;0.6600520843723028;-0.6600520843723028;baseline_mean
Case210_11;0;11;0;0.9818667892115572;1.0;1.0;1.0;0.42346287173873376;0.9660402530977924;0.9660402530977924;;1.0;1.0;;1.0;1.0;0.6555831069194065;0.6556377551946813;-0.6556377551946813;baseline_mean
Case273_11;0;11;0;0.999986631049494;1.0;1.0;1.0;0.5948717948717949;0.9946702545692958;0.9946702545692958;;1.0;1.0;;1.0;1.0;0.5981293703214536;0.5981293703214536;-0.5981293703214536;baseline_mean
Case277_11;1;11;1;0.9992059939373588;1.0;1.0;1.0;0.7837985769020251;0.9866541713593244;0.9866541713593244;;1.0;1.0;;1.0;1.0;0.6305002554707517;0.6305002554707517;-0.6305002554707517;baseline_mean
Case27_11;0;11;0;0.9919781903943732;1.0;1.0;1.0;0.4317455242966752;0.9960573158090112;0.9960573158090112;;1.0;1.0;;1.0;1.0;0.6598357519282931;0.6598357519282931;-0.6598357519282931;baseline_mean
Case6_11;1;11;1;0.9999999996886348;1.0;1.0;1.0;0.6396642948367086;0.9959159558088044;0.9959159558088044;;1.0;1.0;;1.0;1.0;0.6635218116783272;0.6635218116783272;-0.6635218116783272;baseline_mean
