Case ID;Actual;Prefix Length;Prediction;Prediction Probability;SHAP Subset Stability;SHAP Weight Stability;SHAP Adjusted Weight Stability;LIME Subset Stability;LIME Weight Stability;LIME Adjusted Weight Stability;ACV Subset Stability;ACV Weight Stability;ACV Adjusted Weight Stability;LINDA Subset Stability;LINDA Weight Stability;LINDA Adjusted Weight Stability;MAPE Correctness;RMSE Correctness;R2 Correctness;Mode
Case188_7;1;7;1;0.9994362103207618;1.0;1.0;1.0;1.0;0.9772407506355998;0.9772407506355998;;1.0;1.0;;1.0;1.0;0.5370642432261471;0.5370642432261471;-0.5370642432261471;baseline_max
Case257_7;1;7;1;0.9986599328593914;1.0;1.0;1.0;1.0;0.9647945858696482;0.9647945858696482;;1.0;1.0;;1.0;1.0;0.5950311248496335;0.5950311248496335;-0.34601771387324215;baseline_max
Case258_7;1;7;1;0.9987265567300851;1.0;1.0;1.0;1.0;0.9066890496276192;0.9066890496276192;;1.0;1.0;;1.0;1.0;0.5339674735031433;0.5340094471284491;-0.5340094471284491;baseline_max
Case46_7;0;7;0;0.9991444044858098;1.0;1.0;1.0;1.0;0.9021894122032704;0.9021894122032704;;1.0;1.0;;1.0;1.0;0.6468457092607691;0.646769557504289;-0.646769557504289;baseline_max
Case55_7;1;7;1;0.9998223288937984;1.0;1.0;1.0;1.0;0.8161491313871685;0.8161491313871685;;1.0;1.0;;1.0;1.0;0.5573519241799278;0.5573519241799278;-0.5573300204278148;baseline_max
Case64_7;0;7;0;0.9970295918846482;1.0;1.0;1.0;1.0;0.9115717405735264;0.9115717405735264;;1.0;1.0;;1.0;1.0;0.6154471533412486;0.6154471533412486;-0.6154471533412486;baseline_max
Case67_7;0;7;0;0.9957859742898426;1.0;1.0;1.0;1.0;0.9452095403577376;0.9452095403577376;;1.0;1.0;;1.0;1.0;0.6450041187548553;0.6450041187548553;-0.6450041187548553;baseline_max
Case96_7;0;7;1;0.7016903999561093;1.0;1.0;1.0;1.0;0.9450651816587567;0.9450651816587567;;1.0;1.0;;1.0;1.0;0.6245217197899818;0.6244477316306001;;baseline_max
