Case ID;Actual;Prefix Length;Prediction;Prediction Probability;SHAP Subset Stability;SHAP Weight Stability;SHAP Adjusted Weight Stability;LIME Subset Stability;LIME Weight Stability;LIME Adjusted Weight Stability;ACV Subset Stability;ACV Weight Stability;ACV Adjusted Weight Stability;LINDA Subset Stability;LINDA Weight Stability;LINDA Adjusted Weight Stability;MAPE Correctness;RMSE Correctness;R2 Correctness;Mode
Case17_6;1;6;1;0.994127627735043;1.0;1.0;1.0;1.0;0.9834345214864472;0.9834345214864472;;1.0;1.0;;1.0;1.0;0.7131097609515415;0.7131097609515415;-0.7131097609515415;baseline_max
Case211_6;0;6;0;0.9880577026487553;1.0;1.0;1.0;1.0;0.9823884776766496;0.9823884776766496;;1.0;1.0;;1.0;1.0;0.6596913936841149;0.6596913936841149;-0.6596913936841149;baseline_max
Case256_6;1;6;1;0.9984598323951388;1.0;1.0;1.0;1.0;0.9867744713670396;0.9867744713670396;;1.0;1.0;;1.0;1.0;0.7688657499633529;0.7688657499633529;-0.7688657499633529;baseline_max
Case266_6;1;6;1;0.9673696571268532;1.0;1.0;1.0;1.0;0.9829201681427056;0.9829201681427056;;1.0;1.0;;1.0;1.0;0.7506721616627685;0.7507005677007202;-0.7506721616627685;baseline_max
Case40_6;0;6;0;0.9764609731235454;1.0;1.0;1.0;0.8321048321048321;0.9857728787356752;0.9857728787356752;;1.0;1.0;;1.0;1.0;0.6703675339658842;0.670392897373092;-0.670392897373092;baseline_max
Case46_6;0;6;0;0.8034442922082236;1.0;1.0;1.0;0.7838692672641012;0.9897031998460559;0.9897031998460559;;1.0;1.0;;1.0;1.0;0.7059713885314877;0.70612217268111;-0.7060955300802108;baseline_max
Case90_6;0;6;0;0.9357811525631906;1.0;1.0;1.0;0.9425528933725656;0.986282528346422;0.986282528346422;;1.0;1.0;;1.0;1.0;0.6578654862974654;0.6578654862974654;-0.6578654862974654;baseline_max
Case95_6;1;6;1;0.9997076719215056;1.0;1.0;1.0;1.0;0.9845296809284172;0.9845296809284172;;1.0;1.0;;1.0;1.0;0.7716259354228191;0.7716259354228191;-0.7716259354228191;baseline_max
