Case ID;Actual;Prefix Length;Prediction;Prediction Probability;SHAP Subset Stability;SHAP Weight Stability;SHAP Adjusted Weight Stability;LIME Subset Stability;LIME Weight Stability;LIME Adjusted Weight Stability;ACV Subset Stability;ACV Weight Stability;ACV Adjusted Weight Stability;LINDA Subset Stability;LINDA Weight Stability;LINDA Adjusted Weight Stability;MAPE Correctness;RMSE Correctness;R2 Correctness;Mode
Case19_8;1;8;1;0.9992604677650272;1.0;1.0;1.0;1.0;0.9480275631544552;0.9480275631544552;;1.0;1.0;;1.0;1.0;0.20630074369882476;0.20630074369882476;-0.20630074369882476;baseline_0
Case206_8;1;8;1;0.9993379699233832;1.0;1.0;1.0;1.0;0.9415422052261472;0.9415422052261472;;1.0;1.0;;1.0;1.0;0.22303201969622863;0.22303201969622863;-0.22303201969622863;baseline_0
Case236_8;0;8;0;0.9997644713790262;1.0;1.0;1.0;1.0;0.9318445438145668;0.9318445438145668;;1.0;1.0;;1.0;1.0;0.18284175788959497;0.18284175788959497;-0.18284175788959497;baseline_0
Case245_8;1;8;1;1.0;1.0;1.0;1.0;0.8105940279542567;0.9725538580639992;0.9725538580639992;;1.0;1.0;;1.0;1.0;0.13273613693940683;0.13273613693940683;-0.13244182903510354;baseline_0
Case251_8;0;8;0;0.9997260683972528;1.0;1.0;1.0;1.0;0.947138752091372;0.947138752091372;;1.0;1.0;;1.0;1.0;0.19876389296500024;0.1987509857996264;-0.1987509857996264;baseline_0
Case260_8;1;8;1;0.9985344211147552;1.0;1.0;1.0;1.0;0.9381189051243476;0.9381189051243476;;1.0;1.0;;1.0;1.0;0.22657907046848677;0.22657907046848677;-0.22657907046848677;baseline_0
Case27_8;0;8;0;0.9972556081473472;1.0;1.0;1.0;1.0;0.9569099298894552;0.9569099298894552;;1.0;1.0;;1.0;1.0;0.18171262898826948;0.1818108021978011;-0.1818108021978011;baseline_0
Case72_8;0;8;0;0.9999255633125088;1.0;1.0;1.0;1.0;0.9674674696737661;0.9674674696737661;;1.0;1.0;;1.0;1.0;0.21659703780430878;0.21659703780430878;-0.21659703780430878;baseline_0
