Case ID;Actual;Prefix Length;Prediction;Prediction Probability;SHAP Subset Stability;SHAP Weight Stability;SHAP Adjusted Weight Stability;LIME Subset Stability;LIME Weight Stability;LIME Adjusted Weight Stability;ACV Subset Stability;ACV Weight Stability;ACV Adjusted Weight Stability;LINDA Subset Stability;LINDA Weight Stability;LINDA Adjusted Weight Stability;MAPE Correctness;RMSE Correctness;R2 Correctness;Mode
Case109;1;1;1;0.9999999999897926;1.0;1.0;1.0;0.6803353331904863;0.9852617237166884;0.9852617237166884;;1.0;1.0;;1.0;1.0;0.7147954023333687;0.7147954023333687;-0.7147954023333687;baseline_max
Case12;0;1;0;0.7571621434937789;1.0;1.0;1.0;0.6445060018467221;0.9744771370261524;0.9744771370261524;;1.0;1.0;;1.0;1.0;0.6498468957612756;0.6499337601405388;-0.6499337601405388;baseline_max
Case215;0;1;1;0.6903795138044146;1.0;1.0;1.0;0.7689075630252101;0.9646498073255227;0.9646498073255227;;1.0;1.0;;1.0;1.0;0.711260320928322;0.7113553774367222;-0.7113236876994334;baseline_max
Case34;0;1;0;0.6816175808711129;1.0;1.0;1.0;0.7711511789181692;0.9879707394001018;0.9879707394001018;;1.0;1.0;;1.0;1.0;0.6298131890186501;0.6298131890186501;-0.6298131890186501;baseline_max
Case38;1;1;1;0.9748103209214118;1.0;1.0;1.0;0.8295856940509915;0.9844225262359996;0.9844225262359996;;1.0;1.0;;1.0;1.0;0.7466692988525727;0.7465693899341014;-0.5642157347446218;baseline_max
Case39;0;1;0;0.7877059592977612;1.0;1.0;1.0;0.8347993992705428;0.9840883721776704;0.9840883721776704;;1.0;1.0;;1.0;1.0;0.6425258241611517;0.6425258241611517;-0.6425258241611517;baseline_max
Case44;1;1;1;0.9999999999999998;1.0;1.0;1.0;0.68135733498862;0.9884096977861676;0.9884096977861676;;1.0;1.0;;1.0;1.0;0.6186380301859105;0.6186380301859105;-0.6186380301859105;baseline_max
Case45;1;1;1;0.9632014525681228;1.0;1.0;1.0;0.7628294407542319;0.9874035483030674;0.9874035483030674;;1.0;1.0;;1.0;1.0;0.7290000170464344;0.7290000170464344;-0.7290000170464344;baseline_max
