Case ID;Actual;Prefix Length;Prediction;Prediction Probability;SHAP Subset Stability;SHAP Weight Stability;SHAP Adjusted Weight Stability;LIME Subset Stability;LIME Weight Stability;LIME Adjusted Weight Stability;ACV Subset Stability;ACV Weight Stability;ACV Adjusted Weight Stability;LINDA Subset Stability;LINDA Weight Stability;LINDA Adjusted Weight Stability;MAPE Correctness;RMSE Correctness;R2 Correctness;Mode
Case17_6;1;6;1;0.994127627735043;1.0;1.0;1.0;1.0;0.9834345214864472;0.9834345214864472;;1.0;1.0;;1.0;1.0;0.5540235474530864;0.5540235474530864;-0.5540235474530864;baseline_mean
Case211_6;0;6;0;0.9880577026487553;1.0;1.0;1.0;1.0;0.9823884776766496;0.9823884776766496;;1.0;1.0;;1.0;1.0;0.5338405367209537;0.5338405367209537;-0.5338405367209537;baseline_mean
Case256_6;1;6;1;0.9984598323951388;1.0;1.0;1.0;1.0;0.9867744713670396;0.9867744713670396;;1.0;1.0;;1.0;1.0;0.5297065594458423;0.5297065594458423;-0.5297065594458423;baseline_mean
Case266_6;1;6;1;0.9673696571268532;1.0;1.0;1.0;1.0;0.9829201681427056;0.9829201681427056;;1.0;1.0;;1.0;1.0;0.5627637530160617;0.5627637530160617;-0.5627637530160617;baseline_mean
Case40_6;0;6;0;0.9764609731235454;1.0;1.0;1.0;0.8321048321048321;0.9857728787356752;0.9857728787356752;;1.0;1.0;;1.0;1.0;0.5306214749486231;0.5306214749486231;-0.5306214749486231;baseline_mean
Case46_6;0;6;0;0.8034442922082236;1.0;1.0;1.0;0.7838692672641012;0.9897031998460559;0.9897031998460559;;1.0;1.0;;1.0;1.0;0.6104081957362327;0.6103558656182375;-0.6104081957362327;baseline_mean
Case90_6;0;6;0;0.9357811525631906;1.0;1.0;1.0;0.9425528933725656;0.986282528346422;0.986282528346422;;1.0;1.0;;1.0;1.0;0.5342068696646937;0.5342068696646937;-0.5342068696646937;baseline_mean
Case95_6;1;6;1;0.9997076719215056;1.0;1.0;1.0;1.0;0.9845296809284172;0.9845296809284172;;1.0;1.0;;1.0;1.0;0.5376936000292362;0.5376936000292362;-0.5376936000292362;baseline_mean
