Case ID;Actual;Prefix Length;Prediction;Prediction Probability;SHAP Subset Stability;SHAP Weight Stability;SHAP Adjusted Weight Stability;LIME Subset Stability;LIME Weight Stability;LIME Adjusted Weight Stability;ACV Subset Stability;ACV Weight Stability;ACV Adjusted Weight Stability;LINDA Subset Stability;LINDA Weight Stability;LINDA Adjusted Weight Stability;MAPE Correctness;RMSE Correctness;R2 Correctness;Mode
Case25_5;1;5;1;0.997669813710341;1.0;1.0;1.0;1.0;0.9693021042735342;0.9693021042735342;;1.0;1.0;;1.0;1.0;0.6064601879404271;0.6064366885627978;-0.6064366885627978;baseline_max
Case267_5;1;5;1;1.0;1.0;1.0;1.0;1.0;-1.7430414009263262;-1.7430414009263262;;1.0;1.0;;1.0;1.0;0.2784803970738833;0.2784803970738833;-0.2755605447029567;baseline_max
Case27_5;0;5;0;0.9980120376649388;1.0;1.0;1.0;1.0;0.9730773303808148;0.9730773303808148;;1.0;1.0;;1.0;1.0;0.5120842416143356;0.5120842416143356;;baseline_max
Case29_5;1;5;1;1.0;1.0;1.0;1.0;1.0;-3.872012103313284;-3.872012103313284;;1.0;1.0;;1.0;1.0;0.4288452015937968;0.4288452015937968;-0.3941959087143259;baseline_max
Case34_5;0;5;0;0.9965516740302244;1.0;1.0;1.0;1.0;0.9371584300108388;0.9371584300108388;;1.0;1.0;;1.0;1.0;0.4978723027508608;0.4978723027508608;-0.4978723027508608;baseline_max
Case60_5;0;5;1;0.999997473322047;1.0;1.0;1.0;1.0;0.976790999098482;0.976790999098482;;1.0;1.0;;1.0;1.0;0.5928185847787654;0.5928185847787654;-0.33023355433344437;baseline_max
Case78_5;1;5;1;0.9948486082291496;1.0;1.0;1.0;1.0;0.9775995543252493;0.9775995543252493;;1.0;1.0;;1.0;1.0;0.6160148012005594;0.6160148012005594;-0.6160148012005594;baseline_max
Case86_5;0;5;0;0.9998894654653824;1.0;1.0;1.0;1.0;0.9716896727623314;0.9716896727623314;;1.0;1.0;;1.0;1.0;0.47349902834780416;0.47349902834780416;-0.47349902834780416;baseline_max
