"Case ID;Actual;Prefix Length;Prediction;Prediction Probability;SHAP Subset Stability;SHAP Weight Stability;SHAP Adjusted Weight Stability;LIME Subset Stability;LIME Weight Stability;LIME Adjusted Weight Stability;ACV Subset Stability;ACV Weight Stability;ACV Adjusted Weight Stability;LINDA Subset Stability;LINDA Weight Stability;LINDA Adjusted Weight Stability";MAPE Correctness;RMSE Correctness;R2 Correctness;Mode
"Case174_2;1;2;1;0.9999623524570921;1.0;1.0;1.0;0.8129838774044218;0.9072342158529348;0.9072342158529348;;1.0;1.0;;1.0;1.0";0.46139753147821916;0.46139753147821916;-0.46139753147821916;baseline_mean
"Case211_2;0;2;0;0.9999876734141341;1.0;1.0;1.0;0.8470750551876379;0.9828203054597672;0.9828203054597672;;1.0;1.0;;1.0;1.0";0.38239686124333283;0.38239686124333283;-0.38584671989090774;baseline_mean
"Case241_2;1;2;1;0.7637722127870863;1.0;1.0;1.0;0.8359060402684564;0.9812069653085259;0.9812069653085259;;1.0;1.0;;1.0;1.0";0.4754561430756979;0.47543799693355915;-0.47543799693355915;baseline_mean
"Case267_2;1;2;1;1.0;1.0;1.0;1.0;0.8344902706494849;0.9648049207990572;0.9648049207990572;;1.0;1.0;;1.0;1.0";;;;baseline_mean
"Case26_2;1;2;1;0.9999997110357879;1.0;1.0;1.0;0.8607821254498247;0.9574308691509388;0.9574308691509388;;1.0;1.0;;1.0;1.0";0.47988705004383087;0.47988705004383087;-0.47988705004383087;baseline_mean
"Case3_2;0;2;0;0.8027255642058327;1.0;1.0;1.0;0.8134778628495339;0.9633552738501732;0.9633552738501732;;1.0;1.0;;1.0;1.0";0.4379245187872349;0.43794121912164025;-0.4379245187872349;baseline_mean
"Case46_2;0;2;0;0.9999999282783116;1.0;1.0;1.0;0.8389126997336884;0.8684348107196449;0.8684348107196449;;1.0;1.0;;1.0;1.0";0.4361845516160214;0.4361845516160214;-0.4361845516160214;baseline_mean
"Case58_2;0;2;0;0.9998925583100948;1.0;1.0;1.0;0.7939171420479831;0.961705604084616;0.961705604084616;;1.0;1.0;;1.0;1.0";0.46109191960110163;0.46109191960110163;-0.46109191960110163;baseline_mean
