"Case ID;Actual;Prefix Length;Prediction;Prediction Probability;SHAP Subset Stability;SHAP Weight Stability;SHAP Adjusted Weight Stability;LIME Subset Stability;LIME Weight Stability;LIME Adjusted Weight Stability;ACV Subset Stability;ACV Weight Stability;ACV Adjusted Weight Stability;LINDA Subset Stability;LINDA Weight Stability;LINDA Adjusted Weight Stability";MAPE Correctness;RMSE Correctness;R2 Correctness;Mode
"Case103_12;1;12;1;0.8857552845689425;1.0;1.0;1.0;1.0;0.9997297254125272;0.9997297254125272;;1.0;1.0;;1.0;1.0";0.6141265935279439;0.6141009680832924;-0.4072423523259689;baseline_mean
"Case10_12;1;12;1;0.8754845785814821;1.0;1.0;1.0;1.0;0.9995808374061972;0.9995808374061972;;1.0;1.0;;1.0;1.0";0.6175734505923937;0.6175476791712381;-0.4072423523259689;baseline_mean
"Case115_12;1;12;1;0.8707103735125126;1.0;1.0;1.0;1.0;0.9997484431939472;0.9997484431939472;;1.0;1.0;;1.0;1.0";0.5875678012557807;0.5875088784008496;-0.5875678012557807;baseline_mean
"Case11_12;1;12;1;0.7449966049792949;1.0;1.0;1.0;1.0;0.9994091719941672;0.9994091719941672;;1.0;1.0;;1.0;1.0";0.6208076110376436;0.6208076110376436;-0.6208076110376436;baseline_mean
"Case223_12;0;12;0;0.5706789465726146;1.0;1.0;1.0;1.0;0.9995642667194488;0.9995642667194488;;1.0;1.0;;1.0;1.0";0.6402703805425534;0.6401869359471484;-0.6402436619755316;baseline_mean
"Case263_12;0;12;0;0.8925256931715403;1.0;1.0;1.0;1.0;0.9977646222427612;0.9977646222427612;;1.0;1.0;;1.0;1.0";0.6291244321996213;0.6291244321996213;-0.6291244321996213;baseline_mean
"Case265_12;0;12;0;0.8420464630611736;1.0;1.0;1.0;1.0;0.999499286272146;0.999499286272146;;1.0;1.0;;1.0;1.0";0.6516516539188631;0.6517622529131403;-0.6517622529131403;baseline_mean
"Case41_12;0;12;0;0.9110045455651254;1.0;1.0;1.0;1.0;0.9997776228790928;0.9997776228790928;;1.0;1.0;;1.0;1.0";0.5977807462820476;0.5977558091380832;-0.5977558091380832;baseline_mean
