Case ID;Actual;Prefix Length;Prediction;Prediction Probability;SHAP Subset Stability;SHAP Weight Stability;SHAP Adjusted Weight Stability;LIME Subset Stability;LIME Weight Stability;LIME Adjusted Weight Stability;ACV Subset Stability;ACV Weight Stability;ACV Adjusted Weight Stability;LINDA Subset Stability;LINDA Weight Stability;LINDA Adjusted Weight Stability;MAPE Correctness;RMSE Correctness;R2 Correctness;Mode
Case102_11;1;11;1;0.990258163747728;1.0;1.0;1.0;0.4942381562099871;0.994393753949655;0.994393753949655;;1.0;1.0;;1.0;1.0;0.716120328200872;0.716120328200872;-0.716120328200872;baseline_max
Case19_11;1;11;1;0.9914722180664266;1.0;1.0;1.0;0.35139573070607544;0.9954030605865352;0.9954030605865352;;1.0;1.0;;1.0;1.0;0.7277463759744659;0.7278573794565597;-0.7277463759744659;baseline_max
Case209_11;0;11;0;0.9949867231155864;1.0;1.0;1.0;0.4942381562099871;0.9976913367170102;0.9976913367170102;;1.0;1.0;;1.0;1.0;0.6706053843605895;0.6706053843605895;-0.6706053843605895;baseline_max
Case210_11;0;11;0;0.9818667892115572;1.0;1.0;1.0;0.42346287173873376;0.9660402530977924;0.9660402530977924;;1.0;1.0;;1.0;1.0;0.6777464891028089;0.6777188321894879;-0.6776911786616915;baseline_max
Case273_11;0;11;0;0.999986631049494;1.0;1.0;1.0;0.5948717948717949;0.9946702545692958;0.9946702545692958;;1.0;1.0;;1.0;1.0;0.6215209671579655;0.6215209671579655;-0.6215209671579655;baseline_max
Case277_11;1;11;1;0.9992059939373588;1.0;1.0;1.0;0.7837985769020251;0.9866541713593244;0.9866541713593244;;1.0;1.0;;1.0;1.0;0.6943540551059558;0.6943540551059558;-0.6943255342682076;baseline_max
Case27_11;0;11;0;0.9919781903943732;1.0;1.0;1.0;0.4317455242966752;0.9960573158090112;0.9960573158090112;;1.0;1.0;;1.0;1.0;0.6410718558369652;0.641045657023908;-0.6411009745789403;baseline_max
Case6_11;1;11;1;0.9999999996886348;1.0;1.0;1.0;0.6396642948367086;0.9959159558088044;0.9959159558088044;;1.0;1.0;;1.0;1.0;0.7060550241733515;0.7060550241733515;-0.7060550241733515;baseline_max
