Case ID;Actual;Prefix Length;Prediction;Prediction Probability;SHAP Subset Stability;SHAP Weight Stability;SHAP Adjusted Weight Stability;LIME Subset Stability;LIME Weight Stability;LIME Adjusted Weight Stability;ACV Subset Stability;ACV Weight Stability;ACV Adjusted Weight Stability;LINDA Subset Stability;LINDA Weight Stability;LINDA Adjusted Weight Stability;MAPE Correctness;RMSE Correctness;R2 Correctness;Mode
Case102_11;1;11;1;0.990258163747728;1.0;1.0;1.0;0.4942381562099871;0.994393753949655;0.994393753949655;;1.0;1.0;;1.0;1.0;0.2371654627154855;0.2371654627154855;-0.2371654627154855;baseline_0
Case19_11;1;11;1;0.9914722180664266;1.0;1.0;1.0;0.35139573070607544;0.9954030605865352;0.9954030605865352;;1.0;1.0;;1.0;1.0;0.28475613221703255;0.28475613221703255;-0.28475613221703255;baseline_0
Case209_11;0;11;0;0.9949867231155864;1.0;1.0;1.0;0.4942381562099871;0.9976913367170102;0.9976913367170102;;1.0;1.0;;1.0;1.0;0.32391054789740115;0.32391054789740115;-0.32378887941291534;baseline_0
Case210_11;0;11;0;0.9818667892115572;1.0;1.0;1.0;0.42346287173873376;0.9660402530977924;0.9660402530977924;;1.0;1.0;;1.0;1.0;0.2560668817182473;0.2560668817182473;-0.2560668817182473;baseline_0
Case273_11;0;11;0;0.999986631049494;1.0;1.0;1.0;0.5948717948717949;0.9946702545692958;0.9946702545692958;;1.0;1.0;;1.0;1.0;0.29379577613079966;0.29379577613079966;-0.29379577613079966;baseline_0
Case277_11;1;11;1;0.9992059939373588;1.0;1.0;1.0;0.7837985769020251;0.9866541713593244;0.9866541713593244;;1.0;1.0;;1.0;1.0;0.19198263841414256;0.19198263841414256;-0.19198263841414256;baseline_0
Case27_11;0;11;0;0.9919781903943732;1.0;1.0;1.0;0.4317455242966752;0.9960573158090112;0.9960573158090112;;1.0;1.0;;1.0;1.0;0.21652210720541337;0.21652210720541337;-0.21652210720541337;baseline_0
Case6_11;1;11;1;0.9999999996886348;1.0;1.0;1.0;0.6396642948367086;0.9959159558088044;0.9959159558088044;;1.0;1.0;;1.0;1.0;0.25034755564352973;0.25034755564352973;-0.25034755564352973;baseline_0
