"Case ID;Actual;Prefix Length;Prediction;Prediction Probability;SHAP Subset Stability;SHAP Weight Stability;SHAP Adjusted Weight Stability;LIME Subset Stability;LIME Weight Stability;LIME Adjusted Weight Stability;ACV Subset Stability;ACV Weight Stability;ACV Adjusted Weight Stability;LINDA Subset Stability;LINDA Weight Stability;LINDA Adjusted Weight Stability";MAPE Correctness;RMSE Correctness;R2 Correctness;Mode
"Case102_11;1;11;1;0.990258163747728;1.0;1.0;1.0;0.4942381562099871;0.994393753949655;0.994393753949655;;1.0;1.0;;1.0;1.0";0.7710061049692476;0.7752316864888936;-0.7752316864888936;permutation
"Case19_11;1;11;1;0.9914722180664266;1.0;1.0;1.0;0.35139573070607544;0.9954030605865352;0.9954030605865352;;1.0;1.0;;1.0;1.0";0.7846579837250268;0.7749066417566132;-0.7749066417566132;permutation
"Case209_11;0;11;0;0.9949867231155864;1.0;1.0;1.0;0.4942381562099871;0.9976913367170102;0.9976913367170102;;1.0;1.0;;1.0;1.0";0.7448400040206707;0.7438648698238294;-0.7438648698238294;permutation
"Case210_11;0;11;0;0.9818667892115572;1.0;1.0;1.0;0.42346287173873376;0.9660402530977924;0.9660402530977924;;1.0;1.0;;1.0;1.0";0.7463027053159328;0.7506908092017189;-0.7506908092017189;permutation
"Case273_11;0;11;0;0.999986631049494;1.0;1.0;1.0;0.5948717948717949;0.9946702545692958;0.9946702545692958;;1.0;1.0;;1.0;1.0";0.7700309707724063;0.769218358941705;-0.769218358941705;permutation
"Case277_11;1;11;1;0.9992059939373588;1.0;1.0;1.0;0.7837985769020251;0.9866541713593244;0.9866541713593244;;1.0;1.0;;1.0;1.0";0.7814075364022223;0.7849830284573073;-0.7849830284573073;permutation
"Case27_11;0;11;0;0.9919781903943732;1.0;1.0;1.0;0.4317455242966752;0.9960573158090112;0.9960573158090112;;1.0;1.0;;1.0;1.0";0.754266301256804;0.7614172853669741;-0.7614172853669741;permutation
"Case6_11;1;11;1;0.9999999996886348;1.0;1.0;1.0;0.6396642948367086;0.9959159558088044;0.9959159558088044;;1.0;1.0;;1.0;1.0";0.7872583415832706;0.7841704166266061;-0.7841704166266061;permutation
