"Case ID;Actual;Prefix Length;Prediction;Prediction Probability;SHAP Subset Stability;SHAP Weight Stability;SHAP Adjusted Weight Stability;LIME Subset Stability;LIME Weight Stability;LIME Adjusted Weight Stability;ACV Subset Stability;ACV Weight Stability;ACV Adjusted Weight Stability;LINDA Subset Stability;LINDA Weight Stability;LINDA Adjusted Weight Stability";MAPE Correctness;RMSE Correctness;R2 Correctness;Mode
"Case109;1;1;1;0.9999999999897926;1.0;1.0;1.0;0.6803353331904863;0.9852617237166884;0.9852617237166884;;1.0;1.0;;1.0;1.0";0.6853291801736394;0.6930630821812414;-0.6930630821812414;permutation
"Case12;0;1;0;0.7571621434937789;1.0;1.0;1.0;0.6445060018467221;0.9744771370261524;0.9744771370261524;;1.0;1.0;;1.0;1.0";0.553877133042424;0.5902632220744082;-0.5902373395801696;permutation
"Case215;0;1;1;0.6903795138044146;1.0;1.0;1.0;0.7689075630252101;0.9646498073255227;0.9646498073255227;;1.0;1.0;;1.0;1.0";0.6297857021190434;0.6466596701356295;-0.6466596701356295;permutation
"Case34;0;1;0;0.6816175808711129;1.0;1.0;1.0;0.7711511789181692;0.9879707394001018;0.9879707394001018;;1.0;1.0;;1.0;1.0";0.5433066160340393;0.5730118305632379;-0.5730118305632379;permutation
"Case38;1;1;1;0.9748103209214118;1.0;1.0;1.0;0.8295856940509915;0.9844225262359996;0.9844225262359996;;1.0;1.0;;1.0;1.0";0.6496477686385665;0.6607213101494513;-0.5574293649579164;permutation
"Case39;0;1;0;0.7877059592977612;1.0;1.0;1.0;0.8347993992705428;0.9840883721776704;0.9840883721776704;;1.0;1.0;;1.0;1.0";0.5556105510461334;0.5934012085832795;-0.5934012085832795;permutation
"Case44;1;1;1;0.9999999999999998;1.0;1.0;1.0;0.68135733498862;0.9884096977861676;0.9884096977861676;;1.0;1.0;;1.0;1.0";0.637496442805182;0.640777808538809;-0.640777808538809;permutation
"Case45;1;1;1;0.9632014525681228;1.0;1.0;1.0;0.7628294407542319;0.9874035483030674;0.9874035483030674;;1.0;1.0;;1.0;1.0";0.6512297031401216;0.6666388533999978;-0.6666388533999978;permutation
