"Case ID;Actual;Prefix Length;Prediction;Prediction Probability;SHAP Subset Stability;SHAP Weight Stability;SHAP Adjusted Weight Stability;LIME Subset Stability;LIME Weight Stability;LIME Adjusted Weight Stability;ACV Subset Stability;ACV Weight Stability;ACV Adjusted Weight Stability;LINDA Subset Stability;LINDA Weight Stability;LINDA Adjusted Weight Stability";MAPE Correctness;RMSE Correctness;R2 Correctness;Mode
"Case178_13;0;13;0;0.992675213251068;1.0;1.0;1.0;1.0;0.9889767599031808;0.9889767599031808;;1.0;1.0;;1.0;1.0";0.8132129494950593;0.8142267200533327;-0.8142267200533327;permutation
"Case194_13;1;13;1;0.99950428485442;1.0;1.0;1.0;1.0;0.9961324628142952;0.9961324628142952;;1.0;1.0;;1.0;1.0";0.7904031119339056;0.786010106181387;-0.786010106181387;permutation
"Case223_13;0;13;0;0.9791898056289678;1.0;1.0;1.0;1.0;0.9957683617354678;0.9957683617354678;;1.0;1.0;;1.0;1.0";0.800202893997216;0.806285517346857;;permutation
"Case238_13;1;13;1;0.9999444297804158;1.0;1.0;1.0;1.0;0.9974516877374994;0.9974516877374994;1.0;1.0;1.0;;1.0;1.0";0.7740138212418173;0.7735069359626805;-0.7735069359626805;permutation
"Case257_13;1;13;1;0.9878922722498992;1.0;1.0;1.0;1.0;0.9808014249520046;0.9808014249520046;;1.0;1.0;;1.0;1.0";0.7939513088878627;0.7922616912907402;-0.7922616912907402;permutation
"Case259_13;1;13;1;0.9999978792991084;1.0;1.0;1.0;0.8320329432162982;0.9935447852047782;0.9935447852047782;;1.0;1.0;;1.0;1.0";0.783306718025991;0.7836446415454155;-0.7836446415454155;permutation
"Case3_13;0;13;0;0.9892142283466672;1.0;1.0;1.0;0.8320329432162982;0.9955643273525774;0.9955643273525774;;1.0;1.0;;1.0;1.0";0.7971615823223954;0.7993580851986548;-0.7993580851986548;permutation
"Case90_13;0;13;0;0.99864979145241;1.0;1.0;1.0;-0.12323536379726008;0.9928481907436972;0.9928481907436972;;1.0;1.0;;1.0;1.0";0.8098337143008143;0.802230435113763;-0.802230435113763;permutation
