"Case ID;Actual;Prefix Length;Prediction;Prediction Probability;SHAP Subset Stability;SHAP Weight Stability;SHAP Adjusted Weight Stability;LIME Subset Stability;LIME Weight Stability;LIME Adjusted Weight Stability;ACV Subset Stability;ACV Weight Stability;ACV Adjusted Weight Stability;LINDA Subset Stability;LINDA Weight Stability;LINDA Adjusted Weight Stability";MAPE Correctness;RMSE Correctness;R2 Correctness;Mode
"Case118_3;1;3;1;0.9999996557033596;1.0;1.0;1.0;0.9709302325581396;0.9796834357373739;0.9796834357373739;;1.0;1.0;;1.0;1.0";0.584018247198139;0.6043909767515625;-0.6043909767515625;permutation
"Case126_3;1;3;1;0.999999999864954;1.0;1.0;1.0;0.9368199368199368;0.9647171040272404;0.9647171040272404;;1.0;1.0;;1.0;1.0";0.5895744461672545;0.6096384980001716;-0.6096384980001716;permutation
"Case134_3;0;3;1;0.9999999997489272;1.0;1.0;1.0;0.9186616323907456;0.9534762944178964;0.9534762944178964;;1.0;1.0;;1.0;1.0";0.5900374627480142;0.6131882917859953;-0.6131882917859953;permutation
"Case208_3;1;3;1;0.999982706592418;1.0;1.0;1.0;0.9186616323907456;0.9840062075082274;0.9840062075082274;;1.0;1.0;;1.0;1.0";0.6065517207951073;0.6314002772958738;-0.6314002772958738;permutation
"Case256_3;1;3;1;0.9916354046811182;1.0;1.0;1.0;0.9511969794344473;0.9743581226080079;0.9743581226080079;;1.0;1.0;;1.0;1.0";0.5965196948786488;0.6275418057895437;-0.6275418057895437;permutation
"Case269_3;0;3;0;0.97697577342012;1.0;1.0;1.0;1.0;0.8568073708488659;0.8568073708488659;;1.0;1.0;;1.0;1.0";0.4253578988578412;0.4438785620882261;-0.4438785620882261;permutation
"Case46_3;0;3;0;0.9998435955984752;1.0;1.0;1.0;0.9709302325581396;0.9795055908903784;0.9795055908903784;;1.0;1.0;;1.0;1.0";0.4684184408684862;0.4895628647231757;-0.4895628647231757;permutation
"Case83_3;0;3;1;1.0;1.0;1.0;1.0;0.9526149526149528;0.9834738541538663;0.9834738541538663;;1.0;1.0;;1.0;1.0";0.46648598118470064;0.47280570610882083;-0.35806525023192187;permutation
