"Case ID;Actual;Prefix Length;Prediction;Prediction Probability;SHAP Subset Stability;SHAP Weight Stability;SHAP Adjusted Weight Stability;LIME Subset Stability;LIME Weight Stability;LIME Adjusted Weight Stability;ACV Subset Stability;ACV Weight Stability;ACV Adjusted Weight Stability;LINDA Subset Stability;LINDA Weight Stability;LINDA Adjusted Weight Stability";MAPE Correctness;RMSE Correctness;R2 Correctness;Mode
"Case19_8;1;8;1;0.9992604677650272;1.0;1.0;1.0;1.0;0.9480275631544552;0.9480275631544552;;1.0;1.0;;1.0;1.0";0.730297677183886;0.7243648603970151;-0.7243648603970151;permutation
"Case206_8;1;8;1;0.9993379699233832;1.0;1.0;1.0;1.0;0.9415422052261472;0.9415422052261472;;1.0;1.0;;1.0;1.0";0.7214786252034021;0.722280357201628;-0.722280357201628;permutation
"Case236_8;0;8;0;0.9997644713790262;1.0;1.0;1.0;1.0;0.9318445438145668;0.9318445438145668;;1.0;1.0;;1.0;1.0";0.6974266652566279;0.7009542860488216;-0.7009542860488216;permutation
"Case245_8;1;8;1;1.0;1.0;1.0;1.0;0.8105940279542567;0.9725538580639992;0.9725538580639992;;1.0;1.0;;1.0;1.0";0.442934609391696;0.442934609391696;-0.43385071569130784;permutation
"Case251_8;0;8;0;0.9997260683972528;1.0;1.0;1.0;1.0;0.947138752091372;0.947138752091372;;1.0;1.0;;1.0;1.0";0.7219596644023376;0.7315804483810473;-0.7315804483810473;permutation
"Case260_8;1;8;1;0.9985344211147552;1.0;1.0;1.0;1.0;0.9381189051243476;0.9381189051243476;;1.0;1.0;;1.0;1.0";0.7439271211537247;0.7561134475267569;-0.7561134475267569;permutation
"Case27_8;0;8;0;0.9972556081473472;1.0;1.0;1.0;1.0;0.9569099298894552;0.9569099298894552;;1.0;1.0;;1.0;1.0";0.7144233836190151;0.7195544684076602;-0.7195544684076602;permutation
"Case72_8;0;8;0;0.9999255633125088;1.0;1.0;1.0;1.0;0.9674674696737661;0.9674674696737661;;1.0;1.0;;1.0;1.0";0.7161871940151119;0.715385462016886;-0.715385462016886;permutation
