"Case ID;Actual;Prefix Length;Prediction;Prediction Probability;SHAP Subset Stability;SHAP Weight Stability;SHAP Adjusted Weight Stability;LIME Subset Stability;LIME Weight Stability;LIME Adjusted Weight Stability;ACV Subset Stability;ACV Weight Stability;ACV Adjusted Weight Stability;LINDA Subset Stability;LINDA Weight Stability;LINDA Adjusted Weight Stability";MAPE Correctness;RMSE Correctness;R2 Correctness;Mode
"Case111_14;1;14;1;0.9789010219911348;1.0;1.0;1.0;0.3255004351610096;0.999973539266717;0.999973539266717;;1.0;1.0;;1.0;1.0";0.8064218639306248;0.8001692216495199;-0.8001692216495199;permutation
"Case11_14;1;14;1;0.9875540611452076;1.0;1.0;1.0;0.2421773142112124;0.999961805549371;0.999961805549371;;1.0;1.0;;1.0;1.0";0.802873066960268;0.7947615310280236;-0.40855886357113436;permutation
"Case178_14;0;14;0;0.9911590247975944;1.0;1.0;1.0;0.26225606853879113;0.9999857040103682;0.9999857040103682;;1.0;1.0;;1.0;1.0";0.804900950943329;0.7998312409856764;-0.7998312409856764;permutation
"Case187_14;1;14;1;0.9982359377404412;1.0;1.0;1.0;0.5999155246855641;0.9999816699722606;0.9999816699722606;1.0;1.0;1.0;;1.0;1.0";0.7849600917765617;0.7814112948062049;-0.7814112948062049;permutation
"Case223_14;0;14;0;0.9842754209041108;1.0;1.0;1.0;0.26225606853879113;0.99996643072767;0.99996643072767;;1.0;1.0;;1.0;1.0";0.805576912271016;0.8013521539729721;-0.8013521539729721;permutation
"Case245_14;1;14;1;0.9913301138087672;1.0;1.0;1.0;0.2421773142112124;0.9998993917535959;0.9998993917535959;;1.0;1.0;;1.0;1.0";0.7917197050534319;0.7863120144319358;-0.7863120144319358;permutation
"Case269_14;0;14;0;0.9952842961518727;1.0;1.0;1.0;0.3453163131218322;0.9999569959309336;0.9999569959309336;;1.0;1.0;;1.0;1.0";0.7972963860068499;0.7944235503641801;-0.7944235503641801;permutation
"Case273_14;0;14;0;0.9984279356578424;1.0;1.0;1.0;0.11587353324641447;0.9999582672911388;0.9999582672911388;;1.0;1.0;;1.0;1.0";0.7812423044742831;0.7716098555547429;-0.40855886357113436;permutation
