"Case ID;Actual;Prefix Length;Prediction;Prediction Probability;SHAP Subset Stability;SHAP Weight Stability;SHAP Adjusted Weight Stability;LIME Subset Stability;LIME Weight Stability;LIME Adjusted Weight Stability;ACV Subset Stability;ACV Weight Stability;ACV Adjusted Weight Stability;LINDA Subset Stability;LINDA Weight Stability;LINDA Adjusted Weight Stability";MAPE Correctness;RMSE Correctness;R2 Correctness;Mode
"Case103_12;1;12;1;0.8857552845689425;1.0;1.0;1.0;1.0;0.9997297254125272;0.9997297254125272;;1.0;1.0;;1.0;1.0";0.8529143066887581;0.8447428723300233;-0.4072423523259689;permutation
"Case10_12;1;12;1;0.8754845785814821;1.0;1.0;1.0;1.0;0.9995808374061972;0.9995808374061972;;1.0;1.0;;1.0;1.0";0.8644210203775887;0.8549154742868156;-0.4072423523259689;permutation
"Case115_12;1;12;1;0.8707103735125126;1.0;1.0;1.0;1.0;0.9997484431939472;0.9997484431939472;;1.0;1.0;;1.0;1.0";0.8629201446790457;0.8564163499853586;-0.8564163499853586;permutation
"Case11_12;1;12;1;0.7449966049792949;1.0;1.0;1.0;1.0;0.9994091719941672;0.9994091719941672;;1.0;1.0;;1.0;1.0";0.8749271502673907;0.8690904114397229;-0.8690904114397229;permutation
"Case223_12;0;12;0;0.5706789465726146;1.0;1.0;1.0;1.0;0.9995642667194488;0.9995642667194488;;1.0;1.0;;1.0;1.0";0.8827650566931159;0.8755942061334099;-0.8755942061334099;permutation
"Case263_12;0;12;0;0.8925256931715403;1.0;1.0;1.0;1.0;0.9977646222427612;0.9977646222427612;;1.0;1.0;;1.0;1.0";0.854581946353806;0.8475778597606047;-0.8475778597606047;permutation
"Case265_12;0;12;0;0.8420464630611736;1.0;1.0;1.0;1.0;0.999499286272146;0.999499286272146;;1.0;1.0;;1.0;1.0";0.8787627214970007;0.8709248150712757;-0.8709248150712757;permutation
"Case41_12;0;12;0;0.9110045455651254;1.0;1.0;1.0;1.0;0.9997776228790928;0.9997776228790928;;1.0;1.0;;1.0;1.0";0.8520804868562342;0.8455766921625473;-0.8455766921625473;permutation
