"Case ID;Actual;Prefix Length;Prediction;Prediction Probability;SHAP Subset Stability;SHAP Weight Stability;SHAP Adjusted Weight Stability;LIME Subset Stability;LIME Weight Stability;LIME Adjusted Weight Stability;ACV Subset Stability;ACV Weight Stability;ACV Adjusted Weight Stability;LINDA Subset Stability;LINDA Weight Stability;LINDA Adjusted Weight Stability";MAPE Correctness;RMSE Correctness;R2 Correctness;Mode
"Case174_2;1;2;1;0.9999623524570921;1.0;1.0;1.0;0.8129838774044218;0.9072342158529348;0.9072342158529348;;1.0;1.0;;1.0;1.0";0.42146229868178037;0.4330551813092922;-0.4330551813092922;permutation
"Case211_2;0;2;0;0.9999876734141341;1.0;1.0;1.0;0.8470750551876379;0.9828203054597672;0.9828203054597672;;1.0;1.0;;1.0;1.0";0.4678338291918278;0.4968160357606075;-0.38584671989090774;permutation
"Case241_2;1;2;1;0.7637722127870863;1.0;1.0;1.0;0.8359060402684564;0.9812069653085259;0.9812069653085259;;1.0;1.0;;1.0;1.0";0.38058213362687004;0.3912597886785257;-0.3912597886785257;permutation
"Case267_2;1;2;1;1.0;1.0;1.0;1.0;0.8344902706494849;0.9648049207990572;0.9648049207990572;;1.0;1.0;;1.0;1.0";;;;permutation
"Case26_2;1;2;1;0.9999997110357879;1.0;1.0;1.0;0.8607821254498247;0.9574308691509388;0.9574308691509388;;1.0;1.0;;1.0;1.0";0.4230800645823309;0.4358937387935859;-0.4358937387935859;permutation
"Case3_2;0;2;0;0.8027255642058327;1.0;1.0;1.0;0.8134778628495339;0.9633552738501732;0.9633552738501732;;1.0;1.0;;1.0;1.0";0.4478513604523008;0.491629746164089;-0.491629746164089;permutation
"Case46_2;0;2;0;0.9999999282783116;1.0;1.0;1.0;0.8389126997336884;0.8684348107196449;0.8684348107196449;;1.0;1.0;;1.0;1.0";0.4768335670210805;0.5151205872777315;-0.5151205872777315;permutation
"Case58_2;0;2;0;0.9998925583100948;1.0;1.0;1.0;0.7939171420479831;0.961705604084616;0.961705604084616;;1.0;1.0;;1.0;1.0";0.4914772082347797;0.5320522974310712;-0.5320522974310712;permutation
