"Case ID;Actual;Prefix Length;Prediction;Prediction Probability;SHAP Subset Stability;SHAP Weight Stability;SHAP Adjusted Weight Stability;LIME Subset Stability;LIME Weight Stability;LIME Adjusted Weight Stability;ACV Subset Stability;ACV Weight Stability;ACV Adjusted Weight Stability;LINDA Subset Stability;LINDA Weight Stability;LINDA Adjusted Weight Stability";MAPE Correctness;RMSE Correctness;R2 Correctness;Mode
"Case25_5;1;5;1;0.997669813710341;1.0;1.0;1.0;1.0;0.9693021042735342;0.9693021042735342;;1.0;1.0;;1.0;1.0";0.5766544991793118;0.6042832880853869;-0.6042832880853869;permutation
"Case267_5;1;5;1;1.0;1.0;1.0;1.0;1.0;-1.7430414009263262;-1.7430414009263262;;1.0;1.0;;1.0;1.0";0.3005141986523669;0.3010092797045125;-0.29890319344054517;permutation
"Case27_5;0;5;0;0.9980120376649388;1.0;1.0;1.0;1.0;0.9730773303808148;0.9730773303808148;;1.0;1.0;;1.0;1.0";0.4777156517558806;0.4874397506446109;;permutation
"Case29_5;1;5;1;1.0;1.0;1.0;1.0;1.0;-3.872012103313284;-3.872012103313284;;1.0;1.0;;1.0;1.0";0.5034324153604062;0.5059240943565656;-0.4710741161198192;permutation
"Case34_5;0;5;0;0.9965516740302244;1.0;1.0;1.0;1.0;0.9371584300108388;0.9371584300108388;;1.0;1.0;;1.0;1.0";0.46953506062726613;0.4828092273642631;-0.4828092273642631;permutation
"Case60_5;0;5;1;0.999997473322047;1.0;1.0;1.0;1.0;0.976790999098482;0.976790999098482;;1.0;1.0;;1.0;1.0";0.5752653421952074;0.5916265244524362;-0.386719785777183;permutation
"Case78_5;1;5;1;0.9948486082291496;1.0;1.0;1.0;1.0;0.9775995543252493;0.9775995543252493;;1.0;1.0;;1.0;1.0";0.5573606521778626;0.5842176872038798;-0.5842176872038798;permutation
"Case86_5;0;5;0;0.9998894654653824;1.0;1.0;1.0;1.0;0.9716896727623314;0.9716896727623314;;1.0;1.0;;1.0;1.0";0.49793560341339926;0.5104380162703382;-0.5104380162703382;permutation
