"Case ID;Actual;Prefix Length;Prediction;Prediction Probability;SHAP Subset Stability;SHAP Weight Stability;SHAP Adjusted Weight Stability;LIME Subset Stability;LIME Weight Stability;LIME Adjusted Weight Stability;ACV Subset Stability;ACV Weight Stability;ACV Adjusted Weight Stability;LINDA Subset Stability;LINDA Weight Stability;LINDA Adjusted Weight Stability";MAPE Correctness;RMSE Correctness;R2 Correctness;Mode
"Case17_6;1;6;1;0.994127627735043;1.0;1.0;1.0;1.0;0.9834345214864472;0.9834345214864472;;1.0;1.0;;1.0;1.0";0.7964615777860993;0.7955581333269413;-0.7955581333269413;permutation
"Case211_6;0;6;0;0.9880577026487553;1.0;1.0;1.0;1.0;0.9823884776766496;0.9823884776766496;;1.0;1.0;;1.0;1.0";0.7672502069399885;0.7649915957920933;-0.7649915957920933;permutation
"Case256_6;1;6;1;0.9984598323951388;1.0;1.0;1.0;1.0;0.9867744713670396;0.9867744713670396;;1.0;1.0;;1.0;1.0";0.8214568744894726;0.8240166337904204;-0.8240166337904204;permutation
"Case266_6;1;6;1;0.9673696571268532;1.0;1.0;1.0;1.0;0.9829201681427056;0.9829201681427056;;1.0;1.0;;1.0;1.0";0.8235649115608413;0.831695911693264;-0.831695911693264;permutation
"Case40_6;0;6;0;0.9764609731235454;1.0;1.0;1.0;0.8321048321048321;0.9857728787356752;0.9857728787356752;;1.0;1.0;;1.0;1.0";0.7631847068737773;0.7630341327972509;-0.7630341327972509;permutation
"Case46_6;0;6;0;0.8034442922082236;1.0;1.0;1.0;0.7838692672641012;0.9897031998460559;0.9897031998460559;;1.0;1.0;;1.0;1.0";0.7994730593166263;0.7951064110973622;-0.7951064110973622;permutation
"Case90_6;0;6;0;0.9357811525631906;1.0;1.0;1.0;0.9425528933725656;0.986282528346422;0.986282528346422;;1.0;1.0;;1.0;1.0";0.7708639847766208;0.770111114393989;-0.770111114393989;permutation
"Case95_6;1;6;1;0.9997076719215056;1.0;1.0;1.0;1.0;0.9845296809284172;0.9845296809284172;;1.0;1.0;;1.0;1.0";0.8074534853725225;0.8088086520612596;-0.8088086520612596;permutation
