Case ID;Actual;Prefix Length;Prediction;Prediction Probability;SHAP Subset Stability;SHAP Weight Stability;SHAP Adjusted Weight Stability;LIME Subset Stability;LIME Weight Stability;LIME Adjusted Weight Stability;ACV Subset Stability;ACV Weight Stability;ACV Adjusted Weight Stability;LINDA Subset Stability;LINDA Weight Stability;LINDA Adjusted Weight Stability;LIME Precision;LIME Recall;LIME Correlation;LINDA Precision;LINDA Recall;LINDA Correlation;SHAP Precision;SHAP Recall;SHAP Correlation
Case124_9;0;9;0;0.9969908089620712;1.0;1.0;1.0;1.0;0.9563441085887936;0.9563441085887936;;1.0;1.0;;1.0;1.0;1.0;1.0;0.5910769954879865;0.0062893081761006;1.0;0.0;0.0;0.0;0.6450939457202504
Case135_9;1;9;1;0.9995107685153124;1.0;1.0;1.0;1.0;0.9392260974395364;0.9392260974395364;;1.0;1.0;;1.0;1.0;1.0;1.0;0.627668240389225;0.0062893081761006;1.0;0.0;0.0;0.0;0.6325678496868475
Case209_9;0;9;0;0.9648867269920433;1.0;1.0;1.0;1.0;0.9560472792910436;0.9560472792910436;;1.0;1.0;;1.0;1.0;1.0;1.0;0.5424491568692356;0.0062893081761006;1.0;0.0;0.0;0.0;0.6971254215513089
Case20_9;1;9;1;0.9999999993094112;1.0;1.0;1.0;1.0;0.9449601923023008;0.9449601923023008;1.0;1.0;1.0;;1.0;1.0;1.0;1.0;0.5556091660003827;0.0062893081761006;1.0;0.0;0.0;0.0;0.7163448032432805
Case252_9;0;9;0;0.999999985560617;1.0;1.0;1.0;1.0;0.9765482606729592;0.9765482606729592;1.0;1.0;1.0;;1.0;1.0;1.0;1.0;0.6143477433418444;0.0062893081761006;1.0;0.0;0.0;0.0;0.663240725871206
Case267_9;1;9;1;0.9999787898737222;1.0;1.0;1.0;1.0;0.9721880860170536;0.9721880860170536;;1.0;1.0;;1.0;1.0;1.0;1.0;0.6753331515105749;0.0062893081761006;1.0;0.0;0.0;0.0;0.6544082222579091
Case268_9;1;9;1;0.9891919240926812;1.0;1.0;1.0;1.0;0.956360274223462;0.956360274223462;;1.0;1.0;;1.0;1.0;1.0;1.0;0.5864228459172149;0.0062893081761006;1.0;0.0;0.0;0.0;0.6664525453669503
Case274_9;0;9;0;0.9992282605110516;1.0;1.0;1.0;1.0;0.9736992772474444;0.9736992772474444;1.0;1.0;1.0;;1.0;1.0;1.0;1.0;0.6961965806209301;0.0062893081761006;1.0;0.0;0.0;0.0;0.6476634013168459
