Case ID;Actual;Prefix Length;Prediction;Prediction Probability;SHAP Subset Stability;SHAP Weight Stability;SHAP Adjusted Weight Stability;LIME Subset Stability;LIME Weight Stability;LIME Adjusted Weight Stability;ACV Subset Stability;ACV Weight Stability;ACV Adjusted Weight Stability;LINDA Subset Stability;LINDA Weight Stability;LINDA Adjusted Weight Stability;LIME Precision;LIME Recall;LIME Correlation;LINDA Precision;LINDA Recall;LINDA Correlation;SHAP Precision;SHAP Recall;SHAP Correlation
Case188_7;1;7;1;0.9994362103207618;1.0;1.0;1.0;1.0;0.9772407506355998;0.9772407506355998;;1.0;1.0;;1.0;1.0;0.0;0.0;0.7495116401072954;0.0124223602484472;1.0;0.0;1.0;0.5;0.49824694812004755
Case257_7;1;7;1;0.9986599328593914;1.0;1.0;1.0;1.0;0.9647945858696482;0.9647945858696482;;1.0;1.0;;1.0;1.0;0.0;0.0;0.5975772680146383;0.0124223602484472;1.0;0.0;0.0;0.0;0.5202392443042814
Case258_7;1;7;1;0.9987265567300851;1.0;1.0;1.0;1.0;0.9066890496276192;0.9066890496276192;;1.0;1.0;;1.0;1.0;0.0;0.0;0.6293084177418083;0.0124223602484472;1.0;0.0;0.0;0.0;0.5062986068198791
Case46_7;0;7;0;0.9991444044858098;1.0;1.0;1.0;1.0;0.9021894122032704;0.9021894122032704;;1.0;1.0;;1.0;1.0;0.0;0.0;0.6665104553529734;0.0124223602484472;1.0;0.0;0.0;0.0;0.5595264953966875
Case55_7;1;7;1;0.9998223288937984;1.0;1.0;1.0;1.0;0.8161491313871685;0.8161491313871685;;1.0;1.0;;1.0;1.0;0.0;0.0;0.6280579290826096;0.0124223602484472;1.0;0.0;0.0;0.0;0.5046554802313669
Case64_7;0;7;0;0.9970295918846482;1.0;1.0;1.0;1.0;0.9115717405735264;0.9115717405735264;;1.0;1.0;;1.0;1.0;0.0;0.0;0.6896444955481517;0.0124223602484472;1.0;0.0;0.0;0.0;0.46796185373777316
Case67_7;0;7;0;0.9957859742898426;1.0;1.0;1.0;1.0;0.9452095403577376;0.9452095403577376;;1.0;1.0;;1.0;1.0;0.0;0.0;0.6516609025249874;0.0124223602484472;1.0;0.0;0.0;0.0;0.4674866047326231
Case96_7;0;7;1;0.7016903999561093;1.0;1.0;1.0;1.0;0.9450651816587567;0.9450651816587567;;1.0;1.0;;1.0;1.0;0.0;0.0;0.7194999122865237;0.0124223602484472;1.0;0.0;0.0;0.0;0.46697389141745904
