Case ID;Actual;Prefix Length;Prediction;Prediction Probability;SHAP Subset Stability;SHAP Weight Stability;SHAP Adjusted Weight Stability;LIME Subset Stability;LIME Weight Stability;LIME Adjusted Weight Stability;ACV Subset Stability;ACV Weight Stability;ACV Adjusted Weight Stability;LINDA Subset Stability;LINDA Weight Stability;LINDA Adjusted Weight Stability;LIME Precision;LIME Recall;LIME Correlation;LINDA Precision;LINDA Recall;LINDA Correlation;SHAP Precision;SHAP Recall;SHAP Correlation
Case25_5;1;5;1;0.997669813710341;1.0;1.0;1.0;1.0;0.9693021042735342;0.9693021042735342;;1.0;1.0;;1.0;1.0;0.0;0.0;0.6036658849813404;0.0061728395061728;1.0;0.0;0.0;0.0;0.46656287859172646
Case267_5;1;5;1;1.0;1.0;1.0;1.0;1.0;-1.7430414009263262;-1.7430414009263262;;1.0;1.0;;1.0;1.0;0.0;0.0;0.6183292087024419;0.0061728395061728;1.0;0.0;1.0;1.0;0.45689504635477957
Case27_5;0;5;0;0.9980120376649388;1.0;1.0;1.0;1.0;0.9730773303808148;0.9730773303808148;;1.0;1.0;;1.0;1.0;0.0;0.0;0.5970288016128421;0.0061728395061728;1.0;0.0;0.0;0.0;0.46625043065695887
Case29_5;1;5;1;1.0;1.0;1.0;1.0;1.0;-3.872012103313284;-3.872012103313284;;1.0;1.0;;1.0;1.0;0.0;0.0;0.5538105843295961;0.0061728395061728;1.0;0.0;0.0;0.0;0.41828967267013145
Case34_5;0;5;0;0.9965516740302244;1.0;1.0;1.0;1.0;0.9371584300108388;0.9371584300108388;;1.0;1.0;;1.0;1.0;0.0;0.0;0.586378598068042;0.0061728395061728;1.0;0.0;0.0;0.0;0.4500209201658207
Case60_5;0;5;1;0.999997473322047;1.0;1.0;1.0;1.0;0.976790999098482;0.976790999098482;;1.0;1.0;;1.0;1.0;0.0;0.0;0.5766544991793118;0.0061728395061728;1.0;0.0;0.0;0.0;0.41611897964300065
Case78_5;1;5;1;0.9948486082291496;1.0;1.0;1.0;1.0;0.9775995543252493;0.9775995543252493;;1.0;1.0;;1.0;1.0;0.0;0.0;0.6147791408541753;0.0061728395061728;1.0;0.0;0.0;0.0;0.4370538184911936
Case86_5;0;5;0;0.9998894654653824;1.0;1.0;1.0;1.0;0.9716896727623314;0.9716896727623314;;1.0;1.0;;1.0;1.0;0.0;0.0;0.6187922610304767;0.0061728395061728;1.0;0.0;0.0;0.0;0.4440666272884589
