Case ID;Actual;Prefix Length;Prediction;Prediction Probability;SHAP Subset Stability;SHAP Weight Stability;SHAP Adjusted Weight Stability;LIME Subset Stability;LIME Weight Stability;LIME Adjusted Weight Stability;ACV Subset Stability;ACV Weight Stability;ACV Adjusted Weight Stability;LINDA Subset Stability;LINDA Weight Stability;LINDA Adjusted Weight Stability;LIME Precision;LIME Recall;LIME Correlation;LINDA Precision;LINDA Recall;LINDA Correlation;SHAP Precision;SHAP Recall;SHAP Correlation
Case118_3;1;3;1;0.9999996557033596;1.0;1.0;1.0;0.9709302325581396;0.979683435737374;0.979683435737374;;1.0;1.0;;1.0;1.0;0.0;0.0;0.6798626794153813;0.0061728395061728;1.0;0.0;0.0;0.0;0.4549355912690491
Case126_3;1;3;1;0.999999999864954;1.0;1.0;1.0;0.9368199368199368;0.9647171040272404;0.9647171040272404;;1.0;1.0;;1.0;1.0;0.0;0.0;0.6266157726280245;0.0061728395061728;1.0;0.0;0.0;0.0;0.4425531927469975
Case134_3;0;3;1;0.9999999997489272;1.0;1.0;1.0;0.9186616323907456;0.9534762944178964;0.9534762944178964;;1.0;1.0;;1.0;1.0;0.5;1.0;0.6218312679601748;0.0061728395061728;1.0;0.0;0.0;0.0;0.4641832053551383
Case208_3;1;3;1;0.999982706592418;1.0;1.0;1.0;0.9186616323907456;0.9840062075082274;0.9840062075082274;;1.0;1.0;;1.0;1.0;0.3333333333333333;1.0;0.6318632938766335;0.0061728395061728;1.0;0.0;0.0;0.0;0.43832123375844817
Case256_3;1;3;1;0.9916354046811182;1.0;1.0;1.0;0.9511969794344473;0.974358122608008;0.974358122608008;;1.0;1.0;;1.0;1.0;0.3333333333333333;1.0;0.6105645311616907;0.0061728395061728;1.0;0.0;0.0;0.0;0.4492929792843167
Case269_3;0;3;0;0.97697577342012;1.0;1.0;1.0;1.0;0.8568073708488659;0.8568073708488659;;1.0;1.0;;1.0;1.0;0.3333333333333333;1.0;0.6253810617459987;0.0061728395061728;1.0;0.0;0.0;0.0;0.49709844193274394
Case46_3;0;3;0;0.9998435955984752;1.0;1.0;1.0;0.9709302325581396;0.9795055908903784;0.9795055908903784;;1.0;1.0;;1.0;1.0;0.3333333333333333;1.0;0.5855616358006711;0.0061728395061728;1.0;0.0;0.0;0.0;0.44208297508160316
Case83_3;0;3;1;1.0;1.0;1.0;1.0;0.9526149526149528;0.9834738541538663;0.9834738541538663;;1.0;1.0;;1.0;1.0;0.5;1.0;0.6281591612305565;0.0061728395061728;1.0;0.0;0.0;0.0;0.40509251873724633
