Case ID;Actual;Prefix Length;Prediction;Prediction Probability;SHAP Subset Stability;SHAP Weight Stability;SHAP Adjusted Weight Stability;LIME Subset Stability;LIME Weight Stability;LIME Adjusted Weight Stability;ACV Subset Stability;ACV Weight Stability;ACV Adjusted Weight Stability;LINDA Subset Stability;LINDA Weight Stability;LINDA Adjusted Weight Stability;LIME Precision;LIME Recall;LIME Correlation;LINDA Precision;LINDA Recall;LINDA Correlation;SHAP Precision;SHAP Recall;SHAP Correlation
Case17_6;1;6;1;0.994127627735043;1.0;1.0;1.0;1.0;0.9834345214864472;0.9834345214864472;;1.0;1.0;;1.0;1.0;1.0;1.0;0.6466403716423866;0.0060975609756097;1.0;0.0;0.0;0.0;0.5020321753398073
Case211_6;0;6;0;0.9880577026487553;1.0;1.0;1.0;1.0;0.9823884776766496;0.9823884776766496;;1.0;1.0;;1.0;1.0;1.0;1.0;0.6466403716423866;0.0060975609756097;1.0;0.0;0.0;0.0;0.47582594342525586
Case256_6;1;6;1;0.9984598323951388;1.0;1.0;1.0;1.0;0.9867744713670396;0.9867744713670396;;1.0;1.0;;1.0;1.0;1.0;1.0;0.593939444858166;0.0060975609756097;1.0;0.0;0.0;0.0;0.4816481979891192
Case266_6;1;6;1;0.9673696571268532;1.0;1.0;1.0;1.0;0.9829201681427056;0.9829201681427056;;1.0;1.0;;1.0;1.0;1.0;1.0;0.6264634453878564;0.0060975609756097;1.0;0.0;0.0;0.0;0.4997467481379569
Case40_6;0;6;0;0.9764609731235454;1.0;1.0;1.0;0.8321048321048321;0.9857728787356752;0.9857728787356752;;1.0;1.0;;1.0;1.0;1.0;1.0;0.6112554636586955;0.0060975609756097;1.0;0.0;0.0;0.0;0.4773495615598228
Case46_6;0;6;0;0.8034442922082236;1.0;1.0;1.0;0.7838692672641012;0.989703199846056;0.989703199846056;;1.0;1.0;;1.0;1.0;1.0;1.0;0.6368530566681742;0.0060975609756097;1.0;0.0;0.0;0.0;0.5497214229517525
Case90_6;0;6;0;0.9357811525631906;1.0;1.0;1.0;0.9425528933725656;0.986282528346422;0.986282528346422;;1.0;1.0;;1.0;1.0;1.0;1.0;0.6282703343061725;0.0060975609756097;1.0;0.0;1.0;1.0;0.5025000871104682
Case95_6;1;6;1;0.9997076719215056;1.0;1.0;1.0;1.0;0.9845296809284172;0.9845296809284172;;1.0;1.0;;1.0;1.0;1.0;1.0;0.6333898529080683;0.0060975609756097;1.0;0.0;0.0;0.0;0.47277870715612197
