Case ID;Actual;Prefix Length;Prediction;Prediction Probability;SHAP Subset Stability;SHAP Weight Stability;SHAP Adjusted Weight Stability;LIME Subset Stability;LIME Weight Stability;LIME Adjusted Weight Stability;ACV Subset Stability;ACV Weight Stability;ACV Adjusted Weight Stability;LINDA Subset Stability;LINDA Weight Stability;LINDA Adjusted Weight Stability;LINDA Precision;LINDA Recall;LINDA Correlation;SHAP Precision;SHAP Recall;SHAP Correlation
Case111_14;1;14;1;0.9789010219911348;1.0;1.0;1.0;0.3255004351610096;0.999973539266717;0.999973539266717;;1.0;1.0;;1.0;1.0;0.0129032258064516;1.0;0.0;0.0;0.0;0.5753181419761396
Case11_14;1;14;1;0.9875540611452076;1.0;1.0;1.0;0.2421773142112124;0.999961805549371;0.999961805549371;;1.0;1.0;;1.0;1.0;0.0129032258064516;1.0;0.0;0.0;0.0;0.6265854895991883
Case178_14;0;14;0;0.9911590247975944;1.0;1.0;1.0;0.2622560685387911;0.9999857040103682;0.9999857040103682;;1.0;1.0;;1.0;1.0;0.0129032258064516;1.0;0.0;0.0;0.0;0.6182986639607645
Case187_14;1;14;1;0.9982359377404412;1.0;1.0;1.0;0.5999155246855641;0.9999816699722606;0.9999816699722606;1.0;1.0;1.0;;1.0;1.0;0.0129032258064516;1.0;0.0;0.0;0.0;0.6583798410282429
Case223_14;0;14;0;0.9842754209041108;1.0;1.0;1.0;0.2622560685387911;0.99996643072767;0.99996643072767;;1.0;1.0;;1.0;1.0;0.0129032258064516;1.0;0.0;0.0;0.0;0.6064347022711454
Case245_14;1;14;1;0.9913301138087672;1.0;1.0;1.0;0.2421773142112124;0.999899391753596;0.999899391753596;;1.0;1.0;;1.0;1.0;0.0129032258064516;1.0;0.0;0.0;0.0;0.5829281703091574
Case269_14;0;14;0;0.9952842961518727;1.0;1.0;1.0;0.3453163131218322;0.9999569959309336;0.9999569959309336;;1.0;1.0;;1.0;1.0;0.0129032258064516;1.0;0.0;0.0;0.0;0.62771130240879
Case273_14;0;14;0;0.9984279356578424;1.0;1.0;1.0;0.1158735332464144;0.9999582672911388;0.9999582672911388;;1.0;1.0;;1.0;1.0;0.0129032258064516;1.0;0.0;0.0;0.0;0.5846192877164946
