Case ID;Actual;Prefix Length;Prediction;Prediction Probability;SHAP Subset Stability;SHAP Weight Stability;SHAP Adjusted Weight Stability;LIME Subset Stability;LIME Weight Stability;LIME Adjusted Weight Stability;ACV Subset Stability;ACV Weight Stability;ACV Adjusted Weight Stability;LINDA Subset Stability;LINDA Weight Stability;LINDA Adjusted Weight Stability;LIME Precision;LIME Recall;LIME Correlation;LINDA Precision;LINDA Recall;LINDA Correlation;SHAP Precision;SHAP Recall;SHAP Correlation
Case124_4;0;4;0;0.9999910494425164;1.0;1.0;1.0;0.9461041985494708;0.97523053549328;0.97523053549328;;1.0;1.0;;1.0;1.0;1.0;1.0;0.585369837149057;0.0061728395061728;1.0;0.0;0.0;0.0;0.47395996814595426
Case174_4;1;4;1;0.999999995219367;1.0;1.0;1.0;1.0;0.9613062891018628;0.9613062891018628;;1.0;1.0;;1.0;1.0;1.0;1.0;0.5741334453236874;0.0061728395061728;1.0;0.0;0.0;0.0;0.46024007433120295
Case25_4;1;4;1;0.9804254571230429;1.0;1.0;1.0;1.0;0.9712506432791967;0.9712506432791967;;1.0;1.0;;1.0;1.0;1.0;1.0;0.5191828716023585;0.0061728395061728;1.0;0.0;0.0;0.0;0.46616457393302735
Case45_4;1;4;0;0.9422678760632472;1.0;1.0;1.0;1.0;0.9774530815691012;0.9774530815691012;;1.0;1.0;;1.0;1.0;1.0;1.0;0.5513528153215678;0.0061728395061728;1.0;0.0;0.0;0.0;0.48643259888663726
Case47_4;0;4;0;0.99999992437141;1.0;1.0;1.0;0.9461041985494708;0.9808561781361682;0.9808561781361682;;1.0;1.0;;1.0;1.0;1.0;1.0;0.6046102341103067;0.0061728395061728;1.0;0.0;0.0;0.0;0.46600866604876884
Case53_4;1;4;1;0.9999856095899304;1.0;1.0;1.0;1.0;0.9706130972899184;0.9706130972899184;;1.0;1.0;;1.0;1.0;1.0;1.0;0.6263134018825962;0.0061728395061728;1.0;0.0;0.0;0.0;0.4700481789673812
Case60_4;0;4;1;0.9999998591263723;1.0;1.0;1.0;1.0;0.9782599287559308;0.9782599287559308;;1.0;1.0;;1.0;1.0;1.0;1.0;0.6129220855975664;0.0061728395061728;1.0;0.0;0.0;0.0;0.4705299946922665
Case68_4;0;4;0;0.9999999986473784;1.0;1.0;1.0;1.0;0.7238833105337701;0.7238833105337701;;1.0;1.0;;1.0;1.0;1.0;1.0;0.5995307693125368;0.0061728395061728;1.0;0.0;0.0;0.0;0.5137164786318813
