Case ID;Actual;Prefix Length;Prediction;Prediction Probability;MAPE Correctness;RMSE Correctness;R2 Correctness;Mode
207539_11;0;11;1;0.5170731707317073;;;;baseline_mean
208382_11;0;11;1;0.6218487394957983;0.4759837562753119;0.4759837562753119;-0.4759837562753119;baseline_mean
208805_11;0;11;1;0.5542168674698795;0.3757930592922176;0.3757930592922176;-0.3757930592922176;baseline_mean
208901_11;1;11;1;0.6443298969072165;0.35931599076670284;0.35931599076670284;-0.35931599076670284;baseline_mean
209502_11;1;11;0;0.7090909090909091;0.7038853212381584;0.7038853212381584;-0.7038853212381584;baseline_mean
210347_11;1;11;1;0.5170731707317073;;;;baseline_mean
210617_11;0;11;1;0.6218487394957983;0.4759837562753119;0.4759837562753119;-0.4759837562753119;baseline_mean
211952_11;1;11;0;0.6336633663366337;0.2701911870460568;0.2701911870460568;-0.2701911870460568;baseline_mean
