Case ID;Actual;Prefix Length;Prediction;Prediction Probability;MAPE Correctness;RMSE Correctness;R2 Correctness;Mode
204523_5;1;5;1;0.8571428571428571;0.7760854680867678;0.7760854680867678;-0.7900290735041071;baseline_mean
206718_5;1;5;0;0.7321428571428571;0.5641979034275605;0.5641979034275605;-0.5641979034275605;baseline_mean
207632_5;0;5;1;0.629746835443038;0.31082422568561857;0.31082422568561857;-0.31082422568561857;baseline_mean
208124_5;1;5;0;0.5628140703517588;0.5139495927959494;0.5139495927959494;-0.5139495927959494;baseline_mean
211317_5;0;5;0;0.7666666666666667;0.5576425044453972;0.5576425044453972;-0.5576425044453972;baseline_mean
211528_5;0;5;0;0.7666666666666667;0.5576425044453972;0.5576425044453972;-0.5576425044453972;baseline_mean
213159_5;0;5;1;0.5149501661129569;;;;baseline_mean
213675_5;1;5;1;0.8571428571428571;0.7841696917126717;0.7841696917126717;-0.7900290735041071;baseline_mean
