Case ID;Actual;Prefix Length;Prediction;Prediction Probability;MAPE Correctness;RMSE Correctness;R2 Correctness;Mode
204718.0;1.0;1.0;1.0;0.5294117647058824;0.9759036144578314;0.9759036144578314;-0.9939576486092934;baseline_min
206219.0;0.0;1.0;1.0;0.5294117647058824;0.9759036144578314;0.9759036144578314;-0.9939576486092934;baseline_min
207026.0;1.0;1.0;1.0;0.5294117647058824;0.9759036144578314;0.9759036144578314;-0.9939576486092934;baseline_min
207464.0;0.0;1.0;1.0;0.5294117647058824;0.9759036144578314;0.9759036144578314;-0.9939576486092934;baseline_min
208070.0;0.0;1.0;1.0;0.5294117647058824;0.9759036144578314;0.9759036144578314;-0.9939576486092934;baseline_min
210806.0;1.0;1.0;1.0;0.5294117647058824;0.9759036144578314;0.9759036144578314;-0.9939576486092934;baseline_min
210866.0;0.0;1.0;0.0;0.7857142857142857;0.7113537069458078;0.7113537069458078;-0.7113537069458078;baseline_min
210969.0;1.0;1.0;1.0;0.5294117647058824;0.9759036144578314;0.9759036144578314;-0.9939576486092934;baseline_min
