Case ID;Actual;Prefix Length;Prediction;Prediction Probability;MAPE Correctness;RMSE Correctness;R2 Correctness;Mode
206513_4;1;4;1;0.5128205128205128;0.7836619594006179;0.7836619594006179;-0.7810000104133336;baseline_min
207023_4;1;4;1;0.5496264674493063;0.49293564871296397;0.49293564871296397;-0.49293564871296397;baseline_min
209057_4;0;4;1;0.5462068965517242;0.680792712809103;0.680792712809103;-0.6819770954324733;baseline_min
209721_4;1;4;1;0.5079787234042553;0.6162612332901863;0.6162612332901863;-0.6143954050028453;baseline_min
210200_4;1;4;1;0.5462068965517242;0.680792712809103;0.680792712809103;-0.6819770954324733;baseline_min
210581_4;0;4;0;0.5670241286863271;1.0;1.0;-1.0;baseline_min
212184_4;0;4;0;0.5670241286863271;1.0;1.0;-1.0;baseline_min
212845_4;0;4;1;0.5128205128205128;0.7836619594006179;0.7836619594006179;-0.7810000104133336;baseline_min
