Case ID;Actual;Prefix Length;Prediction;Prediction Probability;MAPE Correctness;RMSE Correctness;R2 Correctness;Mode
207539_11;0;11;1;0.5170731707317073;0.6229838678479446;0.6229838678479446;-0.6229838678479446;baseline_min
208382_11;0;11;1;0.6218487394957983;0.8574005963579934;0.8574005963579934;-0.8574005963579934;baseline_min
208805_11;0;11;1;0.5542168674698795;0.6432441426832898;0.6432441426832898;-0.6432441426832898;baseline_min
208901_11;1;11;1;0.6443298969072165;0.5816271913002999;0.5816271913002999;-0.5816271913002999;baseline_min
209502_11;1;11;0;0.7090909090909091;0.9977142827254393;0.9977142827254393;-1.0;baseline_min
210347_11;1;11;1;0.5170731707317073;0.6246297961645838;0.6246297961645838;-0.6246297961645838;baseline_min
210617_11;0;11;1;0.6218487394957983;0.8627095783787859;0.8627095783787859;-0.8627095783787859;baseline_min
211952_11;1;11;0;0.6336633663366337;0.6680567417867134;0.6680567417867134;-0.6770056242236022;baseline_min
