Case ID;Actual;Prefix Length;Prediction;Prediction Probability;MAPE Correctness;RMSE Correctness;R2 Correctness;Mode
206342_10;0;10;0;0.5628140703517588;;;;baseline_min
206411_10;0;10;0;0.5628140703517588;;;;baseline_min
207029_10;1;10;1;0.5434402332361516;0.7087341867480627;0.7087341867480627;-0.7087341867480627;baseline_min
207440_10;1;10;0;0.5628140703517588;;;;baseline_min
208778_10;1;10;1;0.5434402332361516;0.7087341867480627;0.7087341867480627;-0.7087341867480627;baseline_min
209607_10;0;10;1;0.5434402332361516;0.7087341867480627;0.7087341867480627;-0.7087341867480627;baseline_min
211576_10;0;10;0;0.5152284263959391;0.990783410138249;0.990783410138249;-0.990783410138249;baseline_min
213342_10;1;10;1;0.5434402332361516;0.7087341867480627;0.7087341867480627;-0.7087341867480627;baseline_min
