Case ID;Actual;Prefix Length;Prediction;Prediction Probability;MAPE Correctness;RMSE Correctness;R2 Correctness;Mode
205831_6;1;6;1;0.5545851528384279;0.2353586466751226;0.2353586466751226;-0.2353586466751226;baseline_mean
206447_6;0;6;0;0.5287356321839081;0.33526235043055097;0.33526235043055097;-0.33769081675298523;baseline_mean
207284_6;1;6;1;0.5567010309278351;0.8027927116617279;0.8027927116617279;-0.8027927116617279;baseline_mean
209461_6;0;6;0;0.5340909090909091;;;;baseline_mean
210344_6;0;6;1;0.5545851528384279;0.2353586466751226;0.2353586466751226;-0.2353586466751226;baseline_mean
210629_6;0;6;1;0.6610169491525424;0.48136606310923774;0.48136606310923774;-0.48136606310923774;baseline_mean
211381_6;1;6;1;0.5157894736842106;0.35046326265696787;0.35046326265696787;-0.35046326265696787;baseline_mean
213906_6;1;6;1;0.5567010309278351;0.8027927116617279;0.8027927116617279;-0.8027927116617279;baseline_mean
