Case ID;Actual;Prefix Length;Prediction;Prediction Probability;MAPE Correctness;RMSE Correctness;R2 Correctness;Mode
204523_5;1;5;1;0.8571428571428571;0.8852091567855265;0.8852091567855265;-0.9060328484045487;baseline_max
206718_5;1;5;0;0.7321428571428571;0.5641979034275605;0.5641979034275605;-0.5641979034275605;baseline_max
207632_5;0;5;1;0.629746835443038;0.6825149597608093;0.6825149597608093;-0.6825149597608093;baseline_max
208124_5;1;5;0;0.5628140703517588;0.7695130096020553;0.7695130096020553;-0.7695130096020553;baseline_max
211317_5;0;5;0;0.7666666666666667;0.8025247105524825;0.8025247105524825;-0.8025247105524825;baseline_max
211528_5;0;5;0;0.7666666666666667;0.8025247105524825;0.8025247105524825;-0.8025247105524825;baseline_max
213159_5;0;5;1;0.5149501661129569;0.7554979504222321;0.7554979504222321;-0.7599049013618419;baseline_max
213675_5;1;5;1;0.8571428571428571;0.8852091567855265;0.8852091567855265;-0.9060328484045487;baseline_max
