Case ID;Actual;Prefix Length;Prediction;Prediction Probability;MAPE Correctness;RMSE Correctness;R2 Correctness;Mode
206369_12;0;12;0;0.6271186440677966;0.49448932593057704;0.49448932593057704;-0.49794330965408734;baseline_min
208184_12;1;12;1;0.6060606060606061;0.6247510590219637;0.6247510590219637;-0.6228550646751843;baseline_min
208508_12;0;12;1;0.5380710659898477;0.6676664420315664;0.6676664420315664;-0.6676664420315664;baseline_min
209206_12;1;12;0;1.0;0.6405373770295536;0.6405373770295536;-0.6414660391567523;baseline_min
209721_12;1;12;0;0.6271186440677966;0.4995351353788482;0.4995351353788482;-0.49794330965408734;baseline_min
211086_12;0;12;1;0.6470588235294118;0.5328981731237945;0.5328981731237945;-0.5336491955661353;baseline_min
212413_12;0;12;0;0.6271186440677966;0.4919664212064414;0.4919664212064414;-0.49794330965408734;baseline_min
212602_12;1;12;0;0.6271186440677966;0.4919664212064414;0.4919664212064414;-0.49794330965408734;baseline_min
