Case ID;Actual;Prefix Length;Prediction;Prediction Probability;MAPE Correctness;RMSE Correctness;R2 Correctness;Mode
207539_11;0;11;1;0.5170731707317073;0.7375341303553435;0.7375341303553435;-0.7375341303553435;baseline_max
208382_11;0;11;1;0.6218487394957983;0.7038705775597797;0.7038705775597797;-0.7038705775597797;baseline_max
208805_11;0;11;1;0.5542168674698795;0.816004867709019;0.816004867709019;-0.816004867709019;baseline_max
208901_11;1;11;1;0.6443298969072165;0.768818001055591;0.768818001055591;-0.768818001055591;baseline_max
209502_11;1;11;0;0.7090909090909091;;;;baseline_max
210347_11;1;11;1;0.5170731707317073;0.7375341303553435;0.7375341303553435;-0.7375341303553435;baseline_max
210617_11;0;11;1;0.6218487394957983;0.7038705775597797;0.7038705775597797;-0.7038705775597797;baseline_max
211952_11;1;11;0;0.6336633663366337;0.8171003685996193;0.8171003685996193;-0.82423528502205;baseline_max
