Case ID;Actual;Prefix Length;Prediction;Prediction Probability;MAPE Correctness;RMSE Correctness;R2 Correctness;Mode
204838_13;0;13;1;0.51985559566787;0.8934592029802069;0.8934592029802069;-0.8934592029802069;baseline_max
204847_13;0;13;1;0.5450980392156862;0.8709811691198638;0.8709811691198638;-0.8709811691198638;baseline_max
204891_13;0;13;1;0.548941798941799;0.8931614807888627;0.8931614807888627;-0.8931614807888627;baseline_max
205960_13;0;13;0;0.5287128712871287;0.8965072319945557;0.8965072319945557;-0.8965072319945557;baseline_max
207440_13;1;13;1;0.51985559566787;0.8934592029802069;0.8934592029802069;-0.8934592029802069;baseline_max
209449_13;1;13;1;0.548941798941799;0.8931614807888627;0.8931614807888627;-0.8931614807888627;baseline_max
211588_13;1;13;0;0.5287128712871287;0.8965072319945557;0.8965072319945557;-0.8965072319945557;baseline_max
212761_13;1;13;1;0.548941798941799;0.8931614807888627;0.8931614807888627;-0.8931614807888627;baseline_max
