Case ID;Actual;Prefix Length;Prediction;Prediction Probability;MAPE Correctness;RMSE Correctness;R2 Correctness;Mode
206513_4;1;4;1;0.5128205128205128;0.6753895960407769;0.6753895960407769;-0.6765430149907803;baseline_mean
207023_4;1;4;1;0.5496264674493063;0.6950650441921162;0.6950650441921162;-0.6950650441921162;baseline_mean
209057_4;0;4;1;0.5462068965517242;0.5641905379076856;0.5641905379076856;-0.5624823618806815;baseline_mean
209721_4;1;4;1;0.5079787234042553;0.4523247739726682;0.4523247739726682;-0.4523247739726682;baseline_mean
210200_4;1;4;1;0.5462068965517242;0.5641905379076856;0.5641905379076856;-0.5624823618806815;baseline_mean
210581_4;0;4;0;0.5670241286863271;;;;baseline_mean
212184_4;0;4;0;0.5670241286863271;;;;baseline_mean
212845_4;0;4;1;0.5128205128205128;0.6753895960407769;0.6753895960407769;-0.6765430149907803;baseline_mean
