Case ID;Actual;Prefix Length;Prediction;Prediction Probability;MAPE Correctness;RMSE Correctness;R2 Correctness;Mode
204891_7;0;7;1;0.6071428571428571;0.9251224997908177;0.9251224997908177;-0.930699605959068;baseline_max
205179_7;0;7;0;0.6;0.8484851547244883;0.8484851547244883;-0.8484851547244883;baseline_max
208379_7;0;7;1;0.5867346938775511;0.8184200148791066;0.8184200148791066;-0.8184200148791066;baseline_max
210722_7;1;7;1;0.6666666666666666;0.7388538112594383;0.7388538112594383;-0.7388538112594383;baseline_max
211038_7;1;7;1;0.625;0.8849212329055293;0.8849212329055293;-0.8891324906123873;baseline_max
211059_7;0;7;1;0.574468085106383;0.8182528323998634;0.8182528323998634;-0.8182528323998634;baseline_max
213091_7;1;7;0;1.0;0.837607628551791;0.837607628551791;-0.8610397500643969;baseline_max
213906_7;1;7;1;0.574468085106383;0.8100959127973888;0.8100959127973888;-0.8100959127973888;baseline_max
