Case ID;Actual;Prefix Length;Prediction;Prediction Probability;MAPE Correctness;RMSE Correctness;R2 Correctness;Mode
206513_4;1;4;1;0.5128205128205128;0.5707892576492959;0.5707892576492959;-0.5757172409837562;baseline_max
207023_4;1;4;1;0.5496264674493063;0.8487576864981019;0.8487576864981019;-0.8487576864981019;baseline_max
209057_4;0;4;1;0.5462068965517242;0.6861958295774293;0.6861958295774293;-0.6874111758741663;baseline_max
209721_4;1;4;1;0.5079787234042553;0.7554285139162784;0.7554285139162784;-0.7567898492589207;baseline_max
210200_4;1;4;1;0.5462068965517242;0.6861958295774293;0.6861958295774293;-0.6874111758741663;baseline_max
210581_4;0;4;0;0.5670241286863271;;;;baseline_max
212184_4;0;4;0;0.5670241286863271;;;;baseline_max
212845_4;0;4;1;0.5128205128205128;0.5707892576492959;0.5707892576492959;-0.5757172409837562;baseline_max
