Case ID;Actual;Prefix Length;Prediction;Prediction Probability;MAPE Correctness;RMSE Correctness;R2 Correctness;Mode
205643_3;0;3;0;0.5383008356545961;1.0;1.0;-1.0;baseline_max
205954_3;1;3;0;0.5383008356545961;1.0;1.0;-1.0;baseline_max
206561_3;0;3;0;0.5383008356545961;1.0;1.0;-1.0;baseline_max
206594_3;1;3;1;0.5263662511984659;;;;baseline_max
208277_3;1;3;1;0.5263662511984659;;;;baseline_max
209652_3;0;3;0;0.5383008356545961;1.0;1.0;-1.0;baseline_max
210518_3;1;3;1;0.5263662511984659;;;;baseline_max
212298_3;0;3;1;0.5263662511984659;;;;baseline_max
