Case ID;Actual;Prefix Length;Prediction;Prediction Probability;MAPE Correctness;RMSE Correctness;R2 Correctness;Mode
206342_10;0;10;0;0.5628140703517588;0.9999999999999998;0.9999999999999998;-0.9999999999999998;baseline_mean
206411_10;0;10;0;0.5628140703517588;0.9999999999999998;0.9999999999999998;-0.9999999999999998;baseline_mean
207029_10;1;10;1;0.5434402332361516;;;;baseline_mean
207440_10;1;10;0;0.5628140703517588;0.9999999999999998;0.9999999999999998;-0.9999999999999998;baseline_mean
208778_10;1;10;1;0.5434402332361516;;;;baseline_mean
209607_10;0;10;1;0.5434402332361516;;;;baseline_mean
211576_10;0;10;0;0.5152284263959391;0.6957298897435111;0.6957298897435111;-0.6957298897435111;baseline_mean
213342_10;1;10;1;0.5434402332361516;;;;baseline_mean
