Case ID;Actual;Prefix Length;Prediction;Prediction Probability;MAPE Correctness;RMSE Correctness;R2 Correctness;Mode
204682_2;0;2;1;0.5288201160541586;1.0;1.0;-1.0;baseline_0
205400_2;0;2;1;0.5288201160541586;1.0;1.0;-1.0;baseline_0
208430_2;0;2;0;0.5385656292286874;1.0;1.0;-1.0;baseline_0
208607_2;1;2;1;0.5288201160541586;1.0;1.0;-1.0;baseline_0
209604_2;1;2;1;0.5288201160541586;1.0;1.0;-1.0;baseline_0
209646_2;1;2;1;0.5288201160541586;1.0;1.0;-1.0;baseline_0
212187_2;0;2;0;0.5385656292286874;1.0;1.0;-1.0;baseline_0
212295_2;1;2;1;0.5288201160541586;1.0;1.0;-1.0;baseline_0
