Case ID;Actual;Prefix Length;Prediction;Prediction Probability;MAPE Correctness;RMSE Correctness;R2 Correctness;Mode
204891_7;0;7;1;0.6071428571428571;0.25207272676105535;0.25207272676105535;-0.25207272676105535;baseline_0
205179_7;0;7;0;0.6;0.26835337680592747;0.26835337680592747;-0.26835337680592747;baseline_0
208379_7;0;7;1;0.5867346938775511;0.5583824705035623;0.5583824705035623;-0.5583824705035623;baseline_0
210722_7;1;7;1;0.6666666666666666;0.5696039114034989;0.5696039114034989;-0.5696039114034989;baseline_0
211038_7;1;7;1;0.625;0.36615654441113776;0.36615654441113776;-0.3649687191302351;baseline_0
211059_7;0;7;1;0.574468085106383;0.48016115694131295;0.48016115694131295;-0.48016115694131295;baseline_0
213091_7;1;7;0;1.0;0.3196694974165337;0.3196694974165337;-0.3185915619357893;baseline_0
213906_7;1;7;1;0.574468085106383;0.48016115694131295;0.48016115694131295;-0.48016115694131295;baseline_0
