Case ID;Actual;Prefix Length;Prediction;Prediction Probability;MAPE Correctness;RMSE Correctness;R2 Correctness;Mode
204718.0;1.0;1.0;1.0;0.5294117647058824;;;;baseline_mean
206219.0;0.0;1.0;1.0;0.5294117647058824;;;;baseline_mean
207026.0;1.0;1.0;1.0;0.5294117647058824;;;;baseline_mean
207464.0;0.0;1.0;1.0;0.5294117647058824;;;;baseline_mean
208070.0;0.0;1.0;1.0;0.5294117647058824;;;;baseline_mean
210806.0;1.0;1.0;1.0;0.5294117647058824;;;;baseline_mean
210866.0;0.0;1.0;0.0;0.7857142857142857;0.6774797209007694;0.6774797209007694;-0.6774797209007694;baseline_mean
210969.0;1.0;1.0;1.0;0.5294117647058824;;;;baseline_mean
