Case ID;Actual;Prefix Length;Prediction;Prediction Probability;MAPE Correctness;RMSE Correctness;R2 Correctness;Mode
204838_13;0;13;1;0.51985559566787;0.46655970210488795;0.46655970210488795;-0.46655970210488795;baseline_mean
204847_13;0;13;1;0.5450980392156862;;;;baseline_mean
204891_13;0;13;1;0.548941798941799;0.3083492057617655;0.3083492057617655;-0.3083492057617655;baseline_mean
205960_13;0;13;0;0.5287128712871287;0.2124525736584255;0.2124525736584255;-0.2124525736584255;baseline_mean
207440_13;1;13;1;0.51985559566787;0.46655970210488795;0.46655970210488795;-0.46655970210488795;baseline_mean
209449_13;1;13;1;0.548941798941799;0.3083492057617655;0.3083492057617655;-0.3083492057617655;baseline_mean
211588_13;1;13;0;0.5287128712871287;0.2124525736584255;0.2124525736584255;-0.2124525736584255;baseline_mean
212761_13;1;13;1;0.548941798941799;0.3083492057617655;0.3083492057617655;-0.3083492057617655;baseline_mean
