Case ID;Actual;Prefix Length;Prediction;Prediction Probability;MAPE Correctness;RMSE Correctness;R2 Correctness;Mode
204838_13;0;13;1;0.51985559566787;0.315007897346981;0.315007897346981;-0.315007897346981;baseline_0
204847_13;0;13;1;0.5450980392156862;0.3336210407251381;0.3336210407251381;-0.3336210407251381;baseline_0
204891_13;0;13;1;0.548941798941799;0.3083492057617655;0.3083492057617655;-0.3083492057617655;baseline_0
205960_13;0;13;0;0.5287128712871287;0.2607372494898858;0.2607372494898858;-0.2607372494898858;baseline_0
207440_13;1;13;1;0.51985559566787;0.315007897346981;0.315007897346981;-0.315007897346981;baseline_0
209449_13;1;13;1;0.548941798941799;0.3083492057617655;0.3083492057617655;-0.3083492057617655;baseline_0
211588_13;1;13;0;0.5287128712871287;0.2607372494898858;0.2607372494898858;-0.2607372494898858;baseline_0
212761_13;1;13;1;0.548941798941799;0.3083492057617655;0.3083492057617655;-0.3083492057617655;baseline_0
