Case ID;Actual;Prefix Length;Prediction;Prediction Probability;MAPE Correctness;RMSE Correctness;R2 Correctness;Mode
205831_6;1;6;1;0.5545851528384279;0.8269259675831583;0.8269259675831583;-0.8269259675831583;baseline_max
206447_6;0;6;0;0.5287356321839081;0.8364172268954471;0.8364172268954471;-0.8613739930746801;baseline_max
207284_6;1;6;1;0.5567010309278351;0.8106248356779401;0.8106248356779401;-0.8106248356779401;baseline_max
209461_6;0;6;0;0.5340909090909091;0.7534007209005198;0.7534007209005198;-0.7495288158679725;baseline_max
210344_6;0;6;1;0.5545851528384279;0.8269259675831583;0.8269259675831583;-0.8269259675831583;baseline_max
210629_6;0;6;1;0.6610169491525424;0.8173042827456911;0.8173042827456911;-0.8173042827456911;baseline_max
211381_6;1;6;1;0.5157894736842106;0.8685105273828737;0.8685105273828737;-0.8685105273828737;baseline_max
213906_6;1;6;1;0.5567010309278351;0.8106248356779401;0.8106248356779401;-0.8106248356779401;baseline_max
