Case ID;Actual;Prefix Length;Prediction;Prediction Probability;MAPE Correctness;RMSE Correctness;R2 Correctness;Mode
204523_5;1;5;1;0.8571428571428571;0.37316910430612615;0.37316910430612615;-0.37316910430612615;baseline_min
206718_5;1;5;0;0.7321428571428571;0.8158368489436858;0.8158368489436858;-0.8138250143426318;baseline_min
207632_5;0;5;1;0.629746835443038;0.7712703502222789;0.7712703502222789;-0.7712703502222789;baseline_min
208124_5;1;5;0;0.5628140703517588;0.7322669150513528;0.7322669150513528;-0.7322669150513528;baseline_min
211317_5;0;5;0;0.7666666666666667;0.5801735147260193;0.5801735147260193;-0.5801735147260193;baseline_min
211528_5;0;5;0;0.7666666666666667;0.5801735147260193;0.5801735147260193;-0.5801735147260193;baseline_min
213159_5;0;5;1;0.5149501661129569;0.6965874331579395;0.6965874331579395;-0.6982479869332108;baseline_min
213675_5;1;5;1;0.8571428571428571;0.37316910430612615;0.37316910430612615;-0.37316910430612615;baseline_min
