Case ID;Actual;Prefix Length;Prediction;Prediction Probability;MAPE Correctness;RMSE Correctness;R2 Correctness;Mode
205831_6;1;6;1;0.5545851528384279;0.4142761324995806;0.4142761324995806;-0.4142761324995806;baseline_min
206447_6;0;6;0;0.5287356321839081;0.33935187358708147;0.33935187358708147;-0.3423272463074078;baseline_min
207284_6;1;6;1;0.5567010309278351;0.5580195663109281;0.5580195663109281;-0.5580195663109281;baseline_min
209461_6;0;6;0;0.5340909090909091;0.6309480288107389;0.6309480288107389;-0.629407535825435;baseline_min
210344_6;0;6;1;0.5545851528384279;0.4142761324995806;0.4142761324995806;-0.4142761324995806;baseline_min
210629_6;0;6;1;0.6610169491525424;0.48136606310923774;0.48136606310923774;-0.48136606310923774;baseline_min
211381_6;1;6;1;0.5157894736842106;0.23181452040950087;0.23181452040950087;-0.23181452040950087;baseline_min
213906_6;1;6;1;0.5567010309278351;0.5580195663109281;0.5580195663109281;-0.5580195663109281;baseline_min
