Case ID;Actual;Prefix Length;Prediction;Prediction Probability;MAPE Correctness;RMSE Correctness;R2 Correctness;Mode
206210_14;1;14;1;0.6506024096385542;0.3782032930206359;0.3782032930206359;-0.3782032930206359;baseline_mean
206706_14;0;14;1;0.6153846153846154;0.24094044037519133;0.24094044037519133;-0.24094044037519133;baseline_mean
207017_14;0;14;0;0.7647058823529411;0.47781087910186;0.47781087910186;-0.47781087910186;baseline_mean
210815_14;1;14;1;0.5090609555189456;;;;baseline_mean
211029_14;1;14;1;0.6045340050377834;0.6966878041088423;0.6966878041088423;-0.6966878041088423;baseline_mean
211423_14;0;14;0;0.5936883629191322;0.34421697396344153;0.34421697396344153;-0.34421697396344153;baseline_mean
212851_14;1;14;1;0.6165413533834586;0.2736183059640364;0.2736183059640364;-0.2736183059640364;baseline_mean
213900_14;0;14;1;0.5540838852097131;0.42105911618848585;0.42105911618848585;-0.42105911618848585;baseline_mean
