Case ID;Actual;Prefix Length;Prediction;Prediction Probability;MAPE Correctness;RMSE Correctness;R2 Correctness;Mode
206369_12;0;12;0;0.6271186440677966;0.9181912870116621;0.9168105482342009;-0.9684241342859045;permutation
208184_12;1;12;1;0.6060606060606061;0.9250646085941905;0.9272829889505315;-0.9293716458901069;permutation
208508_12;0;12;1;0.5380710659898477;0.9298245614035087;0.934609250398724;-0.934609250398724;permutation
209206_12;1;12;0;1.0;0.951935914552737;0.951935914552737;-0.9858816444292032;permutation
209721_12;1;12;0;0.6271186440677966;0.936140891118657;0.9278564584538902;-0.9684241342859045;permutation
211086_12;0;12;1;0.6470588235294118;0.9582938388625593;0.9582938388625593;-0.9784405815193793;permutation
212413_12;0;12;0;0.6271186440677966;0.9195720257891231;0.9154298094567399;-0.9684241342859045;permutation
212602_12;1;12;0;0.6271186440677966;0.9195720257891231;0.9154298094567399;-0.9684241342859045;permutation
