Case ID;Actual;Prefix Length;Prediction;Prediction Probability;MAPE Correctness;RMSE Correctness;R2 Correctness;Mode
207539_11;0;11;1;0.5170731707317073;0.9201038744431881;0.9143351981143907;-0.9143351981143907;permutation
208382_11;0;11;1;0.6218487394957983;0.9861751152073732;0.9861751152073732;-0.9861751152073732;permutation
208805_11;0;11;1;0.5542168674698795;0.96017316017316;0.9532467532467532;-0.9532467532467532;permutation
208901_11;1;11;1;0.6443298969072165;0.9694835680751175;0.9671361502347419;-0.9671361502347419;permutation
209502_11;1;11;0;0.7090909090909091;0.7038853212381584;0.7038853212381584;-0.7038853212381584;permutation
210347_11;1;11;1;0.5170731707317073;0.9212576097089477;0.9154889333801502;-0.9154889333801502;permutation
210617_11;0;11;1;0.6218487394957983;0.9861751152073732;0.9861751152073732;-0.9861751152073732;permutation
211952_11;1;11;0;0.6336633663366337;0.9615932802151559;0.9634899139039431;-0.9789046273512632;permutation
