Case ID;Actual;Prefix Length;Prediction;Prediction Probability;MAPE Correctness;RMSE Correctness;R2 Correctness;Mode
204523_5;1;5;1;0.8571428571428571;0.9635157545605307;0.9635157545605307;-0.9874838622020375;permutation
206718_5;1;5;0;0.7321428571428571;0.985271368704183;0.985271368704183;-0.9967159188810119;permutation
207632_5;0;5;1;0.629746835443038;0.8948925829975863;0.8948925829975863;-0.8948925829975863;permutation
208124_5;1;5;0;0.5628140703517588;0.9241251604514513;0.9191700657573417;-0.9191700657573417;permutation
211317_5;0;5;0;0.7666666666666667;0.7945393900494727;0.7945393900494727;-0.7945393900494727;permutation
211528_5;0;5;0;0.7666666666666667;0.9803921568627452;0.9803921568627452;-0.9803921568627452;permutation
213159_5;0;5;1;0.5149501661129569;0.892213263886815;0.8895339447760439;-0.9072655341609727;permutation
213675_5;1;5;1;0.8571428571428571;0.9701492537313434;0.9734660033167496;-0.9874838622020375;permutation
