Case ID;Actual;Prefix Length;Prediction;Prediction Probability;MAPE Correctness;RMSE Correctness;R2 Correctness;Mode
205676_8;0;8;1;0.5513428120063191;0.9999999999999998;0.9999999999999998;-0.9999999999999998;permutation
206261_8;1;8;0;0.5290957923008057;0.9999999999999998;0.9999999999999998;-0.9999999999999998;permutation
206736_8;0;8;0;0.5290957923008057;0.9999999999999998;0.9999999999999998;-0.9999999999999998;permutation
208358_8;0;8;0;0.5290957923008057;0.9999999999999998;0.9999999999999998;-0.9999999999999998;permutation
208421_8;1;8;1;0.5513428120063191;0.9999999999999998;0.9999999999999998;-0.9999999999999998;permutation
209084_8;1;8;0;0.5290957923008057;0.9999999999999998;0.9999999999999998;-0.9999999999999998;permutation
210521_8;0;8;0;0.5290957923008057;0.9999999999999998;0.9999999999999998;-0.9999999999999998;permutation
214010_8;1;8;0;0.5290957923008057;0.9999999999999998;0.9999999999999998;-0.9999999999999998;permutation
