Case ID;Actual;Prefix Length;Prediction;Prediction Probability;MAPE Correctness;RMSE Correctness;R2 Correctness;Mode
206513_4;1;4;1;0.5128205128205128;0.890250159126185;0.890250159126185;-0.8878874369231939;permutation
207023_4;1;4;1;0.5496264674493063;0.9828571428571428;0.9828571428571428;-0.9828571428571428;permutation
209057_4;0;4;1;0.5462068965517242;0.8860409385156592;0.8860409385156592;-0.8878874369231939;permutation
209721_4;1;4;1;0.5079787234042553;0.8764909886598781;0.8764909886598781;-0.8737613908787247;permutation
210200_4;1;4;1;0.5462068965517242;0.8860409385156592;0.8860409385156592;-0.8878874369231939;permutation
210581_4;0;4;0;0.5670241286863271;1.0;1.0;-1.0;permutation
212184_4;0;4;0;0.5670241286863271;1.0;1.0;-1.0;permutation
212845_4;0;4;1;0.5128205128205128;0.890250159126185;0.890250159126185;-0.8878874369231939;permutation
