Case ID;Actual;Prefix Length;Prediction;Prediction Probability;SHAP Precision;SHAP Recall;SHAP Correlation;LIME Precision;LIME Recall;LIME Correlation;LINDA Precision;LINDA Recall;LINDA Correlation
205831_6;1;6;1;0.5545851528384279;1.0;0.05263157894736842;0.6835056185498081;1.0;0.05263157894736842;0.4332940466043893;0.1792452830188679;1.0;0.0
206447_6;0;6;0;0.5287356321839081;1.0;0.05263157894736842;0.6852338249178229;1.0;0.05263157894736842;0.42069828943565707;0.1792452830188679;1.0;0.0
207284_6;1;6;1;0.5567010309278351;1.0;0.3333333333333333;0.28832334763815803;0.0;0.0;0.16141179566319006;0.02830188679245283;1.0;0.0
209461_6;0;6;0;0.5340909090909091;0.0;0.0;0.387849102904926;1.0;0.2;0.16059883161489386;0.04716981132075472;1.0;0.0
210344_6;0;6;1;0.5545851528384279;1.0;0.05263157894736842;0.6912825472058742;1.0;0.05263157894736842;0.43392383446282595;0.1792452830188679;1.0;0.0
210629_6;0;6;1;0.6610169491525424;1.0;0.09090909090909093;0.5674816932630423;1.0;0.09090909090909093;0.2254525511623172;0.10377358490566038;1.0;0.0
211381_6;1;6;1;0.5157894736842106;1.0;0.05555555555555555;0.6548114901881583;1.0;0.05555555555555555;0.4391722808320917;0.16981132075471697;1.0;0.0
213906_6;1;6;1;0.5567010309278351;1.0;0.3333333333333333;0.28832334763815803;0.0;0.0;0.1629345484524654;0.02830188679245283;1.0;0.0
