Case ID;Actual;Prefix Length;Prediction;Prediction Probability;SHAP Precision;SHAP Recall;SHAP Correlation;LIME Precision;LIME Recall;LIME Correlation;LINDA Precision;LINDA Recall;LINDA Correlation
206342_10;0;10;0;0.5628140703517588;1.0;1.0;0.7087341867480627;1.0;1.0;0.1349525737419097;0.00909090909090909;1.0;0.0
206411_10;0;10;0;0.5628140703517588;1.0;1.0;0.7087341867480627;1.0;1.0;0.1349525737419097;0.00909090909090909;1.0;0.0
207029_10;1;10;1;0.5434402332361516;1.0;0.5;1.0;1.0;0.5;0.19041352352582647;0.01818181818181818;1.0;0.0
207440_10;1;10;0;0.5628140703517588;1.0;1.0;0.7087341867480627;1.0;1.0;0.1349525737419097;0.00909090909090909;1.0;0.0
208778_10;1;10;1;0.5434402332361516;1.0;0.5;1.0;1.0;0.5;0.19041352352582647;0.01818181818181818;1.0;0.0
209607_10;0;10;1;0.5434402332361516;1.0;0.5;1.0;1.0;0.5;0.19041352352582647;0.01818181818181818;1.0;0.0
211576_10;0;10;0;0.5152284263959391;1.0;0.5;0.990783410138249;1.0;0.5;0.19041352352582647;0.01818181818181818;1.0;0.0
213342_10;1;10;1;0.5434402332361516;1.0;0.5;1.0;1.0;0.5;0.19041352352582647;0.01818181818181818;1.0;0.0
