Case ID;Actual;Prefix Length;Prediction;Prediction Probability;SHAP Precision;SHAP Recall;SHAP Correlation;LIME Precision;LIME Recall;LIME Correlation;LINDA Precision;LINDA Recall;LINDA Correlation
204891_7;0;7;1;0.6071428571428571;1.0;0.08333333333333333;0.4514866278756437;1.0;0.08333333333333333;0.3176697209259721;0.1111111111111111;1.0;0.0
205179_7;0;7;0;0.6;1.0;0.05263157894736842;0.5087650832847411;1.0;0.05263157894736842;0.3301602590249304;0.17592592592592593;1.0;0.0
208379_7;0;7;1;0.5867346938775511;1.0;0.3333333333333333;0.2270114755354365;1.0;0.3333333333333333;0.19345283807242075;0.027777777777777776;1.0;0.0
210722_7;1;7;1;0.6666666666666666;1.0;0.07142857142857142;0.4628239688546009;1.0;0.07142857142857142;0.30574437829607365;0.12962962962962962;1.0;0.0
211038_7;1;7;1;0.625;1.0;0.09090909090909093;0.42392246656291016;1.0;0.09090909090909093;0.3184021301523757;0.10185185185185185;1.0;0.0
211059_7;0;7;1;0.5744680851063829;1.0;0.1;0.3746526168777329;1.0;0.1;0.30942488372546245;0.09259259259259259;1.0;0.0
213091_7;1;7;0;1.0;1.0;0.07142857142857142;0.4271263353824075;1.0;0.07142857142857142;0.3127649151111385;0.12962962962962962;1.0;0.0
213906_7;1;7;1;0.5744680851063829;0.5;0.1;0.3746526168777329;1.0;0.1;0.29790374443781226;0.09259259259259259;1.0;0.0
