Case ID,Actual,Prefix Length,Prediction,Prediction Probability;SHAP Precision;SHAP Recall;SHAP Correlation
206369_12,0,12,0,0.6271186440677966;0.5;0.07142857142857142;0.5874667792004736
208184_12,1,12,1,0.6060606060606061;1.0;0.1111111111111111;0.47465062703640026
208508_12,0,12,1,0.5380710659898477;1.0;0.08333333333333333;0.5617861175923017
209206_12,1,12,0,1.0;1.0;0.14285714285714285;0.4476683471109833
209721_12,1,12,0,0.6271186440677966;1.0;0.14285714285714285;0.5920207852407874
211086_12,0,12,1,0.6470588235294118;1.0;0.1;0.4721662317755285
212413_12,0,12,0,0.6271186440677966;1.0;0.07142857142857142;0.6029503997375404
212602_12,1,12,0,0.6271186440677966;1.0;0.07142857142857142;0.5838235743682226
