Case ID,Actual,Prefix Length,Prediction,Prediction Probability
204718.0,1.0,1.0,1.0,0.5294117647058824
206219.0,0.0,1.0,1.0,0.5294117647058824
207026.0,1.0,1.0,1.0,0.5294117647058824
207464.0,0.0,1.0,1.0,0.5294117647058824
208070.0,0.0,1.0,1.0,0.5294117647058824
210806.0,1.0,1.0,1.0,0.5294117647058824
210866.0,0.0,1.0,0.0,0.7857142857142857
210969.0,1.0,1.0,1.0,0.5294117647058824
