Case ID,Actual,Prefix Length,Prediction,Prediction Probability;SHAP Precision;SHAP Recall;SHAP Correlation
204891_7,0,7,1,0.6071428571428571;0.08333333333333333;1.0;0.4514866278756437
205179_7,0,7,0,0.6;0.05263157894736842;1.0;0.5087650832847411
208379_7,0,7,1,0.5867346938775511;0.3333333333333333;1.0;0.22701147553543646
210722_7,1,7,1,0.6666666666666666;0.07142857142857142;1.0;0.4628239688546009
211038_7,1,7,1,0.625;0.09090909090909091;1.0;0.42392246656291016
211059_7,0,7,1,0.574468085106383;0.1;1.0;0.3746526168777329
213091_7,1,7,0,1.0;0.07142857142857142;1.0;0.4271263353824075
213906_7,1,7,1,0.574468085106383;0.1;0.5;0.3746526168777329
