Case ID,Actual,Prefix Length,Prediction,Prediction Probability
206342_10,0,10,0,0.5628140703517588
206411_10,0,10,0,0.5628140703517588
207029_10,1,10,1,0.5434402332361516
207440_10,1,10,0,0.5628140703517588
208778_10,1,10,1,0.5434402332361516
209607_10,0,10,1,0.5434402332361516
211576_10,0,10,0,0.5152284263959391
213342_10,1,10,1,0.5434402332361516
