Case ID,Actual,Prefix Length,Prediction,Prediction Probability;SHAP Precision;SHAP Recall;SHAP Correlation
206342_10,0,10,0,0.5628140703517588;1.0;1.0;0.7087341867480627
206411_10,0,10,0,0.5628140703517588;1.0;1.0;0.7087341867480627
207029_10,1,10,1,0.5434402332361516;1.0;0.5;1.0
207440_10,1,10,0,0.5628140703517588;1.0;1.0;0.7087341867480627
208778_10,1,10,1,0.5434402332361516;1.0;0.5;1.0
209607_10,0,10,1,0.5434402332361516;1.0;0.5;1.0
211576_10,0,10,0,0.5152284263959391;1.0;0.5;0.990783410138249
213342_10,1,10,1,0.5434402332361516;1.0;0.5;1.0
