Case ID,Actual,Prefix Length,Prediction,Prediction Probability
205676_8,0,8,1,0.5513428120063191
206261_8,1,8,0,0.5290957923008057
206736_8,0,8,0,0.5290957923008057
208358_8,0,8,0,0.5290957923008057
208421_8,1,8,1,0.5513428120063191
209084_8,1,8,0,0.5290957923008057
210521_8,0,8,0,0.5290957923008057
214010_8,1,8,0,0.5290957923008057
