Case ID;Actual;Prefix Length;Prediction;Prediction Probability;SHAP Precision;SHAP Recall;SHAP Correlation;LIME Precision;LIME Recall;LIME Correlation;LINDA Precision;LINDA Recall;LINDA Correlation
204682_2;0;2;1;0.5288201160541586;1.0;1.0;1.0;0.0;0.0;0.2094646676082202;0.022727272727272728;1.0;0.0
205400_2;0;2;1;0.5288201160541586;1.0;1.0;1.0;1.0;1.0;0.2196824562720358;0.022727272727272728;1.0;0.0
208430_2;0;2;0;0.5385656292286874;1.0;1.0;1.0;1.0;1.0;0.2196824562720358;0.022727272727272728;1.0;0.0
208607_2;1;2;1;0.5288201160541586;1.0;1.0;1.0;0.0;0.0;0.2094646676082202;0.022727272727272728;1.0;0.0
209604_2;1;2;1;0.5288201160541586;1.0;1.0;1.0;1.0;1.0;0.2196824562720358;0.022727272727272728;1.0;0.0
209646_2;1;2;1;0.5288201160541586;1.0;1.0;1.0;1.0;1.0;0.2196824562720358;0.022727272727272728;1.0;0.0
212187_2;0;2;0;0.5385656292286874;1.0;1.0;1.0;1.0;1.0;0.2196824562720358;0.022727272727272728;1.0;0.0
212295_2;1;2;1;0.5288201160541586;1.0;1.0;1.0;1.0;1.0;0.2196824562720358;0.022727272727272728;1.0;0.0
