Case ID,Actual,Prefix Length,Prediction,Prediction Probability;SHAP Precision;SHAP Recall;SHAP Correlation
206210_14,1,14,1,0.6506024096385542;1.0;0.16666666666666666;0.6131768177260929
206706_14,0,14,1,0.6153846153846154;1.0;0.08333333333333333;0.8356104822107971
207017_14,0,14,0,0.7647058823529411;1.0;0.25;0.49966554163304144
210815_14,1,14,1,0.5090609555189456;1.0;0.06666666666666667;0.9604049249657488
211029_14,1,14,1,0.6045340050377834;1.0;0.5;0.3660860381683139
211423_14,0,14,0,0.5936883629191322;1.0;0.14285714285714285;0.6712486220795378
212851_14,1,14,1,0.6165413533834586;1.0;0.1;0.7822982414485591
213900_14,0,14,1,0.5540838852097131;1.0;0.4;0.5673816045594298
