Case ID;Actual;Prefix Length;Prediction;Prediction Probability;SHAP Precision;SHAP Recall;SHAP Correlation;LIME Precision;LIME Recall;LIME Correlation;LINDA Precision;LINDA Recall;LINDA Correlation
207539_11;0;11;1;0.5170731707317073;1.0;0.05882352941176471;0.7328660276392569;0.0;0.0;0.2495368668700881;0.15315315315315314;1.0;0.0
208382_11;0;11;1;0.6218487394957983;1.0;0.25;0.3551305287844552;0.0;0.0;0.1451043002632411;0.036036036036036036;1.0;0.0
208805_11;0;11;1;0.5542168674698795;1.0;0.09090909090909093;0.5546740662857031;0.0;0.0;0.21973068401787854;0.0990990990990991;1.0;0.0
208901_11;1;11;1;0.6443298969072165;1.0;0.125;0.4902828015957337;0.0;0.0;0.17553080274432395;0.07207207207207207;1.0;0.0
209502_11;1;11;0;0.7090909090909091;1.0;0.5;0.2758455191521156;0.0;0.0;0.11104394130050134;0.018018018018018018;1.0;0.0
210347_11;1;11;1;0.5170731707317073;1.0;0.05882352941176471;0.7418417291412686;0.3333333333333333;0.05882352941176471;0.2489214861873012;0.15315315315315314;1.0;0.0
210617_11;0;11;1;0.6218487394957983;1.0;0.25;0.3658920599597417;0.0;0.0;0.16477945962096868;0.036036036036036036;1.0;0.0
211952_11;1;11;0;0.6336633663366337;1.0;0.1;0.5743120422199521;0.0;0.0;0.19332540097258344;0.09009009009009009;1.0;0.0
