Case ID,Actual,Prefix Length,Prediction,Prediction Probability
205831_6,1,6,1,0.5545851528384279
206447_6,0,6,0,0.5287356321839081
207284_6,1,6,1,0.5567010309278351
209461_6,0,6,0,0.5340909090909091
210344_6,0,6,1,0.5545851528384279
210629_6,0,6,1,0.6610169491525424
211381_6,1,6,1,0.5157894736842106
213906_6,1,6,1,0.5567010309278351
