Case ID,Actual,Prefix Length,Prediction,Prediction Probability
204523_5,1,5,1,0.8571428571428571
206718_5,1,5,0,0.7321428571428571
207632_5,0,5,1,0.629746835443038
208124_5,1,5,0,0.5628140703517588
211317_5,0,5,0,0.7666666666666667
211528_5,0,5,0,0.7666666666666667
213159_5,0,5,1,0.5149501661129569
213675_5,1,5,1,0.8571428571428571
