Case ID,Actual,Prefix Length,Prediction,Prediction Probability;SHAP Precision;SHAP Recall;SHAP Correlation
204718.0,1.0,1.0,1.0,0.5294117647058824;0.5;1.0;0.9759036144578314
206219.0,0.0,1.0,1.0,0.5294117647058824;0.5;1.0;0.9759036144578314
207026.0,1.0,1.0,1.0,0.5294117647058824;0.5;1.0;0.9759036144578314
207464.0,0.0,1.0,1.0,0.5294117647058824;0.5;1.0;0.9759036144578314
208070.0,0.0,1.0,1.0,0.5294117647058824;0.5;1.0;0.9759036144578314
210806.0,1.0,1.0,1.0,0.5294117647058824;0.5;1.0;0.9759036144578314
210866.0,0.0,1.0,0.0,0.7857142857142857;0.5;1.0;0.9759036144578314
210969.0,1.0,1.0,1.0,0.5294117647058824;0.5;1.0;0.9759036144578314
