Case ID,Actual,Prefix Length,Prediction,Prediction Probability;SHAP Precision;SHAP Recall;SHAP Correlation
205831_6,1,6,1,0.5545851528384279;1.0;0.05263157894736842;0.6835056185498081
206447_6,0,6,0,0.5287356321839081;1.0;0.05263157894736842;0.6852338249178229
207284_6,1,6,1,0.5567010309278351;1.0;0.3333333333333333;0.288323347638158
209461_6,0,6,0,0.5340909090909091;0.0;0.0;0.38784910290492597
210344_6,0,6,1,0.5545851528384279;1.0;0.05263157894736842;0.6912825472058742
210629_6,0,6,1,0.6610169491525424;1.0;0.09090909090909091;0.5674816932630423
211381_6,1,6,1,0.5157894736842106;1.0;0.05555555555555555;0.6548114901881583
213906_6,1,6,1,0.5567010309278351;1.0;0.3333333333333333;0.288323347638158
