Case ID,Actual,Prefix Length,Prediction,Prediction Probability;SHAP Precision;SHAP Recall;SHAP Correlation
206513_4,1,4,1,0.5128205128205128;0.16666666666666666;1.0;0.9807321772639692
207023_4,1,4,1,0.5496264674493063;0.25;1.0;0.8071248923168041
209057_4,0,4,1,0.5462068965517242;0.16666666666666666;1.0;0.9807321772639692
209721_4,1,4,1,0.5079787234042553;0.2;1.0;0.8944593797367106
210200_4,1,4,1,0.5462068965517242;0.16666666666666666;1.0;0.9807321772639692
210581_4,0,4,0,0.5670241286863271;1.0;1.0;0.41410581057342627
212184_4,0,4,0,0.5670241286863271;1.0;1.0;0.41410581057342627
212845_4,0,4,1,0.5128205128205128;0.16666666666666666;1.0;0.9807321772639692
