Case ID,Actual,Prefix Length,Prediction,Prediction Probability;SHAP Precision;SHAP Recall;SHAP Correlation
205643_3,0,3,0,0.5383008356545961;1.0;1.0;1.0
205954_3,1,3,0,0.5383008356545961;1.0;1.0;1.0
206561_3,0,3,0,0.5383008356545961;1.0;1.0;1.0
206594_3,1,3,1,0.5263662511984659;1.0;1.0;1.0
208277_3,1,3,1,0.5263662511984659;1.0;1.0;1.0
209652_3,0,3,0,0.5383008356545961;1.0;1.0;1.0
210518_3,1,3,1,0.5263662511984659;1.0;1.0;1.0
212298_3,0,3,1,0.5263662511984659;1.0;1.0;1.0
