Case ID;Actual;Prefix Length;Prediction;Prediction Probability;SHAP Precision;SHAP Recall;SHAP Correlation;LIME Precision;LIME Recall;LIME Correlation;LINDA Precision;LINDA Recall;LINDA Correlation
205676_8;0;8;1;0.5513428120063191;1.0;1.0;0.9999999999999998;1.0;1.0;0.1365086886718129;0.009259259259259259;1.0;0.0
206261_8;1;8;0;0.5290957923008057;1.0;1.0;0.9999999999999998;1.0;1.0;0.1365086886718129;0.009259259259259259;1.0;0.0
206736_8;0;8;0;0.5290957923008057;1.0;1.0;0.9999999999999998;1.0;1.0;0.1365086886718129;0.009259259259259259;1.0;0.0
208358_8;0;8;0;0.5290957923008057;1.0;1.0;0.9999999999999998;1.0;1.0;0.1365086886718129;0.009259259259259259;1.0;0.0
208421_8;1;8;1;0.5513428120063191;1.0;1.0;0.9999999999999998;1.0;1.0;0.1365086886718129;0.009259259259259259;1.0;0.0
209084_8;1;8;0;0.5290957923008057;1.0;1.0;0.9999999999999998;1.0;1.0;0.1365086886718129;0.009259259259259259;1.0;0.0
210521_8;0;8;0;0.5290957923008057;1.0;1.0;0.9999999999999998;1.0;1.0;0.1365086886718129;0.009259259259259259;1.0;0.0
214010_8;1;8;0;0.5290957923008057;1.0;1.0;0.9999999999999998;1.0;1.0;0.1365086886718129;0.009259259259259259;1.0;0.0
