Case ID,Actual,Prefix Length,Prediction,Prediction Probability;SHAP Precision;SHAP Recall;SHAP Correlation
207539_11,0,11,1,0.5170731707317073;1.0;0.058823529411764705;0.7328660276392569
208382_11,0,11,1,0.6218487394957983;1.0;0.25;0.35513052878445517
208805_11,0,11,1,0.5542168674698795;1.0;0.09090909090909091;0.5546740662857031
208901_11,1,11,1,0.6443298969072165;1.0;0.125;0.49028280159573373
209502_11,1,11,0,0.7090909090909091;1.0;0.5;0.2758455191521156
210347_11,1,11,1,0.5170731707317073;1.0;0.058823529411764705;0.7418417291412686
210617_11,0,11,1,0.6218487394957983;1.0;0.25;0.3658920599597417
211952_11,1,11,0,0.6336633663366337;1.0;0.1;0.5743120422199521
