Case ID;Actual;Prefix Length;Prediction;Prediction Probability;SHAP Precision;SHAP Recall;SHAP Correlation;LIME Precision;LIME Recall;LIME Correlation;LINDA Precision;LINDA Recall;LINDA Correlation
206369_12;0;12;0;0.6271186440677966;0.5;0.07142857142857142;0.5874667792004736;1.0;0.07142857142857142;0.29487161625807057;0.12612612612612611;1.0;0.0
208184_12;1;12;1;0.6060606060606061;1.0;0.1111111111111111;0.4746506270364002;0.0;0.0;0.17666420230604102;0.08108108108108109;1.0;0.0
208508_12;0;12;1;0.5380710659898477;1.0;0.08333333333333333;0.5617861175923017;1.0;0.08333333333333333;0.1533664035152529;0.10810810810810811;1.0;0.0
209206_12;1;12;0;1.0;1.0;0.14285714285714285;0.4476683471109833;0.0;0.0;0.16240586574791427;0.06306306306306306;1.0;0.0
209721_12;1;12;0;0.6271186440677966;1.0;0.14285714285714285;0.5920207852407874;1.0;0.07142857142857142;0.2342815581228506;0.12612612612612611;1.0;0.0
211086_12;0;12;1;0.6470588235294118;1.0;0.1;0.4721662317755285;0.5;0.1;0.20467003934656244;0.09009009009009009;1.0;0.0
212413_12;0;12;0;0.6271186440677966;1.0;0.07142857142857142;0.6029503997375404;1.0;0.07142857142857142;0.17705761432847614;0.12612612612612611;1.0;0.0
212602_12;1;12;0;0.6271186440677966;1.0;0.07142857142857142;0.5838235743682226;1.0;0.07142857142857142;0.2659230329267988;0.12612612612612611;1.0;0.0
