Case ID,Actual,Prefix Length,Prediction,Prediction Probability;SHAP Precision;SHAP Recall;SHAP Correlation
204523_5,1,5,1,0.8571428571428571;0.16666666666666666;1.0;0.460895772662069
206718_5,1,5,0,0.7321428571428571;0.3333333333333333;1.0;0.3458650967806316
207632_5,0,5,1,0.629746835443038;0.0;0.0;0.5070980879334074
208124_5,1,5,0,0.5628140703517588;0.058823529411764705;1.0;0.7471342508213421
211317_5,0,5,0,0.7666666666666667;0.3333333333333333;1.0;0.31348008784942827
211528_5,0,5,0,0.7666666666666667;0.3333333333333333;1.0;0.3417640055501286
213159_5,0,5,1,0.5149501661129569;0.0;0.0;0.5027139546083347
213675_5,1,5,1,0.8571428571428571;0.16666666666666666;1.0;0.460895772662069
