Case ID,Actual,Prefix Length,Prediction,Prediction Probability;SHAP Precision;SHAP Recall;SHAP Correlation
204838_13,0,13,1,0.51985559566787;1.0;0.125;0.5113894932060071
204847_13,0,13,1,0.5450980392156862;1.0;0.07142857142857142;0.6698368389699003
204891_13,0,13,1,0.548941798941799;1.0;0.09090909090909091;0.6199454145517581
205960_13,0,13,0,0.5287128712871287;1.0;0.07142857142857142;0.6530538967996891
207440_13,1,13,1,0.51985559566787;1.0;0.125;0.5113894932060071
209449_13,1,13,1,0.548941798941799;1.0;0.09090909090909091;0.6254757037092226
211588_13,1,13,0,0.5287128712871287;1.0;0.07142857142857142;0.6530538967996891
212761_13,1,13,1,0.548941798941799;1.0;0.09090909090909091;0.6254757037092226
