Case ID;Actual;Prefix Length;Prediction;Prediction Probability;SHAP Precision;SHAP Recall;SHAP Correlation;LIME Precision;LIME Recall;LIME Correlation;LINDA Precision;LINDA Recall;LINDA Correlation
206513_4;1;4;1;0.5128205128205128;1.0;0.16666666666666666;0.9807321772639692;1.0;0.16666666666666666;0.3030854085209111;0.06666666666666667;1.0;0.0
207023_4;1;4;1;0.5496264674493063;1.0;0.25;0.8071248923168041;1.0;0.25;0.2901693483620607;0.044444444444444446;1.0;0.0
209057_4;0;4;1;0.5462068965517242;1.0;0.16666666666666666;0.9807321772639692;1.0;0.16666666666666666;0.3016919123897805;0.06666666666666667;1.0;0.0
209721_4;1;4;1;0.5079787234042553;1.0;0.2;0.8944593797367106;1.0;0.2;0.28082850515572494;0.05555555555555555;1.0;0.0
210200_4;1;4;1;0.5462068965517242;1.0;0.16666666666666666;0.9807321772639692;1.0;0.16666666666666666;0.2571000361936004;0.06666666666666667;1.0;0.0
210581_4;0;4;0;0.5670241286863271;1.0;1.0;0.4141058105734263;0.0;0.0;0.1463806596199259;0.011111111111111112;1.0;0.0
212184_4;0;4;0;0.5670241286863271;1.0;1.0;0.4141058105734263;0.0;0.0;0.1463806596199259;0.011111111111111112;1.0;0.0
212845_4;0;4;1;0.5128205128205128;1.0;0.16666666666666666;0.9807321772639692;1.0;0.16666666666666666;0.3044789046520417;0.06666666666666667;1.0;0.0
