Case ID,Actual,Prefix Length,Prediction,Prediction Probability
207539_11,0,11,1,0.5170731707317073
208382_11,0,11,1,0.6218487394957983
208805_11,0,11,1,0.5542168674698795
208901_11,1,11,1,0.6443298969072165
209502_11,1,11,0,0.7090909090909091
210347_11,1,11,1,0.5170731707317073
210617_11,0,11,1,0.6218487394957983
211952_11,1,11,0,0.6336633663366337
