Case ID,Actual,Prefix Length,Prediction,Prediction Probability
206210_14,1,14,1,0.6506024096385542
206706_14,0,14,1,0.6153846153846154
207017_14,0,14,0,0.7647058823529411
210815_14,1,14,1,0.5090609555189456
211029_14,1,14,1,0.6045340050377834
211423_14,0,14,0,0.5936883629191322
212851_14,1,14,1,0.6165413533834586
213900_14,0,14,1,0.5540838852097131
