Case ID,Actual,Prefix Length,Prediction,Prediction Probability;SHAP Precision;SHAP Recall;SHAP Correlation
204703_9,1,9,0,0.546875;1.0;1.0;1.0
205217_9,1,9,1,0.5270513976555455;1.0;1.0;1.0
206336_9,0,9,0,0.546875;1.0;1.0;1.0
206645_9,1,9,1,0.5270513976555455;1.0;1.0;1.0
208241_9,0,9,1,0.5270513976555455;1.0;1.0;1.0
210791_9,1,9,0,0.546875;1.0;1.0;1.0
210866_9,0,9,0,0.546875;1.0;1.0;1.0
213804_9,0,9,0,0.546875;1.0;1.0;1.0
