Case ID;Actual;Prefix Length;Prediction;Prediction Probability;SHAP Precision;SHAP Recall;SHAP Correlation;LIME Precision;LIME Recall;LIME Correlation;LINDA Precision;LINDA Recall;LINDA Correlation
204718.0;1.0;1.0;1.0;0.5294117647058824;1.0;0.5;0.9759036144578314;1.0;0.5;0.3293983563680547;0.046511627906976744;1.0;0.0
206219.0;0.0;1.0;1.0;0.5294117647058824;1.0;0.5;0.9759036144578314;1.0;0.5;0.29604156078647953;0.046511627906976744;1.0;0.0
207026.0;1.0;1.0;1.0;0.5294117647058824;1.0;0.5;0.9759036144578314;1.0;0.5;0.3293983563680547;0.046511627906976744;1.0;0.0
207464.0;0.0;1.0;1.0;0.5294117647058824;1.0;0.5;0.9759036144578314;1.0;0.5;0.29604156078647953;0.046511627906976744;1.0;0.0
208070.0;0.0;1.0;1.0;0.5294117647058824;1.0;0.5;0.9759036144578314;1.0;0.5;0.3043807596818733;0.046511627906976744;1.0;0.0
210806.0;1.0;1.0;1.0;0.5294117647058824;1.0;0.5;0.9759036144578314;1.0;0.5;0.29604156078647953;0.046511627906976744;1.0;0.0
210866.0;0.0;1.0;0.0;0.7857142857142857;1.0;0.5;0.9759036144578314;0.0;0.0;0.3210591574726609;0.046511627906976744;1.0;0.0
210969.0;1.0;1.0;1.0;0.5294117647058824;1.0;0.5;0.9759036144578314;1.0;0.5;0.3377375552634485;0.046511627906976744;1.0;0.0
