Case ID;Actual;Prefix Length;Prediction;Prediction Probability;SHAP Subset Stability;SHAP Weight Stability;SHAP Adjusted Weight Stability;LIME Subset Stability;LIME Weight Stability;LIME Adjusted Weight Stability;ACV Subset Stability;ACV Weight Stability;ACV Adjusted Weight Stability;LINDA Subset Stability;LINDA Weight Stability;LINDA Adjusted Weight Stability;MAPE Correctness;RMSE Correctness;R2 Correctness;Mode
Case124_2;0;2;1;0.999999999998204;1.0;1.0;1.0;0.7649290663147477;0.9767801329215768;0.9767801329215768;;1.0;1.0;1.0;1.0;1.0;0.4860023575655901;0.4860023575655901;-0.4860023575655901;baseline_max
Case136_2;0;2;1;0.9999999975023616;1.0;1.0;1.0;0.763301547033908;0.8207962972436469;0.8207962972436469;;1.0;1.0;1.0;1.0;1.0;0.483270343081273;0.483270343081273;-0.483270343081273;baseline_max
Case155_2;0;2;0;0.9999999995929508;1.0;1.0;1.0;0.7307256235827664;0.9660128374981372;0.9660128374981372;;1.0;1.0;;1.0;1.0;0.5471588573904976;0.5471588573904976;-0.5471588573904976;baseline_max
Case244_2;1;2;1;0.9999999997418936;1.0;1.0;1.0;0.7755728797543113;0.9808057727853337;0.9808057727853337;;1.0;1.0;1.0;1.0;1.0;0.49106197815866043;0.49106197815866043;-0.1889602425427977;baseline_max
Case264_2;1;2;1;0.9936345375665572;1.0;1.0;1.0;0.7257252402069476;0.981987887899251;0.981987887899251;;1.0;1.0;1.0;1.0;1.0;0.49271917757767086;0.49271917757767086;-0.18977353680538112;baseline_max
Case267_2;1;2;1;1.0;1.0;1.0;1.0;0.7664240755310778;0.9854741751151954;0.9854741751151954;;1.0;1.0;;1.0;1.0;0.2840886627542874;0.2840886627542874;-0.280544212793537;baseline_max
Case273_2;0;2;0;0.9903609856383896;1.0;1.0;1.0;0.8177982355197545;0.98568210599003;0.98568210599003;;1.0;1.0;1.0;1.0;1.0;0.48020121495095924;0.48020121495095924;-0.48020121495095924;baseline_max
Case91_2;1;2;1;0.9999920866287728;1.0;1.0;1.0;0.7343269341492704;0.9670905012725244;0.9670905012725244;;1.0;1.0;1.0;1.0;1.0;0.5098882141255783;0.5098882141255783;-0.5098882141255783;baseline_max
