Case ID;Actual;Prefix Length;Prediction;Prediction Probability;SHAP Subset Stability;SHAP Weight Stability;SHAP Adjusted Weight Stability;LIME Subset Stability;LIME Weight Stability;LIME Adjusted Weight Stability;ACV Subset Stability;ACV Weight Stability;ACV Adjusted Weight Stability;LINDA Subset Stability;LINDA Weight Stability;LINDA Adjusted Weight Stability;MAPE Correctness;RMSE Correctness;R2 Correctness;Mode
Case124_2;0;2;1;0.999999999998204;1.0;1.0;1.0;0.7649290663147477;0.9767801329215768;0.9767801329215768;;1.0;1.0;1.0;1.0;1.0;0.11014448070032287;0.11014448070032287;-0.11014448070032287;baseline_0
Case136_2;0;2;1;0.9999999975023616;1.0;1.0;1.0;0.763301547033908;0.8207962972436469;0.8207962972436469;;1.0;1.0;1.0;1.0;1.0;0.09027874269826063;0.09027874269826063;-0.09027874269826063;baseline_0
Case155_2;0;2;0;0.9999999995929508;1.0;1.0;1.0;0.7307256235827664;0.9660128374981372;0.9660128374981372;;1.0;1.0;;1.0;1.0;0.07180762571593141;0.07180762571593141;-0.07180762571593141;baseline_0
Case244_2;1;2;1;0.9999999997418936;1.0;1.0;1.0;0.7755728797543113;0.9808057727853337;0.9808057727853337;;1.0;1.0;1.0;1.0;1.0;0.1295883708313319;0.1295883708313319;-0.1337391677142661;baseline_0
Case264_2;1;2;1;0.9936345375665572;1.0;1.0;1.0;0.7257252402069476;0.981987887899251;0.981987887899251;;1.0;1.0;1.0;1.0;1.0;0.13052318324490325;0.13052318324490325;-0.13180965763002062;baseline_0
Case267_2;1;2;1;1.0;1.0;1.0;1.0;0.7664240755310778;0.9854741751151954;0.9854741751151954;;1.0;1.0;;1.0;1.0;0.16679596534681335;0.16679596534681335;-0.16692579950918537;baseline_0
Case273_2;0;2;0;0.9903609856383896;1.0;1.0;1.0;0.8177982355197545;0.98568210599003;0.98568210599003;;1.0;1.0;1.0;1.0;1.0;0.1698187246908416;0.1698187246908416;-0.1698187246908416;baseline_0
Case91_2;1;2;1;0.9999920866287728;1.0;1.0;1.0;0.7343269341492704;0.9670905012725244;0.9670905012725244;;1.0;1.0;1.0;1.0;1.0;0.0849500150129771;0.0849500150129771;-0.0849500150129771;baseline_0
