"Case ID;Actual;Prefix Length;Prediction;Prediction Probability;SHAP Subset Stability;SHAP Weight Stability;SHAP Adjusted Weight Stability;LIME Subset Stability;LIME Weight Stability;LIME Adjusted Weight Stability;ACV Subset Stability;ACV Weight Stability;ACV Adjusted Weight Stability";MAPE Correctness;RMSE Correctness;R2 Correctness;Mode
"Case102_9;1;9;1;0.999205846115389;1.0;1.0;1.0;0.7451150330917113;0.9416499591200768;0.9416499591200768;;1.0;1.0";0.10616841132591968;0.10616841132591968;-0.08410320514809638;baseline_min
"Case17_9;1;9;1;0.9994746139933076;1.0;1.0;1.0;0.7308438985736925;0.9596059300234412;0.9596059300234412;;1.0;1.0";0.02585296948249295;0.02585296948249295;-0.02585296948249295;baseline_min
"Case187_9;1;9;1;0.9996718485363566;1.0;1.0;1.0;0.6711161717312404;0.8935500957572688;0.8935500957572688;;1.0;1.0";0.05921037019293871;0.05921037019293871;-0.05921037019293871;baseline_min
"Case211_9;0;9;0;0.9995889515420702;1.0;1.0;1.0;0.7250875954398075;0.9573733957771092;0.9573733957771092;;1.0;1.0";0.07127262418771825;0.07127262418771825;-0.07127262418771825;baseline_min
"Case251_9;0;9;0;0.9995593185558476;1.0;1.0;1.0;0.6240586941026991;0.9536415751411064;0.9536415751411064;;1.0;1.0";0.06585115957794958;0.06585115957794958;-0.06585115957794958;baseline_min
"Case28_9;1;9;1;0.9997045332932482;1.0;1.0;1.0;0.8035562474468109;0.955686379013755;0.955686379013755;;1.0;1.0";0.07922145815742636;0.07922145815742636;-0.07922145815742636;baseline_min
"Case84_9;0;9;0;0.999982225717202;1.0;1.0;1.0;0.6413419465468306;0.9609916879756669;0.9609916879756669;;1.0;1.0";0.11303301523884939;0.11303301523884939;-0.11303301523884939;baseline_min
"Case89_9;0;9;0;0.9988191807958001;1.0;1.0;1.0;0.7257613814756672;0.9253800373129114;0.9253800373129114;;1.0;1.0";0.08313677244472874;0.08313677244472874;-0.08313677244472874;baseline_min
