"Case ID;Actual;Prefix Length;Prediction;Prediction Probability;SHAP Subset Stability;SHAP Weight Stability;SHAP Adjusted Weight Stability;LIME Subset Stability;LIME Weight Stability;LIME Adjusted Weight Stability;ACV Subset Stability;ACV Weight Stability;ACV Adjusted Weight Stability;LINDA Subset Stability;LINDA Weight Stability;LINDA Adjusted Weight Stability";MAPE Correctness;RMSE Correctness;R2 Correctness;Mode
"Case195_5;0;5;0;0.9861722426096484;1.0;1.0;1.0;0.5799104345836059;0.9663630443908156;0.9663630443908156;;1.0;1.0;;1.0;1.0";0.7020573491607549;0.7020532423974382;-0.7020532423974382;baseline_max
"Case21_5;1;5;1;0.9986154297272888;1.0;1.0;1.0;0.7447266925606649;0.9759876830747862;0.9759876830747862;;1.0;1.0;;1.0;1.0";0.7070800748958675;0.7070800748958675;-0.7070800748958675;baseline_max
"Case22_5;1;5;1;0.9793381110021528;1.0;1.0;1.0;0.7294023704208799;0.9680436568133164;0.9680436568133164;;1.0;1.0;;1.0;1.0";0.7128114564380726;0.7128072932453122;-0.7128072932453122;baseline_max
"Case239_5;0;5;0;0.9885061501677062;1.0;1.0;1.0;0.7384935756682863;0.9623291540675212;0.9623291540675212;;1.0;1.0;;1.0;1.0";0.715573399328914;0.7155775852783154;-0.7155775852783154;baseline_max
"Case44_5;1;5;1;0.9995583740431444;1.0;1.0;1.0;0.6848755109624676;0.9750915625079272;0.9750915625079272;;1.0;1.0;;1.0;1.0";0.7327274788678384;0.7327274788678384;-0.7327274788678384;baseline_max
"Case65_5;0;5;1;0.9857327603751084;1.0;1.0;1.0;0.7268767531348521;0.9558220655472244;0.9558220655472244;;1.0;1.0;;1.0;1.0";0.7050439993259268;0.7050481272061104;-0.7050481272061104;baseline_max
"Case78_5;1;5;1;0.9907928815899824;1.0;1.0;1.0;0.6877918214931865;0.9631795689745436;0.9631795689745436;;1.0;1.0;;1.0;1.0";0.6946006900696645;0.694596626734761;-0.694596626734761;baseline_max
"Case7_5;0;5;0;0.9706339547427402;1.0;1.0;1.0;0.7034356264499935;0.9730502449060188;0.9730502449060188;;1.0;1.0;;1.0;1.0";0.6825738737301033;0.6825738737301033;-0.6825738737301033;baseline_max
