"Case ID;Actual;Prefix Length;Prediction;Prediction Probability;SHAP Subset Stability;SHAP Weight Stability;SHAP Adjusted Weight Stability;LIME Subset Stability;LIME Weight Stability;LIME Adjusted Weight Stability;ACV Subset Stability;ACV Weight Stability;ACV Adjusted Weight Stability";MAPE Correctness;RMSE Correctness;R2 Correctness;Mode
"Case215_7;0;7;0;0.9999981539392364;1.0;1.0;1.0;0.7447611768316338;0.9368617675455928;0.9368617675455928;;1.0;1.0";0.6682913073247174;0.6682913073247174;-0.6682913073247174;baseline_max
"Case21_7;1;7;1;0.9999999999331556;1.0;1.0;1.0;0.7526082058482587;0.9627320434124216;0.9627320434124216;;1.0;1.0";0.667909367535777;0.667909367535777;-0.667909367535777;baseline_max
"Case225_7;1;7;1;0.9999513949144959;1.0;1.0;1.0;0.7571631722452049;0.9667583601152928;0.9667583601152928;;1.0;1.0";0.7018240554236228;0.7018240554236228;-0.7018240554236228;baseline_max
"Case239_7;0;7;0;0.9999724385805224;1.0;1.0;1.0;0.7301813024946722;0.9625814690132966;0.9625814690132966;;1.0;1.0";0.6609175139758803;0.6609175139758803;-0.6609175139758803;baseline_max
"Case240_7;1;7;1;0.9999999999068055;1.0;1.0;1.0;0.8235969868173258;0.9522837677784332;0.9522837677784332;;1.0;1.0";0.672127097564642;0.672127097564642;-0.672127097564642;baseline_max
"Case261_7;0;7;0;0.9999673430863962;1.0;1.0;1.0;0.7548999479893789;0.9301269443426534;0.9301269443426534;;1.0;1.0";0.6721272455859849;0.6721272455859849;-0.6721272455859849;baseline_max
"Case277_7;1;7;1;0.9999973619012904;1.0;1.0;1.0;0.8269254931524059;0.9711921067109509;0.9711921067109509;;1.0;1.0";0.6996393286962009;0.6996393286962009;-0.6996393286962009;baseline_max
"Case39_7;0;7;0;0.9997739157999008;1.0;1.0;1.0;0.8917506532288167;0.95924758559197;0.95924758559197;;1.0;1.0";0.6930109054210585;0.6930109054210585;-0.6930109054210585;baseline_max
