"Case ID;Actual;Prefix Length;Prediction;Prediction Probability;SHAP Subset Stability;SHAP Weight Stability;SHAP Adjusted Weight Stability;LIME Subset Stability;LIME Weight Stability;LIME Adjusted Weight Stability;ACV Subset Stability;ACV Weight Stability;ACV Adjusted Weight Stability";MAPE Correctness;RMSE Correctness;R2 Correctness;Mode
"Case122_6;0;6;0;0.9946901898116121;1.0;1.0;1.0;0.7912142874569985;0.964994772849342;0.964994772849342;;1.0;1.0";0.6077983001977274;0.6077983001977274;-0.228085882910955;baseline_mean
"Case20_6;1;6;1;0.9959783457017336;1.0;1.0;1.0;0.8080683375199817;0.9621139364424216;0.9621139364424216;;1.0;1.0";0.6174909098606437;0.6174909098606437;-0.6174909098606437;baseline_mean
"Case257_6;1;6;1;0.9913648415471816;1.0;1.0;1.0;0.8167462294174622;0.954061009975438;0.954061009975438;;1.0;1.0";0.6260014964648122;0.6260014964648122;-0.6260014964648122;baseline_mean
"Case261_6;0;6;0;0.9956683873920721;1.0;1.0;1.0;0.8527209830648492;0.9645305606695808;0.9645305606695808;;1.0;1.0";0.6124324278880511;0.6124324278880511;-0.6124324278880511;baseline_mean
"Case54_6;1;6;1;0.9768512714403326;1.0;1.0;1.0;0.8176034273291131;0.9714085676649832;0.9714085676649832;;1.0;1.0";0.6067583870812885;0.6067583870812885;-0.6067583870812885;baseline_mean
"Case62_6;0;6;0;0.9990092930182128;1.0;1.0;1.0;0.7975155279503106;0.9397740035037584;0.9397740035037584;;1.0;1.0";0.6251944143189825;0.6251944143189825;-0.6251944143189825;baseline_mean
"Case73_6;1;6;1;0.9999968889185749;1.0;1.0;1.0;0.7885533416355334;0.9177966976560352;0.9177966976560352;;1.0;1.0";0.5983589329701464;0.5983589329701464;-0.5983589329701464;baseline_mean
"Case7_6;0;6;0;0.97820460709331;1.0;1.0;1.0;0.9438240970499034;0.9652442712412628;0.9652442712412628;;1.0;1.0";0.5894314773216357;0.5894314773216357;-0.5894314773216357;baseline_mean
