"Case ID;Actual;Prefix Length;Prediction;Prediction Probability;SHAP Subset Stability;SHAP Weight Stability;SHAP Adjusted Weight Stability;LIME Subset Stability;LIME Weight Stability;LIME Adjusted Weight Stability;ACV Subset Stability;ACV Weight Stability;ACV Adjusted Weight Stability";MAPE Correctness;RMSE Correctness;R2 Correctness;Mode
"Case135_10;1;10;1;0.9963488377352968;1.0;1.0;1.0;0.8025178826895565;0.9818562168001524;0.9818562168001524;;1.0;1.0";0.0952317781993291;0.0952317781993291;-0.0952317781993291;baseline_0
"Case188_10;1;10;1;0.9711629449567688;1.0;1.0;1.0;0.8233754317789292;0.9861985971956082;0.9861985971956082;;1.0;1.0";0.11181907839222482;0.11181907839222482;-0.11181907839222482;baseline_0
"Case192_10;0;10;0;0.9496488028731792;1.0;1.0;1.0;0.8601900684037387;0.9867170469145871;0.9867170469145871;;1.0;1.0";0.059964490476169946;0.0599641166082392;-0.0599641166082392;baseline_0
"Case249_10;1;10;1;0.8905430124616259;1.0;1.0;1.0;0.8988371057453831;0.9618969996661636;0.9618969996661636;;1.0;1.0";0.07525798966388965;0.07525848849558524;-0.07525848849558524;baseline_0
"Case269_10;0;10;0;0.9599778243886988;1.0;1.0;1.0;0.7702026703939382;0.26459579430731994;0.26459579430731994;;1.0;1.0";0.12728185118195834;0.12728185118195834;-0.12728185118195834;baseline_0
"Case37_10;1;10;1;0.9256794006247764;1.0;1.0;1.0;0.8192252510760402;0.9838751073217492;0.9838751073217492;;1.0;1.0";0.0766365679876777;0.0766365679876777;-0.0766365679876777;baseline_0
"Case84_10;0;10;0;0.9913530775095624;1.0;1.0;1.0;0.8834978915040121;0.9890854239116784;0.9890854239116784;;1.0;1.0";0.09915856102284261;0.09915856102284261;-0.09915856102284261;baseline_0
"Case9_10;0;10;0;0.9959472105313222;1.0;1.0;1.0;0.7846458302196309;0.9816088705777968;0.9816088705777968;;1.0;1.0";0.07755105829036421;0.07755105829036421;-0.07755105829036421;baseline_0
