Case ID;Actual;Prefix Length;Prediction;Prediction Probability;SHAP Subset Stability;SHAP Weight Stability;SHAP Adjusted Weight Stability;LIME Subset Stability;LIME Weight Stability;LIME Adjusted Weight Stability;ACV Subset Stability;ACV Weight Stability;ACV Adjusted Weight Stability;MAPE Correctness;RMSE Correctness;R2 Correctness;Mode
Case102_13;1;13;1;0.9999639907382052;1.0;1.0;1.0;0.7291761492944924;0.9792330588420306;0.9792330588420306;;1.0;1.0;0.7278092357806305;0.7278092357806305;-0.7278092357806305;baseline_max
Case210_13;0;13;0;0.9999502902537221;1.0;1.0;1.0;0.928344465339472;0.9807467937678559;0.9807467937678559;;1.0;1.0;0.7387225229892456;0.7387225229892456;-0.7387225229892456;baseline_max
Case223_13;0;13;0;0.9999343900585144;1.0;1.0;1.0;0.5736882716049383;0.9885882336128552;0.9885882336128552;;1.0;1.0;0.719358458625991;0.719358458625991;-0.719358458625991;baseline_max
Case267_13;1;13;1;0.9999690464732982;1.0;1.0;1.0;0.6588979780830375;0.9322935907780908;0.9322935907780908;;1.0;1.0;0.7160805422252925;0.7160805422252925;-0.07995396086518261;baseline_max
Case274_13;0;13;0;0.999976258397047;1.0;1.0;1.0;0.8065543923532089;0.9834301392404936;0.9834301392404936;;1.0;1.0;0.7400086073917387;0.7400086073917387;-0.7400086073917387;baseline_max
Case277_13;1;13;1;0.9999826603175508;1.0;1.0;1.0;0.8092137311849837;0.9820353562110192;0.9820353562110192;;1.0;1.0;0.7514226092290233;0.7514226092290233;-0.1313520241732723;baseline_max
Case78_13;1;13;1;0.9999771912990988;1.0;1.0;1.0;0.7818526955201215;0.9840225528919754;0.9840225528919754;;1.0;1.0;0.7127229736998127;0.7127229736998127;-0.09600585485202669;baseline_max
Case89_13;0;13;0;0.9999744998471845;1.0;1.0;1.0;0.839089874857793;0.9872336001460612;0.9872336001460612;;1.0;1.0;0.7122777933316858;0.7122777933316858;-0.7122777933316858;baseline_max
