"Case ID;Actual;Prefix Length;Prediction;Prediction Probability;SHAP Subset Stability;SHAP Weight Stability;SHAP Adjusted Weight Stability;LIME Subset Stability;LIME Weight Stability;LIME Adjusted Weight Stability;ACV Subset Stability;ACV Weight Stability;ACV Adjusted Weight Stability;LINDA Subset Stability;LINDA Weight Stability;LINDA Adjusted Weight Stability";MAPE Correctness;RMSE Correctness;R2 Correctness;Mode
"Case11_4;1;4;1;0.9923572161072116;1.0;1.0;1.0;0.7348292048410812;0.8966681265302406;0.8966681265302406;;1.0;1.0;;1.0;1.0";0.6565828448925147;0.6565828448925147;-0.6565771308804189;baseline_max
"Case137_4;0;4;1;0.9401014142234912;1.0;1.0;1.0;0.7575996484516363;0.9501231371533704;0.9501231371533704;;1.0;1.0;;1.0;1.0";0.6331899340395559;0.6331292479928947;-0.6331292479928947;baseline_max
"Case20_4;1;4;1;0.996687875171716;1.0;1.0;1.0;0.8133654425045154;0.975416986620149;0.975416986620149;;1.0;1.0;;1.0;1.0";0.6027087345076723;0.6027087345076723;-0.6027034838598707;baseline_max
"Case252_4;0;4;0;0.9776011693636952;1.0;1.0;1.0;0.7846746440185647;0.9695304453591062;0.9695304453591062;;1.0;1.0;;1.0;1.0";0.6523991974674687;0.6523991974674687;-0.6523935286456146;baseline_max
"Case272_4;1;4;1;0.997897737841282;1.0;1.0;1.0;0.7682416267942583;0.9325945830864156;0.9325945830864156;;1.0;1.0;;1.0;1.0";0.6411392963401857;0.6411392963401857;-0.6411392963401857;baseline_max
"Case34_4;0;4;0;0.9892517954994464;1.0;1.0;1.0;0.8137135543485047;0.8643306082171575;0.8643306082171575;;1.0;1.0;;1.0;1.0";0.6339357645089986;0.6339302422039907;-0.6339191980269117;baseline_max
"Case53_4;1;4;1;0.9884334635535796;1.0;1.0;1.0;0.7133704423191871;0.9429492244084712;0.9429492244084712;;1.0;1.0;;1.0;1.0";0.6437783590741015;0.6437783590741015;-0.6437783590741015;baseline_max
"Case98_4;0;4;0;0.9337878158416704;1.0;1.0;1.0;0.7871012049697197;0.9760095419237969;0.9760095419237969;;1.0;1.0;;1.0;1.0";0.6705436342884252;0.6705436342884252;-0.6705378016229767;baseline_max
