"Case ID;Actual;Prefix Length;Prediction;Prediction Probability;SHAP Subset Stability;SHAP Weight Stability;SHAP Adjusted Weight Stability;LIME Subset Stability;LIME Weight Stability;LIME Adjusted Weight Stability;ACV Subset Stability;ACV Weight Stability;ACV Adjusted Weight Stability";MAPE Correctness;RMSE Correctness;R2 Correctness;Mode
"Case103_12;1;12;1;0.9998757163301332;1.0;1.0;1.0;0.23067437555935236;0.9774142245920482;0.9774142245920482;;1.0;1.0";0.745366227818988;0.745366227818988;-0.745366227818988;baseline_max
"Case178_12;0;12;0;0.9995994304545852;1.0;1.0;1.0;0.3192864690473127;0.9723938100238512;0.9723938100238512;;1.0;1.0";0.7457474079840996;0.7457474079840996;-0.7457474079840996;baseline_max
"Case210_12;0;12;0;0.9994657969447528;1.0;1.0;1.0;0.305162753025686;0.9476886100138254;0.9476886100138254;;1.0;1.0";0.7511270144723318;0.7511270144723318;-0.10000052545860434;baseline_max
"Case239_12;0;12;0;0.9998484828259782;1.0;1.0;1.0;0.33268105983654983;0.9769639404221914;0.9769639404221914;;1.0;1.0";0.7324584006084476;0.7324584006084476;-0.7324584006084476;baseline_max
"Case248_12;1;12;1;0.9997842445648104;1.0;1.0;1.0;0.3153903903903903;0.97334672247668;0.97334672247668;;1.0;1.0";0.7518752957988557;0.7518752957988557;-0.7518752957988557;baseline_max
"Case41_12;0;12;0;0.9995113278298888;1.0;1.0;1.0;0.27582864077180025;0.978394851231522;0.978394851231522;;1.0;1.0";0.7263103353635697;0.7263103353635697;-0.7263103353635697;baseline_max
"Case61_12;1;12;1;0.999550889086369;1.0;1.0;1.0;0.2485965001727818;0.9635263567782882;0.9635263567782882;;1.0;1.0";0.738352110009265;0.738352110009265;-0.738352110009265;baseline_max
"Case75_12;1;12;1;0.999370826443807;1.0;1.0;1.0;0.33293207333402003;0.9560417045760372;0.9560417045760372;;1.0;1.0";0.7459044793742019;0.7459044793742019;-0.7459044793742019;baseline_max
