Case ID;Actual;Prefix Length;Prediction;Prediction Probability;SHAP Subset Stability;SHAP Weight Stability;SHAP Adjusted Weight Stability;LIME Subset Stability;LIME Weight Stability;LIME Adjusted Weight Stability;ACV Subset Stability;ACV Weight Stability;ACV Adjusted Weight Stability;MAPE Correctness;RMSE Correctness;R2 Correctness;Mode
Case111_14;1;14;1;0.9992050815601572;1.0;1.0;1.0;0.33800339640950994;0.986008746095938;0.986008746095938;;1.0;1.0;0.5507359107887062;0.5507359107887062;-0.5507359107887062;baseline_mean
Case115_14;1;14;1;0.9999719308664564;1.0;1.0;1.0;0.4817927170868347;0.9151764653087804;0.9151764653087804;;1.0;1.0;0.5626545095643183;0.5626545095643183;-0.5626545095643183;baseline_mean
Case12_14;0;14;0;0.9997219929256164;1.0;1.0;1.0;0.32545759498286303;0.974856780366994;0.974856780366994;;1.0;1.0;0.5628707054565963;0.5628707054565963;-0.5628707054565963;baseline_mean
Case17_14;1;14;1;0.9998240856975203;1.0;1.0;1.0;0.4071469943124092;0.983255148771404;0.983255148771404;;1.0;1.0;0.5438736664003384;0.5438736664003384;-0.5438736664003384;baseline_mean
Case240_14;1;14;1;0.9997813638502698;1.0;1.0;1.0;0.33661386945649063;0.9821999007328288;0.9821999007328288;;1.0;1.0;0.5852140809324624;0.5852140809324624;-0.5852140809324624;baseline_mean
Case67_14;0;14;0;0.9995239989905657;1.0;1.0;1.0;0.2556207596691923;0.9797166719092658;0.9797166719092658;;1.0;1.0;0.5597305074373988;0.5597305074373988;-0.5597305074373988;baseline_mean
Case83_14;0;14;1;0.9982385805626438;1.0;1.0;1.0;0.3116330297076859;0.9637136302085538;0.9637136302085538;;1.0;1.0;0.5445944965889876;0.5445944965889876;-0.5445944965889876;baseline_mean
Case84_14;0;14;0;0.9998890898627718;1.0;1.0;1.0;0.2988792433272868;0.9801116054315872;0.9801116054315872;;1.0;1.0;0.5804953705879589;0.5804953705879589;-0.5804953705879589;baseline_mean
