Case ID;Actual;Prefix Length;Prediction;Prediction Probability;SHAP Subset Stability;SHAP Weight Stability;SHAP Adjusted Weight Stability;LIME Subset Stability;LIME Weight Stability;LIME Adjusted Weight Stability;ACV Subset Stability;ACV Weight Stability;ACV Adjusted Weight Stability;LINDA Subset Stability;LINDA Weight Stability;LINDA Adjusted Weight Stability;MAPE Correctness;RMSE Correctness;R2 Correctness;Mode
Case116_3;1;3;1;0.9149227895219412;1.0;1.0;1.0;0.8536333468779629;0.9558173131293879;0.9558173131293879;;1.0;1.0;;1.0;1.0;-0.011629464628999202;-0.011629464628999202;0.011629464628999202;baseline_min
Case13_3;0;3;0;0.9819516289562308;1.0;1.0;1.0;0.6219550325459765;0.9565121204271364;0.9565121204271364;;1.0;1.0;;1.0;1.0;0.07093615099050954;0.07093615099050954;-0.07093615099050954;baseline_min
Case174_3;1;3;1;0.7615256606485784;1.0;1.0;1.0;0.6435041407867494;0.9809942369231598;0.9809942369231598;;1.0;1.0;;1.0;1.0;-0.00029015109201657296;-0.00029013392077276346;0.00029013392077276346;baseline_min
Case251_3;0;3;0;0.7897049349685918;1.0;1.0;1.0;0.8197538895213313;0.9823033545600872;0.9823033545600872;;1.0;1.0;1.0;1.0;1.0;0.024067127038051143;0.02406859182165848;;baseline_min
Case42_3;1;3;1;0.8336068377391909;1.0;1.0;1.0;0.6534178187403994;0.9800227962858192;0.9800227962858192;;1.0;1.0;;1.0;1.0;0.01740571106682983;0.01740571106682983;-0.01740571106682983;baseline_min
Case54_3;1;3;0;0.9867766665105806;1.0;1.0;1.0;0.7294619422572178;0.9788239928490474;0.9788239928490474;;1.0;1.0;;1.0;1.0;0.06292801772250493;0.06292801772250493;-0.045260118168921;baseline_min
Case66_3;0;3;0;0.9999200239170152;1.0;1.0;1.0;0.7886750481638166;0.9676838078874114;0.9676838078874114;;1.0;1.0;;1.0;1.0;-0.01157373077462385;-0.01157373077462385;0.01157373077462385;baseline_min
Case72_3;0;3;0;0.9694987105599324;1.0;1.0;1.0;0.8472182949243603;0.8848376486910143;0.8848376486910143;;1.0;1.0;;1.0;1.0;-0.033170710917766154;-0.033170710917766154;;baseline_min
