"Case ID;Actual;Prefix Length;Prediction;Prediction Probability;SHAP Subset Stability;SHAP Weight Stability;SHAP Adjusted Weight Stability;LIME Subset Stability;LIME Weight Stability;LIME Adjusted Weight Stability;ACV Subset Stability;ACV Weight Stability;ACV Adjusted Weight Stability;LINDA Subset Stability;LINDA Weight Stability;LINDA Adjusted Weight Stability";MAPE Correctness;RMSE Correctness;R2 Correctness;Mode
"Case11_4;1;4;1;0.9923572161072116;1.0;1.0;1.0;0.7348292048410812;0.8966681265302406;0.8966681265302406;;1.0;1.0;;1.0;1.0";0.565030876476795;0.565030876476795;-0.565030876476795;baseline_mean
"Case137_4;0;4;1;0.9401014142234912;1.0;1.0;1.0;0.7575996484516363;0.9501231371533704;0.9501231371533704;;1.0;1.0;;1.0;1.0";0.5634808928392535;0.5634808928392535;-0.5634808928392535;baseline_mean
"Case20_4;1;4;1;0.996687875171716;1.0;1.0;1.0;0.8133654425045154;0.975416986620149;0.975416986620149;;1.0;1.0;;1.0;1.0";0.5836432512843576;0.5836432512843576;-0.5836432512843576;baseline_mean
"Case252_4;0;4;0;0.9776011693636952;1.0;1.0;1.0;0.7846746440185647;0.9695304453591062;0.9695304453591062;;1.0;1.0;;1.0;1.0";0.5687629338958372;0.5687629338958372;-0.5687629338958372;baseline_mean
"Case272_4;1;4;1;0.997897737841282;1.0;1.0;1.0;0.7682416267942583;0.9325945830864156;0.9325945830864156;;1.0;1.0;;1.0;1.0";0.5688709761118126;0.5688709761118126;-0.5688709761118126;baseline_mean
"Case34_4;0;4;0;0.9892517954994464;1.0;1.0;1.0;0.8137135543485047;0.8643306082171575;0.8643306082171575;;1.0;1.0;;1.0;1.0";0.5537979888768974;0.5537979888768974;-0.5537979888768974;baseline_mean
"Case53_4;1;4;1;0.9884334635535796;1.0;1.0;1.0;0.7133704423191871;0.9429492244084712;0.9429492244084712;;1.0;1.0;;1.0;1.0";0.5479061078341492;0.5479061078341492;-0.5479061078341492;baseline_mean
"Case98_4;0;4;0;0.9337878158416704;1.0;1.0;1.0;0.7871012049697197;0.9760095419237969;0.9760095419237969;;1.0;1.0;;1.0;1.0";0.5389211448856162;0.5389211448856162;-0.5389211448856162;baseline_mean
