Case ID;Actual;Prefix Length;Prediction;Prediction Probability;SHAP Subset Stability;SHAP Weight Stability;SHAP Adjusted Weight Stability;LIME Subset Stability;LIME Weight Stability;LIME Adjusted Weight Stability;ACV Subset Stability;ACV Weight Stability;ACV Adjusted Weight Stability;MAPE Correctness;RMSE Correctness;R2 Correctness;Mode
Case110_8;1;8;1;0.9865907534763518;1.0;1.0;1.0;0.752638935246996;0.9627901002677672;0.9627901002677672;;1.0;1.0;0.08942044932989603;0.08942044932989603;-0.08942044932989603;baseline_0
Case111_8;1;8;1;0.984024733367461;1.0;1.0;1.0;0.7518382352941176;0.951415723828519;0.951415723828519;;1.0;1.0;0.09400672705539904;0.09400672705539904;-0.07539030155171925;baseline_0
Case123_8;1;8;1;0.9999616712645156;1.0;1.0;1.0;0.8035322011822922;0.914651737418807;0.914651737418807;;1.0;1.0;0.07439998029861503;0.07439998029861503;-0.07439998029861503;baseline_0
Case178_8;0;8;0;0.9914918732691228;1.0;1.0;1.0;0.6706977494989171;0.9730039524412024;0.9730039524412024;;1.0;1.0;0.11023331358724028;0.11023331358724028;-0.09268153326466927;baseline_0
Case34_8;0;8;0;0.9947906450299386;1.0;1.0;1.0;0.6284289417651743;0.9627381533541176;0.9627381533541176;;1.0;1.0;0.13490211253796983;0.13490211253796983;-0.11983087600126843;baseline_0
Case40_8;0;8;0;0.9904482950324838;1.0;1.0;1.0;0.6315173796791445;0.9681909607215966;0.9681909607215966;;1.0;1.0;0.13183920234940522;0.13183920234940522;-0.13183920234940522;baseline_0
Case78_8;1;8;1;0.9988005246045432;1.0;1.0;1.0;0.7229086702770913;0.9763555287518608;0.9763555287518608;;1.0;1.0;0.08809714151919196;0.08809714151919196;-0.08809714151919196;baseline_0
Case86_8;0;8;1;0.9647722644790059;1.0;1.0;1.0;0.7986882856622335;0.9749653108190292;0.9749653108190292;;1.0;1.0;0.08130293022061219;0.08130293022061219;;baseline_0
