Case ID;Actual;Prefix Length;Prediction;Prediction Probability;SHAP Subset Stability;SHAP Weight Stability;SHAP Adjusted Weight Stability;LIME Subset Stability;LIME Weight Stability;LIME Adjusted Weight Stability;ACV Subset Stability;ACV Weight Stability;ACV Adjusted Weight Stability;MAPE Correctness;RMSE Correctness;R2 Correctness;Mode
Case111_14;1;14;1;0.9992050815601572;1.0;1.0;1.0;0.33800339640950994;0.986008746095938;0.986008746095938;;1.0;1.0;0.8838334845384587;0.8533353006707604;-0.8533343013151082;permutation
Case115_14;1;14;1;0.9999719308664564;1.0;1.0;1.0;0.4817927170868347;0.9151764653087804;0.9151764653087804;;1.0;1.0;0.899367766871092;0.8677959956289822;-0.8677939630318681;permutation
Case12_14;0;14;0;0.9997219929256164;1.0;1.0;1.0;0.32545759498286303;0.974856780366994;0.974856780366994;;1.0;1.0;0.8935358705515131;0.8611410837243281;-0.8611410837243281;permutation
Case17_14;1;14;1;0.9998240856975203;1.0;1.0;1.0;0.4071469943124092;0.983255148771404;0.983255148771404;;1.0;1.0;0.8884349443201347;0.857932971238831;-0.857932971238831;permutation
Case240_14;1;14;1;0.9997813638502698;1.0;1.0;1.0;0.33661386945649063;0.9821999007328288;0.9821999007328288;;1.0;1.0;0.8919999705524958;0.8570722894142982;-0.8570712856774924;permutation
Case67_14;0;14;0;0.9995239989905657;1.0;1.0;1.0;0.2556207596691923;0.9797166719092658;0.9797166719092658;;1.0;1.0;0.8844679649287486;0.8518394904550812;-0.8518394904550812;permutation
Case83_14;0;14;1;0.9982385805626438;1.0;1.0;1.0;0.3116330297076859;0.9637136302085538;0.9637136302085538;;1.0;1.0;0.8905417414554908;0.861086136029593;-0.861086136029593;permutation
Case84_14;0;14;0;0.9998890898627718;1.0;1.0;1.0;0.2988792433272868;0.9801116054315872;0.9801116054315872;;1.0;1.0;0.8894859967885529;0.8594240873660873;-0.85942308087268;permutation
