Case ID;Actual;Prefix Length;Prediction;Prediction Probability;SHAP Subset Stability;SHAP Weight Stability;SHAP Adjusted Weight Stability;LIME Subset Stability;LIME Weight Stability;LIME Adjusted Weight Stability;ACV Subset Stability;ACV Weight Stability;ACV Adjusted Weight Stability;LINDA Subset Stability;LINDA Weight Stability;LINDA Adjusted Weight Stability;MAPE Correctness;RMSE Correctness;R2 Correctness;Mode
Case124_2;0;2;1;0.999999999998204;1.0;1.0;1.0;0.7649290663147477;0.9767801329215768;0.9767801329215768;;1.0;1.0;1.0;1.0;1.0;0.42723610237680154;0.4459887255510151;-0.4459887255510151;permutation
Case136_2;0;2;1;0.9999999975023616;1.0;1.0;1.0;0.763301547033908;0.8207962972436469;0.8207962972436469;;1.0;1.0;1.0;1.0;1.0;0.4138856433004016;0.43174478648488496;-0.43174478648488496;permutation
Case155_2;0;2;0;0.9999999995929508;1.0;1.0;1.0;0.7307256235827664;0.9660128374981372;0.9660128374981372;;1.0;1.0;;1.0;1.0;0.4701419443315242;0.4996095305859217;-0.4996095305859217;permutation
Case244_2;1;2;1;0.9999999997418936;1.0;1.0;1.0;0.7755728797543113;0.9808057727853337;0.9808057727853337;;1.0;1.0;1.0;1.0;1.0;0.4221454970232252;0.44424618671402333;-0.2675000013051327;permutation
Case264_2;1;2;1;0.9936345375665572;1.0;1.0;1.0;0.7257252402069476;0.981987887899251;0.981987887899251;;1.0;1.0;1.0;1.0;1.0;0.4124345879166623;0.4350933758319756;-0.2675000013051327;permutation
Case267_2;1;2;1;1.0;1.0;1.0;1.0;0.7664240755310778;0.9854741751151954;0.9854741751151954;;1.0;1.0;;1.0;1.0;0.33033098954504814;0.33128662403746395;-0.3305441618016496;permutation
Case273_2;0;2;0;0.9903609856383896;1.0;1.0;1.0;0.8177982355197545;0.98568210599003;0.98568210599003;;1.0;1.0;1.0;1.0;1.0;0.4295123935868245;0.46065427451476737;-0.46065427451476737;permutation
Case91_2;1;2;1;0.9999920866287728;1.0;1.0;1.0;0.7343269341492704;0.9670905012725244;0.9670905012725244;;1.0;1.0;1.0;1.0;1.0;0.44703667783659884;0.4665701156946275;-0.4665701156946275;permutation
