"Case ID;Actual;Prefix Length;Prediction;Prediction Probability;SHAP Subset Stability;SHAP Weight Stability;SHAP Adjusted Weight Stability;LIME Subset Stability;LIME Weight Stability;LIME Adjusted Weight Stability;ACV Subset Stability;ACV Weight Stability;ACV Adjusted Weight Stability;LINDA Subset Stability;LINDA Weight Stability;LINDA Adjusted Weight Stability";MAPE Correctness;RMSE Correctness;R2 Correctness;Mode
"Case11_4;1;4;1;0.9923572161072116;1.0;1.0;1.0;0.7348292048410812;0.8966681265302406;0.8966681265302406;;1.0;1.0;;1.0;1.0";0.7484796608092166;0.743641060272967;-0.743641060272967;permutation
"Case137_4;0;4;1;0.9401014142234912;1.0;1.0;1.0;0.7575996484516363;0.9501231371533704;0.9501231371533704;;1.0;1.0;;1.0;1.0";0.7544587886147252;0.7547007186415375;-0.7547007186415375;permutation
"Case20_4;1;4;1;0.996687875171716;1.0;1.0;1.0;0.8133654425045154;0.975416986620149;0.975416986620149;;1.0;1.0;;1.0;1.0";0.738698775439512;0.7376964938998601;-0.7376964938998601;permutation
"Case252_4;0;4;0;0.9776011693636952;1.0;1.0;1.0;0.7846746440185647;0.9695304453591062;0.9695304453591062;;1.0;1.0;;1.0;1.0";0.7272589413145216;0.72974736444745;-0.72974736444745;permutation
"Case272_4;1;4;1;0.997897737841282;1.0;1.0;1.0;0.7682416267942583;0.9325945830864156;0.9325945830864156;;1.0;1.0;;1.0;1.0";0.7378756703225939;0.7353872257096884;-0.7353872257096884;permutation
"Case34_4;0;4;0;0.9892517954994464;1.0;1.0;1.0;0.8137135543485047;0.8643306082171575;0.8643306082171575;;1.0;1.0;;1.0;1.0";0.7364932010932019;0.7356573693881551;-0.7356573693881551;permutation
"Case53_4;1;4;1;0.9884334635535796;1.0;1.0;1.0;0.7133704423191871;0.9429492244084712;0.9429492244084712;;1.0;1.0;;1.0;1.0";0.7344131578216909;0.729920171609459;-0.729920171609459;permutation
"Case98_4;0;4;0;0.9337878158416704;1.0;1.0;1.0;0.7871012049697197;0.9760095419237969;0.9760095419237969;;1.0;1.0;;1.0;1.0";0.7482031693500023;0.7465442205947167;-0.7465442205947167;permutation
