Case ID;Actual;Prefix Length;Prediction;Prediction Probability;SHAP Subset Stability;SHAP Weight Stability;SHAP Adjusted Weight Stability;LIME Subset Stability;LIME Weight Stability;LIME Adjusted Weight Stability;ACV Subset Stability;ACV Weight Stability;ACV Adjusted Weight Stability;MAPE Correctness;RMSE Correctness;R2 Correctness;Mode
Case102_13;1;13;1;0.9999639907382052;1.0;1.0;1.0;0.7291761492944924;0.9792330588420306;0.9792330588420306;;1.0;1.0;0.8597160936514258;0.8360335441832667;-0.8360324721495371;permutation
Case210_13;0;13;0;0.9999502902537221;1.0;1.0;1.0;0.928344465339472;0.9807467937678559;0.9807467937678559;;1.0;1.0;0.8648774634941157;0.8414940366824069;-0.8414929576578357;permutation
Case223_13;0;13;0;0.9999343900585144;1.0;1.0;1.0;0.5736882716049383;0.9885882336128552;0.9885882336128552;;1.0;1.0;0.8632658458956436;0.8392866019186741;-0.8392866019186741;permutation
Case267_13;1;13;1;0.9999690464732982;1.0;1.0;1.0;0.6588979780830375;0.9322935907780908;0.9322935907780908;;1.0;1.0;0.8684715956691681;0.8460794640737809;-0.24393147359954007;permutation
Case274_13;0;13;0;0.999976258397047;1.0;1.0;1.0;0.8065543923532089;0.9834301392404936;0.9834301392404936;;1.0;1.0;0.8718966828829772;0.8456923763303411;-0.8456923763303411;permutation
Case277_13;1;13;1;0.9999826603175508;1.0;1.0;1.0;0.8092137311849837;0.9820353562110192;0.9820353562110192;;1.0;1.0;0.8716028083887328;0.845908091907607;-0.24393147359954007;permutation
Case78_13;1;13;1;0.9999771912990988;1.0;1.0;1.0;0.7818526955201215;0.9840225528919754;0.9840225528919754;;1.0;1.0;0.8680093503745063;0.8447389510003636;-0.24393147359954007;permutation
Case89_13;0;13;0;0.9999744998471845;1.0;1.0;1.0;0.839089874857793;0.9872336001460612;0.9872336001460612;;1.0;1.0;0.863596368478381;0.8372432844155386;-0.8372432844155386;permutation
