"Case ID;Actual;Prefix Length;Prediction;Prediction Probability;SHAP Subset Stability;SHAP Weight Stability;SHAP Adjusted Weight Stability;LIME Subset Stability;LIME Weight Stability;LIME Adjusted Weight Stability;ACV Subset Stability;ACV Weight Stability;ACV Adjusted Weight Stability";MAPE Correctness;RMSE Correctness;R2 Correctness;Mode
"Case103_11;1;11;1;0.9997912203833834;1.0;1.0;1.0;0.4640473807140474;0.9741618854154896;0.9741618854154896;;1.0;1.0";0.8929622247508742;0.8671123322316532;-0.8671123322316532;permutation
"Case115_11;1;11;1;0.9997432144378688;1.0;1.0;1.0;0.5329305391738972;0.973548118140606;0.973548118140606;;1.0;1.0";0.8906886117527064;0.8653045010886155;-0.8653045010886155;permutation
"Case122_11;0;11;0;0.9996214849640552;1.0;1.0;1.0;0.4091289953404724;0.9702437108613714;0.9702437108613714;;1.0;1.0";0.8877233852118522;0.8640540921399303;-0.8640540921399303;permutation
"Case229_11;0;11;0;0.9999709984014415;1.0;1.0;1.0;0.35594330125580104;0.9254053934805916;0.9254053934805916;;1.0;1.0";0.88675272438112;0.8617736793127326;-0.8617736793127326;permutation
"Case266_11;1;11;1;0.9993600733480128;1.0;1.0;1.0;0.4566285714285714;0.9557179286775352;0.9557179286775352;;1.0;1.0";0.8849839379465476;0.8617751321683849;-0.8617736793127326;permutation
"Case3_11;0;11;0;0.9982226685716628;1.0;1.0;1.0;0.4563878386683944;0.9723551181669666;0.9723551181669666;;1.0;1.0";0.8877788905569024;0.8648415917067284;-0.8648415917067284;permutation
"Case55_11;1;11;1;0.9992232625825992;1.0;1.0;1.0;0.5172751322751323;0.9735040523938208;0.9735040523938208;;1.0;1.0";0.8853387607344251;0.8613454561820546;-0.8613454561820546;permutation
"Case9_11;0;11;0;0.999978569660706;1.0;1.0;1.0;0.4345193899245555;0.8713301177312811;0.8713301177312811;;1.0;1.0";0.8759779795354048;0.8517415547258074;-0.8517415547258074;permutation
