Case ID;Actual;Prefix Length;Prediction;Prediction Probability;SHAP Subset Stability;SHAP Weight Stability;SHAP Adjusted Weight Stability;LIME Subset Stability;LIME Weight Stability;LIME Adjusted Weight Stability;ACV Subset Stability;ACV Weight Stability;ACV Adjusted Weight Stability;LINDA Subset Stability;LINDA Weight Stability;LINDA Adjusted Weight Stability;MAPE Correctness;RMSE Correctness;R2 Correctness;Mode
Case195_5;0;5;0;0.9861722426096484;1.0;1.0;1.0;0.5799104345836059;0.9663630443908156;0.9663630443908156;;1.0;1.0;;1.0;1.0;0.8329044445866117;0.8195126157783837;-0.8195126157783837;permutation
Case21_5;1;5;1;0.9986154297272888;1.0;1.0;1.0;0.7447266925606649;0.9759876830747862;0.9759876830747862;;1.0;1.0;;1.0;1.0;0.8241080786969784;0.8128747248959691;-0.8128747248959691;permutation
Case22_5;1;5;1;0.9793381110021528;1.0;1.0;1.0;0.7294023704208799;0.9680436568133164;0.9680436568133164;;1.0;1.0;;1.0;1.0;0.8309084354401515;0.8190020087874287;-0.8190020087874287;permutation
Case239_5;0;5;0;0.9885061501677062;1.0;1.0;1.0;0.7384935756682863;0.9623291540675212;0.9623291540675212;;1.0;1.0;;1.0;1.0;0.8415896413791765;0.8316143579854591;-0.8316143579854591;permutation
Case44_5;1;5;1;0.9995583740431444;1.0;1.0;1.0;0.6848755109624676;0.9750915625079272;0.9750915625079272;;1.0;1.0;;1.0;1.0;0.8282857722593372;0.8166578585107719;-0.8166578585107719;permutation
Case65_5;0;5;1;0.9857327603751084;1.0;1.0;1.0;0.7268767531348521;0.9558220655472244;0.9558220655472244;;1.0;1.0;;1.0;1.0;0.8288011830733085;0.8192620608161184;-0.8192620608161184;permutation
Case78_5;1;5;1;0.9907928815899824;1.0;1.0;1.0;0.6877918214931865;0.9631795689745436;0.9631795689745436;;1.0;1.0;;1.0;1.0;0.8255934808524837;0.8149635716771485;-0.8149635716771485;permutation
Case7_5;0;5;0;0.9706339547427402;1.0;1.0;1.0;0.7034356264499935;0.9730502449060188;0.9730502449060188;;1.0;1.0;;1.0;1.0;0.8533055148161307;0.8415383446154866;-0.8415383446154866;permutation
