Case ID;Actual;Prefix Length;Prediction;Prediction Probability;SHAP Subset Stability;SHAP Weight Stability;SHAP Adjusted Weight Stability;LIME Subset Stability;LIME Weight Stability;LIME Adjusted Weight Stability;ACV Subset Stability;ACV Weight Stability;ACV Adjusted Weight Stability;MAPE Correctness;RMSE Correctness;R2 Correctness;Mode
Case122_6;0;6;0;0.9946901898116121;1.0;1.0;1.0;0.7912142874569985;0.964994772849342;0.964994772849342;;1.0;1.0;0.8740092837845019;0.8612927486996698;-0.228085882910955;permutation
Case20_6;1;6;1;0.9959783457017336;1.0;1.0;1.0;0.8080683375199817;0.9621139364424216;0.9621139364424216;;1.0;1.0;0.8782917084362846;0.8624215464914432;-0.8624179300663624;permutation
Case257_6;1;6;1;0.9913648415471816;1.0;1.0;1.0;0.8167462294174622;0.954061009975438;0.954061009975438;;1.0;1.0;0.8686279757753211;0.8505075936306177;-0.8505075936306177;permutation
Case261_6;0;6;0;0.9956683873920721;1.0;1.0;1.0;0.8527209830648492;0.9645305606695808;0.9645305606695808;;1.0;1.0;0.8690310241270106;0.8546220455541139;-0.8546220455541139;permutation
Case54_6;1;6;1;0.9768512714403326;1.0;1.0;1.0;0.8176034273291131;0.9714085676649832;0.9714085676649832;;1.0;1.0;0.8786202161609546;0.8629181241263878;-0.8629181241263878;permutation
Case62_6;0;6;0;0.9990092930182128;1.0;1.0;1.0;0.7975155279503106;0.9397740035037584;0.9397740035037584;;1.0;1.0;0.8669150202806412;0.8540546416990057;-0.8540546416990057;permutation
Case73_6;1;6;1;0.9999968889185749;1.0;1.0;1.0;0.7885533416355334;0.9177966976560352;0.9177966976560352;;1.0;1.0;0.8724905224790115;0.8557976032465413;-0.8557976032465413;permutation
Case7_6;0;6;0;0.97820460709331;1.0;1.0;1.0;0.9438240970499034;0.9652442712412628;0.9652442712412628;;1.0;1.0;0.8855093387111722;0.8726621186287871;-0.8726621186287871;permutation
