Case ID;Actual;Prefix Length;Prediction;Prediction Probability;SHAP Subset Stability;SHAP Weight Stability;SHAP Adjusted Weight Stability;LIME Subset Stability;LIME Weight Stability;LIME Adjusted Weight Stability;ACV Subset Stability;ACV Weight Stability;ACV Adjusted Weight Stability;LIME Precision;LIME Recall;LIME Correlation;SHAP Precision;SHAP Recall;SHAP Correlation
Case102_13;1;13;1;0.9999639907382052;1.0;1.0;1.0;0.7291761492944924;0.9792330588420306;0.9792330588420306;;1.0;1.0;1.0;1.0;0.6428531235605954;0.0;0.0;0.5538092029809141
Case210_13;0;13;0;0.999950290253722;1.0;1.0;1.0;0.928344465339472;0.980746793767856;0.980746793767856;;1.0;1.0;1.0;1.0;0.6506447845753838;0.0;0.0;0.5438831086675889
Case223_13;0;13;0;0.9999343900585144;1.0;1.0;1.0;0.5736882716049383;0.9885882336128552;0.9885882336128552;;1.0;1.0;1.0;1.0;0.6395813450065939;1.0;1.0;0.5701126843141994
Case267_13;1;13;1;0.9999690464732982;1.0;1.0;1.0;0.6588979780830375;0.9322935907780908;0.9322935907780908;;1.0;1.0;1.0;1.0;0.6582926311482381;0.0;0.0;0.5598265762174894
Case274_13;0;13;0;0.999976258397047;1.0;1.0;1.0;0.8065543923532089;0.9834301392404936;0.9834301392404936;;1.0;1.0;1.0;1.0;0.6330634690489365;0.0;0.0;0.5666051214532213
Case277_13;1;13;1;0.9999826603175508;1.0;1.0;1.0;0.8092137311849837;0.9820353562110192;0.9820353562110192;;1.0;1.0;1.0;1.0;0.6562381391206077;0.0;0.0;0.5378914507012554
Case78_13;1;13;1;0.9999771912990988;1.0;1.0;1.0;0.7818526955201215;0.9840225528919754;0.9840225528919754;;1.0;1.0;1.0;1.0;0.6485235215568554;0.0;0.0;0.5415841635079742
Case89_13;0;13;0;0.9999744998471845;1.0;1.0;1.0;0.839089874857793;0.9872336001460612;0.9872336001460612;;1.0;1.0;1.0;1.0;0.6435516508499899;0.0;0.0;0.5591271208669132
