Case ID;Actual;Prefix Length;Prediction;Prediction Probability;SHAP Subset Stability;SHAP Weight Stability;SHAP Adjusted Weight Stability;LIME Subset Stability;LIME Weight Stability;LIME Adjusted Weight Stability;ACV Subset Stability;ACV Weight Stability;ACV Adjusted Weight Stability;LIME Precision;LIME Recall;LIME Correlation;SHAP Precision;SHAP Recall;SHAP Correlation
Case135_10;1;10;1;0.9963488377352968;1.0;1.0;1.0;0.8025178826895565;0.9818562168001524;0.9818562168001524;;1.0;1.0;0.6666666666666666;1.0;0.7423921719039402;1.0;0.5;0.5662693344685682
Case188_10;1;10;1;0.9711629449567688;1.0;1.0;1.0;0.8233754317789292;0.9861985971956082;0.9861985971956082;;1.0;1.0;0.6666666666666666;1.0;0.7191648587027204;0.0;0.0;0.5655834634123267
Case192_10;0;10;0;0.9496488028731792;1.0;1.0;1.0;0.8601900684037387;0.9867170469145872;0.9867170469145872;;1.0;1.0;0.6666666666666666;1.0;0.7188105437555832;0.0;0.0;0.57000614918878
Case249_10;1;10;1;0.8905430124616259;1.0;1.0;1.0;0.8988371057453831;0.9618969996661636;0.9618969996661636;;1.0;1.0;0.6666666666666666;1.0;0.7352350099717677;0.0;0.0;0.5829825142298534
Case269_10;0;10;0;0.9599778243886988;1.0;1.0;1.0;0.7702026703939382;0.2645957943073199;0.2645957943073199;;1.0;1.0;0.6666666666666666;1.0;0.7050552501411657;1.0;0.5;0.6059867871276982
Case37_10;1;10;1;0.9256794006247764;1.0;1.0;1.0;0.8192252510760402;0.9838751073217492;0.9838751073217492;;1.0;1.0;0.6666666666666666;1.0;0.7369435953835185;0.0;0.0;0.5829982813805716
Case84_10;0;10;0;0.9913530775095624;1.0;1.0;1.0;0.8834978915040121;0.9890854239116784;0.9890854239116784;;1.0;1.0;0.6666666666666666;1.0;0.7304714423491447;0.0;0.0;0.5807751131293063
Case9_10;0;10;0;0.9959472105313222;1.0;1.0;1.0;0.7846458302196309;0.9816088705777968;0.9816088705777968;;1.0;1.0;0.5;1.0;0.7246528035506018;1.0;0.5;0.5797265976065464
