Case ID;Actual;Prefix Length;Prediction;Prediction Probability;SHAP Subset Stability;SHAP Weight Stability;SHAP Adjusted Weight Stability;LIME Subset Stability;LIME Weight Stability;LIME Adjusted Weight Stability;ACV Subset Stability;ACV Weight Stability;ACV Adjusted Weight Stability;LIME Precision;LIME Recall;LIME Correlation;SHAP Precision;SHAP Recall;SHAP Correlation
Case122_6;0;6;0;0.994690189811612;1.0;1.0;1.0;0.7912142874569985;0.964994772849342;0.964994772849342;;1.0;1.0;1.0;0.5;0.7290534499632856;0.0;0.0;0.5204850983694673
Case20_6;1;6;1;0.9959783457017336;1.0;1.0;1.0;0.8080683375199817;0.9621139364424216;0.9621139364424216;;1.0;1.0;1.0;0.5;0.7481153174064631;0.0;0.0;0.5344292414845379
Case257_6;1;6;1;0.9913648415471816;1.0;1.0;1.0;0.8167462294174622;0.954061009975438;0.954061009975438;;1.0;1.0;1.0;0.5;0.7141902317366672;0.0;0.0;0.5411516236502624
Case261_6;0;6;0;0.995668387392072;1.0;1.0;1.0;0.8527209830648492;0.9645305606695808;0.9645305606695808;;1.0;1.0;1.0;0.5;0.7367117861342891;0.0;0.0;0.5256483377202364
Case54_6;1;6;1;0.9768512714403326;1.0;1.0;1.0;0.8176034273291131;0.9714085676649832;0.9714085676649832;;1.0;1.0;1.0;0.5;0.7476954524848072;0.0;0.0;0.5294359961988189
Case62_6;0;6;0;0.9990092930182128;1.0;1.0;1.0;0.7975155279503106;0.9397740035037584;0.9397740035037584;;1.0;1.0;1.0;0.5;0.7375515159776008;0.0;0.0;0.5359238634018656
Case73_6;1;6;1;0.9999968889185749;1.0;1.0;1.0;0.7885533416355334;0.9177966976560352;0.9177966976560352;;1.0;1.0;1.0;0.5;0.7106801609916239;0.0;0.0;0.5082563735913301
Case7_6;0;6;0;0.97820460709331;1.0;1.0;1.0;0.9438240970499034;0.9652442712412628;0.9652442712412628;;1.0;1.0;1.0;0.5;0.7651114494350935;0.0;0.0;0.516767314669985
