Case ID;Actual;Prefix Length;Prediction;"Prediction Probability;SHAP Precision;SHAP Recall;SHAP Correlation";MAPE Correctness;RMSE Correctness;R2 Correctness;Mode
1009_4;0;4;1;"0.5882352941176471;1.0;0.16666666666666666;0.9246871552567748";0.8140772340547814;0.8140772340547814;-0.8144213608685431;baseline_max
1041_4;0;4;1;"0.5882352941176471;1.0;0.16666666666666666;0.9246871552567748";0.8140772340547814;0.8140772340547814;-0.8144213608685431;baseline_max
1050_4;1;4;1;"0.5882352941176471;1.0;0.16666666666666666;0.9246871552567748";0.8140772340547814;0.8140772340547814;-0.8144213608685431;baseline_max
1074_4;0;4;1;"0.5882352941176471;1.0;0.16666666666666666;0.9246871552567748";0.8140772340547814;0.8140772340547814;-0.8144213608685431;baseline_max
1083_4;1;4;1;"0.5882352941176471;1.0;0.16666666666666666;0.9246871552567748";0.8140772340547814;0.8140772340547814;-0.8144213608685431;baseline_max
1090_4;1;4;1;"0.9605263157894737;1.0;0.3333333333333333;0.6549003834314115";0.5763745573876394;0.5763745573876394;-0.5763745573876394;baseline_max
1105_4;0;4;1;"0.8085106382978723;1.0;0.16666666666666666;0.9239899359125661";0.9089026103902517;0.9089026103902517;-0.9089026103902517;baseline_max
969_4;1;4;1;"0.5882352941176471;1.0;0.16666666666666666;0.9246871552567748";0.8140772340547814;0.8140772340547814;-0.8144213608685431;baseline_max
