Case ID;Actual;Prefix Length;Prediction;Prediction Probability;SHAP Precision;SHAP Recall;SHAP Correlation;MAPE Correctness;RMSE Correctness;R2 Correctness;Mode
1029_10;0;10;0;0.6243654822335025;1.0;0.5;0.9988577955454024;;;;baseline_mean
1063_10;1;10;0;0.6243654822335025;1.0;0.5;0.9988577955454024;;;;baseline_mean
1096_10;0;10;0;0.6243654822335025;1.0;0.5;0.9988577955454024;;;;baseline_mean
1125_10;1;10;0;0.6243654822335025;1.0;0.5;0.9988577955454024;;;;baseline_mean
918_10;1;10;1;1.0;1.0;0.5;0.9988577955454024;0.7056938075236184;0.7056938075236184;-0.7056938075236184;baseline_mean
947_10;0;10;0;0.6538461538461539;1.0;1.0;0.7073086674950684;1.0;1.0;-1.0;baseline_mean
966_10;1;10;0;0.6243654822335025;1.0;0.5;0.9988577955454024;;;;baseline_mean
971_10;0;10;0;0.6243654822335025;1.0;0.5;0.9988577955454024;;;;baseline_mean
