Case ID;Actual;Prefix Length;Prediction;"Prediction Probability;SHAP Precision;SHAP Recall;SHAP Correlation";MAPE Correctness;RMSE Correctness;R2 Correctness;Mode
1029_10;0;10;0;"0.6243654822335025;1.0;0.5;0.9988577955454024";0.7073086674950685;0.7073086674950685;-0.7073086674950685;baseline_0
1063_10;1;10;0;"0.6243654822335025;1.0;0.5;0.9988577955454024";0.7073086674950685;0.7073086674950685;-0.7073086674950685;baseline_0
1096_10;0;10;0;"0.6243654822335025;1.0;0.5;0.9988577955454024";0.7073086674950685;0.7073086674950685;-0.7073086674950685;baseline_0
1125_10;1;10;0;"0.6243654822335025;1.0;0.5;0.9988577955454024";0.7073086674950685;0.7073086674950685;-0.7073086674950685;baseline_0
918_10;1;10;1;"1.0;1.0;0.5;0.9988577955454024";0.9999999999999998;0.9999999999999998;-0.9997144081049851;baseline_0
947_10;0;10;0;"0.6538461538461539;1.0;1.0;0.7073086674950684";;;;baseline_0
966_10;1;10;0;"0.6243654822335025;1.0;0.5;0.9988577955454024";0.7073086674950685;0.7073086674950685;-0.7073086674950685;baseline_0
971_10;0;10;0;"0.6243654822335025;1.0;0.5;0.9988577955454024";0.7073086674950685;0.7073086674950685;-0.7073086674950685;baseline_0
