Case ID;Actual;Prefix Length;Prediction;"Prediction Probability;SHAP Precision;SHAP Recall;SHAP Correlation";MAPE Correctness;RMSE Correctness;R2 Correctness;Mode
1001_11;0;11;0;"0.7857142857142857;1.0;0.3333333333333333;0.8636135759252909";0.813910532781071;0.813910532781071;-0.813910532781071;baseline_0
1048_11;0;11;0;"0.7857142857142857;1.0;0.3333333333333333;0.8636135759252909";0.813910532781071;0.813910532781071;-0.813910532781071;baseline_0
1055_11;1;11;0;"0.5736434108527132;1.0;0.25;0.9976945244956774";0.4992803475158481;0.4992803475158481;-0.4992803475158481;baseline_0
1086_11;0;11;0;"0.5736434108527132;1.0;0.25;0.9976945244956774";0.4992803475158481;0.4992803475158481;-0.4992803475158481;baseline_0
1111_11;0;11;0;"0.7857142857142857;1.0;0.3333333333333333;0.8636135759252909";0.813910532781071;0.813910532781071;-0.813910532781071;baseline_0
1116_11;1;11;0;"0.5736434108527132;1.0;0.25;0.9976945244956774";0.4992803475158481;0.4992803475158481;-0.4992803475158481;baseline_0
1121_11;1;11;0;"0.5736434108527132;1.0;0.25;0.9976945244956774";0.4992803475158481;0.4992803475158481;-0.4992803475158481;baseline_0
914_11;1;11;1;"1.0;1.0;0.25;0.9976945244956774";0.7050703002921509;0.7050703002921509;-0.7048659073586541;baseline_0
