Case ID;Actual;Prefix Length;Prediction;"Prediction Probability;SHAP Precision;SHAP Recall;SHAP Correlation";MAPE Correctness;RMSE Correctness;R2 Correctness;Mode
916.0;0.0;1.0;1.0;"0.6759259259259259;1.0;1.0;0.5776850620673935";;;;baseline_max
985.0;1.0;1.0;0.0;"0.7075098814229249;1.0;0.3333333333333333;0.9992266047950502";0.9992266047950502;0.9992266047950502;-0.9992266047950502;baseline_max
1028.0;1.0;1.0;1.0;"0.6759259259259259;1.0;1.0;0.5776850620673935";;;;baseline_max
1066.0;1.0;1.0;1.0;"0.6759259259259259;1.0;1.0;0.5776850620673935";;;;baseline_max
1089.0;0.0;1.0;1.0;"0.6759259259259259;1.0;1.0;0.5776850620673935";;;;baseline_max
1093.0;1.0;1.0;1.0;"0.6759259259259259;1.0;1.0;0.5776850620673935";;;;baseline_max
1102.0;0.0;1.0;1.0;"0.6759259259259259;1.0;1.0;0.5776850620673935";;;;baseline_max
1131.0;0.0;1.0;0.0;"0.7075098814229249;1.0;0.3333333333333333;0.9992266047950502";0.9992266047950502;0.9992266047950502;-0.9992266047950502;baseline_max
