Case ID;Actual;Prefix Length;Prediction;"Prediction Probability;SHAP Precision;SHAP Recall;SHAP Correlation";MAPE Correctness;RMSE Correctness;R2 Correctness;Mode
1014_9;1;9;1;"1.0;1.0;0.3333333333333333;0.6123148532406165";0.8157993496065511;0.8157993496065511;-0.8155666303799723;baseline_0
1029_9;0;9;0;"0.9285714285714286;1.0;0.25;0.7054937622329107";0.7050934935219825;0.7050934935219825;-0.7050934935219825;baseline_0
1064_9;1;9;1;"1.0;1.0;0.3333333333333333;0.6123148532406165";0.8157993496065511;0.8157993496065511;-0.8155666303799723;baseline_0
1074_9;0;9;0;"0.7843137254901961;1.0;0.2;0.7894419304411863";0.6301140013279182;0.6301140013279182;-0.6301140013279182;baseline_0
1095_9;0;9;0;"0.7843137254901961;1.0;0.2;0.7894419304411863";0.6301140013279182;0.6301140013279182;-0.6301140013279182;baseline_0
1117_9;1;9;1;"1.0;1.0;0.3333333333333333;0.6123148532406165";0.8157993496065511;0.8157993496065511;-0.8155666303799723;baseline_0
954_9;1;9;0;"0.5862068965517241;1.0;0.2;0.7872766040034047";;;;baseline_0
971_9;0;9;0;"0.7843137254901961;1.0;0.2;0.7894419304411863";0.6301140013279182;0.6301140013279182;-0.6301140013279182;baseline_0
