Case ID;Actual;Prefix Length;Prediction;Prediction Probability;SHAP Precision;SHAP Recall;SHAP Correlation;MAPE Correctness;RMSE Correctness;R2 Correctness;Mode
1020_8;1;8;1;1.0;1.0;1.0;0.4088320864012606;;;;baseline_max
1045_8;0;8;0;0.6081871345029239;1.0;0.16666666666666666;0.9969471474909369;0.9109378902136589;0.9109378902136589;-0.9109378902136589;baseline_max
1055_8;1;8;1;1.0;1.0;1.0;0.4088320864012606;;;;baseline_max
1088_8;0;8;0;0.6081871345029239;1.0;0.16666666666666666;0.9969471474909369;0.9109378902136589;0.9109378902136589;-0.9109378902136589;baseline_max
1098_8;0;8;0;0.6081871345029239;1.0;0.16666666666666666;0.9969471474909369;0.9109378902136589;0.9109378902136589;-0.9109378902136589;baseline_max
1105_8;0;8;0;0.6081871345029239;1.0;0.16666666666666666;0.9969471474909369;0.9109378902136589;0.9109378902136589;-0.9109378902136589;baseline_max
941_8;1;8;0;0.6081871345029239;1.0;0.16666666666666666;0.9969471474909369;0.9109378902136589;0.9109378902136589;-0.9109378902136589;baseline_max
957_8;1;8;1;1.0;1.0;1.0;0.4088320864012606;;;;baseline_max
