Case ID;Actual;Prefix Length;Prediction;Prediction Probability;SHAP Precision;SHAP Recall;SHAP Correlation;MAPE Correctness;RMSE Correctness;R2 Correctness;Mode
1008_3;1;3;0;0.5882352941176471;1.0;0.5;0.3256363628529604;0.7073052673044741;0.7073052673044741;-0.7073052673044741;baseline_0
1048_3;0;3;0;0.8;1.0;0.14285714285714285;0.6045309888040636;0.6519539742915496;0.6519539742915496;-0.6519539742915496;baseline_0
1051_3;0;3;0;0.8192771084337349;1.0;0.16666666666666666;0.5604211779530386;;;;baseline_0
1061_3;0;3;1;0.5984848484848485;1.0;0.1;0.7235505526806559;0.44822140206365374;0.44822140206365374;-0.4480955502004222;baseline_0
1091_3;1;3;1;0.8947368421052632;1.0;0.1;0.7230582856077357;0.5459251097062212;0.5459251097062212;-0.5459251097062212;baseline_0
1120_3;1;3;0;0.543859649122807;1.0;0.25;0.45896508471473746;0.8643221004973283;0.8643221004973283;-0.8643221004973283;baseline_0
915_3;1;3;1;0.8947368421052632;1.0;0.1;0.7230582856077357;0.5459251097062212;0.5459251097062212;-0.5459251097062212;baseline_0
936_3;0;3;0;0.543859649122807;1.0;0.25;0.46000112328068493;0.8643221004973283;0.8643221004973283;-0.8643221004973283;baseline_0
