Case ID;Actual;Prefix Length;Prediction;"Prediction Probability;SHAP Precision;SHAP Recall;SHAP Correlation";MAPE Correctness;RMSE Correctness;R2 Correctness;Mode
1011_7;0;7;1;"1.0;1.0;0.027777777777777776;0.5762060362437172";0.2854966005761487;0.2854966005761487;-0.2854966005761487;baseline_min
1021_7;0;7;0;"1.0;1.0;0.2;0.2226468539967227";0.4456823324845195;0.4456823324845195;-0.4456823324845195;baseline_min
1031_7;0;7;1;"1.0;1.0;0.16666666666666666;0.24552195446623754";0.4088314193005234;0.4088314193005234;-0.4088314193005234;baseline_min
1036_7;1;7;1;"1.0;1.0;0.02702702702702703;0.5844017049536369";0.28169405944752796;0.28169405944752796;-0.28169405944752796;baseline_min
1040_7;1;7;1;"1.0;1.0;0.16666666666666666;0.2454277222826005";0.4088314193005234;0.4088314193005234;-0.4088314193005234;baseline_min
1084_7;0;7;1;"1.0;1.0;0.16666666666666666;0.24486232918077844";0.5758662896881869;0.5758662896881869;-0.5758662896881869;baseline_min
946_7;1;7;1;"1.0;1.0;0.1;0.31382293260867594";0.317042204307756;0.317042204307756;-0.317042204307756;baseline_min
981_7;1;7;0;"1.0;1.0;0.07142857142857142;0.3706460244014495";;;;baseline_min
