Case ID;Actual;Prefix Length;Prediction;"Prediction Probability;SHAP Precision;SHAP Recall;SHAP Correlation";MAPE Correctness;RMSE Correctness;R2 Correctness;Mode
1001_11;0;11;0;"0.7857142857142857;1.0;0.3333333333333333;0.8636135759252909";0.5776827484968772;0.5776827484968772;-0.5776827484968772;baseline_max
1048_11;0;11;0;"0.7857142857142857;1.0;0.3333333333333333;0.8636135759252909";0.5776827484968772;0.5776827484968772;-0.5776827484968772;baseline_max
1055_11;1;11;0;"0.5736434108527132;1.0;0.25;0.9976945244956774";0.863613575925291;0.863613575925291;-0.8644443421062349;baseline_max
1086_11;0;11;0;"0.5736434108527132;1.0;0.25;0.9976945244956774";0.863613575925291;0.863613575925291;-0.8644443421062349;baseline_max
1111_11;0;11;0;"0.7857142857142857;1.0;0.3333333333333333;0.8636135759252909";0.5776827484968772;0.5776827484968772;-0.5776827484968772;baseline_max
1116_11;1;11;0;"0.5736434108527132;1.0;0.25;0.9976945244956774";0.863613575925291;0.863613575925291;-0.8644443421062349;baseline_max
1121_11;1;11;0;"0.5736434108527132;1.0;0.25;0.9976945244956774";0.863613575925291;0.863613575925291;-0.8644443421062349;baseline_max
914_11;1;11;1;"1.0;1.0;0.25;0.9976945244956774";0.7066995788601281;0.7066995788601281;-0.7064956551213329;baseline_max
