Case ID;Actual;Prefix Length;Prediction;"Prediction Probability;SHAP Precision;SHAP Recall;SHAP Correlation";MAPE Correctness;RMSE Correctness;R2 Correctness;Mode
1008_3;1;3;0;"0.5882352941176471;1.0;0.5;0.3256363628529604";0.7057176011601318;0.7057176011601318;-0.7057176011601318;baseline_mean
1048_3;0;3;0;"0.8;1.0;0.14285714285714285;0.6045309888040636";0.5322689086889318;0.5322689086889318;-0.5322689086889318;baseline_mean
1051_3;0;3;0;"0.8192771084337349;1.0;0.16666666666666666;0.5604211779530386";0.40882223745113555;0.40882223745113555;-0.40882223745113555;baseline_mean
1061_3;0;3;1;"0.5984848484848485;1.0;0.1;0.7235505526806559";0.3170293585982188;0.3170293585982188;-0.3170293585982188;baseline_mean
1091_3;1;3;1;"0.8947368421052632;1.0;0.1;0.7230582856077357";0.4436913710489734;0.4436913710489734;-0.4436913710489734;baseline_mean
1120_3;1;3;0;"0.543859649122807;1.0;0.25;0.45896508471473746";0.4970515664474004;0.4970515664474004;-0.4970515664474004;baseline_mean
915_3;1;3;1;"0.8947368421052632;1.0;0.1;0.7230582856077357";0.4436913710489734;0.4436913710489734;-0.4436913710489734;baseline_mean
936_3;0;3;0;"0.543859649122807;1.0;0.25;0.46000112328068493";0.4970515664474004;0.4970515664474004;-0.4970515664474004;baseline_mean
