Case ID;Actual;Prefix Length;Prediction;Prediction Probability;SHAP Precision;SHAP Recall;SHAP Correlation;MAPE Correctness;RMSE Correctness;R2 Correctness;Mode
1011_12;0;12;0;0.7368421052631579;1.0;0.2;0.7064949503499325;0.627900483271037;0.627900483271037;-0.627900483271037;baseline_min
1064_12;1;12;1;1.0;1.0;1.0;0.31704973127173514;0.9999999999999999;0.9999999999999999;-0.9999999999999999;baseline_min
1084_12;0;12;0;0.6666666666666666;1.0;0.16666666666666666;0.7728072447619821;0.40413211795520293;0.40413211795520293;-0.40413211795520293;baseline_min
1092_12;0;12;0;0.7368421052631579;1.0;0.2;0.7061682474827187;0.627900483271037;0.627900483271037;-0.627900483271037;baseline_min
1126_12;1;12;1;1.0;1.0;1.0;0.31704973127173514;0.9999999999999999;0.9999999999999999;-0.9999999999999999;baseline_min
1141_12;0;12;0;0.7368421052631579;1.0;0.2;0.7061682474827187;0.627900483271037;0.627900483271037;-0.627900483271037;baseline_min
930_12;1;12;1;1.0;1.0;1.0;0.31704973127173514;0.9999999999999999;0.9999999999999999;-0.9999999999999999;baseline_min
995_12;1;12;1;1.0;1.0;1.0;0.31704973127173514;0.9999999999999999;0.9999999999999999;-0.9999999999999999;baseline_min
