Case ID;Actual;Prefix Length;Prediction;"Prediction Probability;SHAP Precision;SHAP Recall;SHAP Correlation";MAPE Correctness;RMSE Correctness;R2 Correctness;Mode
1026_2;1;2;1;"0.5294117647058824;1.0;0.25;0.5532857437839149";0.8636572406316178;0.8636572406316178;-0.8638193164977299;baseline_max
1049_2;1;2;1;"0.9459459459459459;1.0;0.2;0.6196121152552214";0.6308455471025325;0.6308455471025325;-0.6308455471025325;baseline_max
1104_2;1;2;1;"0.9459459459459459;1.0;0.2;0.6198936931308201";0.6308455471025325;0.6308455471025325;-0.6308455471025325;baseline_max
1121_2;1;2;1;"0.9459459459459459;1.0;0.2;0.6198936931308201";0.6308455471025325;0.6308455471025325;-0.6308455471025325;baseline_max
1128_2;0;2;0;"0.8918918918918919;1.0;0.5;0.39301264096156957";;;;baseline_max
936_2;0;2;0;"0.8918918918918919;1.0;0.5;0.39301264096156957";;;;baseline_max
945_2;0;2;0;"0.6641221374045801;1.0;0.25;0.5548593664909227";0.9988681380871534;0.9988681380871534;-0.9991507429465937;baseline_max
997_2;0;2;0;"0.6641221374045801;1.0;0.25;0.5542299174081197";0.9994340690435768;0.9994340690435768;-0.9991507429465937;baseline_max
