Case ID;Actual;Prefix Length;Prediction;Prediction Probability;SHAP Precision;SHAP Recall;SHAP Correlation;MAPE Correctness;RMSE Correctness;R2 Correctness;Mode
1011_7;0;7;1;1.0;1.0;0.027777777777777776;0.5762060362437172;0.7807198385668596;0.7807198385668596;-0.7809131900615262;baseline_max
1021_7;0;7;0;1.0;1.0;0.2;0.2226468539967227;;;;baseline_max
1031_7;0;7;1;1.0;1.0;0.16666666666666666;0.24552195446623754;0.7046143882323704;0.7046143882323704;-0.7046143882323704;baseline_max
1036_7;1;7;1;1.0;1.0;0.02702702702702703;0.5844017049536369;0.7707211708597628;0.7707211708597628;-0.770912170655752;baseline_max
1040_7;1;7;1;1.0;1.0;0.16666666666666666;0.2454277222826005;0.7046143882323704;0.7046143882323704;-0.7046143882323704;baseline_max
1084_7;0;7;1;1.0;1.0;0.16666666666666666;0.24486232918077844;0.7046143882323704;0.7046143882323704;-0.7046143882323704;baseline_max
946_7;1;7;1;1.0;1.0;0.1;0.31382293260867594;0.6286534260262066;0.6286534260262066;-0.6286534260262066;baseline_max
981_7;1;7;0;1.0;1.0;0.07142857142857142;0.3706460244014495;0.8814677598631258;0.8814677598631258;-0.8814677598631258;baseline_max
