Case ID;Actual;Prefix Length;Prediction;Prediction Probability;SHAP Precision;SHAP Recall;SHAP Correlation;MAPE Correctness;RMSE Correctness;R2 Correctness;Mode
1014_9;1;9;1;1.0;1.0;0.3333333333333333;0.6123148532406165;0.576364562423522;0.576364562423522;-0.576364562423522;baseline_max
1029_9;0;9;0;0.9285714285714286;1.0;0.25;0.7054937622329107;0.7050934935219825;0.7050934935219825;-0.7050934935219825;baseline_max
1064_9;1;9;1;1.0;1.0;0.3333333333333333;0.6123148532406165;0.576364562423522;0.576364562423522;-0.576364562423522;baseline_max
1074_9;0;9;0;0.7843137254901961;1.0;0.2;0.7894419304411863;0.7720957227141942;0.7720957227141942;-0.7720957227141942;baseline_max
1095_9;0;9;0;0.7843137254901961;1.0;0.2;0.7894419304411863;0.7720957227141942;0.7720957227141942;-0.7720957227141942;baseline_max
1117_9;1;9;1;1.0;1.0;0.3333333333333333;0.6123148532406165;0.576364562423522;0.576364562423522;-0.576364562423522;baseline_max
954_9;1;9;0;0.5862068965517241;1.0;0.2;0.7872766040034047;0.9957805971922065;0.9957805971922065;-0.998859098316486;baseline_max
971_9;0;9;0;0.7843137254901961;1.0;0.2;0.7894419304411863;0.7720957227141942;0.7720957227141942;-0.7720957227141942;baseline_max
