Case ID;Actual;Prefix Length;Prediction;Prediction Probability;SHAP Precision;SHAP Recall;SHAP Correlation;MAPE Correctness;RMSE Correctness;R2 Correctness;Mode
1009_4;0;4;1;0.5882352941176471;1.0;0.16666666666666666;0.9246871552567748;0.5753968272555388;0.5753968272555388;-0.5752332527433703;baseline_0
1041_4;0;4;1;0.5882352941176471;1.0;0.16666666666666666;0.9246871552567748;0.5753968272555388;0.5753968272555388;-0.5752332527433703;baseline_0
1050_4;1;4;1;0.5882352941176471;1.0;0.16666666666666666;0.9246871552567748;0.5753968272555388;0.5753968272555388;-0.5752332527433703;baseline_0
1074_4;0;4;1;0.5882352941176471;1.0;0.16666666666666666;0.9246871552567748;0.5753968272555388;0.5753968272555388;-0.5752332527433703;baseline_0
1083_4;1;4;1;0.5882352941176471;1.0;0.16666666666666666;0.9246871552567748;0.5753968272555388;0.5753968272555388;-0.5752332527433703;baseline_0
1090_4;1;4;1;0.9605263157894737;1.0;0.3333333333333333;0.6549003834314115;0.8158064217820254;0.8158064217820254;-0.8158064217820254;baseline_0
1105_4;0;4;1;0.8085106382978723;1.0;0.16666666666666666;0.9239899359125661;0.4088241805660124;0.4088241805660124;-0.4088241805660124;baseline_0
969_4;1;4;1;0.5882352941176471;1.0;0.16666666666666666;0.9246871552567748;0.5753968272555388;0.5753968272555388;-0.5752332527433703;baseline_0
