Case ID;Actual;Prefix Length;Prediction;"Prediction Probability;SHAP Precision;SHAP Recall;SHAP Correlation";MAPE Correctness;RMSE Correctness;R2 Correctness;Mode
1014_9;1;9;1;"1.0;1.0;0.3333333333333333;0.6123148532406165";;;;baseline_mean
1029_9;0;9;0;"0.9285714285714286;1.0;0.25;0.7054937622329107";0.7042881325927739;0.7042881325927739;-0.7042881325927739;baseline_mean
1064_9;1;9;1;"1.0;1.0;0.3333333333333333;0.6123148532406165";;;;baseline_mean
1074_9;0;9;0;"0.7843137254901961;1.0;0.2;0.7894419304411863";0.44568581989744877;0.44568581989744877;-0.44568581989744877;baseline_mean
1095_9;0;9;0;"0.7843137254901961;1.0;0.2;0.7894419304411863";0.44568581989744877;0.44568581989744877;-0.44568581989744877;baseline_mean
1117_9;1;9;1;"1.0;1.0;0.3333333333333333;0.6123148532406165";;;;baseline_mean
954_9;1;9;0;"0.5862068965517241;1.0;0.2;0.7872766040034047";0.4477232407884085;0.4477232407884085;-0.4477232407884085;baseline_mean
971_9;0;9;0;"0.7843137254901961;1.0;0.2;0.7894419304411863";0.44568581989744877;0.44568581989744877;-0.44568581989744877;baseline_mean
