Case ID;Actual;Prefix Length;Prediction;"Prediction Probability;SHAP Precision;SHAP Recall;SHAP Correlation";MAPE Correctness;RMSE Correctness;R2 Correctness;Mode
1031_5;0;5;0;"0.75;1.0;0.25;0.6270600668022899";0.8661073633174651;0.8661073633174651;-0.8657794786328709;baseline_max
1036_5;1;5;1;"0.6898148148148148;1.0;0.1;0.9915669515669516";0.9454102203172668;0.9454102203172668;-0.9467894467146624;baseline_max
1080_5;0;5;0;"0.75;1.0;0.25;0.6270600668022899";0.8661073633174651;0.8661073633174651;-0.8657794786328709;baseline_max
1091_5;1;5;1;"0.6898148148148148;1.0;0.1;0.9915669515669516";0.9454102203172668;0.9454102203172668;-0.9467894467146624;baseline_max
1112_5;1;5;1;"0.6898148148148148;1.0;0.1;0.9915669515669516";0.9454102203172668;0.9454102203172668;-0.9467894467146624;baseline_max
1129_5;0;5;0;"0.5128205128205128;1.0;0.1;0.9917948717948719";0.9982333308258409;0.9982333308258409;-0.997432601668802;baseline_max
950_5;0;5;1;"0.6898148148148148;1.0;0.1;0.9915669515669516";0.9454102203172668;0.9454102203172668;-0.9467894467146624;baseline_max
989_5;1;5;1;"0.9024390243902439;1.0;0.2;0.7003884665983614";0.8930298560070751;0.8930298560070751;-0.8939188492759893;baseline_max
