Case ID;Actual;Prefix Length;Prediction;Prediction Probability;SHAP Precision;SHAP Recall;SHAP Correlation;MAPE Correctness;RMSE Correctness;R2 Correctness;Mode
1026_2;1;2;1;0.5294117647058824;1.0;0.25;0.5532857437839149;0.5004242682138003;0.5004242682138003;-0.5004242682138003;baseline_min
1049_2;1;2;1;0.9459459459459459;1.0;0.2;0.6196121152552214;0.7726971973003042;0.7726971973003042;-0.7726971973003042;baseline_min
1104_2;1;2;1;0.9459459459459459;1.0;0.2;0.6198936931308201;0.7726971973003042;0.7726971973003042;-0.7726971973003042;baseline_min
1121_2;1;2;1;0.9459459459459459;1.0;0.2;0.6198936931308201;0.7726971973003042;0.7726971973003042;-0.7726971973003042;baseline_min
1128_2;0;2;0;0.8918918918918919;1.0;0.5;0.39301264096156957;0.9988694177501414;0.9988694177501414;-0.9988694177501414;baseline_min
936_2;0;2;0;0.8918918918918919;1.0;0.5;0.39301264096156957;0.9988694177501414;0.9988694177501414;-0.9988694177501414;baseline_min
945_2;0;2;0;0.6641221374045801;1.0;0.25;0.5548593664909227;;;;baseline_min
997_2;0;2;0;0.6641221374045801;1.0;0.25;0.5542299174081197;;;;baseline_min
