Case ID;Actual;Prefix Length;Prediction;"Prediction Probability;SHAP Precision;SHAP Recall;SHAP Correlation";MAPE Correctness;RMSE Correctness;R2 Correctness;Mode
1003_13;0;13;0;"0.6769759450171822;1.0;1.0;1.0";;;;baseline_0
1018_13;0;13;0;"0.6769759450171822;1.0;1.0;1.0";;;;baseline_0
1031_13;0;13;0;"0.6769759450171822;1.0;1.0;1.0";;;;baseline_0
1059_13;1;13;0;"0.6769759450171822;1.0;1.0;1.0";;;;baseline_0
1114_13;1;13;0;"0.6769759450171822;1.0;1.0;1.0";;;;baseline_0
916_13;0;13;0;"0.6769759450171822;1.0;1.0;1.0";;;;baseline_0
929_13;1;13;1;"0.995;1.0;1.0;1.0";1.0;1.0;-1.0;baseline_0
941_13;1;13;1;"0.995;1.0;1.0;1.0";1.0;1.0;-1.0;baseline_0
