Case ID;Actual;Prefix Length;Prediction;"Prediction Probability;SHAP Precision;SHAP Recall;SHAP Correlation";MAPE Correctness;RMSE Correctness;R2 Correctness;Mode
1009_4;0;4;1;"0.5882352941176471;1.0;0.16666666666666666;0.9246871552567748";0.9969885187276493;0.9969885187276493;-0.9985873703923814;permutation
1041_4;0;4;1;"0.5882352941176471;1.0;0.16666666666666666;0.9246871552567748";0.9969885187276493;0.9969885187276493;-0.9985873703923814;permutation
1050_4;1;4;1;"0.5882352941176471;1.0;0.16666666666666666;0.9246871552567748";0.9973649538866932;0.9973649538866932;-0.9985873703923814;permutation
1074_4;0;4;1;"0.5882352941176471;1.0;0.16666666666666666;0.9246871552567748";0.9969885187276493;0.9969885187276493;-0.9985873703923814;permutation
1083_4;1;4;1;"0.5882352941176471;1.0;0.16666666666666666;0.9246871552567748";0.9973649538866932;0.9973649538866932;-0.9985873703923814;permutation
1090_4;1;4;1;"0.9605263157894737;1.0;0.3333333333333333;0.6549003834314115";0.9984968057121384;0.9984968057121384;-0.9984968057121384;permutation
1105_4;0;4;1;"0.8085106382978723;1.0;0.16666666666666666;0.9239899359125661";0.9958592132505177;0.9958592132505177;-0.9958592132505177;permutation
969_4;1;4;1;"0.5882352941176471;1.0;0.16666666666666666;0.9246871552567748";0.9969885187276493;0.9969885187276493;-0.9985873703923814;permutation
