Case ID;Actual;Prefix Length;Prediction;Prediction Probability;SHAP Precision;SHAP Recall;SHAP Correlation;MAPE Correctness;RMSE Correctness;R2 Correctness;Mode
1031_5;0;5;0;0.75;1.0;0.25;0.6270600668022899;0.997160704145372;0.9965928449744463;-0.9991478481622342;permutation
1036_5;1;5;1;0.6898148148148148;1.0;0.1;0.9915669515669516;0.995897435897436;0.9956695156695157;-0.997432601668802;permutation
1080_5;0;5;0;0.75;1.0;0.25;0.6270600668022899;0.997160704145372;0.9965928449744463;-0.9991478481622342;permutation
1091_5;1;5;1;0.6898148148148148;1.0;0.1;0.9915669515669516;0.995897435897436;0.9956695156695157;-0.997432601668802;permutation
1112_5;1;5;1;0.6898148148148148;1.0;0.1;0.9915669515669516;0.995897435897436;0.9956695156695157;-0.997432601668802;permutation
1129_5;0;5;0;0.5128205128205128;1.0;0.1;0.9917948717948719;0.9970370370370372;0.9972649572649575;-0.997432601668802;permutation
950_5;0;5;1;0.6898148148148148;1.0;0.1;0.9915669515669516;0.995897435897436;0.9956695156695157;-0.997432601668802;permutation
989_5;1;5;1;0.9024390243902439;1.0;0.2;0.7003884665983614;0.9977272727272726;0.9977272727272726;-0.9988629899677296;permutation
