Case ID;Actual;Prefix Length;Prediction;"Prediction Probability;SHAP Precision;SHAP Recall;SHAP Correlation";MAPE Correctness;RMSE Correctness;R2 Correctness;Mode
1011_7;0;7;1;"1.0;1.0;0.027777777777777776;0.5762060362437172";0.8275058810617419;0.8276575569781717;-0.8340506465715033;permutation
1021_7;0;7;0;"1.0;1.0;0.2;0.2226468539967227";0.4456823324845195;0.4456823324845195;-0.4456823324845195;permutation
1031_7;0;7;1;"1.0;1.0;0.16666666666666666;0.24552195446623754";0.8150970055803515;0.8150970055803515;-0.8153291899271211;permutation
1036_7;1;7;1;"1.0;1.0;0.02702702702702703;0.5844017049536369";0.8157360170310346;0.8158856727696084;-0.8233187651486946;permutation
1040_7;1;7;1;"1.0;1.0;0.16666666666666666;0.2454277222826005";0.8150970055803515;0.8150970055803515;-0.8153291899271211;permutation
1084_7;0;7;1;"1.0;1.0;0.16666666666666666;0.24486232918077844";0.9102098393180473;0.9102098393180473;-0.9112518658061765;permutation
946_7;1;7;1;"1.0;1.0;0.1;0.31382293260867594";0.7039108528381617;0.7039108528381617;-0.7047167041070169;permutation
981_7;1;7;0;"1.0;1.0;0.07142857142857142;0.3706460244014495";0.8775496258834186;0.8775496258834186;-0.8814677598631258;permutation
