Case ID;Actual;Prefix Length;Prediction;Prediction Probability;SHAP Precision;SHAP Recall;SHAP Correlation;MAPE Correctness;RMSE Correctness;R2 Correctness;Mode
1014_9;1;9;1;1.0;1.0;0.3333333333333333;0.6123148532406165;0.9992406985573274;0.9992406985573274;-0.9994303616740844;permutation
1029_9;0;9;0;0.9285714285714286;1.0;0.25;0.7054937622329107;0.9977207977207978;0.9977207977207978;-0.9977207977207978;permutation
1064_9;1;9;1;1.0;1.0;0.3333333333333333;0.6123148532406165;0.9992406985573274;0.9992406985573274;-0.9994303616740844;permutation
1074_9;0;9;0;0.7843137254901961;1.0;0.2;0.7894419304411863;0.9977194982896236;0.9977194982896236;-0.9977194982896236;permutation
1095_9;0;9;0;0.7843137254901961;1.0;0.2;0.7894419304411863;0.9977194982896236;0.9977194982896236;-0.9977194982896236;permutation
1117_9;1;9;1;1.0;1.0;0.3333333333333333;0.6123148532406165;0.9992406985573274;0.9992406985573274;-0.9994303616740844;permutation
954_9;1;9;0;0.5862068965517241;1.0;0.2;0.7872766040034047;0.9977194982896236;0.9972633979475485;-0.998859098316486;permutation
971_9;0;9;0;0.7843137254901961;1.0;0.2;0.7894419304411863;0.9977194982896236;0.9977194982896236;-0.9977194982896236;permutation
