Case ID;Actual;Prefix Length;Prediction;Prediction Probability;SHAP Precision;SHAP Recall;SHAP Correlation;MAPE Correctness;RMSE Correctness;R2 Correctness;Mode
1001_11;0;11;0;0.7857142857142857;1.0;0.3333333333333333;0.8636135759252909;0.999231950844854;0.999231950844854;-0.999231950844854;permutation
1048_11;0;11;0;0.7857142857142857;1.0;0.3333333333333333;0.8636135759252909;0.999231950844854;0.999231950844854;-0.999231950844854;permutation
1055_11;1;11;0;0.5736434108527132;1.0;0.25;0.9976945244956774;0.998270893371758;0.9976945244956774;-0.9991350726362067;permutation
1086_11;0;11;0;0.5736434108527132;1.0;0.25;0.9976945244956774;0.998270893371758;0.9976945244956774;-0.9991350726362067;permutation
1111_11;0;11;0;0.7857142857142857;1.0;0.3333333333333333;0.8636135759252909;0.999231950844854;0.999231950844854;-0.999231950844854;permutation
1116_11;1;11;0;0.5736434108527132;1.0;0.25;0.9976945244956774;0.998270893371758;0.9976945244956774;-0.9991350726362067;permutation
1121_11;1;11;0;0.5736434108527132;1.0;0.25;0.9976945244956774;0.998270893371758;0.9976945244956774;-0.9991350726362067;permutation
914_11;1;11;1;1.0;1.0;0.25;0.9976945244956774;0.9994236311239194;0.9994236311239194;-0.9991350726362067;permutation
