Case ID,Actual,Prefix Length,Prediction,Prediction Probability
1008_3,1,3,0,0.5882352941176471
1048_3,0,3,0,0.8
1051_3,0,3,0,0.8192771084337349
1061_3,0,3,1,0.5984848484848485
1091_3,1,3,1,0.8947368421052632
1120_3,1,3,0,0.543859649122807
915_3,1,3,1,0.8947368421052632
936_3,0,3,0,0.543859649122807
