Case ID;Actual;Prefix Length;Prediction;Prediction Probability;SHAP Precision;SHAP Recall;SHAP Correlation;LIME Precision;LIME Recall;LIME Correlation
1026_2;1;2;1;0.5294117647058824;1.0;0.25;0.5532857437839149;0.0;0.0;0.087325898825542
1049_2;1;2;1;0.9459459459459459;1.0;0.2;0.6196121152552214;0.0;0.0;0.07709506554499686
1104_2;1;2;1;0.9459459459459459;1.0;0.2;0.6198936931308201;0.0;0.0;0.08425887269573246
1121_2;1;2;1;0.9459459459459459;1.0;0.2;0.6198936931308201;0.0;0.0;0.07747969948597595
1128_2;0;2;0;0.8918918918918919;1.0;0.5;0.3930126409615696;0.0;0.0;0.06680283583700528
936_2;0;2;0;0.8918918918918919;1.0;0.5;0.3930126409615696;0.0;0.0;0.06680283583700528
945_2;0;2;0;0.6641221374045801;1.0;0.25;0.5548593664909227;1.0;0.25;0.09431197073158537
997_2;0;2;0;0.6641221374045801;1.0;0.25;0.5542299174081197;1.0;0.25;0.09425823171692349
