Case ID,Actual,Prefix Length,Prediction,Prediction Probability
1001_11,0,11,0,0.7857142857142857
1048_11,0,11,0,0.7857142857142857
1055_11,1,11,0,0.5736434108527132
1086_11,0,11,0,0.5736434108527132
1111_11,0,11,0,0.7857142857142857
1116_11,1,11,0,0.5736434108527132
1121_11,1,11,0,0.5736434108527132
914_11,1,11,1,1.0
