Case ID,Actual,Prefix Length,Prediction,Prediction Probability
1029_10,0,10,0,0.6243654822335025
1063_10,1,10,0,0.6243654822335025
1096_10,0,10,0,0.6243654822335025
1125_10,1,10,0,0.6243654822335025
918_10,1,10,1,1.0
947_10,0,10,0,0.6538461538461539
966_10,1,10,0,0.6243654822335025
971_10,0,10,0,0.6243654822335025
