Case ID,Actual,Prefix Length,Prediction,Prediction Probability
1026_2,1,2,1,0.5294117647058824
1049_2,1,2,1,0.9459459459459459
1104_2,1,2,1,0.9459459459459459
1121_2,1,2,1,0.9459459459459459
1128_2,0,2,0,0.8918918918918919
936_2,0,2,0,0.8918918918918919
945_2,0,2,0,0.6641221374045801
997_2,0,2,0,0.6641221374045801
