Case ID,Actual,Prefix Length,Prediction,Prediction Probability
1024_6,0,6,1,0.6743002544529262
1036_6,1,6,1,0.6743002544529262
1062_6,1,6,1,0.6743002544529262
1084_6,0,6,1,0.6743002544529262
1093_6,1,6,1,0.6743002544529262
1138_6,0,6,1,0.6743002544529262
932_6,0,6,1,0.6743002544529262
941_6,1,6,1,0.6743002544529262
