Case ID,Actual,Prefix Length,Prediction,Prediction Probability;SHAP Precision;SHAP Recall;SHAP Correlation;LIME Precision;LIME Recall;LIME Correlation
1001_11,0,11,0,0.7857142857142857;1.0;0.3333333333333333;0.8636135759252909;1.0;0.3333333333333333;0.0826874837351065
1048_11,0,11,0,0.7857142857142857;1.0;0.3333333333333333;0.8636135759252909;1.0;0.3333333333333333;0.08262373085635931
1055_11,1,11,0,0.5736434108527132;1.0;0.25;0.9976945244956774;1.0;0.25;0.09565406705611547
1086_11,0,11,0,0.5736434108527132;1.0;0.25;0.9976945244956774;1.0;0.25;0.09559883953472048
1111_11,0,11,0,0.7857142857142857;1.0;0.3333333333333333;0.8636135759252909;1.0;0.3333333333333333;0.08262373085635931
1116_11,1,11,0,0.5736434108527132;1.0;0.25;0.9976945244956774;1.0;0.25;0.09559883953472048
1121_11,1,11,0,0.5736434108527132;1.0;0.25;0.9976945244956774;1.0;0.25;0.09554361201332551
914_11,1,11,1,1.0;1.0;0.25;0.9976945244956774;1.0;0.25;0.09554361201332551
