Case ID,Actual,Prefix Length,Prediction,Prediction Probability;SHAP Precision;SHAP Recall;SHAP Correlation
1001_11,0,11,0,0.7857142857142857;1.0;0.3333333333333333;0.8636135759252909
1048_11,0,11,0,0.7857142857142857;1.0;0.3333333333333333;0.8636135759252909
1055_11,1,11,0,0.5736434108527132;1.0;0.25;0.9976945244956774
1086_11,0,11,0,0.5736434108527132;1.0;0.25;0.9976945244956774
1111_11,0,11,0,0.7857142857142857;1.0;0.3333333333333333;0.8636135759252909
1116_11,1,11,0,0.5736434108527132;1.0;0.25;0.9976945244956774
1121_11,1,11,0,0.5736434108527132;1.0;0.25;0.9976945244956774
914_11,1,11,1,1.0;1.0;0.25;0.9976945244956774
