Case ID,Actual,Prefix Length,Prediction,Prediction Probability
1011_14,0,14,0,0.6808510638297872
1015_14,0,14,0,0.6808510638297872
1049_14,1,14,1,1.0
1053_14,0,14,0,0.6808510638297872
1080_14,0,14,0,0.6808510638297872
1127_14,1,14,1,1.0
938_14,1,14,1,1.0
960_14,1,14,1,1.0
