Case ID,Actual,Prefix Length,Prediction,Prediction Probability
1020_8,1,8,1,1.0
1045_8,0,8,0,0.6081871345029239
1055_8,1,8,1,1.0
1088_8,0,8,0,0.6081871345029239
1098_8,0,8,0,0.6081871345029239
1105_8,0,8,0,0.6081871345029239
941_8,1,8,0,0.6081871345029239
957_8,1,8,1,1.0
