Case ID;Actual;Prefix Length;Prediction;Prediction Probability;SHAP Precision;SHAP Recall;SHAP Correlation;LIME Precision;LIME Recall;LIME Correlation
1014_9;1;9;1;1.0;1.0;0.3333333333333333;0.6123148532406165;1.0;0.3333333333333333;0.08234561880100064
1029_9;0;9;0;0.9285714285714286;1.0;0.25;0.7054937622329107;1.0;0.25;0.09511161611465822
1064_9;1;9;1;1.0;1.0;0.3333333333333333;0.6123148532406165;1.0;0.3333333333333333;0.08234561880100064
1074_9;0;9;0;0.7843137254901961;1.0;0.2;0.7894419304411863;1.0;0.2;0.1063440432197835
1095_9;0;9;0;0.7843137254901961;1.0;0.2;0.7894419304411863;1.0;0.2;0.1063440432197835
1117_9;1;9;1;1.0;1.0;0.3333333333333333;0.6123148532406165;1.0;0.3333333333333333;0.08234561880100064
954_9;1;9;0;0.5862068965517241;1.0;0.2;0.7872766040034047;0.0;0.0;0.1054697829877871
971_9;0;9;0;0.7843137254901961;1.0;0.2;0.7894419304411863;1.0;0.2;0.1063440432197835
