Case ID,Actual,Prefix Length,Prediction,Prediction Probability;SHAP Precision;SHAP Recall;SHAP Correlation;LIME Precision;LIME Recall;LIME Correlation
1031_5,0,5,0,0.75;1.0;0.25;0.6270600668022899;1.0;0.75;0.09490178084593988
1036_5,1,5,1,0.6898148148148148;1.0;0.1;0.9915669515669516;1.0;0.3;0.1410356868903034
1080_5,0,5,0,0.75;1.0;0.25;0.6270600668022899;1.0;0.75;0.09490178084593988
1091_5,1,5,1,0.6898148148148148;1.0;0.1;0.9915669515669516;1.0;0.3;0.14100146738602334
1112_5,1,5,1,0.6898148148148148;1.0;0.1;0.9915669515669516;1.0;0.3;0.14113834540314363
1129_5,0,5,0,0.5128205128205128;1.0;0.1;0.991794871794872;1.0;0.3;0.14106990639458347
950_5,0,5,1,0.6898148148148148;1.0;0.1;0.9915669515669516;1.0;0.3;0.14120678441170376
989_5,1,5,1,0.9024390243902439;1.0;0.2;0.7003884665983614;1.0;0.6;0.1060731491928573
