Case ID,Actual,Prefix Length,Prediction,Prediction Probability
1031_5,0,5,0,0.75
1036_5,1,5,1,0.6898148148148148
1080_5,0,5,0,0.75
1091_5,1,5,1,0.6898148148148148
1112_5,1,5,1,0.6898148148148148
1129_5,0,5,0,0.5128205128205128
950_5,0,5,1,0.6898148148148148
989_5,1,5,1,0.9024390243902439
