Case ID;Actual;Prefix Length;Prediction;Prediction Probability;SHAP Precision;SHAP Recall;SHAP Correlation;LIME Precision;LIME Recall;LIME Correlation
1008_3;1;3;0;0.5882352941176471;1.0;0.5;0.3256363628529604;0.0;0.0;0.06680589233406019
1048_3;0;3;0;0.8;1.0;0.14285714285714285;0.6045309888040636;0.0;0.0;0.10500449076246454
1051_3;0;3;0;0.8192771084337349;1.0;0.16666666666666666;0.5604211779530386;1.0;0.16666666666666666;0.10962664684519817
1061_3;0;3;1;0.5984848484848485;1.0;0.1;0.7235505526806559;0.0;0.0;0.09771765582001712
1091_3;1;3;1;0.8947368421052632;1.0;0.1;0.7230582856077357;0.0;0.0;0.09347126001614675
1120_3;1;3;0;0.543859649122807;1.0;0.25;0.4589650847147375;0.0;0.0;0.09240301531778135
915_3;1;3;1;0.8947368421052632;1.0;0.1;0.7230582856077357;0.0;0.0;0.09286463204416527
936_3;0;3;0;0.543859649122807;1.0;0.25;0.4600011232806849;0.0;0.0;0.09219022771774041
