Case ID;Actual;Prefix Length;Prediction;Prediction Probability;SHAP Precision;SHAP Recall;SHAP Correlation;LIME Precision;LIME Recall;LIME Correlation
1029_10;0;10;0;0.6243654822335025;1.0;0.5;0.9988577955454024;1.0;0.5;0.06744565590966971
1063_10;1;10;0;0.6243654822335025;1.0;0.5;0.9988577955454024;1.0;0.5;0.0673685310887324
1096_10;0;10;0;0.6243654822335025;1.0;0.5;0.9988577955454024;1.0;0.5;0.06744565590966971
1125_10;1;10;0;0.6243654822335025;1.0;0.5;0.9988577955454024;1.0;0.5;0.06744565590966971
918_10;1;10;1;1.0;1.0;0.5;0.9988577955454024;1.0;0.5;0.06744565590966971
947_10;0;10;0;0.6538461538461539;1.0;1.0;0.7073086674950684;0.0;0.0;0.047650408228364485
966_10;1;10;0;0.6243654822335025;1.0;0.5;0.9988577955454024;1.0;0.5;0.06744565590966971
971_10;0;10;0;0.6243654822335025;1.0;0.5;0.9988577955454024;1.0;0.5;0.06744565590966971
