Case ID;Actual;Prefix Length;Prediction;Prediction Probability;SHAP Precision;SHAP Recall;SHAP Correlation;LIME Precision;LIME Recall;LIME Correlation
1024_6;0;6;1;0.6743002544529262;1.0;1.0;1.0;1.0;1.0;0.04770765813689748
1036_6;1;6;1;0.6743002544529262;1.0;1.0;1.0;1.0;1.0;0.04770765813689748
1062_6;1;6;1;0.6743002544529262;1.0;1.0;1.0;1.0;1.0;0.04770765813689748
1084_6;0;6;1;0.6743002544529262;1.0;1.0;1.0;1.0;1.0;0.04770765813689748
1093_6;1;6;1;0.6743002544529262;1.0;1.0;1.0;1.0;1.0;0.04770765813689748
1138_6;0;6;1;0.6743002544529262;1.0;1.0;1.0;1.0;1.0;0.04770765813689748
932_6;0;6;1;0.6743002544529262;1.0;1.0;1.0;1.0;1.0;0.04770765813689748
941_6;1;6;1;0.6743002544529262;1.0;1.0;1.0;1.0;1.0;0.04770765813689748
