Case ID,Actual,Prefix Length,Prediction,Prediction Probability;SHAP Precision;SHAP Recall;SHAP Correlation;LIME Precision;LIME Recall;LIME Correlation
1011_12,0,12,0,0.7368421052631579;1.0;0.2;0.7064949503499325;1.0;0.2;0.10369318785610032
1064_12,1,12,1,1.0;1.0;1.0;0.31704973127173514;1.0;1.0;0.04795299048436209
1084_12,0,12,0,0.6666666666666666;1.0;0.16666666666666666;0.7728072447619821;1.0;0.16666666666666666;0.0659890338180303
1092_12,0,12,0,0.7368421052631579;1.0;0.2;0.7061682474827187;1.0;0.2;0.10310023181403542
1126_12,1,12,1,1.0;1.0;1.0;0.31704973127173514;1.0;1.0;0.04795299048436209
1141_12,0,12,0,0.7368421052631579;1.0;0.2;0.7061682474827187;1.0;0.2;0.10310023181403542
930_12,1,12,1,1.0;1.0;1.0;0.31704973127173514;1.0;1.0;0.04795299048436209
995_12,1,12,1,1.0;1.0;1.0;0.31704973127173514;1.0;1.0;0.04795299048436209
