Case ID,Actual,Prefix Length,Prediction,Prediction Probability;SHAP Precision;SHAP Recall;SHAP Correlation;LIME Precision;LIME Recall;LIME Correlation
916.0,0.0,1.0,1.0,0.6759259259259259;1.0;1.0;0.5776850620673935;1.0;1.0;0.04813874133518379
985.0,1.0,1.0,0.0,0.7075098814229249;1.0;0.3333333333333333;0.9992266047950502;1.0;0.3333333333333333;0.08333042430231277
1028.0,1.0,1.0,1.0,0.6759259259259259;1.0;1.0;0.5776850620673935;1.0;1.0;0.04813874133518379
1066.0,1.0,1.0,1.0,0.6759259259259259;1.0;1.0;0.5776850620673935;1.0;1.0;0.04813874133518379
1089.0,0.0,1.0,1.0,0.6759259259259259;1.0;1.0;0.5776850620673935;1.0;1.0;0.04813874133518379
1093.0,1.0,1.0,1.0,0.6759259259259259;1.0;1.0;0.5776850620673935;1.0;1.0;0.04813874133518379
1102.0,0.0,1.0,1.0,0.6759259259259259;1.0;1.0;0.5776850620673935;1.0;1.0;0.04813874133518379
1131.0,0.0,1.0,0.0,0.7075098814229249;1.0;0.3333333333333333;0.9992266047950502;1.0;0.3333333333333333;0.08333042430231277
