Case ID,Actual,Prefix Length,Prediction,Prediction Probability;SHAP Precision;SHAP Recall;SHAP Correlation
1009_4,0,4,1,0.5882352941176471;1.0;0.16666666666666666;0.9246871552567748
1041_4,0,4,1,0.5882352941176471;1.0;0.16666666666666666;0.9246871552567748
1050_4,1,4,1,0.5882352941176471;1.0;0.16666666666666666;0.9246871552567748
1074_4,0,4,1,0.5882352941176471;1.0;0.16666666666666666;0.9246871552567748
1083_4,1,4,1,0.5882352941176471;1.0;0.16666666666666666;0.9246871552567748
1090_4,1,4,1,0.9605263157894737;1.0;0.3333333333333333;0.6549003834314115
1105_4,0,4,1,0.8085106382978723;1.0;0.16666666666666666;0.9239899359125661
969_4,1,4,1,0.5882352941176471;1.0;0.16666666666666666;0.9246871552567748
