Case ID,Actual,Prefix Length,Prediction,Prediction Probability
1011_12,0,12,0,0.7368421052631579
1064_12,1,12,1,1.0
1084_12,0,12,0,0.6666666666666666
1092_12,0,12,0,0.7368421052631579
1126_12,1,12,1,1.0
1141_12,0,12,0,0.7368421052631579
930_12,1,12,1,1.0
995_12,1,12,1,1.0
