Case ID;Actual;Prefix Length;Prediction;Prediction Probability;SHAP Precision;SHAP Recall;SHAP Correlation;LIME Precision;LIME Recall;LIME Correlation
1003_13;0;13;0;0.6769759450171822;1.0;1.0;1.0;1.0;1.0;0.0478157099101589
1018_13;0;13;0;0.6769759450171822;1.0;1.0;1.0;1.0;1.0;0.0478157099101589
1031_13;0;13;0;0.6769759450171822;1.0;1.0;1.0;1.0;1.0;0.0478157099101589
1059_13;1;13;0;0.6769759450171822;1.0;1.0;1.0;1.0;1.0;0.0478157099101589
1114_13;1;13;0;0.6769759450171822;1.0;1.0;1.0;1.0;1.0;0.0478157099101589
916_13;0;13;0;0.6769759450171822;1.0;1.0;1.0;1.0;1.0;0.0478157099101589
929_13;1;13;1;0.995;1.0;1.0;1.0;1.0;1.0;0.0478157099101589
941_13;1;13;1;0.995;1.0;1.0;1.0;1.0;1.0;0.0478157099101589
