Case ID,Actual,Prefix Length,Prediction,Prediction Probability
1014_9,1,9,1,1.0
1029_9,0,9,0,0.9285714285714286
1064_9,1,9,1,1.0
1074_9,0,9,0,0.7843137254901961
1095_9,0,9,0,0.7843137254901961
1117_9,1,9,1,1.0
954_9,1,9,0,0.5862068965517241
971_9,0,9,0,0.7843137254901961
