Case ID,Actual,Prefix Length,Prediction,Prediction Probability
916.0,0.0,1.0,1.0,0.6759259259259259
985.0,1.0,1.0,0.0,0.7075098814229249
1028.0,1.0,1.0,1.0,0.6759259259259259
1066.0,1.0,1.0,1.0,0.6759259259259259
1089.0,0.0,1.0,1.0,0.6759259259259259
1093.0,1.0,1.0,1.0,0.6759259259259259
1102.0,0.0,1.0,1.0,0.6759259259259259
1131.0,0.0,1.0,0.0,0.7075098814229249
