Case ID,Actual,Prefix Length,Prediction,Prediction Probability
1003_13,0,13,0,0.6769759450171822
1018_13,0,13,0,0.6769759450171822
1031_13,0,13,0,0.6769759450171822
1059_13,1,13,0,0.6769759450171822
1114_13,1,13,0,0.6769759450171822
916_13,0,13,0,0.6769759450171822
929_13,1,13,1,0.995
941_13,1,13,1,0.995
