Case ID;Actual;Prefix Length;Prediction;Prediction Probability;SHAP Precision;SHAP Recall;SHAP Correlation;LIME Precision;LIME Recall;LIME Correlation
1011_14;0;14;0;0.6808510638297872;1.0;1.0;1.0;1.0;1.0;0.048008234866077054
1015_14;0;14;0;0.6808510638297872;1.0;1.0;1.0;1.0;1.0;0.048008234866077054
1049_14;1;14;1;1.0;1.0;1.0;1.0;1.0;1.0;0.048008234866077054
1053_14;0;14;0;0.6808510638297872;1.0;1.0;1.0;1.0;1.0;0.048008234866077054
1080_14;0;14;0;0.6808510638297872;1.0;1.0;1.0;1.0;1.0;0.048008234866077054
1127_14;1;14;1;1.0;1.0;1.0;1.0;1.0;1.0;0.048008234866077054
938_14;1;14;1;1.0;1.0;1.0;1.0;1.0;1.0;0.048008234866077054
960_14;1;14;1;1.0;1.0;1.0;1.0;1.0;1.0;0.048008234866077054
