Case ID,Actual,Prefix Length,Prediction,Prediction Probability;SHAP Precision;SHAP Recall;SHAP Correlation;LIME Precision;LIME Recall;LIME Correlation
1009_4,0,4,1,0.5882352941176471;1.0;0.16666666666666666;0.9246871552567748;1.0;0.16666666666666666;0.09712273019037354
1041_4,0,4,1,0.5882352941176471;1.0;0.16666666666666666;0.9246871552567748;1.0;0.16666666666666666;0.10122866076734459
1050_4,1,4,1,0.5882352941176471;1.0;0.16666666666666666;0.9246871552567748;1.0;0.16666666666666666;0.10114130054230265
1074_4,0,4,1,0.5882352941176471;1.0;0.16666666666666666;0.9246871552567748;1.0;0.16666666666666666;0.1013597011049075
1083_4,1,4,1,0.5882352941176471;1.0;0.16666666666666666;0.9246871552567748;1.0;0.16666666666666666;0.10122866076734459
1090_4,1,4,1,0.9605263157894737;1.0;0.3333333333333333;0.6549003834314115;1.0;0.3333333333333333;0.08193430022362017
1105_4,0,4,1,0.8085106382978723;1.0;0.16666666666666666;0.923989935912566;1.0;0.16666666666666666;0.1134590922732158
969_4,1,4,1,0.5882352941176471;1.0;0.16666666666666666;0.9246871552567748;1.0;0.16666666666666666;0.10227698346784785
