Case ID,Actual,Prefix Length,Prediction,Prediction Probability
1009_4,0,4,1,0.5882352941176471
1041_4,0,4,1,0.5882352941176471
1050_4,1,4,1,0.5882352941176471
1074_4,0,4,1,0.5882352941176471
1083_4,1,4,1,0.5882352941176471
1090_4,1,4,1,0.9605263157894737
1105_4,0,4,1,0.8085106382978723
969_4,1,4,1,0.5882352941176471
