Case ID;Actual;Prefix Length;Prediction;Prediction Probability;SHAP Precision;SHAP Recall;SHAP Correlation;LIME Precision;LIME Recall;LIME Correlation
1011_7;0;7;1;1.0;1.0;0.027777777777777776;0.5762060362437172;1.0;0.027777777777777776;0.08457911676147384
1021_7;0;7;0;1.0;1.0;0.2;0.2226468539967227;1.0;0.2;0.03565257752599972
1031_7;0;7;1;1.0;1.0;0.16666666666666666;0.24552195446623756;1.0;0.16666666666666666;0.07688261651604744
1036_7;1;7;1;1.0;1.0;0.027027027027027032;0.5844017049536369;1.0;0.02702702702702703;0.07926641160103634
1040_7;1;7;1;1.0;1.0;0.16666666666666666;0.2454277222826005;1.0;0.16666666666666666;0.07683811138347665
1084_7;0;7;1;1.0;1.0;0.16666666666666666;0.24486232918077844;1.0;0.16666666666666666;0.07697162678118903
946_7;1;7;1;1.0;1.0;0.1;0.31382293260867594;1.0;0.1;0.10196870589942045
981_7;1;7;0;1.0;1.0;0.07142857142857142;0.3706460244014495;1.0;0.07142857142857142;0.08829318807172401
