Case ID,Actual,Prefix Length,Prediction,Prediction Probability;SHAP Precision;SHAP Recall;SHAP Correlation
1031_5,0,5,0,0.75;1.0;0.25;0.6270600668022899
1036_5,1,5,1,0.6898148148148148;1.0;0.1;0.9915669515669516
1080_5,0,5,0,0.75;1.0;0.25;0.6270600668022899
1091_5,1,5,1,0.6898148148148148;1.0;0.1;0.9915669515669516
1112_5,1,5,1,0.6898148148148148;1.0;0.1;0.9915669515669516
1129_5,0,5,0,0.5128205128205128;1.0;0.1;0.9917948717948719
950_5,0,5,1,0.6898148148148148;1.0;0.1;0.9915669515669516
989_5,1,5,1,0.9024390243902439;1.0;0.2;0.7003884665983614
