Case ID;Actual;Prefix Length;Prediction;Prediction Probability;SHAP Subset Stability;SHAP Weight Stability;SHAP Adjusted Weight Stability;MAPE Correctness;RMSE Correctness;R2 Correctness;Mode
BELD_8;1;8;1;0.9026126891876708;1.0;1.0;1.0;0.12547584299220627;0.12547584299220627;-0.12547584299220627;baseline_min
CYID_8;0;8;0;0.9995373435798645;1.0;1.0;1.0;0.08881780621362924;0.08881780621362924;-0.08881780621362924;baseline_min
GWSD_8;1;8;1;0.7029515364748254;1.0;1.0;1.0;0.11637688418879996;0.11637688418879996;-0.11637688418879996;baseline_min
JFND_8;0;8;0;0.9999978315588094;1.0;1.0;1.0;0.09061952471880444;0.09061952471880444;-0.09061952471880444;baseline_min
RTMD_8;0;8;0;0.9999252955857172;1.0;1.0;1.0;0.10459138383713228;0.10459138383713228;-0.10459138383713228;baseline_min
TNND_8;0;8;0;0.999181509517207;1.0;1.0;1.0;0.11646121614184535;0.11646121614184535;-0.11646121614184535;baseline_min
URID_8;1;8;1;0.7214106555755112;1.0;1.0;1.0;0.1255334011720875;0.1255334011720875;;baseline_min
XLHE_8;1;8;0;0.7408928505211646;1.0;1.0;1.0;0.11214321217916763;0.11214321217916763;-0.11214321217916763;baseline_min
