"Case ID;Actual;Prefix Length;Prediction;Prediction Probability;SHAP Subset Stability;SHAP Weight Stability;SHAP Adjusted Weight Stability";MAPE Correctness;RMSE Correctness;R2 Correctness;Mode
"BEV_14;0;14;0;0.9999296254646698;1.0;1.0;1.0";0.30856667431472884;0.30856667431472884;-0.30856667431472884;baseline_min
"IOEE_14;1;14;0;0.9999984740368502;1.0;1.0;1.0";0.2810512317075607;0.2810512317075607;-0.27069913609578133;baseline_min
"JAL_14;0;14;0;0.999883095911777;1.0;1.0;1.0";0.31979998700159024;0.31979998700159024;-0.31073282921401624;baseline_min
"LHH_14;1;14;1;0.9999983862863012;1.0;1.0;1.0";0.19491530042571223;0.19491530042571223;-0.19491530042571223;baseline_min
"RMEA_14;1;14;1;0.9983329846983191;1.0;1.0;1.0";0.28874646523993397;0.28874646523993397;-0.28874646523993397;baseline_min
"WQFA_14;0;14;0;0.9999712402873129;1.0;1.0;1.0";0.3300803851130485;0.3300803851130485;-0.3300803851130485;baseline_min
"XOO_14;0;14;0;0.9999999992597403;1.0;1.0;1.0";0.3110767617441625;0.3110767617441625;-0.3110767617441625;baseline_min
"ZVMD_14;1;14;0;0.9962074143765711;1.0;1.0;1.0";0.3465454231262771;0.3465454231262771;-0.3465454231262771;baseline_min
