Case ID;Actual;Prefix Length;Prediction;Prediction Probability;SHAP Subset Stability;SHAP Weight Stability;SHAP Adjusted Weight Stability;MAPE Correctness;RMSE Correctness;R2 Correctness;Mode
BHOE;1;1;0;0.9424791944212362;1.0;1.0;1.0;-0.05840215945450205;-0.05840215945450205;0.05840215945450205;baseline_0
BTME;1;1;0;0.8424544214454653;1.0;1.0;1.0;-0.06105626143902636;-0.06105626143902636;0.06105626143902636;baseline_0
FYND;0;1;0;0.871113464038275;1.0;1.0;1.0;-0.05434504740745406;-0.05434504740745406;0.05434504740745406;baseline_0
PGGE;1;1;1;0.935312702777732;1.0;1.0;1.0;-0.06942570434595624;-0.06942570434595624;0.06942570434595624;baseline_0
RDME;0;1;0;0.9614363954695749;1.0;1.0;1.0;-0.06063820834063718;-0.06063820834063718;0.06063820834063718;baseline_0
UGWD;0;1;0;0.9990757441060043;1.0;1.0;1.0;-0.053300266263519275;-0.053300266263519275;0.053300266263519275;baseline_0
XJOE;0;1;0;0.8507867084979909;1.0;1.0;1.0;-0.06122725447183823;-0.06122725447183823;0.06122725447183823;baseline_0
XYLD;1;1;1;0.9291739036108789;1.0;1.0;1.0;-0.06521132881279594;-0.06521132881279594;0.0661298657738782;baseline_0
