Case ID;Actual;Prefix Length;Prediction;Prediction Probability;SHAP Subset Stability;SHAP Weight Stability;SHAP Adjusted Weight Stability;MAPE Correctness;RMSE Correctness;R2 Correctness;Mode
CMM_12;1;12;1;0.9928985920820769;1.0;1.0;1.0;0.8677860273531525;0.8677860273531525;-0.8677860273531525;baseline_mean
RMEA_12;1;12;1;0.9970493087842954;1.0;1.0;1.0;0.8593220130324927;0.8593220130324927;-0.8593220130324927;baseline_mean
RVAA_12;0;12;0;0.9999589443275594;1.0;1.0;1.0;0.8625300711785558;0.8625300711785558;-0.8625300711785558;baseline_mean
SXPA_12;0;12;0;0.9999998746403119;1.0;1.0;1.0;0.8626980246653381;0.8626980246653381;-0.8626980246653381;baseline_mean
VLOA_12;1;12;1;0.997473193316269;1.0;1.0;1.0;0.8651834142233555;0.8651834142233555;-0.16709094386304507;baseline_mean
WIU_12;0;12;0;0.9999999999365803;1.0;1.0;1.0;0.8629574940450243;0.8629574940450243;-0.8629574940450243;baseline_mean
WPRC_12;1;12;1;0.989938157072054;1.0;1.0;1.0;0.8652588421260621;0.8652588421260621;-0.8652588421260621;baseline_mean
WXY_12;0;12;0;0.9999989544250617;1.0;1.0;1.0;0.8668672229842851;0.8668672229842851;-0.8668672229842851;baseline_mean
