"Case ID;Actual;Prefix Length;Prediction;Prediction Probability;SHAP Subset Stability;SHAP Weight Stability;SHAP Adjusted Weight Stability";MAPE Correctness;RMSE Correctness;R2 Correctness;Mode
"BEV_14;0;14;0;0.9999296254646698;1.0;1.0;1.0";0.9025961325042332;0.9025961325042332;-0.9025961325042332;baseline_max
"IOEE_14;1;14;0;0.9999984740368502;1.0;1.0;1.0";0.9113373109604296;0.9113373109604296;-0.08412002753091755;baseline_max
"JAL_14;0;14;0;0.999883095911777;1.0;1.0;1.0";0.9116924367243493;0.9116924367243493;-0.08117735247644467;baseline_max
"LHH_14;1;14;1;0.9999983862863012;1.0;1.0;1.0";0.8662564483972696;0.8662564483972696;-0.8662564483972696;baseline_max
"RMEA_14;1;14;1;0.9983329846983191;1.0;1.0;1.0";0.8690593082655297;0.8690593082655297;-0.8690593082655297;baseline_max
"WQFA_14;0;14;0;0.9999712402873129;1.0;1.0;1.0";0.9112113695393852;0.9112113695393852;-0.9112113695393852;baseline_max
"XOO_14;0;14;0;0.9999999992597403;1.0;1.0;1.0";0.90843299221757;0.90843299221757;-0.90843299221757;baseline_max
"ZVMD_14;1;14;0;0.9962074143765711;1.0;1.0;1.0";0.9096962521037557;0.9096962521037557;-0.9096962521037557;baseline_max
