"Case ID;Actual;Prefix Length;Prediction;Prediction Probability;SHAP Subset Stability;SHAP Weight Stability;SHAP Adjusted Weight Stability";MAPE Correctness;RMSE Correctness;R2 Correctness;Mode
"BHOE;1;1;0;0.9424791944212362;1.0;1.0;1.0";0.6042231284179109;0.6042231284179109;-0.6042231284179109;baseline_mean
"BTME;1;1;0;0.8424544214454653;1.0;1.0;1.0";0.6048500331656443;0.6048500331656443;-0.6048500331656443;baseline_mean
"FYND;0;1;0;0.871113464038275;1.0;1.0;1.0";0.6052104088304133;0.6052104088304133;-0.6052104088304133;baseline_mean
"PGGE;1;1;1;0.935312702777732;1.0;1.0;1.0";0.6049922000893106;0.6049922000893106;-0.6049922000893106;baseline_mean
"RDME;0;1;0;0.9614363954695749;1.0;1.0;1.0";0.6093964709172602;0.6093964709172602;-0.6093964709172602;baseline_mean
"UGWD;0;1;0;0.9990757441060043;1.0;1.0;1.0";0.6058109445412686;0.6058109445412686;-0.6058109445412686;baseline_mean
"XJOE;0;1;0;0.8507867084979909;1.0;1.0;1.0";0.6050118187112467;0.6050118187112467;-0.6050118187112467;baseline_mean
"XYLD;1;1;1;0.9291739036108789;1.0;1.0;1.0";0.6049236859092305;0.6049236859092305;-0.20254960808671796;baseline_mean
