Case ID;Actual;Prefix Length;Prediction;Prediction Probability;SHAP Subset Stability;SHAP Weight Stability;SHAP Adjusted Weight Stability;MAPE Correctness;RMSE Correctness;R2 Correctness;Mode
FRJD_9;0;9;0;0.9999991792447417;1.0;1.0;1.0;0.7768605164249588;0.7768605164249588;-0.7768605164249588;baseline_mean
HISD_9;1;9;1;0.9999999999948765;1.0;1.0;1.0;0.7680816978768337;0.7680816978768337;-0.7680816978768337;baseline_mean
IIVD_9;0;9;1;0.9954552894898813;1.0;1.0;1.0;0.7786829081362682;0.7786829081362682;-0.7786829081362682;baseline_mean
IOEE_9;1;9;0;0.9999998142015348;1.0;1.0;1.0;0.7730439359567238;0.7730439359567238;-0.7730439359567238;baseline_mean
IQKD_9;0;9;0;0.9999999480015916;1.0;1.0;1.0;0.7784333026086129;0.7784333026086129;-0.7784333026086129;baseline_mean
JISD_9;1;9;0;0.9988203276134909;1.0;1.0;1.0;0.7779870485010877;0.7779870485010877;-0.7779870485010877;baseline_mean
OUMD_9;0;9;0;0.9999999865535412;1.0;1.0;1.0;0.7803660551204414;0.7803660551204414;-0.7803660551204414;baseline_mean
SQFE_9;1;9;0;0.9981976264854797;1.0;1.0;1.0;0.7784865572197974;0.7784865572197974;-0.08667412422087797;baseline_mean
