Case ID;Actual;Prefix Length;Prediction;Prediction Probability;SHAP Subset Stability;SHAP Weight Stability;SHAP Adjusted Weight Stability;MAPE Correctness;RMSE Correctness;R2 Correctness;Mode
AZKD_7;0;7;0;0.999999999999998;1.0;1.0;1.0;0.3116873910734471;0.3116873910734471;-0.3116873910734471;baseline_mean
CDPD_7;1;7;0;0.8111811118206884;1.0;1.0;1.0;0.7705931330184189;0.7705931330184189;-0.7705931330184189;baseline_mean
EJSD_7;1;7;0;0.9999969148759988;1.0;1.0;1.0;0.7777364216539461;0.7777364216539461;-0.7777364216539461;baseline_mean
JJWD_7;1;7;0;0.9607499276402011;1.0;1.0;1.0;0.7748280215290686;0.7748280215290686;;baseline_mean
OMOD_7;0;7;0;0.9999999553358964;1.0;1.0;1.0;0.7790946089382955;0.7790946089382955;-0.7790946089382955;baseline_mean
SROD_7;0;7;0;0.9999994973841918;1.0;1.0;1.0;0.7748322017653289;0.7748322017653289;-0.7748322017653289;baseline_mean
WCGE_7;0;7;0;0.9972732686060287;1.0;1.0;1.0;0.7834857165036734;0.7834857165036734;-0.7834857165036734;baseline_mean
WCQD_7;1;7;1;0.9188630055133974;1.0;1.0;1.0;0.7787281145661493;0.7787281145661493;-0.7787281145661493;baseline_mean
