"Case ID;Actual;Prefix Length;Prediction;Prediction Probability;SHAP Subset Stability;SHAP Weight Stability;SHAP Adjusted Weight Stability";MAPE Correctness;RMSE Correctness;R2 Correctness;Mode
"CSTD_5;0;5;0;0.9981940108207005;1.0;1.0;1.0";0.9326369311767725;0.9326369311767725;-0.06828763434490419;baseline_max
"DHWD_5;1;5;1;0.5430301044463907;1.0;1.0;1.0";0.9698422647946139;0.9698422647946139;-0.9698422647946139;baseline_max
"HCME_5;1;5;1;0.7755117084454448;1.0;1.0;1.0";0.9053013816736099;0.9053013816736099;-0.9053013816736099;baseline_max
"IITD_5;0;5;0;0.9956217683792231;1.0;1.0;1.0";0.9330155631685316;0.9330155631685316;-0.06082018891448746;baseline_max
"JNIE_5;0;5;0;0.9980853430948795;1.0;1.0;1.0";0.9312622859942914;0.9312622859942914;-0.9312622859942914;baseline_max
"LZUD_5;1;5;0;0.9995865031229421;1.0;1.0;1.0";0.9338823700739292;0.9338823700739292;-0.9338823700739292;baseline_max
"NXLD_5;1;5;0;0.9999263846824112;1.0;1.0;1.0";0.9348942931332084;0.9348942931332084;-0.9348942931332084;baseline_max
"VSHE_5;0;5;0;0.9951409868198657;1.0;1.0;1.0";0.9266333325693205;0.9266333325693205;-0.9266333325693205;baseline_max
