"Case ID;Actual;Prefix Length;Prediction;Prediction Probability;SHAP Subset Stability;SHAP Weight Stability;SHAP Adjusted Weight Stability";MAPE Correctness;RMSE Correctness;R2 Correctness;Mode
"DYLD_6;0;6;0;0.9023509608887462;1.0;1.0;1.0";0.7457718963408227;0.7457718963408227;-0.7457718963408227;baseline_mean
"GILD_6;0;6;0;0.9998477925531958;1.0;1.0;1.0";0.7470704587146617;0.7470704587146617;-0.7470704587146617;baseline_mean
"HCME_6;1;6;1;0.9930813502518044;1.0;1.0;1.0";0.7449235249289522;0.7449235249289522;-0.09661756186112298;baseline_mean
"LDMD_6;1;6;0;0.9453506820932247;1.0;1.0;1.0";0.7457592778731615;0.7457592778731615;-0.7457592778731615;baseline_mean
"LZUD_6;1;6;0;0.9772084044940053;1.0;1.0;1.0";0.7438598491385292;0.7438598491385292;-0.7438598491385292;baseline_mean
"NYTD_6;1;6;1;0.8990012536337738;1.0;1.0;1.0";0.740789427145647;0.740789427145647;-0.09661756186112298;baseline_mean
"OFCE_6;0;6;0;0.9983408762949049;1.0;1.0;1.0";0.748942672886077;0.748942672886077;-0.748942672886077;baseline_mean
"ZIIE_6;0;6;0;0.9998528025515315;1.0;1.0;1.0";0.7452408260834621;0.7452408260834621;-0.7452408260834621;baseline_mean
