"Case ID;Actual;Prefix Length;Prediction;Prediction Probability;SHAP Subset Stability;SHAP Weight Stability;SHAP Adjusted Weight Stability";MAPE Correctness;RMSE Correctness;R2 Correctness;Mode
"AYYD_2;1;2;1;0.9999998510170058;1.0;1.0;1.0";-0.018454662806386024;-0.018454662806386024;0.018454662806386024;baseline_0
"CFJD_2;0;2;0;0.9841405319138686;1.0;1.0;1.0";-0.010443813273945094;-0.010443813273945094;0.010443813273945094;baseline_0
"DVAE_2;1;2;0;0.8683354950537883;1.0;1.0;1.0";-0.0013981406928698374;-0.0013981406928698374;0.002352049400411636;baseline_0
"EPID_2;1;2;0;0.95311763879542;1.0;1.0;1.0";-0.006827575860282186;-0.006827575860282186;0.006827575860282186;baseline_0
"ICME_2;0;2;0;0.9211744175431742;1.0;1.0;1.0";-0.02048090645197953;-0.02048090645197953;0.02048090645197953;baseline_0
"PTVD_2;0;2;0;0.8869560793154887;1.0;1.0;1.0";-0.011210058133218967;-0.011210058133218967;0.011210058133218967;baseline_0
"SXRD_2;1;2;0;0.9652921641748066;1.0;1.0;1.0";-0.021478418692288077;-0.021478418692288077;0.021478418692288077;baseline_0
"YEXD_2;0;2;0;0.9838183426040441;1.0;1.0;1.0";-0.012223007378496806;-0.012223007378496806;0.01326341144423983;baseline_0
