Case ID;Actual;Prefix Length;Prediction;Prediction Probability;SHAP Subset Stability;SHAP Weight Stability;SHAP Adjusted Weight Stability;MAPE Correctness;RMSE Correctness;R2 Correctness;Mode
AOJD_4;1;4;0;0.9653836177445942;1.0;1.0;1.0;0.9314542722668341;0.9314542722668341;;baseline_max
DAGE_4;1;4;1;0.565925462109858;1.0;1.0;1.0;0.9608984931716954;0.9608984931716954;-0.9608984931716954;baseline_max
JEZD_4;1;4;0;0.9606196036214535;1.0;1.0;1.0;0.9343061195205506;0.9343061195205506;-0.9343061195205506;baseline_max
LDMD_4;1;4;0;0.7825030170081892;1.0;1.0;1.0;0.9458165335347539;0.9458165335347539;-0.9458165335347539;baseline_max
NXMD_4;0;4;0;0.9986529243482541;1.0;1.0;1.0;0.9287684682088938;0.9287684682088938;-0.9287684682088938;baseline_max
RSHD_4;0;4;0;0.994389051242379;1.0;1.0;1.0;0.9295011023299492;0.9295011023299492;-0.9295011023299492;baseline_max
VWRD_4;0;4;0;0.9634281518228791;1.0;1.0;1.0;0.9387573524619454;0.9387573524619454;-0.9387573524619454;baseline_max
ZEOD_4;0;4;0;0.9986580099390628;1.0;1.0;1.0;0.9362031782166428;0.9362031782166428;-0.9362031782166428;baseline_max
