"Case ID;Actual;Prefix Length;Prediction;Prediction Probability;SHAP Subset Stability;SHAP Weight Stability;SHAP Adjusted Weight Stability";MAPE Correctness;RMSE Correctness;R2 Correctness;Mode
"DFHA_11;0;11;0;0.9998563046219218;1.0;1.0;1.0";0.8465272969553507;0.8465272969553507;-0.8465272969553507;baseline_mean
"DUX_11;0;11;0;0.999848290411465;1.0;1.0;1.0";0.8479725961023473;0.8479725961023473;-0.8479725961023473;baseline_mean
"GOEA_11;0;11;0;0.9999866194418663;1.0;1.0;1.0";0.847880493705725;0.847880493705725;-0.847880493705725;baseline_mean
"GXYD_11;1;11;0;0.9815110178011479;1.0;1.0;1.0";0.8480623450283459;0.8480623450283459;-0.8480623450283459;baseline_mean
"JISD_11;1;11;0;0.9976152340789509;1.0;1.0;1.0";0.8497863048358333;0.8497863048358333;-0.8497863048358333;baseline_mean
"JOTA_11;1;11;1;0.9999995400410358;1.0;1.0;1.0";0.8476608649137796;0.8476608649137796;-0.8476608649137796;baseline_mean
"OGL_11;1;11;1;0.9700245611520266;1.0;1.0;1.0";0.8457100956241468;0.8457100956241468;-0.8457100956241468;baseline_mean
"QBD_11;0;11;0;0.9992254903347901;1.0;1.0;1.0";0.8410649163556724;0.8410649163556724;-0.8410649163556724;baseline_mean
