"Case ID;Actual;Prefix Length;Prediction;Prediction Probability;SHAP Subset Stability;SHAP Weight Stability;SHAP Adjusted Weight Stability";MAPE Correctness;RMSE Correctness;R2 Correctness;Mode
"DFHA_11;0;11;0;0.9998563046219218;1.0;1.0;1.0";0.947573713977479;0.947573713977479;-0.947573713977479;baseline_max
"DUX_11;0;11;0;0.999848290411465;1.0;1.0;1.0";0.936559039042319;0.936559039042319;-0.936559039042319;baseline_max
"GOEA_11;0;11;0;0.9999866194418663;1.0;1.0;1.0";0.9291136480053556;0.9291136480053556;-0.9291136480053556;baseline_max
"GXYD_11;1;11;0;0.9815110178011479;1.0;1.0;1.0";0.9406752969829424;0.9406752969829424;-0.9406752969829424;baseline_max
"JISD_11;1;11;0;0.9976152340789509;1.0;1.0;1.0";0.9335971730299437;0.9335971730299437;-0.9335971730299437;baseline_max
"JOTA_11;1;11;1;0.9999995400410358;1.0;1.0;1.0";0.9067278048028455;0.9067278048028455;-0.9067278048028455;baseline_max
"OGL_11;1;11;1;0.9700245611520266;1.0;1.0;1.0";0.9075429451250407;0.9075429451250407;-0.9075429451250407;baseline_max
"QBD_11;0;11;0;0.9992254903347901;1.0;1.0;1.0";0.9474372280050198;0.9474372280050198;-0.9474372280050198;baseline_max
