"Case ID;Actual;Prefix Length;Prediction;Prediction Probability;SHAP Subset Stability;SHAP Weight Stability;SHAP Adjusted Weight Stability";MAPE Correctness;RMSE Correctness;R2 Correctness;Mode
"ATH_13;1;13;1;0.9990984529241834;1.0;1.0;1.0";0.8790611445613515;0.8790611445613515;0.013644879796753532;baseline_max
"BPH_13;1;13;1;0.9401301130888438;1.0;1.0;1.0";0.8951168720505434;0.8951168720505434;-0.8951168720505434;baseline_max
"LHH_13;1;13;1;0.9985443524641667;1.0;1.0;1.0";0.8962832623481326;0.8962832623481326;-0.8962832623481326;baseline_max
"MWZ_13;0;13;0;0.9940710845676262;1.0;1.0;1.0";0.9216851761806293;0.9216851761806293;-0.9216851761806293;baseline_max
"PBE_13;1;13;1;0.859496059023784;1.0;1.0;1.0";0.902335891636378;0.902335891636378;-0.902335891636378;baseline_max
"QIE_13;0;13;0;0.9987445473523497;1.0;1.0;1.0";0.9171787556898756;0.9171787556898756;-0.9171787556898756;baseline_max
"WYBB_13;0;13;0;0.9999434560709358;1.0;1.0;1.0";0.9120004733414638;0.9120004733414638;-0.9120004733414638;baseline_max
"XHDE_13;0;13;0;0.9997236126939291;1.0;1.0;1.0";0.9272909149734311;0.9272909149734311;-0.9272909149734311;baseline_max
