Case ID;Actual;Prefix Length;Prediction;Prediction Probability;SHAP Subset Stability;SHAP Weight Stability;SHAP Adjusted Weight Stability;MAPE Correctness;RMSE Correctness;R2 Correctness;Mode
AYEE_3;1;3;1;0.9848852516867141;1.0;1.0;1.0;0.8308946643378358;0.8308946643378358;-0.07603760068103359;baseline_max
KGLD_3;0;3;0;0.9969031723841322;1.0;1.0;1.0;0.9159191264986389;0.9159191264986389;-0.9159191264986389;baseline_max
KZUD_3;0;3;0;0.9686530170841552;1.0;1.0;1.0;0.9169845830870657;0.9169845830870657;-0.9169845830870657;baseline_max
NWLD_3;1;3;1;0.9990321604030358;1.0;1.0;1.0;0.8304304831327245;0.8304304831327245;-0.8304304831327245;baseline_max
SHAE_3;1;3;0;0.8142770995165558;1.0;1.0;1.0;0.9242391223872625;0.9242391223872625;;baseline_max
XJCE_3;0;3;0;0.9816555942301688;1.0;1.0;1.0;0.9131871499519313;0.9131871499519313;-0.060994542686428094;baseline_max
ZACE_3;0;3;0;0.9885727933421393;1.0;1.0;1.0;0.911535330944629;0.911535330944629;-0.911535330944629;baseline_max
ZAJE_3;1;3;1;0.999355449282916;1.0;1.0;1.0;0.8308927794932215;0.8308927794932215;-0.8308927794932215;baseline_max
