"Case ID;Actual;Prefix Length;Prediction;Prediction Probability;SHAP Subset Stability;SHAP Weight Stability;SHAP Adjusted Weight Stability";MAPE Correctness;RMSE Correctness;R2 Correctness;Mode
"ATH_13;1;13;1;0.9990984529241834;1.0;1.0;1.0";0.15939970911402343;0.15939970911402343;-0.15605529866068593;baseline_0
"BPH_13;1;13;1;0.9401301130888438;1.0;1.0;1.0";0.1724185887004439;0.1724185887004439;-0.1724185887004439;baseline_0
"LHH_13;1;13;1;0.9985443524641667;1.0;1.0;1.0";0.15864922228439401;0.15864922228439401;-0.15864922228439401;baseline_0
"MWZ_13;0;13;0;0.9940710845676262;1.0;1.0;1.0";0.25759800897324187;0.25759800897324187;-0.25759800897324187;baseline_0
"PBE_13;1;13;1;0.859496059023784;1.0;1.0;1.0";0.295762376202552;0.295762376202552;-0.295762376202552;baseline_0
"QIE_13;0;13;0;0.9987445473523497;1.0;1.0;1.0";0.2775167527409386;0.2775167527409386;-0.2775167527409386;baseline_0
"WYBB_13;0;13;0;0.9999434560709358;1.0;1.0;1.0";0.25627515879769747;0.25627515879769747;-0.25627515879769747;baseline_0
"XHDE_13;0;13;0;0.9997236126939291;1.0;1.0;1.0";0.290971103298276;0.290971103298276;-0.290971103298276;baseline_0
