Case ID;Actual;Prefix Length;Prediction;Prediction Probability;SHAP Subset Stability;SHAP Weight Stability;SHAP Adjusted Weight Stability;MAPE Correctness;RMSE Correctness;R2 Correctness;Mode
FRJD_9;0;9;0;0.9999991792447417;1.0;1.0;1.0;0.9175521373599939;0.9175521373599939;-0.9175521373599939;baseline_max
HISD_9;1;9;1;0.9999999999948765;1.0;1.0;1.0;0.8163146458094517;0.8163146458094517;-0.8163146458094517;baseline_max
IIVD_9;0;9;1;0.9954552894898813;1.0;1.0;1.0;0.8191280779841972;0.8191280779841972;-0.8191280779841972;baseline_max
IOEE_9;1;9;0;0.9999998142015348;1.0;1.0;1.0;0.9197564784262573;0.9197564784262573;-0.9197564784262573;baseline_max
IQKD_9;0;9;0;0.9999999480015916;1.0;1.0;1.0;0.9154787323405947;0.9154787323405947;-0.9154787323405947;baseline_max
JISD_9;1;9;0;0.9988203276134909;1.0;1.0;1.0;0.9125471794838529;0.9125471794838529;-0.9125471794838529;baseline_max
OUMD_9;0;9;0;0.9999999865535412;1.0;1.0;1.0;0.9247812515261402;0.9247812515261402;-0.9247812515261402;baseline_max
SQFE_9;1;9;0;0.9981976264854797;1.0;1.0;1.0;0.9212628063149858;0.9212619885773548;-0.02935678477043502;baseline_max
