"Case ID;Actual;Prefix Length;Prediction;Prediction Probability;SHAP Subset Stability;SHAP Weight Stability;SHAP Adjusted Weight Stability";MAPE Correctness;RMSE Correctness;R2 Correctness;Mode
"AIM_10;0;10;0;0.999999862453993;1.0;1.0;1.0";0.8537930547363499;0.8537930547363499;-0.8537930547363499;baseline_mean
"BVGA_10;0;10;0;0.9990857774924566;1.0;1.0;1.0";0.8532919610028985;0.8532919610028985;-0.8532919610028985;baseline_mean
"BWVA_10;1;10;1;0.9999845454384475;1.0;1.0;1.0";0.855973026619485;0.855973026619485;-0.855973026619485;baseline_mean
"COVA_10;1;10;1;0.9999905558147929;1.0;1.0;1.0";0.8560929464873196;0.8560929464873196;-0.8560929464873196;baseline_mean
"DYBB_10;0;10;0;0.9999998077516149;1.0;1.0;1.0";0.8484137920934861;0.8484137920934861;-0.8484137920934861;baseline_mean
"HVHB_10;0;10;0;0.9999999998047241;1.0;1.0;1.0";0.8557905087556715;0.8557905087556715;-0.8557905087556715;baseline_mean
"KDB_10;1;10;1;0.9999194467415526;1.0;1.0;1.0";0.8550522133486126;0.8550522133486126;-0.8550522133486126;baseline_mean
"YTM_10;1;10;1;0.9976610647241391;1.0;1.0;1.0";0.8544902447609726;0.8544902447609726;-0.8544902447609726;baseline_mean
