"Case ID;Actual;Prefix Length;Prediction;Prediction Probability;SHAP Subset Stability;SHAP Weight Stability;SHAP Adjusted Weight Stability";MAPE Correctness;RMSE Correctness;R2 Correctness;Mode
"AYYD_2;1;2;1;0.9999998510170058;1.0;1.0;1.0";0.6342525754793301;0.6342525754793301;-0.6342525754793301;baseline_mean
"CFJD_2;0;2;0;0.9841405319138686;1.0;1.0;1.0";0.6321679232017183;0.6321679232017183;-0.6321679232017183;baseline_mean
"DVAE_2;1;2;0;0.8683354950537883;1.0;1.0;1.0";0.6329425563938028;0.6329425563938028;-0.12685538522015183;baseline_mean
"EPID_2;1;2;0;0.95311763879542;1.0;1.0;1.0";0.6354726476679883;0.6354726476679883;-0.6354726476679883;baseline_mean
"ICME_2;0;2;0;0.9211744175431742;1.0;1.0;1.0";0.6318026081145477;0.6318026081145477;-0.6318026081145477;baseline_mean
"PTVD_2;0;2;0;0.8869560793154887;1.0;1.0;1.0";0.6345012925448308;0.6345012925448308;-0.6345012925448308;baseline_mean
"SXRD_2;1;2;0;0.9652921641748066;1.0;1.0;1.0";0.6338040077272119;0.6338040077272119;-0.6338040077272119;baseline_mean
"YEXD_2;0;2;0;0.9838183426040441;1.0;1.0;1.0";0.6352373021638804;0.6352373021638804;-0.12685538522015183;baseline_mean
