Case ID;Actual;Prefix Length;Prediction;Prediction Probability;SHAP Subset Stability;SHAP Weight Stability;SHAP Adjusted Weight Stability;MAPE Correctness;RMSE Correctness;R2 Correctness;Mode
AOJD_4;1;4;0;0.9653836177445942;1.0;1.0;1.0;0.03701583918609163;0.03701583918609163;;baseline_min
DAGE_4;1;4;1;0.565925462109858;1.0;1.0;1.0;0.038257289864883595;0.038257289864883595;-0.038257289864883595;baseline_min
JEZD_4;1;4;0;0.9606196036214535;1.0;1.0;1.0;0.035187675875019316;0.035187675875019316;-0.035187675875019316;baseline_min
LDMD_4;1;4;0;0.7825030170081892;1.0;1.0;1.0;0.034797811816730716;0.034797811816730716;-0.034797811816730716;baseline_min
NXMD_4;0;4;0;0.9986529243482541;1.0;1.0;1.0;0.04352363696142695;0.04352363696142695;-0.04352363696142695;baseline_min
RSHD_4;0;4;0;0.994389051242379;1.0;1.0;1.0;0.03187447290822276;0.03187447290822276;-0.03187447290822276;baseline_min
VWRD_4;0;4;0;0.9634281518228791;1.0;1.0;1.0;0.04621016851426353;0.04621016851426353;-0.04621016851426353;baseline_min
ZEOD_4;0;4;0;0.9986580099390628;1.0;1.0;1.0;0.04696041075813561;0.04696041075813561;-0.04696041075813561;baseline_min
