"Case ID;Actual;Prefix Length;Prediction;Prediction Probability;SHAP Subset Stability;SHAP Weight Stability;SHAP Adjusted Weight Stability";MAPE Correctness;RMSE Correctness;R2 Correctness;Mode
"FRJD_9;0;9;0;0.9999991792447417;1.0;1.0;1.0";0.13239356158920101;0.13239356158920101;-0.13239356158920101;baseline_min
"HISD_9;1;9;1;0.9999999999948765;1.0;1.0;1.0";0.15069481251694736;0.15069481251694736;-0.15069481251694736;baseline_min
"IIVD_9;0;9;1;0.9954552894898813;1.0;1.0;1.0";0.15908546982910068;0.15908546982910068;-0.15908546982910068;baseline_min
"IOEE_9;1;9;0;0.9999998142015348;1.0;1.0;1.0";0.12089103483665624;0.12089103483665624;-0.12089103483665624;baseline_min
"IQKD_9;0;9;0;0.9999999480015916;1.0;1.0;1.0";0.14462511534540545;0.14462511534540545;-0.14462511534540545;baseline_min
"JISD_9;1;9;0;0.9988203276134909;1.0;1.0;1.0";0.14155472064884933;0.14155472064884933;-0.14155472064884933;baseline_min
"OUMD_9;0;9;0;0.9999999865535412;1.0;1.0;1.0";0.14128508604366324;0.14128508604366324;-0.14128508604366324;baseline_min
"SQFE_9;1;9;0;0.9981976264854797;1.0;1.0;1.0";0.15013142136871427;0.15013142136871427;-0.14634428004729716;baseline_min
