"Case ID;Actual;Prefix Length;Prediction;Prediction Probability;SHAP Subset Stability;SHAP Weight Stability;SHAP Adjusted Weight Stability";MAPE Correctness;RMSE Correctness;R2 Correctness;Mode
"CSTD_5;0;5;0;0.9981940108207005;1.0;1.0;1.0";0.7232192224730737;0.7232192224730737;-0.09603105655233427;baseline_mean
"DHWD_5;1;5;1;0.5430301044463907;1.0;1.0;1.0";0.7235091204346673;0.7235091204346673;-0.7235091204346673;baseline_mean
"HCME_5;1;5;1;0.7755117084454448;1.0;1.0;1.0";0.7222796173839844;0.7222796173839844;-0.7222796173839844;baseline_mean
"IITD_5;0;5;0;0.9956217683792231;1.0;1.0;1.0";0.7229095890535742;0.7229095890535742;-0.09603105655233427;baseline_mean
"JNIE_5;0;5;0;0.9980853430948795;1.0;1.0;1.0";0.7272230104559542;0.7272230104559542;-0.7272230104559542;baseline_mean
"LZUD_5;1;5;0;0.9995865031229421;1.0;1.0;1.0";0.7175305461425265;0.7175305461425265;-0.7175305461425265;baseline_mean
"NXLD_5;1;5;0;0.9999263846824112;1.0;1.0;1.0";0.7205142863667956;0.7205142863667956;-0.7205142863667956;baseline_mean
"VSHE_5;0;5;0;0.9951409868198657;1.0;1.0;1.0";0.7229097747592428;0.7229097747592428;-0.7229097747592428;baseline_mean
