"Case ID;Actual;Prefix Length;Prediction;Prediction Probability;SHAP Subset Stability;SHAP Weight Stability;SHAP Adjusted Weight Stability";MAPE Correctness;RMSE Correctness;R2 Correctness;Mode
"BELD_8;1;8;1;0.9026126891876708;1.0;1.0;1.0";0.8883850117715718;0.8883850117715718;-0.8883850117715718;baseline_max
"CYID_8;0;8;0;0.9995373435798645;1.0;1.0;1.0";0.9343370400661588;0.9343370400661588;-0.9343370400661588;baseline_max
"GWSD_8;1;8;1;0.7029515364748254;1.0;1.0;1.0";0.9189884582957706;0.9189884582957706;-0.9189884582957706;baseline_max
"JFND_8;0;8;0;0.9999978315588094;1.0;1.0;1.0";0.9388537392516717;0.9388537392516717;-0.9388537392516717;baseline_max
"RTMD_8;0;8;0;0.9999252955857172;1.0;1.0;1.0";0.933857230465774;0.933857230465774;-0.933857230465774;baseline_max
"TNND_8;0;8;0;0.999181509517207;1.0;1.0;1.0";0.929815204432963;0.929815204432963;-0.929815204432963;baseline_max
"URID_8;1;8;1;0.7214106555755112;1.0;1.0;1.0";0.9100974506362988;0.9100974506362988;;baseline_max
"XLHE_8;1;8;0;0.7408928505211646;1.0;1.0;1.0";0.9374943890892996;0.9374943890892996;-0.9374943890892996;baseline_max
