"Case ID;Actual;Prefix Length;Prediction;Prediction Probability;SHAP Subset Stability;SHAP Weight Stability;SHAP Adjusted Weight Stability";MAPE Correctness;RMSE Correctness;R2 Correctness;Mode
"BHOE;1;1;0;0.9424791944212362;1.0;1.0;1.0";0.8880622828769142;0.8880622828769142;-0.8880622828769142;baseline_max
"BTME;1;1;0;0.8424544214454653;1.0;1.0;1.0";0.8981426624530408;0.8981426624530408;-0.8981426624530408;baseline_max
"FYND;0;1;0;0.871113464038275;1.0;1.0;1.0";0.8979054543710443;0.8979054543710443;-0.8979054543710443;baseline_max
"PGGE;1;1;1;0.935312702777732;1.0;1.0;1.0";0.8762335950381404;0.8762335950381404;-0.8762335950381404;baseline_max
"RDME;0;1;0;0.9614363954695749;1.0;1.0;1.0";0.8843793744316527;0.8843793744316527;-0.8843793744316527;baseline_max
"UGWD;0;1;0;0.9990757441060043;1.0;1.0;1.0";0.883038488749725;0.883038488749725;-0.883038488749725;baseline_max
"XJOE;0;1;0;0.8507867084979909;1.0;1.0;1.0";0.8969806463536251;0.8969806463536251;-0.8969806463536251;baseline_max
"XYLD;1;1;1;0.9291739036108789;1.0;1.0;1.0";0.8703495818861973;0.8703495818861973;-0.1798696636661964;baseline_max
