"Case ID;Actual;Prefix Length;Prediction;Prediction Probability;SHAP Subset Stability;SHAP Weight Stability;SHAP Adjusted Weight Stability";MAPE Correctness;RMSE Correctness;R2 Correctness;Mode
"AZKD_7;0;7;0;0.999999999999998;1.0;1.0;1.0";0.11972447505130232;0.11972447505130232;-0.11972447505130232;baseline_0
"CDPD_7;1;7;0;0.8111811118206884;1.0;1.0;1.0";0.09406727845886406;0.09406727845886406;-0.09406727845886406;baseline_0
"EJSD_7;1;7;0;0.9999969148759988;1.0;1.0;1.0";0.11669925804401096;0.11669925804401096;-0.11669925804401096;baseline_0
"JJWD_7;1;7;0;0.9607499276402011;1.0;1.0;1.0";0.10819764084302051;0.10819764084302051;;baseline_0
"OMOD_7;0;7;0;0.9999999553358964;1.0;1.0;1.0";0.12311783333183492;0.12311783333183492;-0.12311783333183492;baseline_0
"SROD_7;0;7;0;0.9999994973841918;1.0;1.0;1.0";0.10406729217396252;0.10406729217396252;-0.10406729217396252;baseline_0
"WCGE_7;0;7;0;0.9972732686060287;1.0;1.0;1.0";0.11424460077980031;0.11424460077980031;-0.11424460077980031;baseline_0
"WCQD_7;1;7;1;0.9188630055133974;1.0;1.0;1.0";0.10465135074334754;0.10465135074334754;-0.10465135074334754;baseline_0
