"Case ID;Actual;Prefix Length;Prediction;Prediction Probability;SHAP Subset Stability;SHAP Weight Stability;SHAP Adjusted Weight Stability";MAPE Correctness;RMSE Correctness;R2 Correctness;Mode
"ATH_13;1;13;1;0.9990984529241834;1.0;1.0;1.0";0.15939970911402343;0.15939970911402343;-0.15605529866068593;baseline_min
"BPH_13;1;13;1;0.9401301130888438;1.0;1.0;1.0";0.16739900689221607;0.16739900689221607;-0.16739900689221607;baseline_min
"LHH_13;1;13;1;0.9985443524641667;1.0;1.0;1.0";0.15864922228439401;0.15864922228439401;-0.15864922228439401;baseline_min
"MWZ_13;0;13;0;0.9940710845676262;1.0;1.0;1.0";0.25759800897324187;0.25759800897324187;-0.25759800897324187;baseline_min
"PBE_13;1;13;1;0.859496059023784;1.0;1.0;1.0";0.2921384601731762;0.2921384601731762;-0.2921384601731762;baseline_min
"QIE_13;0;13;0;0.9987445473523497;1.0;1.0;1.0";0.2775167527409386;0.2775167527409386;-0.2775167527409386;baseline_min
"WYBB_13;0;13;0;0.9999434560709358;1.0;1.0;1.0";0.25627515879769747;0.25627515879769747;-0.25627515879769747;baseline_min
"XHDE_13;0;13;0;0.9997236126939291;1.0;1.0;1.0";0.290971103298276;0.290971103298276;-0.290971103298276;baseline_min
