"Case ID;Actual;Prefix Length;Prediction;Prediction Probability;SHAP Subset Stability;SHAP Weight Stability;SHAP Adjusted Weight Stability";MAPE Correctness;RMSE Correctness;R2 Correctness;Mode
"AIM_10;0;10;0;0.999999862453993;1.0;1.0;1.0";0.9366782866240563;0.9366782866240563;-0.9366782866240563;baseline_max
"BVGA_10;0;10;0;0.9990857774924566;1.0;1.0;1.0";0.9385916858116672;0.9385916858116672;-0.9385916858116672;baseline_max
"BWVA_10;1;10;1;0.9999845454384475;1.0;1.0;1.0";0.9091290703147735;0.9091290703147735;-0.9091290703147735;baseline_max
"COVA_10;1;10;1;0.9999905558147929;1.0;1.0;1.0";0.90553891527943;0.90553891527943;-0.90553891527943;baseline_max
"DYBB_10;0;10;0;0.9999998077516149;1.0;1.0;1.0";0.9467523201478286;0.9467523201478286;-0.9467523201478286;baseline_max
"HVHB_10;0;10;0;0.9999999998047241;1.0;1.0;1.0";0.9392353024253075;0.9392353024253075;-0.9392353024253075;baseline_max
"KDB_10;1;10;1;0.9999194467415526;1.0;1.0;1.0";0.907413458846043;0.907413458846043;-0.907413458846043;baseline_max
"YTM_10;1;10;1;0.9976610647241391;1.0;1.0;1.0";0.9064360300600139;0.9064360300600139;-0.9064360300600139;baseline_max
