"Case ID;Actual;Prefix Length;Prediction;Prediction Probability;SHAP Subset Stability;SHAP Weight Stability;SHAP Adjusted Weight Stability";MAPE Correctness;RMSE Correctness;R2 Correctness;Mode
"CMM_12;1;12;1;0.9928985920820769;1.0;1.0;1.0";0.30326977833310587;0.30326977833310587;-0.30326977833310587;baseline_0
"RMEA_12;1;12;1;0.9970493087842954;1.0;1.0;1.0";0.2573604571889407;0.2573604571889407;-0.2573604571889407;baseline_0
"RVAA_12;0;12;0;0.9999589443275594;1.0;1.0;1.0";0.2617857151276596;0.2617857151276596;-0.2617857151276596;baseline_0
"SXPA_12;0;12;0;0.9999998746403119;1.0;1.0;1.0";0.28907305479149753;0.28907305479149753;-0.28907305479149753;baseline_0
"VLOA_12;1;12;1;0.997473193316269;1.0;1.0;1.0";0.30985339322076905;0.30985339322076905;-0.3051575232468052;baseline_0
"WIU_12;0;12;0;0.9999999999365803;1.0;1.0;1.0";0.28221665493683307;0.28221665493683307;-0.28221665493683307;baseline_0
"WPRC_12;1;12;1;0.989938157072054;1.0;1.0;1.0";0.3046449951524223;0.3046449951524223;-0.3046449951524223;baseline_0
"WXY_12;0;12;0;0.9999989544250617;1.0;1.0;1.0";0.2947115275354973;0.2947115275354973;-0.2947115275354973;baseline_0
