"Case ID;Actual;Prefix Length;Prediction;Prediction Probability;SHAP Subset Stability;SHAP Weight Stability;SHAP Adjusted Weight Stability";MAPE Correctness;RMSE Correctness;R2 Correctness;Mode
"BELD_8;1;8;1;0.9026126891876708;1.0;1.0;1.0";0.7664521655311026;0.7664521655311026;-0.7664521655311026;baseline_mean
"CYID_8;0;8;0;0.9995373435798645;1.0;1.0;1.0";0.7664585356121272;0.7664585356121272;-0.7664585356121272;baseline_mean
"GWSD_8;1;8;1;0.7029515364748254;1.0;1.0;1.0";0.7651448168546482;0.7651448168546482;-0.7651448168546482;baseline_mean
"JFND_8;0;8;0;0.9999978315588094;1.0;1.0;1.0";0.7652949461381598;0.7652949461381598;-0.7652949461381598;baseline_mean
"RTMD_8;0;8;0;0.9999252955857172;1.0;1.0;1.0";0.7731944599020595;0.7731944599020595;-0.7731944599020595;baseline_mean
"TNND_8;0;8;0;0.999181509517207;1.0;1.0;1.0";0.7677965347165402;0.7677965347165402;-0.7677965347165402;baseline_mean
"URID_8;1;8;1;0.7214106555755112;1.0;1.0;1.0";0.7675655761480265;0.7675655761480265;;baseline_mean
"XLHE_8;1;8;0;0.7408928505211646;1.0;1.0;1.0";0.7695017661427503;0.7695017661427503;-0.7695017661427503;baseline_mean
