Case ID;Actual;Prefix Length;Prediction;Prediction Probability;SHAP Subset Stability;SHAP Weight Stability;SHAP Adjusted Weight Stability;MAPE Correctness;RMSE Correctness;R2 Correctness;Mode
AYYD_2;1;2;1;0.9999998510170058;1.0;1.0;1.0;0.8344251306572246;0.8344251306572246;-0.8344251306572246;baseline_max
CFJD_2;0;2;0;0.9841405319138686;1.0;1.0;1.0;0.8740794391245071;0.8740794391245071;-0.8740794391245071;baseline_max
DVAE_2;1;2;0;0.8683354950537883;1.0;1.0;1.0;0.8869488053349915;0.8869488053349915;-0.07563221866193832;baseline_max
EPID_2;1;2;0;0.95311763879542;1.0;1.0;1.0;0.8769585869879267;0.8769585869879267;-0.8769585869879267;baseline_max
ICME_2;0;2;0;0.9211744175431742;1.0;1.0;1.0;0.8807172452006518;0.8807172452006518;-0.8807172452006518;baseline_max
PTVD_2;0;2;0;0.8869560793154887;1.0;1.0;1.0;0.8825847127670272;0.8825847127670272;-0.8825847127670272;baseline_max
SXRD_2;1;2;0;0.9652921641748066;1.0;1.0;1.0;0.8691837066420102;0.8691837066420102;-0.8691837066420102;baseline_max
YEXD_2;0;2;0;0.9838183426040441;1.0;1.0;1.0;0.8727115957151025;0.8727115957151025;-0.06344045753976582;baseline_max
