"Case ID;Actual;Prefix Length;Prediction;Prediction Probability;SHAP Subset Stability;SHAP Weight Stability;SHAP Adjusted Weight Stability";MAPE Correctness;RMSE Correctness;R2 Correctness;Mode
"DYLD_6;0;6;0;0.9023509608887462;1.0;1.0;1.0";0.9414025532318469;0.9414025532318469;-0.9414025532318469;baseline_max
"GILD_6;0;6;0;0.9998477925531958;1.0;1.0;1.0";0.9308698002979733;0.9308698002979733;-0.9308698002979733;baseline_max
"HCME_6;1;6;1;0.9930813502518044;1.0;1.0;1.0";0.8796467274964583;0.8796467274964583;-0.05350657010432842;baseline_max
"LDMD_6;1;6;0;0.9453506820932247;1.0;1.0;1.0";0.934911909400524;0.934911909400524;-0.934911909400524;baseline_max
"LZUD_6;1;6;0;0.9772084044940053;1.0;1.0;1.0";0.9377344372991382;0.9377344372991382;-0.9377344372991382;baseline_max
"NYTD_6;1;6;1;0.8990012536337738;1.0;1.0;1.0";0.893868662182016;0.893868662182016;-0.05825110574576521;baseline_max
"OFCE_6;0;6;0;0.9983408762949049;1.0;1.0;1.0";0.9336627767834721;0.9336627767834721;-0.9336627767834721;baseline_max
"ZIIE_6;0;6;0;0.9998528025515315;1.0;1.0;1.0";0.931626300988582;0.931626300988582;-0.931626300988582;baseline_max
