Case ID;Actual;Prefix Length;Prediction;Prediction Probability;SHAP Subset Stability;SHAP Weight Stability;SHAP Adjusted Weight Stability;MAPE Correctness;RMSE Correctness;R2 Correctness;Mode
AYEE_3;1;3;1;0.9848852516867141;1.0;1.0;1.0;0.7166550379949053;0.7166550379949053;-0.12718380297897924;baseline_mean
KGLD_3;0;3;0;0.9969031723841322;1.0;1.0;1.0;0.71788014718026;0.71788014718026;-0.71788014718026;baseline_mean
KZUD_3;0;3;0;0.9686530170841552;1.0;1.0;1.0;0.7176301353101061;0.7176301353101061;-0.7176301353101061;baseline_mean
NWLD_3;1;3;1;0.9990321604030358;1.0;1.0;1.0;0.7171433414715137;0.7171433414715137;-0.7171433414715137;baseline_mean
SHAE_3;1;3;0;0.8142770995165558;1.0;1.0;1.0;0.7193301618386198;0.7193301618386198;;baseline_mean
XJCE_3;0;3;0;0.9816555942301688;1.0;1.0;1.0;0.7184375107016321;0.7184375107016321;-0.12718380297897924;baseline_mean
ZACE_3;0;3;0;0.9885727933421393;1.0;1.0;1.0;0.7170637655747468;0.7170637655747468;-0.7170637655747468;baseline_mean
ZAJE_3;1;3;1;0.999355449282916;1.0;1.0;1.0;0.7164001898577339;0.7164001898577339;-0.7164001898577339;baseline_mean
