Case ID;Actual;Prefix Length;Prediction;Prediction Probability;SHAP Subset Stability;SHAP Weight Stability;SHAP Adjusted Weight Stability;MAPE Correctness;RMSE Correctness;R2 Correctness;Mode
AIM_10;0;10;0;0.999999862453993;1.0;1.0;1.0;0.24964209225831627;0.24964209225831627;-0.24964209225831627;baseline_min
BVGA_10;0;10;0;0.9990857774924566;1.0;1.0;1.0;0.2464295370332203;0.2464295370332203;-0.2464295370332203;baseline_min
BWVA_10;1;10;1;0.9999845454384475;1.0;1.0;1.0;0.24328006924445156;0.24328006924445156;-0.24328006924445156;baseline_min
COVA_10;1;10;1;0.9999905558147929;1.0;1.0;1.0;0.276993330026886;0.276993330026886;-0.276993330026886;baseline_min
DYBB_10;0;10;0;0.9999998077516149;1.0;1.0;1.0;0.22588757388507638;0.22588757388507638;-0.22588757388507638;baseline_min
HVHB_10;0;10;0;0.9999999998047241;1.0;1.0;1.0;0.26583422703029747;0.26583422703029747;-0.26583422703029747;baseline_min
KDB_10;1;10;1;0.9999194467415526;1.0;1.0;1.0;0.2783907229554809;0.2783907229554809;-0.2783907229554809;baseline_min
YTM_10;1;10;1;0.9976610647241391;1.0;1.0;1.0;0.25531171140675873;0.25531171140675873;-0.25531171140675873;baseline_min
