"Case ID;Actual;Prefix Length;Prediction;Prediction Probability;SHAP Subset Stability;SHAP Weight Stability;SHAP Adjusted Weight Stability";MAPE Correctness;RMSE Correctness;R2 Correctness;Mode
"BEV_14;0;14;0;0.9999296254646698;1.0;1.0;1.0";0.8764588133791228;0.8764588133791228;-0.8764588133791228;baseline_mean
"IOEE_14;1;14;0;0.9999984740368502;1.0;1.0;1.0";0.871903982818675;0.871903982818675;-0.1904138328402961;baseline_mean
"JAL_14;0;14;0;0.999883095911777;1.0;1.0;1.0";0.868164288277098;0.868164288277098;-0.1904138328402961;baseline_mean
"LHH_14;1;14;1;0.9999983862863012;1.0;1.0;1.0";0.8682650063128041;0.8682650063128041;-0.8682650063128041;baseline_mean
"RMEA_14;1;14;1;0.9983329846983191;1.0;1.0;1.0";0.8757181409550508;0.8757181409550508;-0.8757181409550508;baseline_mean
"WQFA_14;0;14;0;0.9999712402873129;1.0;1.0;1.0";0.8718572829196528;0.8718572829196528;-0.8718572829196528;baseline_mean
"XOO_14;0;14;0;0.9999999992597403;1.0;1.0;1.0";0.8703279161502385;0.8703279161502385;-0.8703279161502385;baseline_mean
"ZVMD_14;1;14;0;0.9962074143765711;1.0;1.0;1.0";0.8797898369898612;0.8797898369898612;-0.8797898369898612;baseline_mean
