"Case ID;Actual;Prefix Length;Prediction;Prediction Probability;SHAP Subset Stability;SHAP Weight Stability;SHAP Adjusted Weight Stability";MAPE Correctness;RMSE Correctness;R2 Correctness;Mode
"BEV_14;0;14;0;0.9999296254646698;1.0;1.0;1.0";0.9522037461744931;0.9544725821719785;-0.9544725821719785;permutation
"IOEE_14;1;14;0;0.9999984740368502;1.0;1.0;1.0";0.9525768234356589;0.9531136754671831;-0.1904138328402961;permutation
"JAL_14;0;14;0;0.999883095911777;1.0;1.0;1.0";0.95209030128209;0.9539692833924246;-0.1904138328402961;permutation
"LHH_14;1;14;1;0.9999983862863012;1.0;1.0;1.0";0.9310524122967376;0.9307672096549904;-0.9307672096549904;permutation
"RMEA_14;1;14;1;0.9983329846983191;1.0;1.0;1.0";0.9296599523399719;0.9298109419738378;-0.9298109419738378;permutation
"WQFA_14;0;14;0;0.9999712402873129;1.0;1.0;1.0";0.9526734897329852;0.9539357301404543;-0.9539357301404543;permutation
"XOO_14;0;14;0;0.9999999992597403;1.0;1.0;1.0";0.9542169328537443;0.9569051929398223;-0.9569051929398223;permutation
"ZVMD_14;1;14;0;0.9962074143765711;1.0;1.0;1.0";0.9521070779080751;0.9533653248569598;-0.9533613285150625;permutation
