"Case ID;Actual;Prefix Length;Prediction;Prediction Probability;SHAP Subset Stability;SHAP Weight Stability;SHAP Adjusted Weight Stability";MAPE Correctness;RMSE Correctness;R2 Correctness;Mode
"AOJD_4;1;4;0;0.9653836177445942;1.0;1.0;1.0";0.9352744718379546;0.9352328712206541;;permutation
"DAGE_4;1;4;1;0.565925462109858;1.0;1.0;1.0";0.9636004663534148;0.9636702480340481;-0.9636702480340481;permutation
"JEZD_4;1;4;0;0.9606196036214535;1.0;1.0;1.0";0.9368083268564864;0.9366741313168074;-0.9366741313168074;permutation
"LDMD_4;1;4;0;0.7825030170081892;1.0;1.0;1.0";0.9468179721611492;0.9456061864378469;-0.9456061864378469;permutation
"NXMD_4;0;4;0;0.9986529243482541;1.0;1.0;1.0";0.9333890245054635;0.9335862919487917;-0.9335862919487917;permutation
"RSHD_4;0;4;0;0.994389051242379;1.0;1.0;1.0";0.933827843920214;0.9341660166802054;-0.9341660166802054;permutation
"VWRD_4;0;4;0;0.9634281518228791;1.0;1.0;1.0";0.9365023610260181;0.9367318353988694;-0.9367318353988694;permutation
"ZEOD_4;0;4;0;0.9986580099390628;1.0;1.0;1.0";0.9337110938006933;0.9343203415508364;-0.9343203415508364;permutation
