Case ID;Actual;Prefix Length;Prediction;Prediction Probability;SHAP Subset Stability;SHAP Weight Stability;SHAP Adjusted Weight Stability;MAPE Correctness;RMSE Correctness;R2 Correctness;Mode
ATH_13;1;13;1;0.9990984529241834;1.0;1.0;1.0;0.9521241831939591;0.9509031397719897;-0.13112939314461688;permutation
BPH_13;1;13;1;0.9401301130888438;1.0;1.0;1.0;0.9515750840463574;0.9512271129042741;-0.9512271129042741;permutation
LHH_13;1;13;1;0.9985443524641667;1.0;1.0;1.0;0.9510111308160843;0.9491992810762714;-0.9491992810762714;permutation
MWZ_13;0;13;0;0.9940710845676262;1.0;1.0;1.0;0.9591224581280948;0.9586544969370174;-0.9586544969370174;permutation
PBE_13;1;13;1;0.859496059023784;1.0;1.0;1.0;0.9504591765907109;0.9494752581889582;-0.9494752581889582;permutation
QIE_13;0;13;0;0.9987445473523497;1.0;1.0;1.0;0.9583996439385093;0.9572746113735836;-0.9572746113735836;permutation
WYBB_13;0;13;0;0.9999434560709358;1.0;1.0;1.0;0.9547668193496041;0.9535909168694605;-0.9535880574020569;permutation
XHDE_13;0;13;0;0.9997236126939291;1.0;1.0;1.0;0.9569357697304116;0.9564706780453223;-0.9564678099425771;permutation
