Case ID;Actual;Prefix Length;Prediction;Prediction Probability;SHAP Subset Stability;SHAP Weight Stability;SHAP Adjusted Weight Stability;MAPE Correctness;RMSE Correctness;R2 Correctness;Mode
FRJD_9;0;9;0;0.9999991792447417;1.0;1.0;1.0;0.9066937668683431;0.917308649014552;-0.917308649014552;permutation
HISD_9;1;9;1;0.9999999999948765;1.0;1.0;1.0;0.8318890238239404;0.8297305461166178;-0.8297305461166178;permutation
IIVD_9;0;9;1;0.9954552894898813;1.0;1.0;1.0;0.8305293248734394;0.829112823878009;-0.829112823878009;permutation
IOEE_9;1;9;0;0.9999998142015348;1.0;1.0;1.0;0.9066156640565651;0.9174542042546839;-0.9174542042546839;permutation
IQKD_9;0;9;0;0.9999999480015916;1.0;1.0;1.0;0.9054938236692066;0.9157607932902218;-0.9157607932902218;permutation
JISD_9;1;9;0;0.9988203276134909;1.0;1.0;1.0;0.9026856725730021;0.9133360559972918;-0.9133360559972918;permutation
OUMD_9;0;9;0;0.9999999865535412;1.0;1.0;1.0;0.9087492908692312;0.9197298361796739;-0.9197298361796739;permutation
SQFE_9;1;9;0;0.9981976264854797;1.0;1.0;1.0;0.9035341531191373;0.9132721536967462;-0.08667412422087797;permutation
