Case ID;Actual;Prefix Length;Prediction;Prediction Probability;SHAP Subset Stability;SHAP Weight Stability;SHAP Adjusted Weight Stability;MAPE Correctness;RMSE Correctness;R2 Correctness;Mode
BHOE;1;1;0;0.9424791944212362;1.0;1.0;1.0;0.8865379180730206;0.8908662698909331;-0.8908662698909331;permutation
BTME;1;1;0;0.8424544214454653;1.0;1.0;1.0;0.9021932942565263;0.9068607887970135;-0.9068607887970135;permutation
FYND;0;1;0;0.871113464038275;1.0;1.0;1.0;0.8957718494740359;0.9002886139156009;-0.9002886139156009;permutation
PGGE;1;1;1;0.935312702777732;1.0;1.0;1.0;0.8714683338648717;0.8759919496745694;-0.8759919496745694;permutation
RDME;0;1;0;0.9614363954695749;1.0;1.0;1.0;0.8844345480562433;0.888848541975816;-0.888848541975816;permutation
UGWD;0;1;0;0.9990757441060043;1.0;1.0;1.0;0.8817573759583418;0.8861182717748852;-0.8861182717748852;permutation
XJOE;0;1;0;0.8507867084979909;1.0;1.0;1.0;0.9009960176753151;0.9055042179067142;-0.9055042179067142;permutation
XYLD;1;1;1;0.9291739036108789;1.0;1.0;1.0;0.8727992121246729;0.8772046418340795;-0.20254960808671796;permutation
