Case ID;Actual;Prefix Length;Prediction;Prediction Probability;SHAP Subset Stability;SHAP Weight Stability;SHAP Adjusted Weight Stability;MAPE Correctness;RMSE Correctness;R2 Correctness;Mode
CMM_12;1;12;1;0.9928985920820769;1.0;1.0;1.0;0.9220952937579707;0.9233299561940453;-0.9233299561940453;permutation
RMEA_12;1;12;1;0.9970493087842954;1.0;1.0;1.0;0.9225694041334235;0.9242189131480191;-0.9242189131480191;permutation
RVAA_12;0;12;0;0.9999589443275594;1.0;1.0;1.0;0.9511444315539345;0.9552336335422136;-0.9552336335422136;permutation
SXPA_12;0;12;0;0.9999998746403119;1.0;1.0;1.0;0.9493862722449642;0.9532976828424486;-0.9532976828424486;permutation
VLOA_12;1;12;1;0.997473193316269;1.0;1.0;1.0;0.9213841281947918;0.9235670113817718;-0.16709094386304507;permutation
WIU_12;0;12;0;0.9999999999365803;1.0;1.0;1.0;0.9512803652455947;0.9553817930345425;-0.9553817930345425;permutation
WPRC_12;1;12;1;0.989938157072054;1.0;1.0;1.0;0.9219273796666646;0.9234188518894427;-0.9234188518894427;permutation
WXY_12;0;12;0;0.9999989544250617;1.0;1.0;1.0;0.9496802466787815;0.9544829587810802;-0.9544806023792213;permutation
