Case ID;Actual;Prefix Length;Prediction;Prediction Probability;SHAP Subset Stability;SHAP Weight Stability;SHAP Adjusted Weight Stability;MAPE Correctness;RMSE Correctness;R2 Correctness;Mode
DFHA_11;0;11;0;0.9998563046219218;1.0;1.0;1.0;0.959668056935796;0.9592571931272571;-0.9592571931272571;permutation
DUX_11;0;11;0;0.999848290411465;1.0;1.0;1.0;0.9600806208159989;0.9597335111217236;-0.9597335111217236;permutation
GOEA_11;0;11;0;0.9999866194418663;1.0;1.0;1.0;0.9618161692873756;0.9618303370299991;-0.9618303370299991;permutation
GXYD_11;1;11;0;0.9815110178011479;1.0;1.0;1.0;0.958869278821691;0.9585346395329303;-0.9585346395329303;permutation
JISD_11;1;11;0;0.9976152340789509;1.0;1.0;1.0;0.9596272530520474;0.9588196917225089;-0.9588179938836467;permutation
JOTA_11;1;11;1;0.9999995400410358;1.0;1.0;1.0;0.9468587636274445;0.944092323265398;-0.944092323265398;permutation
OGL_11;1;11;1;0.9700245611520266;1.0;1.0;1.0;0.950205704207431;0.9477317549118663;-0.9477317549118663;permutation
QBD_11;0;11;0;0.9992254903347901;1.0;1.0;1.0;0.9611273318419856;0.9602985203661402;-0.9602968199146507;permutation
