Case ID;Actual;Prefix Length;Prediction;Prediction Probability;SHAP Subset Stability;SHAP Weight Stability;SHAP Adjusted Weight Stability;MAPE Correctness;RMSE Correctness;R2 Correctness;Mode
AIM_10;0;10;0;0.999999862453993;1.0;1.0;1.0;0.9449494346601176;0.9496441711417197;-0.9496441711417197;permutation
BVGA_10;0;10;0;0.9990857774924566;1.0;1.0;1.0;0.944457947816492;0.9491302596644056;-0.9491302596644056;permutation
BWVA_10;1;10;1;0.9999845454384475;1.0;1.0;1.0;0.9214604092066878;0.9236702285591382;-0.9236702285591382;permutation
COVA_10;1;10;1;0.9999905558147929;1.0;1.0;1.0;0.9209916342696495;0.9231263389123142;-0.9231263389123142;permutation
DYBB_10;0;10;0;0.9999998077516149;1.0;1.0;1.0;0.9454129666451673;0.9506120377573278;-0.9506120377573278;permutation
HVHB_10;0;10;0;0.9999999998047241;1.0;1.0;1.0;0.9442052746734791;0.9491473900469827;-0.9491473900469827;permutation
KDB_10;1;10;1;0.9999194467415526;1.0;1.0;1.0;0.9209883376829124;0.923516055115944;-0.923516055115944;permutation
YTM_10;1;10;1;0.9976610647241391;1.0;1.0;1.0;0.9208160482241957;0.9233351975834501;-0.9233351975834501;permutation
