"Case ID;Actual;Prefix Length;Prediction;Prediction Probability;SHAP Subset Stability;SHAP Weight Stability;SHAP Adjusted Weight Stability";MAPE Correctness;RMSE Correctness;R2 Correctness;Mode
"AYEE_3;1;3;1;0.9848852516867141;1.0;1.0;1.0";0.8591053408705193;0.8516250425942686;-0.12718380297897924;permutation
"KGLD_3;0;3;0;0.9969031723841322;1.0;1.0;1.0";0.9219054012176704;0.9220749148660624;-0.9220749148660624;permutation
"KZUD_3;0;3;0;0.9686530170841552;1.0;1.0;1.0";0.9227014373105201;0.9226200707592918;-0.9226200707592918;permutation
"NWLD_3;1;3;1;0.9990321604030358;1.0;1.0;1.0";0.85563234524226;0.8482442623907348;-0.8482442623907348;permutation
"SHAE_3;1;3;0;0.8142770995165558;1.0;1.0;1.0";0.9310157427368603;0.9291944880985344;;permutation
"XJCE_3;0;3;0;0.9816555942301688;1.0;1.0;1.0";0.9228451848843566;0.9226729590175902;-0.12718380297897924;permutation
"ZACE_3;0;3;0;0.9885727933421393;1.0;1.0;1.0";0.9226743151267773;0.9225671825009935;-0.9225671825009935;permutation
"ZAJE_3;1;3;1;0.999355449282916;1.0;1.0;1.0";0.8552987423822241;0.8478089513416637;-0.8478089513416637;permutation
