Case ID;Actual;Prefix Length;Prediction;Prediction Probability;SHAP Subset Stability;SHAP Weight Stability;SHAP Adjusted Weight Stability;MAPE Correctness;RMSE Correctness;R2 Correctness;Mode
AYYD_2;1;2;1;0.9999998510170058;1.0;1.0;1.0;0.8560210267669465;0.8468053954883561;-0.8468053954883561;permutation
CFJD_2;0;2;0;0.9841405319138686;1.0;1.0;1.0;0.8881220752865159;0.8849750452372522;-0.8849750452372522;permutation
DVAE_2;1;2;0;0.8683354950537883;1.0;1.0;1.0;0.9045872828235811;0.9002337794206763;-0.12685538522015183;permutation
EPID_2;1;2;0;0.95311763879542;1.0;1.0;1.0;0.8931680595019666;0.8897751418070188;-0.8897751418070188;permutation
ICME_2;0;2;0;0.9211744175431742;1.0;1.0;1.0;0.8978490150720444;0.8943745328556078;-0.8943745328556078;permutation
PTVD_2;0;2;0;0.8869560793154887;1.0;1.0;1.0;0.9032009791814108;0.8990420682548995;-0.8990420682548995;permutation
SXRD_2;1;2;0;0.9652921641748066;1.0;1.0;1.0;0.8898586453861951;0.886664644739181;-0.886664644739181;permutation
YEXD_2;0;2;0;0.9838183426040441;1.0;1.0;1.0;0.8888212661844548;0.8856393436911478;-0.12685538522015183;permutation
