"Case ID;Actual;Prefix Length;Prediction;Prediction Probability;SHAP Subset Stability;SHAP Weight Stability;SHAP Adjusted Weight Stability";MAPE Correctness;RMSE Correctness;R2 Correctness;Mode
"DYLD_6;0;6;0;0.9023509608887462;1.0;1.0;1.0";0.9323087721666631;0.9356328612357867;-0.9356328612357867;permutation
"GILD_6;0;6;0;0.9998477925531958;1.0;1.0;1.0";0.9281110795240013;0.9322359718688683;-0.9322359718688683;permutation
"HCME_6;1;6;1;0.9930813502518044;1.0;1.0;1.0";0.8909417199328924;0.8901464110192466;-0.09661756186112298;permutation
"LDMD_6;1;6;0;0.9453506820932247;1.0;1.0;1.0";0.9306027727353196;0.9344680564710691;-0.9344680564710691;permutation
"LZUD_6;1;6;0;0.9772084044940053;1.0;1.0;1.0";0.9291041854731651;0.932671400065113;-0.932671400065113;permutation
"NYTD_6;1;6;1;0.8990012536337738;1.0;1.0;1.0";0.9012065619219669;0.9007244316478914;-0.09661756186112298;permutation
"OFCE_6;0;6;0;0.9983408762949049;1.0;1.0;1.0";0.9280671246272195;0.9317826869958059;-0.9317826869958059;permutation
"ZIIE_6;0;6;0;0.9998528025515315;1.0;1.0;1.0";0.9276165869352061;0.9314846178520043;-0.9314846178520043;permutation
