Case ID;Actual;Prefix Length;Prediction;Prediction Probability;SHAP Subset Stability;SHAP Weight Stability;SHAP Adjusted Weight Stability;LIME Precision;LIME Recall;LIME Correlation
AYYD_2;1;2;1;0.9999998510170058;1.0;1.0;1.0;1.0;1.0;0.3465070517360179
CFJD_2;0;2;0;0.9841405319138686;1.0;1.0;1.0;1.0;1.0;0.34605502723211967
DVAE_2;1;2;0;0.8683354950537883;1.0;1.0;1.0;1.0;1.0;0.3480541594130505
EPID_2;1;2;0;0.9531176387954201;1.0;1.0;1.0;1.0;1.0;0.3462137739328935
ICME_2;0;2;0;0.9211744175431742;1.0;1.0;1.0;1.0;1.0;0.3476976519918213
PTVD_2;0;2;0;0.8869560793154887;1.0;1.0;1.0;1.0;1.0;0.3482909341531877
SXRD_2;1;2;0;0.9652921641748066;1.0;1.0;1.0;1.0;1.0;0.3493160611530997
YEXD_2;0;2;0;0.983818342604044;1.0;1.0;1.0;1.0;1.0;0.3468137826493774
