Case ID;Actual;Prefix Length;Prediction;Prediction Probability;SHAP Subset Stability;SHAP Weight Stability;SHAP Adjusted Weight Stability;LIME Precision;LIME Recall;LIME Correlation
AIM_10;0;10;0;0.999999862453993;1.0;1.0;1.0;0.0;0.0;-0.02059067576930773
BVGA_10;0;10;0;0.9990857774924566;1.0;1.0;1.0;0.0;0.0;-0.026539188382362734
BWVA_10;1;10;1;0.9999845454384476;1.0;1.0;1.0;0.0;0.0;-0.01223534955759405
COVA_10;1;10;1;0.9999905558147928;1.0;1.0;1.0;0.0;0.0;-0.028744720416720777
DYBB_10;0;10;0;0.9999998077516148;1.0;1.0;1.0;0.0;0.0;-0.015661418737179363
HVHB_10;0;10;0;0.999999999804724;1.0;1.0;1.0;0.0;0.0;-0.04250467075923029
KDB_10;1;10;1;0.9999194467415526;1.0;1.0;1.0;0.0;0.0;-0.029053066642883457
YTM_10;1;10;1;0.9976610647241392;1.0;1.0;1.0;0.0;0.0;-0.016440849475535025
