Case ID;Actual;Prefix Length;Prediction;Prediction Probability;SHAP Subset Stability;SHAP Weight Stability;SHAP Adjusted Weight Stability;LIME Precision;LIME Recall;LIME Correlation;SHAP Precision;SHAP Recall;SHAP Correlation
DFHA_11;0;11;0;0.9998563046219218;1.0;1.0;1.0;1.0;1.0;0.0595078502059436;0.0;0.0;0.47017218216983453
DUX_11;0;11;0;0.9998482904114652;1.0;1.0;1.0;1.0;1.0;0.0590403163551499;0.0;0.0;0.475126863384517
GOEA_11;0;11;0;0.9999866194418664;1.0;1.0;1.0;1.0;1.0;0.0522114885950725;0.0;0.0;0.4697636391385536
GXYD_11;1;11;0;0.981511017801148;1.0;1.0;1.0;1.0;1.0;0.0386034199984869;0.0;0.0;0.46785006265704226
JISD_11;1;11;0;0.9976152340789508;1.0;1.0;1.0;1.0;1.0;0.0474440600862219;0.0;0.0;0.4713195796193893
JOTA_11;1;11;1;0.9999995400410358;1.0;1.0;1.0;1.0;1.0;0.0635739779386037;1.0;1.0;0.4711109619012884
OGL_11;1;11;1;0.9700245611520266;1.0;1.0;1.0;1.0;1.0;0.0944028767060898;0.0;0.0;0.4715108125276484
QBD_11;0;11;0;0.99922549033479;1.0;1.0;1.0;1.0;1.0;0.0448726239068567;0.0;0.0;0.46575115136100254
