Case ID;Actual;Prefix Length;Prediction;Prediction Probability;SHAP Subset Stability;SHAP Weight Stability;SHAP Adjusted Weight Stability;LIME Precision;LIME Recall;LIME Correlation
AOJD_4;1;4;0;0.9653836177445942;1.0;1.0;1.0;0.0;0.0;0.3432440688369063
DAGE_4;1;4;1;0.565925462109858;1.0;1.0;1.0;0.0;0.0;0.334536116207839
JEZD_4;1;4;0;0.9606196036214536;1.0;1.0;1.0;0.0;0.0;0.3428272273738101
LDMD_4;1;4;0;0.7825030170081892;1.0;1.0;1.0;0.0;0.0;0.3430544732036916
NXMD_4;0;4;0;0.998652924348254;1.0;1.0;1.0;0.0;0.0;0.34028449444892345
RSHD_4;0;4;0;0.9943890512423791;1.0;1.0;1.0;0.0;0.0;0.34421759535071805
VWRD_4;0;4;0;0.9634281518228792;1.0;1.0;1.0;0.0;0.0;0.3316773905609278
ZEOD_4;0;4;0;0.9986580099390628;1.0;1.0;1.0;0.0;0.0;0.33827020892725224
