Case ID;Actual;Prefix Length;Prediction;Prediction Probability;SHAP Subset Stability;SHAP Weight Stability;SHAP Adjusted Weight Stability;LIME Precision;LIME Recall;LIME Correlation;SHAP Precision;SHAP Recall;SHAP Correlation
AZKD_7;0;7;0;0.999999999999998;1.0;1.0;1.0;0.0;0.0;0.1694572349464542;0.0;0.0;0.2770788778752998
CDPD_7;1;7;0;0.8111811118206884;1.0;1.0;1.0;0.0;0.0;0.1728957548330791;0.0;0.0;0.2712889546385642
EJSD_7;1;7;0;0.9999969148759988;1.0;1.0;1.0;0.0;0.0;0.1651131973672661;0.0;0.0;0.27716507549904174
JJWD_7;1;7;0;0.9607499276402012;1.0;1.0;1.0;0.0;0.0;0.1864683229502137;0.0;0.0;0.2734209773230904
OMOD_7;0;7;0;0.9999999553358964;1.0;1.0;1.0;0.0;0.0;0.1739073241472938;0.0;0.0;0.27627231237886085
SROD_7;0;7;0;0.9999994973841918;1.0;1.0;1.0;0.0;0.0;0.1634673577774048;0.0;0.0;0.2724294969257766
WCGE_7;0;7;0;0.9972732686060288;1.0;1.0;1.0;0.0;0.0;0.1684150738183016;0.0;0.0;0.27782769280976766
WCQD_7;1;7;1;0.9188630055133974;1.0;1.0;1.0;0.0;0.0;0.1704116995413181;0.0;0.0;0.27395558038626405
