Case ID;Actual;Prefix Length;Prediction;Prediction Probability;SHAP Subset Stability;SHAP Weight Stability;SHAP Adjusted Weight Stability;SHAP Precision;SHAP Recall;SHAP Correlation;LIME Precision;LIME Recall;LIME Correlation
CMM_12;1;12;1;0.9928985920820768;1.0;1.0;1.0;0.0;0.0;0.4829945716651649;0.0;0.0;-0.0010963775365202058
RMEA_12;1;12;1;0.9970493087842954;1.0;1.0;1.0;0.0;0.0;0.4756738526485785;0.0;0.0;0.024288219480208883
RVAA_12;0;12;0;0.9999589443275594;1.0;1.0;1.0;0.0;0.0;0.4760792344833731;0.0;0.0;0.058957455094496465
SXPA_12;0;12;0;0.999999874640312;1.0;1.0;1.0;0.0;0.0;0.4789276780890477;0.0;0.0;0.04326246495458109
VLOA_12;1;12;1;0.997473193316269;1.0;1.0;1.0;0.0;0.0;0.480121129836179;0.0;0.0;0.08849050765481552
WIU_12;0;12;0;0.9999999999365804;1.0;1.0;1.0;0.0;0.0;0.4782615685703155;0.0;0.0;0.06603946134391077
WPRC_12;1;12;1;0.989938157072054;1.0;1.0;1.0;0.0;0.0;0.4793222891617307;0.0;0.0;0.03492604476698601
WXY_12;0;12;0;0.9999989544250616;1.0;1.0;1.0;0.0;0.0;0.4829468796846008;0.0;0.0;0.0239326375764726
