Case ID;Actual;Prefix Length;Prediction;Prediction Probability;SHAP Subset Stability;SHAP Weight Stability;SHAP Adjusted Weight Stability;LIME Precision;LIME Recall;LIME Correlation;SHAP Precision;SHAP Recall;SHAP Correlation
AYEE_3;1;3;1;0.984885251686714;1.0;1.0;1.0;1.0;1.0;0.3216272093983516;1.0;1.0;0.19477039756404235
KGLD_3;0;3;0;0.9969031723841322;1.0;1.0;1.0;1.0;1.0;0.3208874676326271;1.0;1.0;0.2017414244095901
KZUD_3;0;3;0;0.9686530170841552;1.0;1.0;1.0;1.0;1.0;0.3086599713874153;1.0;1.0;0.19390029683538218
NWLD_3;1;3;1;0.9990321604030358;1.0;1.0;1.0;1.0;1.0;0.3219617249762345;1.0;1.0;0.1976577033109699
SHAE_3;1;3;0;0.8142770995165558;1.0;1.0;1.0;1.0;1.0;0.3077407334579488;1.0;1.0;0.19539377368763444
XJCE_3;0;3;0;0.9816555942301688;1.0;1.0;1.0;1.0;1.0;0.3211227163926829;1.0;1.0;0.19820790620281797
ZACE_3;0;3;0;0.9885727933421392;1.0;1.0;1.0;1.0;1.0;0.3155216201922795;1.0;1.0;0.19349146797638575
ZAJE_3;1;3;1;0.999355449282916;1.0;1.0;1.0;1.0;1.0;0.3189701222472013;1.0;1.0;0.19455153327802274
