Case ID;Actual;Prefix Length;Prediction;Prediction Probability;SHAP Subset Stability;SHAP Weight Stability;SHAP Adjusted Weight Stability;LIME Precision;LIME Recall;LIME Correlation
AYEE_3;1;3;1;0.984885251686714;1.0;1.0;1.0;1.0;1.0;0.32162720939835165
KGLD_3;0;3;0;0.9969031723841322;1.0;1.0;1.0;1.0;1.0;0.32088746763262715
KZUD_3;0;3;0;0.9686530170841552;1.0;1.0;1.0;1.0;1.0;0.30865997138741535
NWLD_3;1;3;1;0.9990321604030358;1.0;1.0;1.0;1.0;1.0;0.3219617249762345
SHAE_3;1;3;0;0.8142770995165558;1.0;1.0;1.0;1.0;1.0;0.3077407334579488
XJCE_3;0;3;0;0.9816555942301688;1.0;1.0;1.0;1.0;1.0;0.3211227163926829
ZACE_3;0;3;0;0.9885727933421392;1.0;1.0;1.0;1.0;1.0;0.31552162019227953
ZAJE_3;1;3;1;0.9993554492829159;1.0;1.0;1.0;1.0;1.0;0.31897012224720134
