Case ID;Actual;Prefix Length;Prediction;Prediction Probability;SHAP Subset Stability;SHAP Weight Stability;SHAP Adjusted Weight Stability;LIME Precision;LIME Recall;LIME Correlation
BHOE;1;1;0;0.9424791944212362;1.0;1.0;1.0;1.0;1.0;0.5263799525399603
BTME;1;1;0;0.8424544214454653;1.0;1.0;1.0;1.0;1.0;0.5292580919005361
FYND;0;1;0;0.871113464038275;1.0;1.0;1.0;1.0;1.0;0.526655358684046
PGGE;1;1;1;0.935312702777732;1.0;1.0;1.0;1.0;1.0;0.5279215341011947
RDME;0;1;0;0.9614363954695748;1.0;1.0;1.0;1.0;1.0;0.5264682903597613
UGWD;0;1;0;0.9990757441060044;1.0;1.0;1.0;1.0;1.0;0.5275560580231943
XJOE;0;1;0;0.8507867084979909;1.0;1.0;1.0;1.0;1.0;0.5291478708937274
XYLD;1;1;1;0.9291739036108788;1.0;1.0;1.0;1.0;1.0;0.5287633415604756
