Case ID;Actual;Prefix Length;Prediction;Prediction Probability;SHAP Subset Stability;SHAP Weight Stability;SHAP Adjusted Weight Stability;LIME Precision;LIME Recall;LIME Correlation
BELD_8;1;8;1;0.9026126891876708;1.0;1.0;1.0;0.0;0.0;0.17578876932100718
CYID_8;0;8;0;0.9995373435798643;1.0;1.0;1.0;0.0;0.0;0.17929168125344228
GWSD_8;1;8;1;0.7029515364748254;1.0;1.0;1.0;0.0;0.0;0.17184070205973495
JFND_8;0;8;0;0.9999978315588094;1.0;1.0;1.0;0.0;0.0;0.16724178700733547
RTMD_8;0;8;0;0.9999252955857172;1.0;1.0;1.0;0.0;0.0;0.1658295701020593
TNND_8;0;8;0;0.999181509517207;1.0;1.0;1.0;0.0;0.0;0.1741248094021817
URID_8;1;8;1;0.7214106555755112;1.0;1.0;1.0;0.0;0.0;0.18480546725752073
XLHE_8;1;8;0;0.7408928505211646;1.0;1.0;1.0;0.0;0.0;0.16438665282927706
