Case ID;Actual;Prefix Length;Prediction;Prediction Probability;SHAP Subset Stability;SHAP Weight Stability;SHAP Adjusted Weight Stability;SHAP Precision;SHAP Recall;SHAP Correlation;LIME Precision;LIME Recall;LIME Correlation
BEV_14;0;14;0;0.9999296254646698;1.0;1.0;1.0;0.0;0.0;0.5503269644586156;1.0;1.0;0.03912292780011484
IOEE_14;1;14;0;0.9999984740368502;1.0;1.0;1.0;0.0;0.0;0.5402498873412132;1.0;1.0;0.1251195521154616
JAL_14;0;14;0;0.999883095911777;1.0;1.0;1.0;0.0;0.0;0.5402417513361909;1.0;1.0;0.03781435645860156
LHH_14;1;14;1;0.9999983862863012;1.0;1.0;1.0;1.0;1.0;0.5403355178362911;1.0;1.0;0.15989735199952596
RMEA_14;1;14;1;0.9983329846983192;1.0;1.0;1.0;0.0;0.0;0.5428914732548996;1.0;1.0;0.12307281232488956
WQFA_14;0;14;0;0.9999712402873128;1.0;1.0;1.0;0.0;0.0;0.5501804683242804;1.0;1.0;0.06878387820774907
XOO_14;0;14;0;0.9999999992597404;1.0;1.0;1.0;0.0;0.0;0.5444995803503919;1.0;1.0;0.0896706900049802
ZVMD_14;1;14;0;0.9962074143765712;1.0;1.0;1.0;0.0;0.0;0.5480812734267155;1.0;1.0;0.056033695905824854
