Case ID;Actual;Prefix Length;Prediction;Prediction Probability;SHAP Subset Stability;SHAP Weight Stability;SHAP Adjusted Weight Stability;LIME Precision;LIME Recall;LIME Correlation
FRJD_9;0;9;0;0.9999991792447416;1.0;1.0;1.0;1.0;0.5;0.16788731910879076
HISD_9;1;9;1;0.9999999999948764;1.0;1.0;1.0;1.0;0.5;0.17768567185913728
IIVD_9;0;9;1;0.9954552894898812;1.0;1.0;1.0;1.0;0.5;0.17559819670797647
IOEE_9;1;9;0;0.9999998142015348;1.0;1.0;1.0;1.0;0.5;0.17046116176966075
IQKD_9;0;9;0;0.9999999480015916;1.0;1.0;1.0;1.0;0.5;0.1735355724514724
JISD_9;1;9;0;0.9988203276134908;1.0;1.0;1.0;1.0;0.5;0.16051370365137418
OUMD_9;0;9;0;0.9999999865535412;1.0;1.0;1.0;1.0;0.5;0.1660696536710453
SQFE_9;1;9;0;0.9981976264854796;1.0;1.0;1.0;1.0;0.5;0.1751579808597725
