Case ID;Actual;Prefix Length;Prediction;Prediction Probability;SHAP Subset Stability;SHAP Weight Stability;SHAP Adjusted Weight Stability;LIME Precision;LIME Recall;LIME Correlation
DFHA_11;0;11;0;0.9998563046219218;1.0;1.0;1.0;1.0;1.0;0.0595078502059436
DUX_11;0;11;0;0.9998482904114651;1.0;1.0;1.0;1.0;1.0;0.05904031635514991
GOEA_11;0;11;0;0.9999866194418664;1.0;1.0;1.0;1.0;1.0;0.05221148859507259
GXYD_11;1;11;0;0.981511017801148;1.0;1.0;1.0;1.0;1.0;0.03860341999848695
JISD_11;1;11;0;0.9976152340789508;1.0;1.0;1.0;1.0;1.0;0.04744406008622192
JOTA_11;1;11;1;0.9999995400410358;1.0;1.0;1.0;1.0;1.0;0.06357397793860374
OGL_11;1;11;1;0.9700245611520266;1.0;1.0;1.0;1.0;1.0;0.0944028767060898
QBD_11;0;11;0;0.99922549033479;1.0;1.0;1.0;1.0;1.0;0.0448726239068567
