Case ID;Actual;Prefix Length;Prediction;Prediction Probability;SHAP Subset Stability;SHAP Weight Stability;SHAP Adjusted Weight Stability;LIME Precision;LIME Recall;LIME Correlation;SHAP Precision;SHAP Recall;SHAP Correlation
AYYD_2;1;2;1;0.9999998510170058;1.0;1.0;1.0;1.0;1.0;0.3465070517360179;1.0;1.0;0.12280302000057726
CFJD_2;0;2;0;0.9841405319138686;1.0;1.0;1.0;1.0;1.0;0.3460550272321196;0.0;0.0;0.123443160117181
DVAE_2;1;2;0;0.8683354950537883;1.0;1.0;1.0;1.0;1.0;0.3480541594130505;0.0;0.0;0.12873845806168369
EPID_2;1;2;0;0.95311763879542;1.0;1.0;1.0;1.0;1.0;0.3462137739328935;0.0;0.0;0.12594265823259956
ICME_2;0;2;0;0.9211744175431742;1.0;1.0;1.0;1.0;1.0;0.3476976519918213;0.0;0.0;0.12269621305076184
PTVD_2;0;2;0;0.8869560793154887;1.0;1.0;1.0;1.0;1.0;0.3482909341531877;0.0;0.0;0.12538323389162484
SXRD_2;1;2;0;0.9652921641748066;1.0;1.0;1.0;1.0;1.0;0.3493160611530997;0.0;0.0;0.12595599083805978
YEXD_2;0;2;0;0.983818342604044;1.0;1.0;1.0;1.0;1.0;0.3468137826493774;0.0;0.0;0.12518067671605562
