Case ID;Actual;Prefix Length;Prediction;Prediction Probability;SHAP Subset Stability;SHAP Weight Stability;SHAP Adjusted Weight Stability;LIME Precision;LIME Recall;LIME Correlation
AZKD_7;0;7;0;0.9999999999999979;1.0;1.0;1.0;0.0;0.0;0.16945723494645423
CDPD_7;1;7;0;0.8111811118206884;1.0;1.0;1.0;0.0;0.0;0.17289575483307917
EJSD_7;1;7;0;0.9999969148759988;1.0;1.0;1.0;0.0;0.0;0.16511319736726615
JJWD_7;1;7;0;0.9607499276402012;1.0;1.0;1.0;0.0;0.0;0.18646832295021373
OMOD_7;0;7;0;0.9999999553358964;1.0;1.0;1.0;0.0;0.0;0.17390732414729385
SROD_7;0;7;0;0.9999994973841918;1.0;1.0;1.0;0.0;0.0;0.1634673577774048
WCGE_7;0;7;0;0.9972732686060288;1.0;1.0;1.0;0.0;0.0;0.16841507381830162
WCQD_7;1;7;1;0.9188630055133974;1.0;1.0;1.0;0.0;0.0;0.1704116995413181
