Case ID;Actual;Prefix Length;Prediction;Prediction Probability;SHAP Subset Stability;SHAP Weight Stability;SHAP Adjusted Weight Stability;LIME Precision;LIME Recall;LIME Correlation;SHAP Precision;SHAP Recall;SHAP Correlation
BELD_8;1;8;1;0.9026126891876708;1.0;1.0;1.0;0.0;0.0;0.1757887693210071;0.0;0.0;0.2824129411001633
CYID_8;0;8;0;0.9995373435798643;1.0;1.0;1.0;0.0;0.0;0.1792916812534422;0.0;0.0;0.28405897625467164
GWSD_8;1;8;1;0.7029515364748254;1.0;1.0;1.0;0.0;0.0;0.1718407020597349;0.0;0.0;0.2812902625881426
JFND_8;0;8;0;0.9999978315588094;1.0;1.0;1.0;0.0;0.0;0.1672417870073354;0.0;0.0;0.2851980088087255
RTMD_8;0;8;0;0.9999252955857172;1.0;1.0;1.0;0.0;0.0;0.1658295701020593;0.0;0.0;0.2914071252924092
TNND_8;0;8;0;0.999181509517207;1.0;1.0;1.0;0.0;0.0;0.1741248094021817;0.0;0.0;0.283678878178614
URID_8;1;8;1;0.7214106555755112;1.0;1.0;1.0;0.0;0.0;0.1848054672575207;0.0;0.0;0.28641992479565836
XLHE_8;1;8;0;0.7408928505211646;1.0;1.0;1.0;0.0;0.0;0.164386652829277;0.0;0.0;0.284968499889584
