Case ID;Actual;Prefix Length;Prediction;Prediction Probability;SHAP Subset Stability;SHAP Weight Stability;SHAP Adjusted Weight Stability;LIME Precision;LIME Recall;LIME Correlation;SHAP Precision;SHAP Recall;SHAP Correlation
FRJD_9;0;9;0;0.9999991792447416;1.0;1.0;1.0;1.0;0.5;0.1678873191087907;0.0;0.0;0.3101860867322467
HISD_9;1;9;1;0.9999999999948764;1.0;1.0;1.0;1.0;0.5;0.1776856718591372;1.0;0.5;0.3124946429786784
IIVD_9;0;9;1;0.9954552894898812;1.0;1.0;1.0;1.0;0.5;0.1755981967079764;0.0;0.0;0.311921334459365
IOEE_9;1;9;0;0.9999998142015348;1.0;1.0;1.0;1.0;0.5;0.1704611617696607;0.0;0.0;0.3115619774571215
IQKD_9;0;9;0;0.9999999480015916;1.0;1.0;1.0;1.0;0.5;0.1735355724514724;0.0;0.0;0.3117394059173628
JISD_9;1;9;0;0.9988203276134908;1.0;1.0;1.0;1.0;0.5;0.1605137036513741;0.0;0.0;0.3107839693221376
OUMD_9;0;9;0;0.9999999865535412;1.0;1.0;1.0;1.0;0.5;0.1660696536710453;0.0;0.0;0.31378569011727875
SQFE_9;1;9;0;0.9981976264854796;1.0;1.0;1.0;1.0;0.5;0.1751579808597725;0.5;0.5;0.3115238591021933
