Case ID;Actual;Prefix Length;Prediction;Prediction Probability;SHAP Subset Stability;SHAP Weight Stability;SHAP Adjusted Weight Stability;LIME Precision;LIME Recall;LIME Correlation;SHAP Precision;SHAP Recall;SHAP Correlation
CSTD_5;0;5;0;0.9981940108207004;1.0;1.0;1.0;0.0;0.0;0.4016235160013867;0.0;0.0;0.18229479642137061
DHWD_5;1;5;1;0.5430301044463907;1.0;1.0;1.0;0.0;0.0;0.4028739285626381;0.0;0.0;0.1803294265070993
HCME_5;1;5;1;0.7755117084454448;1.0;1.0;1.0;0.0;0.0;0.4033990749766546;0.0;0.0;0.17861290204541339
IITD_5;0;5;0;0.9956217683792232;1.0;1.0;1.0;0.0;0.0;0.396537251372537;0.0;0.0;0.18172746789870609
JNIE_5;0;5;0;0.9980853430948796;1.0;1.0;1.0;0.0;0.0;0.3967387141912133;0.0;0.0;0.1829309668387881
LZUD_5;1;5;0;0.999586503122942;1.0;1.0;1.0;0.0;0.0;0.3982537145876597;0.0;0.0;0.1796326560046793
NXLD_5;1;5;0;0.9999263846824112;1.0;1.0;1.0;0.0;0.0;0.3964821848687654;0.0;0.0;0.18209266512962602
VSHE_5;0;5;0;0.9951409868198656;1.0;1.0;1.0;0.0;0.0;0.3975163606713042;0.0;0.0;0.1813064766463956
