Case ID;Actual;Prefix Length;Prediction;Prediction Probability;MAPE Correctness;RMSE Correctness;R2 Correctness;Mode
205349_8;0;8;0;0.5621939275220372;0.814712754961222;0.814712754961222;-0.8164965809277259;baseline_min
205918_8;1;8;1;0.6092124814264487;;;;baseline_min
207735_8;0;8;1;0.6092124814264487;;;;baseline_min
209422_8;1;8;1;0.5066821615339918;0.998056365403304;0.998056365403304;-0.998056365403304;baseline_min
210581_8;0;8;0;0.5621939275220372;0.814712754961222;0.814712754961222;-0.8164965809277259;baseline_min
211883_8;0;8;1;0.5066821615339918;0.998056365403304;0.998056365403304;-0.998056365403304;baseline_min
212274_8;1;8;1;0.5066821615339918;0.998056365403304;0.998056365403304;-0.998056365403304;baseline_min
212602_8;1;8;1;0.6092124814264487;;;;baseline_min
