Case ID;Actual;Prefix Length;Prediction;Prediction Probability;MAPE Correctness;RMSE Correctness;R2 Correctness;Mode
204541.0;1.0;1.0;1.0;0.5007256894049347;0.5803810000880093;0.5803810000880093;-0.5803810000880093;baseline_mean
205912.0;0.0;1.0;1.0;0.5007256894049347;0.5803810000880093;0.5803810000880093;-0.5803810000880093;baseline_mean
207119.0;0.0;1.0;1.0;0.5007256894049347;0.5803810000880093;0.5803810000880093;-0.5803810000880093;baseline_mean
207792.0;0.0;1.0;1.0;0.5007256894049347;0.5803810000880093;0.5803810000880093;-0.5803810000880093;baseline_mean
210497.0;1.0;1.0;1.0;0.5007256894049347;0.5803810000880093;0.5803810000880093;-0.5803810000880093;baseline_mean
211059.0;0.0;1.0;0.0;0.5296;0.9999999999999999;0.9999999999999999;-0.9999999999999999;baseline_mean
213450.0;1.0;1.0;0.0;0.5296;0.9999999999999999;0.9999999999999999;-0.9999999999999999;baseline_mean
213693.0;1.0;1.0;1.0;0.5007256894049347;0.5803810000880093;0.5803810000880093;-0.5803810000880093;baseline_mean
