Case ID;Actual;Prefix Length;Prediction;Prediction Probability;MAPE Correctness;RMSE Correctness;R2 Correctness;Mode
204924_6;1;6;1;0.5125786163522013;0.3346576596561705;0.3346576596561705;-0.3346576596561705;baseline_mean
205385_6;1;6;0;0.8529411764705882;0.7012356880057867;0.7012356880057867;-0.7012356880057867;baseline_mean
207542_6;0;6;1;0.5125786163522013;0.3346576596561705;0.3346576596561705;-0.3346576596561705;baseline_mean
207702_6;0;6;1;0.5125786163522013;0.3346576596561705;0.3346576596561705;-0.3346576596561705;baseline_mean
208244_6;1;6;1;0.6091445427728613;1.0;1.0;-1.0;baseline_mean
208253_6;0;6;0;0.57543391188251;0.3912246177813773;0.3912246177813773;-0.3912246177813773;baseline_mean
211564_6;0;6;1;0.5125786163522013;0.3346576596561705;0.3346576596561705;-0.3346576596561705;baseline_mean
213468_6;1;6;1;0.6091445427728613;1.0;1.0;-1.0;baseline_mean
