Case ID;Actual;Prefix Length;Prediction;Prediction Probability;MAPE Correctness;RMSE Correctness;R2 Correctness;Mode
204541.0;1.0;1.0;1.0;0.5007256894049347;0.7254762501100116;0.7254762501100116;-0.7254762501100116;baseline_min
205912.0;0.0;1.0;1.0;0.5007256894049347;0.7254762501100116;0.7254762501100116;-0.7254762501100116;baseline_min
207119.0;0.0;1.0;1.0;0.5007256894049347;0.7254762501100116;0.7254762501100116;-0.7254762501100116;baseline_min
207792.0;0.0;1.0;1.0;0.5007256894049347;0.7254762501100116;0.7254762501100116;-0.7254762501100116;baseline_min
210497.0;1.0;1.0;1.0;0.5007256894049347;0.7254762501100116;0.7254762501100116;-0.7254762501100116;baseline_min
211059.0;0.0;1.0;0.0;0.5296;;;;baseline_min
213450.0;1.0;1.0;0.0;0.5296;;;;baseline_min
213693.0;1.0;1.0;1.0;0.5007256894049347;0.7254762501100116;0.7254762501100116;-0.7254762501100116;baseline_min
