Case ID;Actual;Prefix Length;Prediction;Prediction Probability;MAPE Correctness;RMSE Correctness;R2 Correctness;Mode
204562_2;1;2;1;0.6140350877192983;0.9649122807017544;0.9649122807017544;-0.9649122807017544;baseline_min
205598_2;1;2;0;0.6538461538461539;0.6245226097015943;0.6245226097015943;-0.6497862896539309;baseline_min
207795_2;0;2;1;0.5806451612903226;0.784751207670126;0.784751207670126;-0.784751207670126;baseline_min
208430_2;0;2;0;0.5459183673469388;0.8843742048321677;0.8843742048321677;-0.8843742048321677;baseline_min
208949_2;0;2;1;0.7235294117647059;0.7409362229547739;0.7409362229547739;-0.7409362229547739;baseline_min
209505_2;1;2;1;0.576271186440678;0.8160609224275622;0.8160609224275622;-0.8160609224275622;baseline_min
210593_2;1;2;1;0.6140350877192983;1.0;1.0;-1.0;baseline_min
211059_2;0;2;1;0.576271186440678;0.8160609224275622;0.8160609224275622;-0.8160609224275622;baseline_min
