Case ID;Actual;Prefix Length;Prediction;Prediction Probability;MAPE Correctness;RMSE Correctness;R2 Correctness;Mode
205349_8;0;8;0;0.5621939275220372;0.5714681207639427;0.5714681207639427;-0.5714681207639427;baseline_mean
205918_8;1;8;1;0.6092124814264487;1.0;1.0;-1.0;baseline_mean
207735_8;0;8;1;0.6092124814264487;1.0;1.0;-1.0;baseline_mean
209422_8;1;8;1;0.5066821615339918;;;;baseline_mean
210581_8;0;8;0;0.5621939275220372;0.5714681207639427;0.5714681207639427;-0.5714681207639427;baseline_mean
211883_8;0;8;1;0.5066821615339918;;;;baseline_mean
212274_8;1;8;1;0.5066821615339918;;;;baseline_mean
212602_8;1;8;1;0.6092124814264487;1.0;1.0;-1.0;baseline_mean
