Case ID;Actual;Prefix Length;Prediction;Prediction Probability;MAPE Correctness;RMSE Correctness;R2 Correctness;Mode
206528_10;0;10;0;0.7380952380952381;0.769741406773;0.769741406773;-0.769741406773;baseline_min
206624_10;1;10;0;0.7380952380952381;0.7686437363177085;0.7686437363177085;-0.7686437363177085;baseline_min
209287_10;1;10;1;0.5968109339407744;0.4130999278565125;0.4130999278565125;-0.4130999278565125;baseline_min
209404_10;0;10;0;0.61875;0.8134774255120547;0.8134774255120547;-0.8134774255120547;baseline_min
210494_10;0;10;0;0.7380952380952381;0.7686437363177085;0.7686437363177085;-0.7686437363177085;baseline_min
210966_10;0;10;1;0.5370370370370371;0.7572710142809466;0.7572710142809466;-0.7572710142809466;baseline_min
211269_10;1;10;0;0.61875;0.8152027222787823;0.8152027222787823;-0.8152027222787823;baseline_min
213261_10;1;10;1;0.5968109339407744;0.4130999278565125;0.4130999278565125;-0.4130999278565125;baseline_min
