Case ID;Actual;Prefix Length;Prediction;Prediction Probability;MAPE Correctness;RMSE Correctness;R2 Correctness;Mode
204969_9;0;9;0;0.5522633744855967;0.8916887568705164;0.8916887568705164;-0.8916887568705164;baseline_0
205164_9;0;9;1;0.5753086419753086;1.0;1.0;-1.0;baseline_0
205217_9;1;9;1;0.6151515151515151;;;;baseline_0
205364_9;1;9;1;0.5459057071960298;0.7730170837263206;0.7730170837263206;-0.7730170837263206;baseline_0
205499_9;0;9;0;0.5522633744855967;0.8916887568705164;0.8916887568705164;-0.8916887568705164;baseline_0
206519_9;1;9;0;0.5522633744855967;0.8916887568705164;0.8916887568705164;-0.8916887568705164;baseline_0
206856_9;0;9;1;0.6151515151515151;;;;baseline_0
208412_9;1;9;1;0.6151515151515151;;;;baseline_0
