Case ID;Actual;Prefix Length;Prediction;Prediction Probability;MAPE Correctness;RMSE Correctness;R2 Correctness;Mode
205059_3;1;3;1;0.5225296442687747;0.8355426381030095;0.8355426381030095;-0.8398108903270067;baseline_0
206222_3;0;3;0;0.5519864750633982;;;;baseline_0
206399_3;0;3;1;0.5225296442687747;0.8355426381030095;0.8355426381030095;-0.8398108903270067;baseline_0
209604_3;1;3;0;0.5519864750633982;;;;baseline_0
210683_3;1;3;0;0.5519864750633982;;;;baseline_0
211029_3;1;3;1;0.5225296442687747;0.8355426381030095;0.8355426381030095;-0.8398108903270067;baseline_0
211176_3;0;3;0;0.572463768115942;0.956989247311828;0.956989247311828;-0.9837387536759294;baseline_0
213900_3;0;3;1;0.5225296442687747;0.8355426381030095;0.8355426381030095;-0.8398108903270067;baseline_0
