Case ID;Actual;Prefix Length;Prediction;Prediction Probability;MAPE Correctness;RMSE Correctness;R2 Correctness;Mode
204969_9;0;9;0;0.5522633744855967;0.6320697730801639;0.6320697730801639;-0.6320697730801639;baseline_max
205164_9;0;9;1;0.5753086419753086;0.5780556454688024;0.5780556454688024;-0.5780556454688024;baseline_max
205217_9;1;9;1;0.6151515151515151;1.0;1.0;-1.0;baseline_max
205364_9;1;9;1;0.5459057071960298;0.7704888185301593;0.7704888185301593;-0.7704888185301593;baseline_max
205499_9;0;9;0;0.5522633744855967;0.6320697730801639;0.6320697730801639;-0.6320697730801639;baseline_max
206519_9;1;9;0;0.5522633744855967;0.6320697730801639;0.6320697730801639;-0.6320697730801639;baseline_max
206856_9;0;9;1;0.6151515151515151;1.0;1.0;-1.0;baseline_max
208412_9;1;9;1;0.6151515151515151;1.0;1.0;-1.0;baseline_max
