Case ID;Actual;Prefix Length;Prediction;Prediction Probability;MAPE Correctness;RMSE Correctness;R2 Correctness;Mode
206528_10;0;10;0;0.7380952380952381;0.6207753542747575;0.6207753542747575;-0.6207753542747575;baseline_max
206624_10;1;10;0;0.7380952380952381;0.6207753542747575;0.6207753542747575;-0.6207753542747575;baseline_max
209287_10;1;10;1;0.5968109339407744;0.896583970699188;0.896583970699188;-0.896583970699188;baseline_max
209404_10;0;10;0;0.61875;0.5755216029364035;0.5755216029364035;-0.5755216029364035;baseline_max
210494_10;0;10;0;0.7380952380952381;0.6207753542747575;0.6207753542747575;-0.6207753542747575;baseline_max
210966_10;0;10;1;0.5370370370370371;0.6936316625837842;0.6936316625837842;-0.6936316625837842;baseline_max
211269_10;1;10;0;0.61875;0.5755216029364035;0.5755216029364035;-0.5755216029364035;baseline_max
213261_10;1;10;1;0.5968109339407744;0.8931545316527651;0.8931545316527651;-0.8931545316527651;baseline_max
