Case ID;Actual;Prefix Length;Prediction;Prediction Probability;MAPE Correctness;RMSE Correctness;R2 Correctness;Mode
204562_2;1;2;1;0.6140350877192983;0.5923488777590923;0.5923488777590923;-0.5923488777590923;baseline_max
205598_2;1;2;0;0.6538461538461539;0.7777777777777778;0.7777777777777778;-0.9428090415820634;baseline_max
207795_2;0;2;1;0.5806451612903226;0.8271701918685112;0.8271701918685112;-0.8271701918685112;baseline_max
208430_2;0;2;0;0.5459183673469388;0.5234239225902138;0.5234239225902138;-0.5234239225902138;baseline_max
208949_2;0;2;1;0.7235294117647059;0.649405416832664;0.649405416832664;-0.649405416832664;baseline_max
209505_2;1;2;1;0.576271186440678;0.8468556742172817;0.8468556742172817;-0.8468556742172817;baseline_max
210593_2;1;2;1;0.6140350877192983;0.5923488777590923;0.5923488777590923;-0.5923488777590923;baseline_max
211059_2;0;2;1;0.576271186440678;0.8468556742172817;0.8468556742172817;-0.8468556742172817;baseline_max
