Case ID;Actual;Prefix Length;Prediction;Prediction Probability;MAPE Correctness;RMSE Correctness;R2 Correctness;Mode
205745_11;1;11;1;0.582089552238806;0.8642937114318742;0.8642937114318742;-0.8645587863186761;baseline_min
206399_11;0;11;1;0.5127345844504021;0.705474417416952;0.705474417416952;-0.705474417416952;baseline_min
207077_11;0;11;1;0.5127345844504021;0.705474417416952;0.705474417416952;-0.705474417416952;baseline_min
208052_11;1;11;1;0.6134969325153374;;;;baseline_min
208949_11;0;11;0;0.5754189944134078;0.8134784567046469;0.8134784567046469;-0.8134784567046469;baseline_min
210344_11;0;11;1;0.5127345844504021;0.705474417416952;0.705474417416952;-0.705474417416952;baseline_min
211946_11;1;11;1;0.6134969325153374;;;;baseline_min
211997_11;1;11;1;0.582089552238806;0.8642937114318742;0.8642937114318742;-0.8645587863186761;baseline_min
