Case ID;Actual;Prefix Length;Prediction;Prediction Probability;MAPE Correctness;RMSE Correctness;R2 Correctness;Mode
205059_3;1;3;1;0.5225296442687747;0.4161198597819119;0.4161198597819119;-0.4161198597819119;baseline_mean
206222_3;0;3;0;0.5519864750633982;0.9999999999999999;0.9999999999999999;-0.9999999999999999;baseline_mean
206399_3;0;3;1;0.5225296442687747;0.4161198597819119;0.4161198597819119;-0.4161198597819119;baseline_mean
209604_3;1;3;0;0.5519864750633982;0.9999999999999999;0.9999999999999999;-0.9999999999999999;baseline_mean
210683_3;1;3;0;0.5519864750633982;0.9999999999999999;0.9999999999999999;-0.9999999999999999;baseline_mean
211029_3;1;3;1;0.5225296442687747;0.4161198597819119;0.4161198597819119;-0.4161198597819119;baseline_mean
211176_3;0;3;0;0.572463768115942;0.5132649025747366;0.5132649025747366;-0.5132649025747366;baseline_mean
213900_3;0;3;1;0.5225296442687747;0.4161198597819119;0.4161198597819119;-0.4161198597819119;baseline_mean
