Case ID;Actual;Prefix Length;Prediction;Prediction Probability;MAPE Correctness;RMSE Correctness;R2 Correctness;Mode
205480_14;0;14;0;0.5396706586826348;0.707336772014287;0.707336772014287;-0.707336772014287;baseline_max
205568_14;0;14;0;0.5396706586826348;0.707336772014287;0.707336772014287;-0.707336772014287;baseline_max
205598_14;1;14;0;0.5396706586826348;0.707336772014287;0.707336772014287;-0.707336772014287;baseline_max
206105_14;0;14;0;0.5396706586826348;0.707336772014287;0.707336772014287;-0.707336772014287;baseline_max
208844_14;0;14;0;0.5396706586826348;0.707336772014287;0.707336772014287;-0.707336772014287;baseline_max
209751_14;1;14;0;0.5396706586826348;0.707336772014287;0.707336772014287;-0.707336772014287;baseline_max
210587_14;1;14;1;0.8291139240506329;;;;baseline_max
212289_14;1;14;1;0.5921501706484642;1.0;1.0;-1.0;baseline_max
