Case ID;Actual;Prefix Length;Prediction;Prediction Probability;MAPE Correctness;RMSE Correctness;R2 Correctness;Mode
205167_4;1;4;0;0.5433884297520661;1.0;1.0;-1.0;baseline_mean
205954_4;1;4;0;0.5433884297520661;1.0;1.0;-1.0;baseline_mean
206549_4;0;4;1;0.5304347826086957;;;;baseline_mean
208520_4;1;4;0;0.5433884297520661;1.0;1.0;-1.0;baseline_mean
208805_4;0;4;0;0.5433884297520661;1.0;1.0;-1.0;baseline_mean
210599_4;0;4;0;0.5433884297520661;1.0;1.0;-1.0;baseline_mean
210683_4;1;4;0;0.5433884297520661;1.0;1.0;-1.0;baseline_mean
212512_4;0;4;0;0.5433884297520661;1.0;1.0;-1.0;baseline_mean
