Case ID;Actual;Prefix Length;Prediction;Prediction Probability;MAPE Correctness;RMSE Correctness;R2 Correctness;Mode
204924_6;1;6;1;0.5125786163522013;0.7731547702547223;0.7731547702547223;-0.7731547702547223;baseline_0
205385_6;1;6;0;0.8529411764705882;0.9999999999999998;0.9999999999999998;-0.9999999999999998;baseline_0
207542_6;0;6;1;0.5125786163522013;0.7731547702547223;0.7731547702547223;-0.7731547702547223;baseline_0
207702_6;0;6;1;0.5125786163522013;0.7731547702547223;0.7731547702547223;-0.7731547702547223;baseline_0
208244_6;1;6;1;0.6091445427728613;;;;baseline_0
208253_6;0;6;0;0.57543391188251;0.7006343975241828;0.7006343975241828;-0.7011794427431638;baseline_0
211564_6;0;6;1;0.5125786163522013;0.7731547702547223;0.7731547702547223;-0.7731547702547223;baseline_0
213468_6;1;6;1;0.6091445427728613;;;;baseline_0
