Case ID;Actual;Prefix Length;Prediction;Prediction Probability;MAPE Correctness;RMSE Correctness;R2 Correctness;Mode
205029_12;0;12;1;0.5517241379310345;;;;baseline_mean
205882_12;1;12;1;0.5517241379310345;;;;baseline_mean
206633_12;1;12;0;0.5297565374211001;0.9999999999999999;0.9999999999999999;-0.9999999999999999;baseline_mean
206645_12;1;12;1;0.5517241379310345;;;;baseline_mean
207218_12;0;12;1;0.5517241379310345;;;;baseline_mean
207542_12;0;12;1;0.5517241379310345;;;;baseline_mean
207753_12;0;12;0;0.5297565374211001;0.9999999999999999;0.9999999999999999;-0.9999999999999999;baseline_mean
213468_12;1;12;1;0.5517241379310345;;;;baseline_mean
