Case ID;Actual;Prefix Length;Prediction;Prediction Probability;MAPE Correctness;RMSE Correctness;R2 Correctness;Mode
205745_11;1;11;1;0.582089552238806;0.7051501436498924;0.7051501436498924;-0.7061279360476383;baseline_max
206399_11;0;11;1;0.5127345844504021;0.8127238384702272;0.8127238384702272;-0.8127238384702272;baseline_max
207077_11;0;11;1;0.5127345844504021;0.8127238384702272;0.8127238384702272;-0.8127238384702272;baseline_max
208052_11;1;11;1;0.6134969325153374;0.9999999999999999;0.9999999999999999;-0.9999999999999999;baseline_max
208949_11;0;11;0;0.5754189944134078;0.7046034613460669;0.7046034613460669;-0.7046034613460669;baseline_max
210344_11;0;11;1;0.5127345844504021;0.8127238384702272;0.8127238384702272;-0.8127238384702272;baseline_max
211946_11;1;11;1;0.6134969325153374;0.9999999999999999;0.9999999999999999;-0.9999999999999999;baseline_max
211997_11;1;11;1;0.582089552238806;0.7051501436498924;0.7051501436498924;-0.7061279360476383;baseline_max
