Case ID;Actual;Prefix Length;Prediction;Prediction Probability;MAPE Correctness;RMSE Correctness;R2 Correctness;Mode
205480_14;0;14;0;0.5396706586826348;;;;baseline_mean
205568_14;0;14;0;0.5396706586826348;;;;baseline_mean
205598_14;1;14;0;0.5396706586826348;;;;baseline_mean
206105_14;0;14;0;0.5396706586826348;;;;baseline_mean
208844_14;0;14;0;0.5396706586826348;;;;baseline_mean
209751_14;1;14;0;0.5396706586826348;;;;baseline_mean
210587_14;1;14;1;0.8291139240506329;1.0;1.0;-1.0;baseline_mean
212289_14;1;14;1;0.5921501706484642;0.7054971445188012;0.7054971445188012;-0.7054971445188012;baseline_mean
