Case ID;Actual;Prefix Length;Prediction;Prediction Probability;MAPE Correctness;RMSE Correctness;R2 Correctness;Mode
204562_2;1;2;1;0.6140350877192983;0.784751207670126;0.784751207670126;-0.784751207670126;baseline_mean
205598_2;1;2;0;0.6538461538461539;0.6582805886043833;0.6582805886043833;-0.6497862896539309;baseline_mean
207795_2;0;2;1;0.5806451612903226;0.6999132392733555;0.6999132392733555;-0.6999132392733555;baseline_mean
208430_2;0;2;0;0.5459183673469388;0.7751239328464379;0.7751239328464379;-0.7751239328464379;baseline_mean
208949_2;0;2;1;0.7235294117647059;0.24119095530943302;0.24119095530943302;-0.24119095530943302;baseline_mean
209505_2;1;2;1;0.576271186440678;0.8468556742172817;0.8468556742172817;-0.8468556742172817;baseline_mean
210593_2;1;2;1;0.6140350877192983;0.784751207670126;0.784751207670126;-0.784751207670126;baseline_mean
211059_2;0;2;1;0.576271186440678;0.8468556742172817;0.8468556742172817;-0.8468556742172817;baseline_mean
