Case ID;Actual;Prefix Length;Prediction;Prediction Probability;MAPE Correctness;RMSE Correctness;R2 Correctness;Mode
205864_5;0;5;1;0.5776487663280117;1.0;1.0;-1.0;baseline_max
206071_5;1;5;1;0.547550432276657;0.6912943304796251;0.6912943304796251;-0.6912943304796251;baseline_max
206793_5;1;5;1;0.5776487663280117;1.0;1.0;-1.0;baseline_max
208028_5;1;5;1;0.5085910652920962;0.7639990715182763;0.7639990715182763;-0.7715306983071705;baseline_max
209200_5;0;5;1;0.5776487663280117;1.0;1.0;-1.0;baseline_max
209712_5;1;5;1;0.5776487663280117;1.0;1.0;-1.0;baseline_max
210266_5;0;5;1;0.547550432276657;0.6912943304796251;0.6912943304796251;-0.6912943304796251;baseline_max
210890_5;0;5;1;0.5309568480300187;;;;baseline_max
