Case ID;Actual;Prefix Length;Prediction;Prediction Probability;MAPE Correctness;RMSE Correctness;R2 Correctness;Mode
205661_13;1;13;0;0.5959367945823928;0.9999999999999999;0.9999999999999999;-0.9999999999999999;baseline_min
206267_13;1;13;1;0.5142953245879582;;;;baseline_min
206907_13;1;13;1;0.5142953245879582;;;;baseline_min
207245_13;0;13;1;0.5142953245879582;;;;baseline_min
207632_13;0;13;1;0.5142953245879582;;;;baseline_min
208025_13;0;13;0;0.5959367945823928;0.9999999999999999;0.9999999999999999;-0.9999999999999999;baseline_min
208655_13;1;13;1;0.5142953245879582;;;;baseline_min
210725_13;0;13;0;0.5959367945823928;0.9999999999999999;0.9999999999999999;-0.9999999999999999;baseline_min
