Case ID;Actual;Prefix Length;Prediction;Prediction Probability;MAPE Correctness;RMSE Correctness;R2 Correctness;Mode
205349_8;0;8;0;0.5621939275220372;0.8099553082169229;0.8099553082169229;-0.811735667919401;permutation
205918_8;1;8;1;0.6092124814264487;1.0;1.0;-1.0;permutation
207735_8;0;8;1;0.6092124814264487;1.0;1.0;-1.0;permutation
209422_8;1;8;1;0.5066821615339918;0.814712754961222;0.814712754961222;-0.814712754961222;permutation
210581_8;0;8;0;0.5621939275220372;0.9941690962099123;0.9941690962099123;-0.9985412100183729;permutation
211883_8;0;8;1;0.5066821615339918;0.814712754961222;0.814712754961222;-0.814712754961222;permutation
212274_8;1;8;1;0.5066821615339918;0.8123340315890724;0.8123340315890724;-0.8123340315890724;permutation
212602_8;1;8;1;0.6092124814264487;1.0;1.0;-1.0;permutation
