Case ID;Actual;Prefix Length;Prediction;Prediction Probability;MAPE Correctness;RMSE Correctness;R2 Correctness;Mode
205480_14;0;14;0;0.5396706586826348;0.707336772014287;0.707336772014287;-0.707336772014287;permutation
205568_14;0;14;0;0.5396706586826348;0.707336772014287;0.707336772014287;-0.707336772014287;permutation
205598_14;1;14;0;0.5396706586826348;0.707336772014287;0.707336772014287;-0.707336772014287;permutation
206105_14;0;14;0;0.5396706586826348;1.0;1.0;-1.0;permutation
208844_14;0;14;0;0.5396706586826348;1.0;1.0;-1.0;permutation
209751_14;1;14;0;0.5396706586826348;0.707336772014287;0.707336772014287;-0.707336772014287;permutation
210587_14;1;14;1;0.8291139240506329;1.0;1.0;-1.0;permutation
212289_14;1;14;1;0.5921501706484642;0.9986987638256344;1.0;-1.0;permutation
