Case ID;Actual;Prefix Length;Prediction;Prediction Probability;MAPE Correctness;RMSE Correctness;R2 Correctness;Mode
205864_5;0;5;1;0.5776487663280117;1.0;1.0;-1.0;permutation
206071_5;1;5;1;0.547550432276657;0.8816548962960219;0.8816548962960219;-0.8816548962960219;permutation
206793_5;1;5;1;0.5776487663280117;1.0;1.0;-1.0;permutation
208028_5;1;5;1;0.5085910652920962;0.907295188114759;0.9091543995658138;-0.9140781334829892;permutation
209200_5;0;5;1;0.5776487663280117;1.0;1.0;-1.0;permutation
209712_5;1;5;1;0.5776487663280117;1.0;1.0;-1.0;permutation
210266_5;0;5;1;0.547550432276657;0.9746251441753172;0.9769319492502884;-0.9769319492502884;permutation
210890_5;0;5;1;0.5309568480300187;0.6986755165461307;0.6986755165461307;-0.6986755165461307;permutation
