Case ID;Actual;Prefix Length;Prediction;Prediction Probability;MAPE Correctness;RMSE Correctness;R2 Correctness;Mode
205167_4;1;4;0;0.5433884297520661;1.0;1.0;-1.0;permutation
205954_4;1;4;0;0.5433884297520661;1.0;1.0;-1.0;permutation
206549_4;0;4;1;0.5304347826086957;1.0;1.0;-1.0;permutation
208520_4;1;4;0;0.5433884297520661;1.0;1.0;-1.0;permutation
208805_4;0;4;0;0.5433884297520661;1.0;1.0;-1.0;permutation
210599_4;0;4;0;0.5433884297520661;1.0;1.0;-1.0;permutation
210683_4;1;4;0;0.5433884297520661;1.0;1.0;-1.0;permutation
212512_4;0;4;0;0.5433884297520661;1.0;1.0;-1.0;permutation
