Case ID;Actual;Prefix Length;Prediction;Prediction Probability;MAPE Correctness;RMSE Correctness;R2 Correctness;Mode
205745_11;1;11;1;0.582089552238806;0.997229916897507;0.997229916897507;-0.9986139979479093;permutation
206399_11;0;11;1;0.5127345844504021;0.996299722479186;0.9956830095590502;-0.9956830095590502;permutation
207077_11;0;11;1;0.5127345844504021;0.8127238384702272;0.8127238384702272;-0.8127238384702272;permutation
208052_11;1;11;1;0.6134969325153374;0.9999999999999999;0.9999999999999999;-0.9999999999999999;permutation
208949_11;0;11;0;0.5754189944134078;0.9092414886712329;0.9092414886712329;-0.9092414886712329;permutation
210344_11;0;11;1;0.5127345844504021;0.9092414886712329;0.9092414886712329;-0.9092414886712329;permutation
211946_11;1;11;1;0.6134969325153374;0.9999999999999999;0.9999999999999999;-0.9999999999999999;permutation
211997_11;1;11;1;0.582089552238806;0.997229916897507;0.997229916897507;-0.9986139979479093;permutation
