Case ID;Actual;Prefix Length;Prediction;Prediction Probability;MAPE Correctness;RMSE Correctness;R2 Correctness;Mode
204541.0;1.0;1.0;1.0;0.5007256894049347;0.9999999999999998;0.9999999999999998;-0.9999999999999998;permutation
205912.0;0.0;1.0;1.0;0.5007256894049347;0.9999999999999998;0.9999999999999998;-0.9999999999999998;permutation
207119.0;0.0;1.0;1.0;0.5007256894049347;0.9999999999999998;0.9999999999999998;-0.9999999999999998;permutation
207792.0;0.0;1.0;1.0;0.5007256894049347;0.9999999999999998;0.9999999999999998;-0.9999999999999998;permutation
210497.0;1.0;1.0;1.0;0.5007256894049347;0.8947368421052629;0.9999999999999998;-0.9999999999999998;permutation
211059.0;0.0;1.0;0.0;0.5296;0.9999999999999999;0.9999999999999999;-0.9999999999999999;permutation
213450.0;1.0;1.0;0.0;0.5296;0.9999999999999999;0.9999999999999999;-0.9999999999999999;permutation
213693.0;1.0;1.0;1.0;0.5007256894049347;0.9999999999999998;0.9999999999999998;-0.9999999999999998;permutation
