Case ID;Actual;Prefix Length;Prediction;Prediction Probability;MAPE Correctness;RMSE Correctness;R2 Correctness;Mode
206528_10;0;10;0;0.7380952380952381;0.8220703779850428;0.8225787703029062;-0.8225787703029062;permutation
206624_10;1;10;0;0.7380952380952381;0.8823898083161933;0.8828656184042581;-0.8828656184042581;permutation
209287_10;1;10;1;0.5968109339407744;0.946950874582835;0.9473572912672054;-0.9473572912672054;permutation
209404_10;0;10;0;0.61875;0.8117521287453271;0.8117521287453271;-0.8117521287453271;permutation
210494_10;0;10;0;0.7380952380952381;0.8246123395743595;0.8256291242100863;-0.8256291242100863;permutation
210966_10;0;10;1;0.5370370370370371;0.8500560419614654;0.8496458822307241;-0.8496458822307241;permutation
211269_10;1;10;0;0.61875;0.9957716701902749;0.9957716701902749;-0.9957716701902749;permutation
213261_10;1;10;1;0.5968109339407744;0.9432931244235021;0.9423774477427074;-0.9423774477427074;permutation
