Case ID;Actual;Prefix Length;Prediction;Prediction Probability;MAPE Correctness;RMSE Correctness;R2 Correctness;Mode
204562_2;1;2;1;0.6140350877192983;0.9649122807017544;0.9649122807017544;-0.9649122807017544;permutation
205598_2;1;2;0;0.6538461538461539;0.888888888888889;0.8666666666666667;-0.9428090415820634;permutation
207795_2;0;2;1;0.5806451612903226;0.9649122807017544;0.9649122807017544;-0.9649122807017544;permutation
208430_2;0;2;0;0.5459183673469388;0.9115857188270036;0.9115857188270036;-0.9115857188270036;permutation
208949_2;0;2;1;0.7235294117647059;0.8995318277623696;0.8995318277623696;-0.8995318277623696;permutation
209505_2;1;2;1;0.576271186440678;0.972972972972973;0.972972972972973;-0.972972972972973;permutation
210593_2;1;2;1;0.6140350877192983;0.9649122807017544;0.9649122807017544;-0.9649122807017544;permutation
211059_2;0;2;1;0.576271186440678;0.972972972972973;0.972972972972973;-0.972972972972973;permutation
