Case ID,Actual,Prefix Length,Prediction,Prediction Probability
204969_9,0,9,0,0.5522633744855967
205164_9,0,9,1,0.5753086419753086
205217_9,1,9,1,0.6151515151515151
205364_9,1,9,1,0.5459057071960298
205499_9,0,9,0,0.5522633744855967
206519_9,1,9,0,0.5522633744855967
206856_9,0,9,1,0.6151515151515151
208412_9,1,9,1,0.6151515151515151
