Case ID;Actual;Prefix Length;Prediction;Prediction Probability;SHAP Precision;SHAP Recall;SHAP Correlation;LIME Precision;LIME Recall;LIME Correlation
205480_14;0;14;0;0.5396706586826348;1.0;0.5;0.9986987638256344;1.0;0.5;0.07206263741733458
205568_14;0;14;0;0.5396706586826348;1.0;0.5;0.9986987638256344;1.0;0.5;0.07206263741733458
205598_14;1;14;0;0.5396706586826348;1.0;0.5;0.9986987638256344;1.0;0.5;0.07206263741733458
206105_14;0;14;0;0.5396706586826348;1.0;0.5;0.9986987638256344;1.0;0.5;0.07206263741733458
208844_14;0;14;0;0.5396706586826348;1.0;0.5;0.9986987638256344;1.0;0.5;0.07206263741733458
209751_14;1;14;0;0.5396706586826348;1.0;0.5;0.9986987638256344;1.0;0.5;0.07206263741733458
210587_14;1;14;1;0.8291139240506329;1.0;1.0;0.707336772014287;1.0;1.0;0.05097255333361342
212289_14;1;14;1;0.5921501706484642;1.0;0.5;0.9986987638256344;1.0;0.5;0.07206263741733458
