Case ID,Actual,Prefix Length,Prediction,Prediction Probability;SHAP Precision;SHAP Recall;SHAP Correlation
205167_4,1,4,0,0.5433884297520661;1.0;1.0;1.0
205954_4,1,4,0,0.5433884297520661;1.0;1.0;1.0
206549_4,0,4,1,0.5304347826086957;1.0;1.0;1.0
208520_4,1,4,0,0.5433884297520661;1.0;1.0;1.0
208805_4,0,4,0,0.5433884297520661;1.0;1.0;1.0
210599_4,0,4,0,0.5433884297520661;1.0;1.0;1.0
210683_4,1,4,0,0.5433884297520661;1.0;1.0;1.0
212512_4,0,4,0,0.5433884297520661;1.0;1.0;1.0
