Case ID,Actual,Prefix Length,Prediction,Prediction Probability;SHAP Precision;SHAP Recall;SHAP Correlation;LIME Precision;LIME Recall;LIME Correlation
205661_13,1,13,0,0.5959367945823928;1.0;1.0;1.0;1.0;1.0;0.05385008495658711
206267_13,1,13,1,0.5142953245879582;1.0;1.0;1.0;1.0;1.0;0.05385008495658711
206907_13,1,13,1,0.5142953245879582;1.0;1.0;1.0;1.0;1.0;0.05385008495658711
207245_13,0,13,1,0.5142953245879582;1.0;1.0;1.0;1.0;1.0;0.05385008495658711
207632_13,0,13,1,0.5142953245879582;1.0;1.0;1.0;1.0;1.0;0.05385008495658711
208025_13,0,13,0,0.5959367945823928;1.0;1.0;1.0;1.0;1.0;0.05385008495658711
208655_13,1,13,1,0.5142953245879582;1.0;1.0;1.0;1.0;1.0;0.05385008495658711
210725_13,0,13,0,0.5959367945823928;1.0;1.0;1.0;1.0;1.0;0.05385008495658711
