Case ID,Actual,Prefix Length,Prediction,Prediction Probability
204562_2,1,2,1,0.6140350877192983
205598_2,1,2,0,0.6538461538461539
207795_2,0,2,1,0.5806451612903226
208430_2,0,2,0,0.5459183673469388
208949_2,0,2,1,0.7235294117647059
209505_2,1,2,1,0.576271186440678
210593_2,1,2,1,0.6140350877192983
211059_2,0,2,1,0.576271186440678
