Case ID;Actual;Prefix Length;Prediction;Prediction Probability;SHAP Precision;SHAP Recall;SHAP Correlation;LIME Precision;LIME Recall;LIME Correlation
205059_3;1;3;1;0.5225296442687747;1.0;0.25;0.9508196721311474;1.0;0.25;0.46962517577577917
206222_3;0;3;0;0.5519864750633982;1.0;1.0;0.5121475197315838;0.0;0.0;0.24130854453292006
206399_3;0;3;1;0.5225296442687747;1.0;0.25;0.9508196721311474;1.0;0.25;0.47786421394728407
209604_3;1;3;0;0.5519864750633982;0.0;0.0;0.4801382997483598;0.0;0.0;0.24130854453292006
210683_3;1;3;0;0.5519864750633982;1.0;1.0;0.5121475197315838;0.0;0.0;0.1608723630219467
211029_3;1;3;1;0.5225296442687747;1.0;0.25;0.9508196721311474;1.0;0.25;0.46962517577577917
211176_3;0;3;0;0.572463768115942;1.0;0.3333333333333333;0.8167663990445151;1.0;0.3333333333333333;0.40105495470521746
213900_3;0;3;1;0.5225296442687747;1.0;0.25;0.9508196721311474;1.0;0.25;0.46962517577577917
