Case ID,Actual,Prefix Length,Prediction,Prediction Probability
205480_14,0,14,0,0.5396706586826348
205568_14,0,14,0,0.5396706586826348
205598_14,1,14,0,0.5396706586826348
206105_14,0,14,0,0.5396706586826348
208844_14,0,14,0,0.5396706586826348
209751_14,1,14,0,0.5396706586826348
210587_14,1,14,1,0.8291139240506329
212289_14,1,14,1,0.5921501706484642
