Case ID,Actual,Prefix Length,Prediction,Prediction Probability
205864_5,0,5,1,0.5776487663280117
206071_5,1,5,1,0.547550432276657
206793_5,1,5,1,0.5776487663280117
208028_5,1,5,1,0.5085910652920962
209200_5,0,5,1,0.5776487663280117
209712_5,1,5,1,0.5776487663280117
210266_5,0,5,1,0.547550432276657
210890_5,0,5,1,0.5309568480300187
