Case ID,Actual,Prefix Length,Prediction,Prediction Probability
205167_4,1,4,0,0.5433884297520661
205954_4,1,4,0,0.5433884297520661
206549_4,0,4,1,0.5304347826086957
208520_4,1,4,0,0.5433884297520661
208805_4,0,4,0,0.5433884297520661
210599_4,0,4,0,0.5433884297520661
210683_4,1,4,0,0.5433884297520661
212512_4,0,4,0,0.5433884297520661
