Case ID,Actual,Prefix Length,Prediction,Prediction Probability
205349_8,0,8,0,0.5621939275220372
205918_8,1,8,1,0.6092124814264487
207735_8,0,8,1,0.6092124814264487
209422_8,1,8,1,0.5066821615339918
210581_8,0,8,0,0.5621939275220372
211883_8,0,8,1,0.5066821615339918
212274_8,1,8,1,0.5066821615339918
212602_8,1,8,1,0.6092124814264487
