Case ID,Actual,Prefix Length,Prediction,Prediction Probability;SHAP Precision;SHAP Recall;SHAP Correlation
205059_3,1,3,1,0.5225296442687747;1.0;0.25;0.9508196721311474
206222_3,0,3,0,0.5519864750633982;1.0;1.0;0.5121475197315838
206399_3,0,3,1,0.5225296442687747;1.0;0.25;0.9508196721311474
209604_3,1,3,0,0.5519864750633982;0.0;0.0;0.4801382997483598
210683_3,1,3,0,0.5519864750633982;1.0;1.0;0.5121475197315838
211029_3,1,3,1,0.5225296442687747;1.0;0.25;0.9508196721311474
211176_3,0,3,0,0.572463768115942;1.0;0.3333333333333333;0.816766399044515
213900_3,0,3,1,0.5225296442687747;1.0;0.25;0.9508196721311474
