Case ID;Actual;Prefix Length;Prediction;Prediction Probability;SHAP Precision;SHAP Recall;SHAP Correlation;LIME Precision;LIME Recall;LIME Correlation
205745_11;1;11;1;0.582089552238806;1.0;0.25;0.8112146020013874;1.0;0.25;0.11174181550172892
206399_11;0;11;1;0.5127345844504021;1.0;0.16666666666666666;0.9956830095590502;1.0;0.16666666666666666;0.12244715662378645
207077_11;0;11;1;0.5127345844504021;1.0;0.16666666666666666;0.9956830095590502;1.0;0.16666666666666666;0.1365246946006906
208052_11;1;11;1;0.6134969325153374;1.0;1.0;0.40919134621450176;0.0;0.0;0.06042919595588346
208949_11;0;11;0;0.5754189944134078;1.0;0.16666666666666666;0.9944495837187788;1.0;0.16666666666666666;0.136433282016425
210344_11;0;11;1;0.5127345844504021;1.0;0.16666666666666666;0.9956830095590502;1.0;0.16666666666666666;0.1340565548255191
211946_11;1;11;1;0.6134969325153374;1.0;1.0;0.40919134621450176;0.0;0.0;0.06042919595588346
211997_11;1;11;1;0.582089552238806;1.0;0.25;0.8134784567046469;1.0;0.25;0.11162996183255801
