Case ID,Actual,Prefix Length,Prediction,Prediction Probability;SHAP Precision;SHAP Recall;SHAP Correlation;LIME Precision;LIME Recall;LIME Correlation
204924_6,1,6,1,0.5125786163522013;1.0;0.125;0.9876469264196523;1.0;0.125;0.17744456515221566
205385_6,1,6,0,0.8529411764705882;1.0;0.5;0.5012090810072436;1.0;0.5;0.13286720882531172
207542_6,0,6,1,0.5125786163522013;1.0;0.125;0.9876469264196523;1.0;0.125;0.18106252662890585
207702_6,0,6,1,0.5125786163522013;1.0;0.125;0.9876469264196523;1.0;0.125;0.14619853421716375
208244_6,1,6,1,0.6091445427728613;1.0;1.0;0.3565226973629306;0.0;0.0;0.09637613572011046
208253_6,0,6,0,0.57543391188251;1.0;0.16666666666666666;0.847291725291383;1.0;0.16666666666666666;0.20472057352932135
211564_6,0,6,1,0.5125786163522013;1.0;0.125;0.9876469264196523;1.0;0.125;0.1619860024790847
213468_6,1,6,1,0.6091445427728613;1.0;1.0;0.3565226973629306;0.0;0.0;0.09637613572011046
