Case ID,Actual,Prefix Length,Prediction,Prediction Probability
205766_7,1,7,1,0.5508607198748043
206297_7,0,7,1,0.5508607198748043
206838_7,0,7,0,0.5290697674418605
206928_7,1,7,0,0.5290697674418605
208451_7,1,7,0,0.5290697674418605
209006_7,0,7,0,0.5290697674418605
210269_7,0,7,0,0.5290697674418605
210497_7,1,7,0,0.5290697674418605
