Case ID,Actual,Prefix Length,Prediction,Prediction Probability;SHAP Precision;SHAP Recall;SHAP Correlation
204562_2,1,2,1,0.6140350877192983;1.0;0.3333333333333333;0.5121039481594611
205598_2,1,2,0,0.6538461538461539;1.0;0.2;0.6712486220795377
207795_2,0,2,1,0.5806451612903226;1.0;0.3333333333333333;0.492021440388502
208430_2,0,2,0,0.5459183673469388;1.0;0.25;0.5589905876579874
208949_2,0,2,1,0.7235294117647059;1.0;0.16666666666666666;0.6690386626313092
209505_2,1,2,1,0.576271186440678;1.0;0.25;0.5816389095155531
210593_2,1,2,1,0.6140350877192983;1.0;0.3333333333333333;0.5522689637013798
211059_2,0,2,1,0.576271186440678;1.0;0.25;0.5463880665146105
