Case ID,Actual,Prefix Length,Prediction,Prediction Probability;SHAP Precision;SHAP Recall;SHAP Correlation
205349_8,0,8,0,0.5621939275220372;1.0;0.3333333333333333;0.9961127308066081
205918_8,1,8,1,0.6092124814264487;1.0;1.0;0.5781912751258714
207735_8,0,8,1,0.6092124814264487;1.0;1.0;0.5781912751258714
209422_8,1,8,1,0.5066821615339918;1.0;0.6666666666666666;0.998056365403304
210581_8,0,8,0,0.5621939275220372;1.0;0.3333333333333333;0.9961127308066081
211883_8,0,8,1,0.5066821615339918;1.0;0.6666666666666666;0.998056365403304
212274_8,1,8,1,0.5066821615339918;1.0;0.6666666666666666;0.998056365403304
212602_8,1,8,1,0.6092124814264487;1.0;1.0;0.5781912751258714
