Case ID;Actual;Prefix Length;Prediction;Prediction Probability;SHAP Precision;SHAP Recall;SHAP Correlation;LIME Precision;LIME Recall;LIME Correlation
205766_7;1;7;1;0.5508607198748043;1.0;1.0;1.0;1.0;1.0;0.08490493746529519
206297_7;0;7;1;0.5508607198748043;1.0;1.0;1.0;1.0;1.0;0.08490493746529519
206838_7;0;7;0;0.5290697674418605;1.0;1.0;1.0;1.0;1.0;0.08490493746529519
206928_7;1;7;0;0.5290697674418605;1.0;1.0;1.0;1.0;1.0;0.08490493746529519
208451_7;1;7;0;0.5290697674418605;1.0;1.0;1.0;1.0;1.0;0.08490493746529519
209006_7;0;7;0;0.5290697674418605;1.0;1.0;1.0;1.0;1.0;0.08490493746529519
210269_7;0;7;0;0.5290697674418605;1.0;1.0;1.0;1.0;1.0;0.08490493746529519
210497_7;1;7;0;0.5290697674418605;1.0;1.0;1.0;1.0;1.0;0.08490493746529519
