Case ID;Actual;Prefix Length;Prediction;Prediction Probability;SHAP Precision;SHAP Recall;SHAP Correlation;LIME Precision;LIME Recall;LIME Correlation
206528_10;0;10;0;0.7380952380952381;1.0;0.1;0.5117268447470984;0.0;0.0;0.11341160402446233
206624_10;1;10;0;0.7380952380952381;1.0;0.1;0.5150979043304126;0.0;0.0;0.10235767178263062
209287_10;1;10;1;0.5968109339407744;1.0;0.09090909090909093;0.5280444170467309;0.0;0.0;0.13625502631750191
209404_10;0;10;0;0.61875;0.0;0.0;0.28551039509683745;0.0;0.0;0.07907312718726525
210494_10;0;10;0;0.7380952380952381;1.0;0.1;0.5173452773859554;0.0;0.0;0.11593573028440816
210966_10;0;10;1;0.5370370370370371;1.0;0.08333333333333333;0.5599450653499047;0.0;0.0;0.12507441528780477
211269_10;1;10;0;0.61875;0.0;0.0;0.2883716302660255;0.0;0.0;0.08128939101233375
213261_10;1;10;1;0.5968109339407744;0.0;0.0;0.5286875892964834;0.0;0.0;0.12463058775293748
