Case ID,Actual,Prefix Length,Prediction,Prediction Probability
205745_11,1,11,1,0.582089552238806
206399_11,0,11,1,0.5127345844504021
207077_11,0,11,1,0.5127345844504021
208052_11,1,11,1,0.6134969325153374
208949_11,0,11,0,0.5754189944134078
210344_11,0,11,1,0.5127345844504021
211946_11,1,11,1,0.6134969325153374
211997_11,1,11,1,0.582089552238806
