Case ID,Actual,Prefix Length,Prediction,Prediction Probability;SHAP Precision;SHAP Recall;SHAP Correlation
205661_13,1,13,0,0.5959367945823928;1.0;1.0;0.9999999999999999
206267_13,1,13,1,0.5142953245879582;1.0;1.0;0.9999999999999999
206907_13,1,13,1,0.5142953245879582;1.0;1.0;0.9999999999999999
207245_13,0,13,1,0.5142953245879582;1.0;1.0;0.9999999999999999
207632_13,0,13,1,0.5142953245879582;1.0;1.0;0.9999999999999999
208025_13,0,13,0,0.5959367945823928;1.0;1.0;0.9999999999999999
208655_13,1,13,1,0.5142953245879582;1.0;1.0;0.9999999999999999
210725_13,0,13,0,0.5959367945823928;1.0;1.0;0.9999999999999999
