Case ID,Actual,Prefix Length,Prediction,Prediction Probability;SHAP Precision;SHAP Recall;SHAP Correlation
205864_5,0,5,1,0.5776487663280117;1.0;1.0;0.3578390427102734
206071_5,1,5,1,0.547550432276657;1.0;0.16666666666666666;0.8369624668433566
206793_5,1,5,1,0.5776487663280117;1.0;1.0;0.3578390427102734
208028_5,1,5,1,0.5085910652920962;1.0;0.125;0.9703832752613242
209200_5,0,5,1,0.5776487663280117;1.0;1.0;0.3578390427102734
209712_5,1,5,1,0.5776487663280117;1.0;1.0;0.3578390427102734
210266_5,0,5,1,0.547550432276657;1.0;0.16666666666666666;0.8409718678821272
210890_5,0,5,1,0.5309568480300187;1.0;0.5;0.5017509862050911
