Case ID,Actual,Prefix Length,Prediction,Prediction Probability
205059_3,1,3,1,0.5225296442687747
206222_3,0,3,0,0.5519864750633982
206399_3,0,3,1,0.5225296442687747
209604_3,1,3,0,0.5519864750633982
210683_3,1,3,0,0.5519864750633982
211029_3,1,3,1,0.5225296442687747
211176_3,0,3,0,0.572463768115942
213900_3,0,3,1,0.5225296442687747
