Case ID,Actual,Prefix Length,Prediction,Prediction Probability
204541.0,1.0,1.0,1.0,0.5007256894049347
205912.0,0.0,1.0,1.0,0.5007256894049347
207119.0,0.0,1.0,1.0,0.5007256894049347
207792.0,0.0,1.0,1.0,0.5007256894049347
210497.0,1.0,1.0,1.0,0.5007256894049347
211059.0,0.0,1.0,0.0,0.5296
213450.0,1.0,1.0,0.0,0.5296
213693.0,1.0,1.0,1.0,0.5007256894049347
