Case ID,Actual,Prefix Length,Prediction,Prediction Probability;SHAP Precision;SHAP Recall;SHAP Correlation
205029_12,0,12,1,0.5517241379310345;1.0;1.0;0.9999999999999999
205882_12,1,12,1,0.5517241379310345;1.0;1.0;0.9999999999999999
206633_12,1,12,0,0.5297565374211001;1.0;1.0;0.9999999999999999
206645_12,1,12,1,0.5517241379310345;1.0;1.0;0.9999999999999999
207218_12,0,12,1,0.5517241379310345;1.0;1.0;0.9999999999999999
207542_12,0,12,1,0.5517241379310345;1.0;1.0;0.9999999999999999
207753_12,0,12,0,0.5297565374211001;1.0;1.0;0.9999999999999999
213468_12,1,12,1,0.5517241379310345;1.0;1.0;0.9999999999999999
