Case ID,Actual,Prefix Length,Prediction,Prediction Probability
205661_13,1,13,0,0.5959367945823928
206267_13,1,13,1,0.5142953245879582
206907_13,1,13,1,0.5142953245879582
207245_13,0,13,1,0.5142953245879582
207632_13,0,13,1,0.5142953245879582
208025_13,0,13,0,0.5959367945823928
208655_13,1,13,1,0.5142953245879582
210725_13,0,13,0,0.5959367945823928
