Case ID,Actual,Prefix Length,Prediction,Prediction Probability;SHAP Precision;SHAP Recall;SHAP Correlation
204541.0,1.0,1.0,1.0,0.5007256894049347;1.0;0.5;0.6688560540599385
205912.0,0.0,1.0,1.0,0.5007256894049347;1.0;0.5;0.5901671065234753
207119.0,0.0,1.0,1.0,0.5007256894049347;1.0;0.5;0.5901671065234753
207792.0,0.0,1.0,1.0,0.5007256894049347;1.0;0.5;0.5901671065234753
210497.0,1.0,1.0,1.0,0.5007256894049347;1.0;0.5;0.6688560540599385
211059.0,0.0,1.0,0.0,0.5296;1.0;1.0;0.5423261445466404
213450.0,1.0,1.0,0.0,0.5296;1.0;1.0;0.5423261445466404
213693.0,1.0,1.0,1.0,0.5007256894049347;1.0;0.5;0.5901671065234753
