Case ID,Actual,Prefix Length,Prediction,Prediction Probability;SHAP Precision;SHAP Recall;SHAP Correlation
204924_6,1,6,1,0.5125786163522013;1.0;0.125;0.9876469264196523
205385_6,1,6,0,0.8529411764705882;1.0;0.5;0.5012090810072436
207542_6,0,6,1,0.5125786163522013;1.0;0.125;0.9876469264196523
207702_6,0,6,1,0.5125786163522013;1.0;0.125;0.9876469264196523
208244_6,1,6,1,0.6091445427728613;1.0;1.0;0.3565226973629306
208253_6,0,6,0,0.57543391188251;1.0;0.16666666666666666;0.847291725291383
211564_6,0,6,1,0.5125786163522013;1.0;0.125;0.9876469264196523
213468_6,1,6,1,0.6091445427728613;1.0;1.0;0.3565226973629306
