Case ID,Actual,Prefix Length,Prediction,Prediction Probability;SHAP Precision;SHAP Recall;SHAP Correlation;LIME Precision;LIME Recall;LIME Correlation
204969_9,0,9,0,0.5522633744855967;1.0;0.4;0.9941176470588236;0.0;0.0;0.14257215957781616
205164_9,0,9,1,0.5753086419753086;1.0;0.3333333333333333;0.7704888185301593;1.0;0.3333333333333333;0.11386336580690475
205217_9,1,9,1,0.6151515151515151;1.0;1.0;0.4483083672617128;1.0;1.0;0.06980151811440394
205364_9,1,9,1,0.5459057071960298;1.0;0.2;0.9941176470588236;0.0;0.0;0.13814540087572125
205499_9,0,9,0,0.5522633744855967;1.0;0.4;0.9941176470588236;0.0;0.0;0.14394598124398356
206519_9,1,9,0,0.5522633744855967;1.0;0.4;0.9941176470588236;1.0;0.2;0.14989920846404226
206856_9,0,9,1,0.6151515151515151;1.0;1.0;0.4483083672617128;1.0;1.0;0.06980151811440394
208412_9,1,9,1,0.6151515151515151;1.0;1.0;0.4483083672617128;1.0;1.0;0.06980151811440394
