Case ID,Actual,Prefix Length,Prediction,Prediction Probability;SHAP Precision;SHAP Recall;SHAP Correlation;LIME Precision;LIME Recall;LIME Correlation
205349_8,0,8,0,0.5621939275220372;1.0;0.3333333333333333;0.996112730806608;1.0;0.3333333333333333;0.12230808652854815
205918_8,1,8,1,0.6092124814264487;1.0;1.0;0.5781912751258714;1.0;1.0;0.07619714669621251
207735_8,0,8,1,0.6092124814264487;1.0;1.0;0.5781912751258714;1.0;1.0;0.07619714669621251
209422_8,1,8,1,0.5066821615339918;1.0;0.6666666666666666;0.9980563654033041;1.0;0.3333333333333333;0.10591496079487887
210581_8,0,8,0,0.5621939275220372;1.0;0.3333333333333333;0.996112730806608;1.0;0.3333333333333333;0.1299923642162056
211883_8,0,8,1,0.5066821615339918;1.0;0.6666666666666666;0.9980563654033041;1.0;0.6666666666666666;0.1230765142973139
212274_8,1,8,1,0.5066821615339918;1.0;0.6666666666666666;0.9980563654033041;0.3333333333333333;0.3333333333333333;0.11692909214718791
212602_8,1,8,1,0.6092124814264487;1.0;1.0;0.5781912751258714;1.0;1.0;0.07619714669621251
