Case ID,Actual,Prefix Length,Prediction,Prediction Probability
205029_12,0,12,1,0.5517241379310345
205882_12,1,12,1,0.5517241379310345
206633_12,1,12,0,0.5297565374211001
206645_12,1,12,1,0.5517241379310345
207218_12,0,12,1,0.5517241379310345
207542_12,0,12,1,0.5517241379310345
207753_12,0,12,0,0.5297565374211001
213468_12,1,12,1,0.5517241379310345
