Case ID,Actual,Prefix Length,Prediction,Prediction Probability
204924_6,1,6,1,0.5125786163522013
205385_6,1,6,0,0.8529411764705882
207542_6,0,6,1,0.5125786163522013
207702_6,0,6,1,0.5125786163522013
208244_6,1,6,1,0.6091445427728613
208253_6,0,6,0,0.57543391188251
211564_6,0,6,1,0.5125786163522013
213468_6,1,6,1,0.6091445427728613
