Case ID,Actual,Prefix Length,Prediction,Prediction Probability;SHAP Precision;SHAP Recall;SHAP Correlation
205745_11,1,11,1,0.582089552238806;1.0;0.25;0.8112146020013874
206399_11,0,11,1,0.5127345844504021;1.0;0.16666666666666666;0.9956830095590502
207077_11,0,11,1,0.5127345844504021;1.0;0.16666666666666666;0.9956830095590502
208052_11,1,11,1,0.6134969325153374;1.0;1.0;0.40919134621450176
208949_11,0,11,0,0.5754189944134078;1.0;0.16666666666666666;0.9944495837187789
210344_11,0,11,1,0.5127345844504021;1.0;0.16666666666666666;0.9956830095590502
211946_11,1,11,1,0.6134969325153374;1.0;1.0;0.40919134621450176
211997_11,1,11,1,0.582089552238806;1.0;0.25;0.813478456704647
