Case ID,Actual,Prefix Length,Prediction,Prediction Probability
206528_10,0,10,0,0.7380952380952381
206624_10,1,10,0,0.7380952380952381
209287_10,1,10,1,0.5968109339407744
209404_10,0,10,0,0.61875
210494_10,0,10,0,0.7380952380952381
210966_10,0,10,1,0.5370370370370371
211269_10,1,10,0,0.61875
213261_10,1,10,1,0.5968109339407744
