"Case ID;Actual;Prefix Length;Prediction;Prediction Probability;SHAP Subset Stability;SHAP Weight Stability;SHAP Adjusted Weight Stability;LIME Subset Stability;LIME Weight Stability;LIME Adjusted Weight Stability;ACV Subset Stability;ACV Weight Stability;ACV Adjusted Weight Stability;LINDA Subset Stability;LINDA Weight Stability;LINDA Adjusted Weight Stability";MAPE Correctness;RMSE Correctness;R2 Correctness;Mode
"204679_5;0;5;0;0.7529203103382827;1.0;0.9993892991855592;0.9993892991855592;0.9265951439864484;0.9984017222134772;0.9984017222134772;;1.0;1.0;;1.0;1.0";0.5997168716108485;0.5997168716108485;-0.4016854470096089;baseline_mean
"205499_5;0;5;0;0.7102309425418304;1.0;0.9991604665559128;0.9991604665559128;0.8027613412228797;0.9977989831115404;0.9977989831115404;;1.0;1.0;;1.0;1.0";0.414353163361662;0.414353163361662;-0.40183714091494444;baseline_mean
"206047_5;1;5;0;0.6970224820011646;1.0;0.9992361317027328;0.9992361317027328;0.7430830039525691;0.9980307564313984;0.9980307564313984;;1.0;1.0;;1.0;1.0";0.4597223554355977;0.4597223554355977;-0.4597223554355977;baseline_mean
"208241_5;0;5;0;0.6804852253480841;1.0;0.9989641945068872;0.9989641945068872;0.8720472440944882;0.9988050867789994;0.9988050867789994;;1.0;1.0;;1.0;1.0";0.5042476873702096;0.5042476873702096;-0.4017612724840002;baseline_mean
"208382_5;0;5;1;0.5238527049865707;1.0;0.9999458679007812;0.9999458679007812;0.9500512295081968;0.9973677374006812;0.9973677374006812;;1.0;1.0;1.0;1.0;1.0";0.47220921881061334;0.47220921881061334;-0.47220921881061334;baseline_mean
"209592_5;1;5;0;0.5288961014135537;1.0;0.9999699856800748;0.9999699856800748;0.9191089540165516;0.9983056329007208;0.9983056329007208;;1.0;1.0;1.0;1.0;1.0";0.43349386496114695;0.43349386496114695;-0.4018750912518015;baseline_mean
"211287_5;1;5;0;0.5618630439448612;1.0;0.9999138863625836;0.9999138863625836;0.9656969457088198;0.9979434214945904;0.9979434214945904;;1.0;1.0;;1.0;1.0";0.4950011634098473;0.4950011634098473;-0.40179920132736846;baseline_mean
"213675_5;1;5;0;0.529828108055597;1.0;0.9999585515162502;0.9999585515162502;0.9514653724099308;0.9989380806321256;0.9989380806321256;;1.0;1.0;1.0;1.0;1.0";0.46284461311930875;0.46284461311930875;-0.46284461311930875;baseline_mean
