Case ID;Actual;Prefix Length;Prediction;Prediction Probability;SHAP Subset Stability;SHAP Weight Stability;SHAP Adjusted Weight Stability;LIME Subset Stability;LIME Weight Stability;LIME Adjusted Weight Stability;ACV Subset Stability;ACV Weight Stability;ACV Adjusted Weight Stability;LINDA Subset Stability;LINDA Weight Stability;LINDA Adjusted Weight Stability;MAPE Correctness;RMSE Correctness;R2 Correctness;Mode
206432.0;0.0;1.0;1.0;0.5098944947938202;0.8031135531135531;0.9980838310485628;0.9980838310485628;1.0;0.9999246874320116;0.9999246874320116;;1.0;1.0;1.0;1.0;1.0;0.8166602431241459;0.8166602431241459;-0.8097483796851457;baseline_max
206615.0;1.0;1.0;1.0;0.5580778796262049;0.8530974795019739;0.9988149995741518;0.9988149995741518;1.0;0.9998848981753212;0.9998848981753212;;1.0;1.0;;1.0;1.0;0.37869016310798603;0.37869016310798603;-0.3310214782548625;baseline_max
207125.0;0.0;1.0;0.0;0.5496407382825902;1.0;0.9982182412762008;0.9982182412762008;0.9686771561771558;0.9999673650219628;0.9999673650219628;;1.0;1.0;;1.0;1.0;0.7232655318967856;0.7232655318967856;-0.7232655318967856;baseline_max
207359.0;0.0;1.0;0.0;0.6470688576774015;1.0;0.998575938120071;0.998575938120071;0.8696969696969696;0.9999638257162552;0.9999638257162552;;1.0;1.0;;1.0;1.0;0.7685514646749874;0.7685514646749874;-0.7685514646749874;baseline_max
209667.0;0.0;1.0;0.0;0.5454030253743088;1.0;0.9984013798871728;0.9984013798871728;0.8167613636363636;0.9999329070239241;0.9999329070239241;;1.0;1.0;;1.0;1.0;0.7365743772393571;0.7365743772393571;-0.7365743772393571;baseline_max
212398.0;1.0;1.0;0.0;0.550437778873132;1.0;0.9993637729807048;0.9993637729807048;1.0;0.9999162451242124;0.9999162451242124;;1.0;1.0;;1.0;1.0;0.8288038898620513;0.8288038898620513;-0.8288038898620513;baseline_max
212950.0;1.0;1.0;1.0;0.5457877705045756;0.8123015873015873;0.9981178998499513;0.9981178998499513;1.0;0.9999641841528408;0.9999641841528408;;1.0;1.0;;1.0;1.0;0.5711137250307949;0.5711137250307949;-0.5711137250307949;baseline_max
213052.0;1.0;1.0;1.0;0.5570929083799071;0.7852147852147853;0.9991106753837548;0.9991106753837548;0.9240461610927933;0.9999595765012038;0.9999595765012038;;1.0;1.0;;1.0;1.0;0.5893422681626841;0.5893422681626841;-0.5744374924934575;baseline_max
