"Case ID;Actual;Prefix Length;Prediction;Prediction Probability;SHAP Subset Stability;SHAP Weight Stability;SHAP Adjusted Weight Stability;LIME Subset Stability;LIME Weight Stability;LIME Adjusted Weight Stability;ACV Subset Stability;ACV Weight Stability;ACV Adjusted Weight Stability;LINDA Subset Stability;LINDA Weight Stability;LINDA Adjusted Weight Stability";MAPE Correctness;RMSE Correctness;R2 Correctness;Mode
"205131_9;1;9;1;0.5806642196409697;1.0;0.8733447629724116;0.8733447629724116;;1.0;1.0;;1.0;1.0;;1.0;1.0";0.35435481391321744;0.35435481391321744;-0.35435481391321744;baseline_max
"206627_9;1;9;0;0.6959577132066533;1.0;0.6248719860417333;0.6248719860417333;;1.0;1.0;;1.0;1.0;;1.0;1.0";0.35600756078847234;0.35600756078847234;-0.023076492818946984;baseline_max
"207041_9;0;9;1;0.6689941029595279;1.0;0.8738688424968629;0.8738688424968629;;1.0;1.0;;1.0;1.0;;1.0;1.0";0.4623585963673323;0.4623585963673323;-0.4623585963673323;baseline_max
"208118_9;1;9;0;0.6592344969698526;1.0;-1.07964622527355;-1.07964622527355;;1.0;1.0;;1.0;1.0;;1.0;1.0";0.39586392667807624;0.39586392667807624;-0.39586392667807624;baseline_max
"208136_9;0;9;1;0.5613503150773232;1.0;0.8414201897073565;0.8414201897073565;;1.0;1.0;;1.0;1.0;;1.0;1.0";0.508292758613179;0.508292758613179;-0.12685034498439984;baseline_max
"211275_9;0;9;0;0.6090541826702088;1.0;0.7116504177215034;0.7116504177215034;;1.0;1.0;;1.0;1.0;;1.0;1.0";0.4660633990084176;0.4660633990084176;-0.4660633990084176;baseline_max
"211423_9;0;9;0;0.6595025276218675;1.0;-0.16683578924827902;-0.16683578924827902;;1.0;1.0;;1.0;1.0;;1.0;1.0";0.5210335935028801;0.5210335935028801;-0.5210335935028801;baseline_max
"213995_9;1;9;0;0.5812713299705227;1.0;0.6377355095378643;0.6377355095378643;;1.0;1.0;;1.0;1.0;;1.0;1.0";0.5431856830510426;0.5431856830510426;-0.5431856830510426;baseline_max
