"Case ID;Actual;Prefix Length;Prediction;Prediction Probability;SHAP Subset Stability;SHAP Weight Stability;SHAP Adjusted Weight Stability;LIME Subset Stability;LIME Weight Stability;LIME Adjusted Weight Stability;ACV Subset Stability;ACV Weight Stability;ACV Adjusted Weight Stability;LINDA Subset Stability;LINDA Weight Stability;LINDA Adjusted Weight Stability";MAPE Correctness;RMSE Correctness;R2 Correctness;Mode
"205556_7;0;7;0;0.8770665797414922;1.0;-0.0098883614604528;-0.0098883614604528;;1.0;1.0;;1.0;1.0;1.0;1.0;1.0";-0.2488765870822185;-0.2488765870822185;0.2488765870822185;baseline_0
"206222_7;0;7;0;0.9999999994822826;1.0;-0.7746471195074083;-0.7746471195074083;;1.0;1.0;;1.0;1.0;;1.0;1.0";-0.038642575443449824;-0.038642575443449824;0.1546090803607525;baseline_0
"206366_7;0;7;1;0.7085151891886249;1.0;0.4279750317527138;0.4279750317527138;;1.0;1.0;;1.0;1.0;1.0;1.0;1.0";-0.08882181290518155;-0.08882181290518155;0.08882181290518155;baseline_0
"207328_7;1;7;0;0.9329923582973862;1.0;-0.2335109263110016;-0.2335109263110016;;1.0;1.0;;1.0;1.0;1.0;1.0;1.0";-0.2913329153910238;-0.2913329153910238;0.2913329153910238;baseline_0
"208601_7;1;7;0;0.9762712640086724;1.0;0.05519567452310503;0.05519567452310503;;1.0;1.0;;1.0;1.0;1.0;1.0;1.0";-0.23921594322135603;-0.23921594322135603;0.23921594322135603;baseline_0
"210476_7;1;7;0;0.8359705532650786;1.0;0.1758731824392511;0.1758731824392511;;1.0;1.0;;1.0;1.0;1.0;1.0;1.0";-0.20072442805547938;-0.20072442805547938;0.20072442805547938;baseline_0
"211176_7;0;7;0;0.9576039583841766;1.0;0.6286527258335549;0.6286527258335549;;1.0;1.0;;1.0;1.0;1.0;1.0;1.0";-0.1409219266977528;-0.1409219266977528;0.1409219266977528;baseline_0
"212761_7;1;7;1;0.8638121067041884;1.0;0.4460834017934234;0.4460834017934234;;1.0;1.0;;1.0;1.0;;1.0;1.0";-0.10811660369303004;-0.10811660369303004;0.10811660369303004;baseline_0
