"Case ID;Actual;Prefix Length;Prediction;Prediction Probability;SHAP Subset Stability;SHAP Weight Stability;SHAP Adjusted Weight Stability;LIME Subset Stability;LIME Weight Stability;LIME Adjusted Weight Stability;ACV Subset Stability;ACV Weight Stability;ACV Adjusted Weight Stability;LINDA Subset Stability;LINDA Weight Stability;LINDA Adjusted Weight Stability";MAPE Correctness;RMSE Correctness;R2 Correctness;Mode
"205125_3;1;3;0;0.7696590090524293;1.0;0.7074622032838821;0.7074622032838821;1.0;0.9942719436311506;0.9942719436311506;;1.0;1.0;1.0;1.0;1.0";0.6083097956316147;0.6083097956316147;-0.6083097956316147;baseline_max
"205322_3;1;3;0;0.5431056607440231;1.0;0.8459435975576141;0.8459435975576141;0.7055137844611528;0.9832697549684216;0.9832697549684216;;1.0;1.0;1.0;1.0;1.0";0.7085011368148622;0.7085011368148622;-0.7085011368148622;baseline_max
"206216_3;0;3;0;0.5372099977926222;1.0;0.8284563043710786;0.8284563043710786;0.7055137844611528;0.9931887866700406;0.9931887866700406;;1.0;1.0;1.0;1.0;1.0";0.6108377348821292;0.6108377348821292;-0.501340365196373;baseline_max
"207041_3;0;3;0;0.6733821661846432;1.0;0.9166209571740416;0.9166209571740416;0.7055137844611528;0.9893642835129044;0.9893642835129044;;1.0;1.0;1.0;1.0;1.0";0.755932175262719;0.755932175262719;-0.5015872700944712;baseline_max
"211543_3;0;3;0;0.6568237142346822;1.0;0.6240800451868493;0.6240800451868493;1.0;0.9925452475803479;0.9925452475803479;;1.0;1.0;1.0;1.0;1.0";0.4918684528766711;0.4918684528766711;-0.4918684528766711;baseline_max
"211850_3;1;3;0;0.5003364563030475;1.0;0.8902668310951924;0.8902668310951924;0.7055137844611528;0.9890014013256464;0.9890014013256464;;1.0;1.0;1.0;1.0;1.0";0.5797565503009701;0.5797565503009701;-0.5797565503009701;baseline_max
"212413_3;0;3;0;0.5855415022733621;1.0;0.8282918950484123;0.8282918950484123;1.0;0.9929624912808779;0.9929624912808779;;1.0;1.0;1.0;1.0;1.0";0.6745699575399655;0.6745699575399655;-0.6745699575399655;baseline_max
"213459_3;1;3;0;0.5616463830300857;1.0;0.8948329853712912;0.8948329853712912;0.8289665211062591;0.9886546910404642;0.9886546910404642;;1.0;1.0;1.0;1.0;1.0";0.5416872884153859;0.5416872884153859;-0.5416872884153859;baseline_max
