"Case ID;Actual;Prefix Length;Prediction;Prediction Probability;SHAP Subset Stability;SHAP Weight Stability;SHAP Adjusted Weight Stability;LIME Subset Stability;LIME Weight Stability;LIME Adjusted Weight Stability;ACV Subset Stability;ACV Weight Stability;ACV Adjusted Weight Stability;LINDA Subset Stability;LINDA Weight Stability;LINDA Adjusted Weight Stability";MAPE Correctness;RMSE Correctness;R2 Correctness;Mode
"205238_10;0;10;1;0.5749966137834501;1.0;0.7600632463819428;0.7600632463819428;;1.0;1.0;;1.0;1.0;;1.0;1.0";0.3476688468666556;0.3476688468666556;0.06868795103605947;baseline_max
"206162_10;1;10;0;0.7816952304887759;1.0;-0.5773885378660233;-0.5773885378660233;;1.0;1.0;;1.0;1.0;;1.0;1.0";0.3829119186473415;0.3829119186473415;-0.3829119186473415;baseline_max
"206414_10;0;10;0;0.7134477227582361;1.0;-0.5975252351602316;-0.5975252351602316;;1.0;1.0;;1.0;1.0;1.0;1.0;1.0";0.35229072200870276;0.35229072200870276;-0.35229072200870276;baseline_max
"206709_10;0;10;0;0.5339054024251658;1.0;-3.7102244726153217;-3.7102244726153217;;1.0;1.0;;1.0;1.0;1.0;1.0;1.0";0.30198854574522177;0.30198854574522177;0.06867644840665017;baseline_max
"208997_10;1;10;0;0.9286124679032136;1.0;-0.4635966965608904;-0.4635966965608904;;1.0;1.0;;1.0;1.0;;1.0;1.0";0.3267853944777824;0.3267853944777824;-0.3267853944777824;baseline_max
"209823_10;1;10;0;0.8733418476040662;1.0;-0.9069470956530641;-0.9069470956530641;;1.0;1.0;;1.0;1.0;;1.0;1.0";0.3923458259832267;0.3923458259832267;-0.3923458259832267;baseline_max
"210671_10;1;10;0;0.6990465690926895;1.0;-10.213433946569646;-10.213433946569646;;1.0;1.0;;1.0;1.0;;1.0;1.0";0.27516315595794977;0.27516315595794977;-0.27516315595794977;baseline_max
"211227_10;0;10;0;0.8656769467768634;1.0;-1.8295319620171813;-1.8295319620171813;;1.0;1.0;;1.0;1.0;;1.0;1.0";0.2969873653109257;0.2969873653109257;-0.2969873653109257;baseline_max
