Case ID;Actual;Prefix Length;Prediction;Prediction Probability;SHAP Subset Stability;SHAP Weight Stability;SHAP Adjusted Weight Stability;LIME Subset Stability;LIME Weight Stability;LIME Adjusted Weight Stability;ACV Subset Stability;ACV Weight Stability;ACV Adjusted Weight Stability;LINDA Subset Stability;LINDA Weight Stability;LINDA Adjusted Weight Stability;MAPE Correctness;RMSE Correctness;R2 Correctness;Mode
205256_11;0;11;0;1.0;1.0;0.3214723715472701;0.3214723715472701;;1.0;1.0;;1.0;1.0;;1.0;1.0;0.2985083200977396;0.2985083200977396;-0.30378073562839675;baseline_max
205364_11;1;11;0;0.943082258855512;1.0;0.1359467184612514;0.1359467184612514;;1.0;1.0;;1.0;1.0;1.0;1.0;1.0;0.4864232623910505;0.4864232623910505;-0.4864232623910505;baseline_max
205676_11;0;11;0;0.928451398643266;1.0;-1.4951506449537924;-1.4951506449537924;;1.0;1.0;;1.0;1.0;1.0;1.0;1.0;0.5004245110959694;0.5004245110959694;-0.5004245110959694;baseline_max
206255_11;0;11;0;0.9597878011623152;1.0;-13.032218688618965;-13.032218688618965;;1.0;1.0;;1.0;1.0;1.0;1.0;1.0;0.5136029955368312;0.5136029955368312;-0.5136029955368312;baseline_max
206907_11;1;11;0;0.9413840675749168;1.0;-4.360055714868008;-4.360055714868008;;1.0;1.0;;1.0;1.0;1.0;1.0;1.0;0.4874635034687932;0.4874635034687932;-0.4874635034687932;baseline_max
210008_11;1;11;0;0.9358640719573282;1.0;0.10450136694600687;0.10450136694600687;;1.0;1.0;;1.0;1.0;1.0;1.0;1.0;0.4674197490556907;0.4674197490556907;-0.4674197490556907;baseline_max
210563_11;0;11;0;0.7706597762004549;1.0;-5.469210029589677;-5.469210029589677;;1.0;1.0;;1.0;1.0;1.0;1.0;1.0;0.4550467458139853;0.4550467458139853;-0.4550467458139853;baseline_max
213873_11;1;11;0;0.9728691907528204;1.0;-2.5707402805309854;-2.5707402805309854;;1.0;1.0;;1.0;1.0;1.0;1.0;1.0;0.4807555478875221;0.4807555478875221;-0.4807555478875221;baseline_max
