"Case ID;Actual;Prefix Length;Prediction;Prediction Probability;SHAP Subset Stability;SHAP Weight Stability;SHAP Adjusted Weight Stability;LIME Subset Stability;LIME Weight Stability;LIME Adjusted Weight Stability;ACV Subset Stability;ACV Weight Stability;ACV Adjusted Weight Stability;LINDA Subset Stability;LINDA Weight Stability;LINDA Adjusted Weight Stability";MAPE Correctness;RMSE Correctness;R2 Correctness;Mode
"204862_2;1;2;0;0.9722568118637094;1.0;0.8955754547201501;0.8955754547201501;1.0;0.9603925295465624;0.9603925295465624;;1.0;1.0;1.0;1.0;1.0";0.6160368659149892;0.6160368659149892;-0.6160368659149892;baseline_mean
"206165_2;0;2;0;0.6770485709531531;1.0;0.9439638367226232;0.9439638367226232;1.0;0.9714982719784436;0.9714982719784436;;1.0;1.0;1.0;1.0;1.0";0.40350173871868916;0.40350173871868916;-0.40350173871868916;baseline_mean
"206309_2;1;2;1;0.5313675404702393;1.0;0.8486759108750811;0.8486759108750811;1.0;0.9809942768143772;0.9809942768143772;;1.0;1.0;1.0;1.0;1.0";0.3056258471716364;0.3056258471716364;-0.3056258471716364;baseline_mean
"207798_2;0;2;0;0.5323815030700038;1.0;0.8971848901089685;0.8971848901089685;1.0;0.9737741512337804;0.9737741512337804;;1.0;1.0;1.0;1.0;1.0";0.34434742334114443;0.34434742334114443;-0.34434742334114443;baseline_mean
"209284_2;1;2;0;0.8148795129804431;1.0;0.9096605563305422;0.9096605563305422;1.0;0.9762383335299984;0.9762383335299984;;1.0;1.0;1.0;1.0;1.0";0.2902943447105831;0.2902943447105831;-0.2902943447105831;baseline_mean
"209808_2;1;2;0;0.5082592969573249;1.0;0.830074470280289;0.830074470280289;1.0;0.9770798525126738;0.9770798525126738;;1.0;1.0;1.0;1.0;1.0";0.35602035692543216;0.35602035692543216;-0.35602035692543216;baseline_mean
"210224_2;0;2;1;0.5582158957806393;1.0;-2.2961113329155243;-2.2961113329155243;1.0;0.9747570430979716;0.9747570430979716;;1.0;1.0;1.0;1.0;1.0";0.6480414364426507;0.6480414364426507;-0.6480414364426507;baseline_mean
"213495_2;0;2;0;0.5856854376940318;1.0;0.8849140228354856;0.8849140228354856;1.0;0.9713320787784196;0.9713320787784196;;1.0;1.0;1.0;1.0;1.0";0.31393433685399547;0.31393433685399547;-0.6325790947059564;baseline_mean
