Case ID;Actual;Prefix Length;Prediction;Prediction Probability;SHAP Subset Stability;SHAP Weight Stability;SHAP Adjusted Weight Stability;LIME Subset Stability;LIME Weight Stability;LIME Adjusted Weight Stability;ACV Subset Stability;ACV Weight Stability;ACV Adjusted Weight Stability;LINDA Subset Stability;LINDA Weight Stability;LINDA Adjusted Weight Stability;MAPE Correctness;RMSE Correctness;R2 Correctness;Mode
205508_13;1;13;0;0.6534257708738831;1.0;0.7852483996952291;0.7852483996952291;1.0;1.0;1.0;;1.0;1.0;;1.0;1.0;0.1965542436350676;0.1965542436350676;-0.1965542436350676;baseline_0
205978_13;1;13;0;0.589324614189395;1.0;0.728020342114873;0.728020342114873;1.0;1.0;1.0;;1.0;1.0;;1.0;1.0;0.27667243343829845;0.27667243343829845;-0.27667243343829845;baseline_0
206234_13;0;13;0;0.8331427657414701;1.0;0.5382951443433772;0.5382951443433772;1.0;1.0;1.0;;1.0;1.0;;1.0;1.0;0.21172563138521042;0.21172563138521042;-0.21172563138521042;baseline_0
207741_13;0;13;1;0.6074958476089514;1.0;0.8894599132522498;0.8894599132522498;1.0;1.0;1.0;;1.0;1.0;;1.0;1.0;0.3860142544498492;0.3860142544498492;-0.383361426407765;baseline_0
210755_13;0;13;1;0.649759779211282;1.0;0.9230605096648388;0.9230605096648388;1.0;1.0;1.0;;1.0;1.0;;1.0;1.0;0.44249390151493556;0.44249390151493556;-0.44249390151493556;baseline_0
212052_13;1;13;1;0.6644367600030436;1.0;0.8392278438581152;0.8392278438581152;1.0;1.0;1.0;;1.0;1.0;;1.0;1.0;0.4153155229303791;0.4153155229303791;-0.37903902611973805;baseline_0
212235_13;0;13;0;0.5893442517533234;1.0;0.7918060536189417;0.7918060536189417;0.8315758640890456;1.0;1.0;;1.0;1.0;;1.0;1.0;0.2763903670519888;0.2763903670519888;-0.2763903670519888;baseline_0
212944_13;1;13;1;0.5479104022697282;1.0;0.8652656634455258;0.8652656634455258;0.8315758640890456;1.0;1.0;;1.0;1.0;;1.0;1.0;0.32426271672386175;0.32426271672386175;-0.32426271672386175;baseline_0
