Case ID;Actual;Prefix Length;Prediction;Prediction Probability;SHAP Subset Stability;SHAP Weight Stability;SHAP Adjusted Weight Stability;LIME Subset Stability;LIME Weight Stability;LIME Adjusted Weight Stability;ACV Subset Stability;ACV Weight Stability;ACV Adjusted Weight Stability;LINDA Subset Stability;LINDA Weight Stability;LINDA Adjusted Weight Stability;MAPE Correctness;RMSE Correctness;R2 Correctness;Mode
205131_9;1;9;1;0.5806642196409697;1.0;0.8733447629724116;0.8733447629724116;;1.0;1.0;;1.0;1.0;;1.0;1.0;0.49368172278127576;0.49368172278127576;-0.49368172278127576;baseline_mean
206627_9;1;9;0;0.6959577132066533;1.0;0.6248719860417333;0.6248719860417333;;1.0;1.0;;1.0;1.0;;1.0;1.0;0.4065165709136002;0.4065165709136002;-0.2978879006693419;baseline_mean
207041_9;0;9;1;0.6689941029595279;1.0;0.8738688424968629;0.8738688424968629;;1.0;1.0;;1.0;1.0;;1.0;1.0;0.48445525016290764;0.48445525016290764;-0.48445525016290764;baseline_mean
208118_9;1;9;0;0.6592344969698526;1.0;-1.07964622527355;-1.07964622527355;;1.0;1.0;;1.0;1.0;;1.0;1.0;0.48095651061496675;0.48095651061496675;-0.48095651061496675;baseline_mean
208136_9;0;9;1;0.5613503150773232;1.0;0.8414201897073565;0.8414201897073565;;1.0;1.0;;1.0;1.0;;1.0;1.0;0.5804524304707712;0.5804524304707712;-0.2979133209792119;baseline_mean
211275_9;0;9;0;0.6090541826702088;1.0;0.7116504177215034;0.7116504177215034;;1.0;1.0;;1.0;1.0;;1.0;1.0;0.5322415867605677;0.5322415867605677;-0.5322415867605677;baseline_mean
211423_9;0;9;0;0.6595025276218675;1.0;-0.16683578924827902;-0.16683578924827902;;1.0;1.0;;1.0;1.0;;1.0;1.0;0.4477076899175406;0.4477076899175406;-0.4477076899175406;baseline_mean
213995_9;1;9;0;0.5812713299705227;1.0;0.6377355095378643;0.6377355095378643;;1.0;1.0;;1.0;1.0;;1.0;1.0;0.42746143747509774;0.42746143747509774;-0.42746143747509774;baseline_mean
