Case ID;Actual;Prefix Length;Prediction;Prediction Probability;SHAP Subset Stability;SHAP Weight Stability;SHAP Adjusted Weight Stability;LIME Subset Stability;LIME Weight Stability;LIME Adjusted Weight Stability;ACV Subset Stability;ACV Weight Stability;ACV Adjusted Weight Stability;LINDA Subset Stability;LINDA Weight Stability;LINDA Adjusted Weight Stability;MAPE Correctness;RMSE Correctness;R2 Correctness;Mode
205556_7;0;7;0;0.8770665797414922;1.0;-0.0098883614604528;-0.0098883614604528;;1.0;1.0;;1.0;1.0;1.0;1.0;1.0;0.5094755433568305;0.5094755433568305;-0.5094755433568305;baseline_max
206222_7;0;7;0;0.9999999994822826;1.0;-0.7746471195074083;-0.7746471195074083;;1.0;1.0;;1.0;1.0;;1.0;1.0;0.43645654256792304;0.43645654256792304;-0.2327889302112264;baseline_max
206366_7;0;7;1;0.7085151891886249;1.0;0.4279750317527138;0.4279750317527138;;1.0;1.0;;1.0;1.0;1.0;1.0;1.0;0.25925174443014315;0.25925174443014315;-0.25925174443014315;baseline_max
207328_7;1;7;0;0.9329923582973862;1.0;-0.2335109263110016;-0.2335109263110016;;1.0;1.0;;1.0;1.0;1.0;1.0;1.0;0.48453482303632067;0.48453482303632067;-0.48453482303632067;baseline_max
208601_7;1;7;0;0.9762712640086724;1.0;0.05519567452310503;0.05519567452310503;;1.0;1.0;;1.0;1.0;1.0;1.0;1.0;0.40310039892676064;0.40310039892676064;-0.40310039892676064;baseline_max
210476_7;1;7;0;0.8359705532650786;1.0;0.1758731824392511;0.1758731824392511;;1.0;1.0;;1.0;1.0;1.0;1.0;1.0;0.388905571642337;0.388905571642337;-0.388905571642337;baseline_max
211176_7;0;7;0;0.9576039583841766;1.0;0.6286527258335549;0.6286527258335549;;1.0;1.0;;1.0;1.0;1.0;1.0;1.0;0.4598251151982875;0.4598251151982875;-0.4598251151982875;baseline_max
212761_7;1;7;1;0.8638121067041884;1.0;0.4460834017934234;0.4460834017934234;;1.0;1.0;;1.0;1.0;;1.0;1.0;0.40363211660007137;0.40363211660007137;-0.40363211660007137;baseline_max
