Case ID;Actual;Prefix Length;Prediction;Prediction Probability;SHAP Subset Stability;SHAP Weight Stability;SHAP Adjusted Weight Stability;LIME Subset Stability;LIME Weight Stability;LIME Adjusted Weight Stability;ACV Subset Stability;ACV Weight Stability;ACV Adjusted Weight Stability;LINDA Subset Stability;LINDA Weight Stability;LINDA Adjusted Weight Stability;MAPE Correctness;RMSE Correctness;R2 Correctness;Mode
204481_14;0;14;1;0.6889356321430041;1.0;0.8415806993580215;0.8415806993580215;0.8299319727891158;1.0;1.0;;1.0;1.0;;1.0;1.0;0.36685000246283744;0.36685000246283744;-0.36685000246283744;baseline_min
205298_14;0;14;1;0.5000865461180719;1.0;0.8532454315505541;0.8532454315505541;0.6068667278207303;1.0;1.0;;1.0;1.0;1.0;1.0;1.0;0.24284947409724433;0.24284947409724433;-0.24284947409724433;baseline_min
206910_14;1;14;0;0.5216203369647403;1.0;0.5515309584761592;0.5515309584761592;0.5213675213675218;1.0;1.0;;1.0;1.0;;1.0;1.0;0.33255052987326245;0.33255052987326245;-0.33255052987326245;baseline_min
207867_14;0;14;0;0.8425669869957678;1.0;0.4780712701294285;0.4780712701294285;1.0;1.0;1.0;;1.0;1.0;;1.0;1.0;0.08307515907233344;0.08307515907233344;-0.07677079526427451;baseline_min
209760_14;0;14;0;0.8374069973247649;1.0;0.06681607898438624;0.06681607898438624;0.7831847747530725;1.0;1.0;;1.0;1.0;;1.0;1.0;0.17388053911186252;0.17388053911186252;-0.17388053911186252;baseline_min
210923_14;1;14;0;0.9686237407289162;1.0;0.6698500354828392;0.6698500354828392;0.7221793486649171;1.0;1.0;;1.0;1.0;;1.0;1.0;0.0783512323335755;0.0783512323335755;-0.0783512323335755;baseline_min
213001_14;1;14;1;0.9207755973184396;1.0;0.8785666995871573;0.8785666995871573;0.06986988343724597;1.0;1.0;;1.0;1.0;;1.0;1.0;0.3743673271429504;0.3743673271429504;-0.3743673271429504;baseline_min
213930_14;1;14;0;0.6632033450881841;1.0;0.3836462121603563;0.3836462121603563;0.7221793486649155;1.0;1.0;;1.0;1.0;;1.0;1.0;0.23406814946374854;0.23406814946374854;-0.23406814946374854;baseline_min
