Case ID;Actual;Prefix Length;Prediction;Prediction Probability;SHAP Subset Stability;SHAP Weight Stability;SHAP Adjusted Weight Stability;LIME Subset Stability;LIME Weight Stability;LIME Adjusted Weight Stability;ACV Subset Stability;ACV Weight Stability;ACV Adjusted Weight Stability;LINDA Subset Stability;LINDA Weight Stability;LINDA Adjusted Weight Stability;MAPE Correctness;RMSE Correctness;R2 Correctness;Mode
205059_12;1;12;1;0.5964824942799986;1.0;0.7315488714683387;0.7315488714683387;;1.0;1.0;;1.0;1.0;;1.0;1.0;0.6445047439956053;0.6438480911744177;-0.6438480911744177;permutation
206294_12;0;12;0;0.8396525242434615;1.0;0.6725460375376926;0.6725460375376926;;1.0;1.0;;1.0;1.0;;1.0;1.0;0.6461463760485743;0.6228352008964153;-0.6228352008964153;permutation
206309_12;1;12;1;0.5375993851145167;1.0;0.8185688696643789;0.8185688696643789;;1.0;1.0;;1.0;1.0;;1.0;1.0;0.6712094435326443;0.6679256399928565;-0.2951018694874008;permutation
206351_12;1;12;0;0.8387062456427653;1.0;0.6149306057075503;0.6149306057075503;;1.0;1.0;;1.0;1.0;;1.0;1.0;0.6578559947523989;0.6486621001414345;-0.6486621001414345;permutation
209664_12;0;12;0;0.8837207822194547;1.0;0.7517478668259456;0.7517478668259456;;1.0;1.0;;1.0;1.0;;1.0;1.0;0.6769004907322538;0.6709901299109196;-0.6709901299109196;permutation
209721_12;1;12;1;0.6681568145311931;1.0;0.8328778400856025;0.8328778400856025;;1.0;1.0;;1.0;1.0;;1.0;1.0;0.7249591934337819;0.7216751200773435;-0.7216751200773435;permutation
210032_12;0;12;1;0.5221622519655923;1.0;0.7160268234331719;0.7160268234331719;;1.0;1.0;;1.0;1.0;;1.0;1.0;0.682482498174625;0.6782139042481058;-0.2950776281541782;permutation
212346_12;0;12;0;0.8883723663369051;1.0;0.5864028778402159;0.5864028778402159;;1.0;1.0;;1.0;1.0;;1.0;1.0;0.6585127015103249;0.6519456339310646;-0.6519456339310646;permutation
