Case ID;Actual;Prefix Length;Prediction;Prediction Probability;SHAP Subset Stability;SHAP Weight Stability;SHAP Adjusted Weight Stability;LIME Subset Stability;LIME Weight Stability;LIME Adjusted Weight Stability;ACV Subset Stability;ACV Weight Stability;ACV Adjusted Weight Stability;LINDA Subset Stability;LINDA Weight Stability;LINDA Adjusted Weight Stability;MAPE Correctness;RMSE Correctness;R2 Correctness;Mode
205131_9;1;9;1;0.5806642196409697;1.0;0.8733447629724116;0.8733447629724116;;1.0;1.0;;1.0;1.0;;1.0;1.0;0.5934897045972142;0.5938305947204752;-0.5938305947204752;permutation
206627_9;1;9;0;0.6959577132066533;1.0;0.6248719860417333;0.6248719860417333;;1.0;1.0;;1.0;1.0;;1.0;1.0;0.5756651566598073;0.5736201649842841;-0.2978879006693419;permutation
207041_9;0;9;1;0.6689941029595279;1.0;0.8738688424968629;0.8738688424968629;;1.0;1.0;;1.0;1.0;;1.0;1.0;0.6887097128670419;0.6818924922496992;-0.6818924922496992;permutation
208118_9;1;9;0;0.6592344969698526;1.0;-1.07964622527355;-1.07964622527355;;1.0;1.0;;1.0;1.0;;1.0;1.0;0.5795132095435176;0.5669002749828647;-0.5669002749828647;permutation
208136_9;0;9;1;0.5613503150773232;1.0;0.8414201897073565;0.8414201897073565;;1.0;1.0;;1.0;1.0;;1.0;1.0;0.6416708906073775;0.6348536699900348;-0.2979133209792119;permutation
211275_9;0;9;0;0.6090541826702088;1.0;0.7116504177215034;0.7116504177215034;;1.0;1.0;;1.0;1.0;;1.0;1.0;0.6649631264909913;0.6588281514644213;-0.6588281514644213;permutation
211423_9;0;9;0;0.6595025276218675;1.0;-0.16683578924827902;-0.16683578924827902;;1.0;1.0;;1.0;1.0;;1.0;1.0;0.6834846971380899;0.686552708247438;-0.686552708247438;permutation
213995_9;1;9;0;0.5812713299705227;1.0;0.6377355095378643;0.6377355095378643;;1.0;1.0;;1.0;1.0;;1.0;1.0;0.6982538217313216;0.694504350391783;-0.694504350391783;permutation
