"Case ID;Actual;Prefix Length;Prediction;Prediction Probability;SHAP Subset Stability;SHAP Weight Stability;SHAP Adjusted Weight Stability;LIME Subset Stability;LIME Weight Stability;LIME Adjusted Weight Stability;ACV Subset Stability;ACV Weight Stability;ACV Adjusted Weight Stability;LINDA Subset Stability;LINDA Weight Stability;LINDA Adjusted Weight Stability";MAPE Correctness;RMSE Correctness;R2 Correctness;Mode
"205256_11;0;11;0;1.0;1.0;0.3214723715472701;0.3214723715472701;;1.0;1.0;;1.0;1.0;;1.0;1.0";0.30098574346560936;0.30098574346560936;-0.30378073562839675;permutation
"205364_11;1;11;0;0.943082258855512;1.0;0.1359467184612514;0.1359467184612514;;1.0;1.0;;1.0;1.0;1.0;1.0;1.0";0.5679804869960252;0.5630543769613676;-0.5630543769613676;permutation
"205676_11;0;11;0;0.928451398643266;1.0;-1.4951506449537924;-1.4951506449537924;;1.0;1.0;;1.0;1.0;1.0;1.0;1.0";0.5897711157459047;0.5864873122061168;-0.5864873122061168;permutation
"206255_11;0;11;0;0.9597878011623152;1.0;-13.032218688618965;-13.032218688618965;;1.0;1.0;;1.0;1.0;1.0;1.0;1.0";0.5747600669315867;0.5727894609878212;-0.5727894609878212;permutation
"206907_11;1;11;0;0.9413840675749168;1.0;-4.360055714868008;-4.360055714868008;;1.0;1.0;;1.0;1.0;1.0;1.0;1.0";0.558219928717355;0.5557108761418541;-0.5557108761418541;permutation
"210008_11;1;11;0;0.9358640719573282;1.0;0.10450136694600687;0.10450136694600687;;1.0;1.0;;1.0;1.0;1.0;1.0;1.0";0.5637111916326554;0.5555010082415592;-0.5555010082415592;permutation
"210563_11;0;11;0;0.7706597762004549;1.0;-5.469210029589677;-5.469210029589677;;1.0;1.0;;1.0;1.0;1.0;1.0;1.0";0.5362451180473622;0.5273788484899349;-0.5273788484899349;permutation
"213873_11;1;11;0;0.9728691907528204;1.0;-2.5707402805309854;-2.5707402805309854;;1.0;1.0;;1.0;1.0;1.0;1.0;1.0";0.55812826692671;0.5607555256118607;-0.5607555256118607;permutation
