"Case ID;Actual;Prefix Length;Prediction;Prediction Probability;SHAP Subset Stability;SHAP Weight Stability;SHAP Adjusted Weight Stability;LIME Subset Stability;LIME Weight Stability;LIME Adjusted Weight Stability;ACV Subset Stability;ACV Weight Stability;ACV Adjusted Weight Stability;LINDA Subset Stability;LINDA Weight Stability;LINDA Adjusted Weight Stability";MAPE Correctness;RMSE Correctness;R2 Correctness;Mode
"204481_14;0;14;1;0.6889356321430041;1.0;0.8415806993580215;0.8415806993580215;0.8299319727891158;1.0;1.0;;1.0;1.0;;1.0;1.0";0.6667602667312464;0.6401010809823118;-0.6401010809823118;permutation
"205298_14;0;14;1;0.5000865461180719;1.0;0.8532454315505541;0.8532454315505541;0.6068667278207303;1.0;1.0;;1.0;1.0;1.0;1.0;1.0";0.7135340788970568;0.6978180873854598;-0.6978180873854598;permutation
"206910_14;1;14;0;0.5216203369647403;1.0;0.5515309584761592;0.5515309584761592;0.5213675213675218;1.0;1.0;;1.0;1.0;;1.0;1.0";0.6724658428393849;0.6539460240922956;-0.6539460240922956;permutation
"207867_14;0;14;0;0.8425669869957678;1.0;0.4780712701294285;0.4780712701294285;1.0;1.0;1.0;;1.0;1.0;;1.0;1.0";0.7092339034831766;0.6921134966321779;-0.28414036739837767;permutation
"209760_14;0;14;0;0.8374069973247649;1.0;0.06681607898438624;0.06681607898438624;0.7831847747530725;1.0;1.0;;1.0;1.0;;1.0;1.0";0.6980987300910241;0.6888375208074045;-0.6888375208074045;permutation
"210923_14;1;14;0;0.9686237407289162;1.0;0.6698500354828392;0.6698500354828392;0.7221793486649171;1.0;1.0;;1.0;1.0;;1.0;1.0";0.6658249420341712;0.6554433479105874;-0.6554433479105874;permutation
"213001_14;1;14;1;0.9207755973184396;1.0;0.8785666995871573;0.8785666995871573;0.06986988343724597;1.0;1.0;;1.0;1.0;;1.0;1.0";0.6820096499660147;0.6618019566336883;-0.6618019566336883;permutation
"213930_14;1;14;0;0.6632033450881841;1.0;0.3836462121603563;0.3836462121603563;0.7221793486649155;1.0;1.0;;1.0;1.0;;1.0;1.0";0.6952923030353818;0.6877149499851476;-0.6877149499851476;permutation
