Case ID;Actual;Prefix Length;Prediction;Prediction Probability;SHAP Subset Stability;SHAP Weight Stability;SHAP Adjusted Weight Stability;LIME Subset Stability;LIME Weight Stability;LIME Adjusted Weight Stability;ACV Subset Stability;ACV Weight Stability;ACV Adjusted Weight Stability;LINDA Subset Stability;LINDA Weight Stability;LINDA Adjusted Weight Stability;MAPE Correctness;RMSE Correctness;R2 Correctness;Mode
205238_10;0;10;1;0.5749966137834501;1.0;0.7600632463819428;0.7600632463819428;;1.0;1.0;;1.0;1.0;;1.0;1.0;0.5259728105025413;0.5186118678619205;-0.29654628389589094;permutation
206162_10;1;10;0;0.7816952304887759;1.0;-0.5773885378660233;-0.5773885378660233;;1.0;1.0;;1.0;1.0;;1.0;1.0;0.5210776406097076;0.5137173143860071;-0.5137173143860071;permutation
206414_10;0;10;0;0.7134477227582361;1.0;-0.5975252351602316;-0.5975252351602316;;1.0;1.0;;1.0;1.0;1.0;1.0;1.0;0.49736621089991045;0.47897001614571066;-0.47897001614571066;permutation
206709_10;0;10;0;0.5339054024251658;1.0;-3.7102244726153217;-3.7102244726153217;;1.0;1.0;;1.0;1.0;1.0;1.0;1.0;0.4837336638405953;0.47537035706603453;-0.29649662362862556;permutation
208997_10;1;10;0;0.9286124679032136;1.0;-0.4635966965608904;-0.4635966965608904;;1.0;1.0;;1.0;1.0;;1.0;1.0;0.48728705203726436;0.4805958463793548;-0.4805958463793548;permutation
209823_10;1;10;0;0.8733418476040662;1.0;-0.9069470956530641;-0.9069470956530641;;1.0;1.0;;1.0;1.0;;1.0;1.0;0.5503055857660991;0.5486329244111869;-0.5486329244111869;permutation
210671_10;1;10;0;0.6990465690926895;1.0;-10.213433946569646;-10.213433946569646;;1.0;1.0;;1.0;1.0;;1.0;1.0;0.46855167619511756;0.44533694251101436;-0.44533694251101436;permutation
211227_10;0;10;0;0.8656769467768634;1.0;-1.8295319620171813;-1.8295319620171813;;1.0;1.0;;1.0;1.0;;1.0;1.0;0.4491471797871798;0.4491471797871798;-0.4491471797871798;permutation
