Case ID;Actual;Prefix Length;Prediction;Prediction Probability;SHAP Subset Stability;SHAP Weight Stability;SHAP Adjusted Weight Stability;LIME Subset Stability;LIME Weight Stability;LIME Adjusted Weight Stability;ACV Subset Stability;ACV Weight Stability;ACV Adjusted Weight Stability;LINDA Subset Stability;LINDA Weight Stability;LINDA Adjusted Weight Stability;MAPE Correctness;RMSE Correctness;R2 Correctness;Mode
204862_2;1;2;0;0.9722568118637094;1.0;0.8955754547201501;0.8955754547201501;1.0;0.9603925295465624;0.9603925295465624;;1.0;1.0;1.0;1.0;1.0;0.6727822909227773;0.6774141827707826;-0.6774141827707826;permutation
206165_2;0;2;0;0.6770485709531531;1.0;0.9439638367226232;0.9439638367226232;1.0;0.9714982719784436;0.9714982719784436;;1.0;1.0;1.0;1.0;1.0;0.7650898955277553;0.7627957729024848;-0.7627957729024848;permutation
206309_2;1;2;1;0.5313675404702393;1.0;0.8486759108750811;0.8486759108750811;1.0;0.9809942768143772;0.9809942768143772;;1.0;1.0;1.0;1.0;1.0;0.8151800414701261;0.81977908260677;-0.81977908260677;permutation
207798_2;0;2;0;0.5323815030700038;1.0;0.8971848901089685;0.8971848901089685;1.0;0.9737741512337804;0.9737741512337804;;1.0;1.0;1.0;1.0;1.0;0.9275363425630715;0.9321682344110769;-0.9321682344110769;permutation
209284_2;1;2;0;0.8148795129804431;1.0;0.9096605563305422;0.9096605563305422;1.0;0.9762383335299984;0.9762383335299984;;1.0;1.0;1.0;1.0;1.0;0.7631041819588815;0.7631041819588815;-0.7631041819588815;permutation
209808_2;1;2;0;0.5082592969573249;1.0;0.830074470280289;0.830074470280289;1.0;0.9770798525126738;0.9770798525126738;;1.0;1.0;1.0;1.0;1.0;0.8279506678309565;0.8302666137549591;-0.8302666137549591;permutation
210224_2;0;2;1;0.5582158957806393;1.0;-2.2961113329155243;-2.2961113329155243;1.0;0.9747570430979716;0.9747570430979716;;1.0;1.0;1.0;1.0;1.0;0.8186868841349458;0.8140549922869404;-0.8140549922869404;permutation
213495_2;0;2;0;0.5856854376940318;1.0;0.8849140228354856;0.8849140228354856;1.0;0.9713320787784196;0.9713320787784196;;1.0;1.0;1.0;1.0;1.0;0.7582075276519435;0.7559134050266728;-0.6325790947059564;permutation
