Case ID;Actual;Prefix Length;Prediction;Prediction Probability;SHAP Subset Stability;SHAP Weight Stability;SHAP Adjusted Weight Stability;LIME Subset Stability;LIME Weight Stability;LIME Adjusted Weight Stability;ACV Subset Stability;ACV Weight Stability;ACV Adjusted Weight Stability;LINDA Subset Stability;LINDA Weight Stability;LINDA Adjusted Weight Stability;LIME Precision;LIME Recall;LIME Correlation;LINDA Precision;LINDA Recall;LINDA Correlation
205238_10;0;10;1;0.5749966137834501;1.0;0.7600632463819428;0.7600632463819428;;1.0;1.0;;1.0;1.0;;1.0;1.0;0.0;0.0;0.4921793920160548;0.01818181818181818;1.0;0.0
206162_10;1;10;0;0.7816952304887759;1.0;-0.5773885378660233;-0.5773885378660233;;1.0;1.0;;1.0;1.0;;1.0;1.0;0.0;0.0;0.485614250622787;0.00909090909090909;1.0;0.0
206414_10;0;10;0;0.7134477227582361;1.0;-0.5975252351602316;-0.5975252351602316;;1.0;1.0;;1.0;1.0;1.0;1.0;1.0;0.0;0.0;0.4672633467566744;0.00909090909090909;1.0;0.0
206709_10;0;10;0;0.5339054024251658;1.0;-3.7102244726153217;-3.7102244726153217;;1.0;1.0;;1.0;1.0;1.0;1.0;1.0;0.0;0.0;0.5151796973129439;0.01818181818181818;1.0;0.0
208997_10;1;10;0;0.9286124679032136;1.0;-0.4635966965608904;-0.4635966965608904;;1.0;1.0;;1.0;1.0;;1.0;1.0;0.0;0.0;0.5414858178663319;0.00909090909090909;1.0;0.0
209823_10;1;10;0;0.8733418476040662;1.0;-0.9069470956530641;-0.9069470956530641;;1.0;1.0;;1.0;1.0;;1.0;1.0;0.0;0.0;0.5255501977133992;0.00909090909090909;1.0;0.0
210671_10;1;10;0;0.6990465690926895;1.0;-10.213433946569646;-10.213433946569646;;1.0;1.0;;1.0;1.0;;1.0;1.0;0.0;0.0;0.4832723286425186;0.01818181818181818;1.0;0.0
211227_10;0;10;0;0.8656769467768634;1.0;-1.8295319620171813;-1.8295319620171813;;1.0;1.0;;1.0;1.0;;1.0;1.0;0.0;0.0;0.5177320377807529;0.00909090909090909;1.0;0.0
