Case ID;Actual;Prefix Length;Prediction;Prediction Probability;SHAP Subset Stability;SHAP Weight Stability;SHAP Adjusted Weight Stability;LIME Subset Stability;LIME Weight Stability;LIME Adjusted Weight Stability;ACV Subset Stability;ACV Weight Stability;ACV Adjusted Weight Stability;LINDA Subset Stability;LINDA Weight Stability;LINDA Adjusted Weight Stability;LIME Precision;LIME Recall;LIME Correlation;LINDA Precision;LINDA Recall;LINDA Correlation;SHAP Precision;SHAP Recall;SHAP Correlation
204562_4;1;4;0;0.9845671878010742;1.0;0.6209913245964931;0.6209913245964931;0.803203718512595;0.9887364615961984;0.9887364615961984;;1.0;1.0;1.0;1.0;1.0;0.0;0.0;0.6418485535162178;0.0111111111111111;1.0;0.0;1.0;1.0;0.22683459467913797
207254_4;0;4;0;0.9656054681380596;0.7165532879818594;0.046438316211093;0.046438316211093;0.8903508771929824;0.9790550621502424;0.9790550621502424;;1.0;1.0;;1.0;1.0;0.0;0.0;0.7150440236380045;0.0111111111111111;1.0;0.0;1.0;1.0;0.17673615659049396
209404_4;0;4;0;0.947971268505602;1.0;0.3257276196922269;0.3257276196922269;0.4815330101519535;0.983375710865462;0.983375710865462;;1.0;1.0;1.0;1.0;1.0;0.0;0.0;0.7311975066993642;0.0111111111111111;1.0;0.0;1.0;1.0;0.1566967813550364
209751_4;1;4;0;0.9449591792246916;1.0;0.1137946998786352;0.1137946998786352;0.3211652580471138;0.9807293210837138;0.9807293210837138;;1.0;1.0;1.0;1.0;1.0;0.0;0.0;0.7337214884277017;0.0111111111111111;1.0;0.0;1.0;1.0;0.16003667722761264
209859_4;0;4;0;0.9470566360825906;1.0;0.42217152360262;0.42217152360262;0.550009782396035;0.9905686044753348;0.9905686044753348;;1.0;1.0;1.0;1.0;1.0;0.0;0.0;0.7417982299583815;0.0111111111111111;1.0;0.0;1.0;1.0;0.18564254558403068
211670_4;1;4;0;0.9587378706221228;1.0;0.542074804572988;0.542074804572988;0.5098039215686276;0.985467964987686;0.985467964987686;;1.0;1.0;1.0;1.0;1.0;0.0;0.0;0.7094912638356619;0.0111111111111111;1.0;0.0;1.0;1.0;0.17450955934210982
212413_4;0;4;0;0.9528657815002628;1.0;0.5593940479480328;0.5593940479480328;0.9465078191039732;0.9842246178896088;0.9842246178896088;;1.0;1.0;1.0;1.0;1.0;0.0;0.0;0.6877850209719597;0.0111111111111111;1.0;0.0;1.0;1.0;0.1455637951131155
213720_4;1;4;0;0.9874680545341424;1.0;0.0104611954043731;0.0104611954043731;0.4517004766892545;0.9762587748886612;0.9762587748886612;;1.0;1.0;;1.0;1.0;0.0;0.0;0.6973761515396422;0.0111111111111111;1.0;0.0;1.0;1.0;0.17617950727839793
