Case ID;Actual;Prefix Length;Prediction;Prediction Probability;SHAP Subset Stability;SHAP Weight Stability;SHAP Adjusted Weight Stability;LIME Subset Stability;LIME Weight Stability;LIME Adjusted Weight Stability;ACV Subset Stability;ACV Weight Stability;ACV Adjusted Weight Stability;LINDA Subset Stability;LINDA Weight Stability;LINDA Adjusted Weight Stability;LIME Precision;LIME Recall;LIME Correlation;LINDA Precision;LINDA Recall;LINDA Correlation;SHAP Precision;SHAP Recall;SHAP Correlation
205059_12;1;12;1;0.5964824942799986;1.0;0.7315488714683387;0.7315488714683387;;1.0;1.0;;1.0;1.0;;1.0;1.0;0.0;0.0;0.4947879007648381;0.009009009009009;1.0;0.0;1.0;1.0;0.5495544141305709
206294_12;0;12;0;0.8396525242434615;1.0;0.6725460375376926;0.6725460375376926;;1.0;1.0;;1.0;1.0;;1.0;1.0;0.0;0.0;0.4612986068842717;0.009009009009009;1.0;0.0;1.0;1.0;0.6003549752164088
206309_12;1;12;1;0.5375993851145167;1.0;0.8185688696643789;0.8185688696643789;;1.0;1.0;;1.0;1.0;;1.0;1.0;0.0;0.0;0.524095044950147;0.009009009009009;1.0;0.0;1.0;1.0;0.5711796060422744
206351_12;1;12;0;0.8387062456427653;1.0;0.6149306057075503;0.6149306057075503;;1.0;1.0;;1.0;1.0;;1.0;1.0;0.0;0.0;0.5261862897882302;0.009009009009009;1.0;0.0;1.0;1.0;0.5844226661560953
209664_12;0;12;0;0.8837207822194547;1.0;0.7517478668259456;0.7517478668259456;;1.0;1.0;;1.0;1.0;;1.0;1.0;0.0;0.0;0.5365734984013409;0.009009009009009;1.0;0.0;1.0;1.0;0.4306626440298227
209721_12;1;12;1;0.6681568145311931;1.0;0.8328778400856025;0.8328778400856025;;1.0;1.0;;1.0;1.0;;1.0;1.0;0.0;0.0;0.535139753431641;0.009009009009009;1.0;0.0;1.0;1.0;0.5209182209650982
210032_12;0;12;1;0.5221622519655923;1.0;0.7160268234331719;0.7160268234331719;;1.0;1.0;;1.0;1.0;;1.0;1.0;0.0;0.0;0.5186341620720809;0.009009009009009;1.0;0.0;1.0;1.0;0.5285711045084778
212346_12;0;12;0;0.8883723663369051;1.0;0.5864028778402159;0.5864028778402159;;1.0;1.0;;1.0;1.0;;1.0;1.0;0.0;0.0;0.5589033624718986;0.009009009009009;1.0;0.0;1.0;1.0;0.5336179323682022
