Case ID;Actual;Prefix Length;Prediction;Prediction Probability;SHAP Subset Stability;SHAP Weight Stability;SHAP Adjusted Weight Stability;LIME Subset Stability;LIME Weight Stability;LIME Adjusted Weight Stability;ACV Subset Stability;ACV Weight Stability;ACV Adjusted Weight Stability;LINDA Subset Stability;LINDA Weight Stability;LINDA Adjusted Weight Stability;LIME Precision;LIME Recall;LIME Correlation;LINDA Precision;LINDA Recall;LINDA Correlation;SHAP Precision;SHAP Recall;SHAP Correlation
205131_9;1;9;1;0.5806642196409697;1.0;0.8733447629724116;0.8733447629724116;;1.0;1.0;;1.0;1.0;;1.0;1.0;0.0;0.0;0.5382655046289496;0.0091743119266055;1.0;0.0;0.5;1.0;0.5140660080726928
206627_9;1;9;0;0.6959577132066533;1.0;0.6248719860417333;0.6248719860417333;;1.0;1.0;;1.0;1.0;;1.0;1.0;0.0;0.0;0.5959955124711818;0.018348623853211;1.0;0.0;1.0;1.0;0.4321734030940973
207041_9;0;9;1;0.6689941029595279;1.0;0.8738688424968629;0.8738688424968629;;1.0;1.0;;1.0;1.0;;1.0;1.0;0.0;0.0;0.5486158291806502;0.0091743119266055;1.0;0.0;0.5;1.0;0.5504023011791437
208118_9;1;9;0;0.6592344969698526;1.0;-1.07964622527355;-1.07964622527355;;1.0;1.0;;1.0;1.0;;1.0;1.0;0.0;0.0;0.5658776046130819;0.0091743119266055;1.0;0.0;0.5;1.0;0.4952650839711517
208136_9;0;9;1;0.5613503150773232;1.0;0.8414201897073565;0.8414201897073565;;1.0;1.0;;1.0;1.0;;1.0;1.0;0.0;0.0;0.5288458893903565;0.0091743119266055;1.0;0.0;1.0;1.0;0.6299882587398137
211275_9;0;9;0;0.6090541826702088;1.0;0.7116504177215034;0.7116504177215034;;1.0;1.0;;1.0;1.0;;1.0;1.0;0.0;0.0;0.5698710135791579;0.0091743119266055;1.0;0.0;1.0;1.0;0.569327104921785
211423_9;0;9;0;0.6595025276218675;1.0;-0.166835789248279;-0.166835789248279;;1.0;1.0;;1.0;1.0;;1.0;1.0;0.0;0.0;0.5520244394893216;0.018348623853211;1.0;0.0;1.0;1.0;0.49073893557633624
213995_9;1;9;0;0.5812713299705227;1.0;0.6377355095378643;0.6377355095378643;;1.0;1.0;;1.0;1.0;;1.0;1.0;0.0;0.0;0.5462298019645803;0.0091743119266055;1.0;0.0;1.0;1.0;0.4797307849619607
