Case ID;Actual;Prefix Length;Prediction;Prediction Probability;SHAP Subset Stability;SHAP Weight Stability;SHAP Adjusted Weight Stability;LIME Subset Stability;LIME Weight Stability;LIME Adjusted Weight Stability;ACV Subset Stability;ACV Weight Stability;ACV Adjusted Weight Stability;LINDA Subset Stability;LINDA Weight Stability;LINDA Adjusted Weight Stability;LIME Precision;LIME Recall;LIME Correlation;LINDA Precision;LINDA Recall;LINDA Correlation;SHAP Precision;SHAP Recall;SHAP Correlation
205508_13;1;13;0;0.6534257708738831;1.0;0.7852483996952291;0.7852483996952291;1.0;1.0;1.0;;1.0;1.0;;1.0;1.0;0.0;0.0;0.5344038259043103;0.008695652173913;1.0;0.0;1.0;1.0;0.5409840929335284
205978_13;1;13;0;0.589324614189395;1.0;0.728020342114873;0.728020342114873;1.0;1.0;1.0;;1.0;1.0;;1.0;1.0;0.0;0.0;0.5190001070997674;0.008695652173913;1.0;0.0;1.0;1.0;0.5647541416419408
206234_13;0;13;0;0.8331427657414701;1.0;0.5382951443433772;0.5382951443433772;1.0;1.0;1.0;;1.0;1.0;;1.0;1.0;1.0;1.0;0.5774143796136483;0.008695652173913;1.0;0.0;1.0;1.0;0.6395560147070986
207741_13;0;13;1;0.6074958476089514;1.0;0.8894599132522498;0.8894599132522498;1.0;1.0;1.0;;1.0;1.0;;1.0;1.0;0.0;0.0;0.5396026041820634;0.008695652173913;1.0;0.0;1.0;1.0;0.6056929870398721
210755_13;0;13;1;0.649759779211282;1.0;0.9230605096648388;0.9230605096648388;1.0;1.0;1.0;;1.0;1.0;;1.0;1.0;0.0;0.0;0.5639811481088198;0.008695652173913;1.0;0.0;1.0;1.0;0.6433042802019745
212052_13;1;13;1;0.6644367600030436;1.0;0.8392278438581152;0.8392278438581152;1.0;1.0;1.0;;1.0;1.0;;1.0;1.0;0.0;0.0;0.5965906159391935;0.008695652173913;1.0;0.0;1.0;1.0;0.5978102502143319
212235_13;0;13;0;0.5893442517533234;1.0;0.7918060536189417;0.7918060536189417;0.8315758640890456;1.0;1.0;;1.0;1.0;;1.0;1.0;0.0;0.0;0.5203365435056848;0.008695652173913;1.0;0.0;1.0;1.0;0.5576987909996661
212944_13;1;13;1;0.5479104022697282;1.0;0.8652656634455258;0.8652656634455258;0.8315758640890456;1.0;1.0;;1.0;1.0;;1.0;1.0;0.0;0.0;0.5585628543715153;0.008695652173913;1.0;0.0;1.0;1.0;0.5425422268417471
