Case ID;Actual;Prefix Length;Prediction;Prediction Probability;SHAP Subset Stability;SHAP Weight Stability;SHAP Adjusted Weight Stability;LIME Subset Stability;LIME Weight Stability;LIME Adjusted Weight Stability;ACV Subset Stability;ACV Weight Stability;ACV Adjusted Weight Stability;LINDA Subset Stability;LINDA Weight Stability;LINDA Adjusted Weight Stability;LIME Precision;LIME Recall;LIME Correlation;LINDA Precision;LINDA Recall;LINDA Correlation;SHAP Precision;SHAP Recall;SHAP Correlation
205238_8;0;8;0;0.6686255504998001;1.0;0.7967770922720985;0.7967770922720985;0.0896906219342004;0.9887905487637992;0.9887905487637992;;1.0;1.0;1.0;1.0;1.0;0.0;0.0;0.5827380103689339;0.0092592592592592;1.0;0.0;0.0;0.0;0.3183209807647031
206348_8;0;8;0;0.9140620814969664;1.0;0.875961582700468;0.875961582700468;0.3941410421083585;0.9261919017376028;0.9261919017376028;;1.0;1.0;1.0;1.0;1.0;0.5;1.0;0.5897127322165573;0.0092592592592592;1.0;0.0;0.0;0.0;0.27059994787323144
207873_8;0;8;0;0.8193046539966108;1.0;0.7879252804268548;0.7879252804268548;0.7838218167701863;0.9919034519721192;0.9919034519721192;;1.0;1.0;1.0;1.0;1.0;0.5;1.0;0.5918051487708443;0.0092592592592592;1.0;0.0;0.0;0.0;0.31253661314149445
209502_8;1;8;0;0.9520025383035946;1.0;0.8305859004987675;0.8305859004987675;0.1114020808266683;0.9912352793763444;0.9912352793763444;;1.0;1.0;1.0;1.0;1.0;0.0;0.0;0.5950476666919697;0.0092592592592592;1.0;0.0;1.0;1.0;0.27860209623569493
210251_8;1;8;0;0.9405546764201864;1.0;0.6571470525235921;0.6571470525235921;0.1424564491069835;0.990553755755218;0.990553755755218;;1.0;1.0;1.0;1.0;1.0;0.5;1.0;0.5946988697009429;0.0092592592592592;1.0;0.0;0.0;0.0;0.2528853220271548
212012_8;1;8;1;0.9999996778535806;1.0;0.1307351616950811;0.1307351616950811;1.0;0.9915046080591444;0.9915046080591444;;1.0;1.0;;1.0;1.0;0.5;1.0;0.5148243587557723;0.0092592592592592;1.0;0.0;1.0;1.0;0.4510295334062472
212295_8;1;8;0;0.8793026787067866;1.0;0.8017322288355954;0.8017322288355954;0.1594603943272227;0.989959700202899;0.989959700202899;;1.0;1.0;1.0;1.0;1.0;0.0;0.0;0.5666961501194002;0.0092592592592592;1.0;0.0;0.0;0.0;0.28253020609609936
212557_8;0;8;0;0.9999999716583798;1.0;0.8289542396559562;0.8289542396559562;0.2709161553578665;0.9886608191481708;0.9886608191481708;;1.0;1.0;;1.0;1.0;0.0;0.0;0.4976464038279287;0.0185185185185185;1.0;0.0;1.0;0.5;0.3996636504660753
