Case ID;Actual;Prefix Length;Prediction;Prediction Probability;SHAP Subset Stability;SHAP Weight Stability;SHAP Adjusted Weight Stability;LIME Subset Stability;LIME Weight Stability;LIME Adjusted Weight Stability;ACV Subset Stability;ACV Weight Stability;ACV Adjusted Weight Stability;LINDA Subset Stability;LINDA Weight Stability;LINDA Adjusted Weight Stability;LIME Precision;LIME Recall;LIME Correlation;LINDA Precision;LINDA Recall;LINDA Correlation
205256_11;0;11;0;1.0;1.0;0.3214723715472701;0.3214723715472701;;1.0;1.0;;1.0;1.0;;1.0;1.0;0.0;0.0;0.494540813092056;0.018018018018018018;1.0;0.0
205364_11;1;11;0;0.943082258855512;1.0;0.1359467184612514;0.1359467184612514;;1.0;1.0;;1.0;1.0;1.0;1.0;1.0;0.0;0.0;0.5680980123833047;0.009009009009009009;1.0;0.0
205676_11;0;11;0;0.928451398643266;1.0;-1.4951506449537924;-1.4951506449537924;;1.0;1.0;;1.0;1.0;1.0;1.0;1.0;0.0;0.0;0.5717101962770713;0.009009009009009009;1.0;0.0
206255_11;0;11;0;0.9597878011623152;1.0;-13.032218688618965;-13.032218688618965;;1.0;1.0;;1.0;1.0;1.0;1.0;1.0;0.0;0.0;0.5622795626210723;0.009009009009009009;1.0;0.0
206907_11;1;11;0;0.9413840675749168;1.0;-4.360055714868008;-4.360055714868008;;1.0;1.0;;1.0;1.0;1.0;1.0;1.0;0.0;0.0;0.5580099164095804;0.009009009009009009;1.0;0.0
210008_11;1;11;0;0.9358640719573282;1.0;0.10450136694600687;0.10450136694600687;;1.0;1.0;;1.0;1.0;1.0;1.0;1.0;0.0;0.0;0.5279147920474765;0.009009009009009009;1.0;0.0
210563_11;0;11;0;0.7706597762004549;1.0;-5.469210029589677;-5.469210029589677;;1.0;1.0;;1.0;1.0;1.0;1.0;1.0;0.0;0.0;0.5116165914989529;0.009009009009009009;1.0;0.0
213873_11;1;11;0;0.9728691907528204;1.0;-2.5707402805309854;-2.5707402805309854;;1.0;1.0;;1.0;1.0;1.0;1.0;1.0;0.0;0.0;0.5912974078267381;0.009009009009009009;1.0;0.0
