Case ID;Actual;Prefix Length;Prediction;Prediction Probability;SHAP Subset Stability;SHAP Weight Stability;SHAP Adjusted Weight Stability;LIME Subset Stability;LIME Weight Stability;LIME Adjusted Weight Stability;ACV Subset Stability;ACV Weight Stability;ACV Adjusted Weight Stability;LINDA Subset Stability;LINDA Weight Stability;LINDA Adjusted Weight Stability;LIME Precision;LIME Recall;LIME Correlation;LINDA Precision;LINDA Recall;LINDA Correlation;SHAP Precision;SHAP Recall;SHAP Correlation
205556_7;0;7;0;0.8770665797414922;1.0;-0.0098883614604528;-0.0098883614604528;;1.0;1.0;;1.0;1.0;1.0;1.0;1.0;1.0;0.5;0.6052089170613512;0.0185185185185185;1.0;0.0;1.0;0.5;0.3338443566239841
206222_7;0;7;0;0.9999999994822826;1.0;-0.7746471195074083;-0.7746471195074083;;1.0;1.0;;1.0;1.0;;1.0;1.0;0.0;0.0;0.5133239312990215;0.037037037037037;1.0;0.0;0.0;0.0;0.3874155551895756
206366_7;0;7;1;0.7085151891886249;1.0;0.4279750317527138;0.4279750317527138;;1.0;1.0;;1.0;1.0;1.0;1.0;1.0;1.0;0.1666666666666666;0.5540708828878487;0.0555555555555555;1.0;0.0;1.0;0.6666666666666666;0.346910768065394
207328_7;1;7;0;0.9329923582973862;1.0;-0.2335109263110016;-0.2335109263110016;;1.0;1.0;;1.0;1.0;1.0;1.0;1.0;1.0;0.5;0.6501177283445505;0.0185185185185185;1.0;0.0;1.0;0.5;0.31042913076087786
208601_7;1;7;0;0.9762712640086724;1.0;0.055195674523105;0.055195674523105;;1.0;1.0;;1.0;1.0;1.0;1.0;1.0;1.0;0.5;0.5756949997060932;0.0185185185185185;1.0;0.0;1.0;0.5;0.2632439028852245
210476_7;1;7;0;0.8359705532650786;1.0;0.1758731824392511;0.1758731824392511;;1.0;1.0;;1.0;1.0;1.0;1.0;1.0;1.0;0.5;0.5782489060389046;0.0185185185185185;1.0;0.0;1.0;0.5;0.21976472207772427
211176_7;0;7;0;0.9576039583841766;1.0;0.6286527258335549;0.6286527258335549;;1.0;1.0;;1.0;1.0;1.0;1.0;1.0;1.0;0.5;0.5646820578420859;0.0185185185185185;1.0;0.0;1.0;0.5;0.3211282490703268
212761_7;1;7;1;0.8638121067041884;1.0;0.4460834017934234;0.4460834017934234;;1.0;1.0;;1.0;1.0;;1.0;1.0;0.0;0.0;0.5720988954504522;0.0092592592592592;1.0;0.0;1.0;1.0;0.3521459403896577
