Case ID;Actual;Prefix Length;Prediction;Prediction Probability;SHAP Subset Stability;SHAP Weight Stability;SHAP Adjusted Weight Stability;LIME Subset Stability;LIME Weight Stability;LIME Adjusted Weight Stability;ACV Subset Stability;ACV Weight Stability;ACV Adjusted Weight Stability;LINDA Subset Stability;LINDA Weight Stability;LINDA Adjusted Weight Stability;LIME Precision;LIME Recall;LIME Correlation;LINDA Precision;LINDA Recall;LINDA Correlation
205556_7;0;7;0;0.8770665797414922;1.0;-0.0098883614604528;-0.0098883614604528;;1.0;1.0;;1.0;1.0;1.0;1.0;1.0;1.0;0.5;0.6052089170613512;0.018518518518518517;1.0;0.0
206222_7;0;7;0;0.9999999994822826;1.0;-0.7746471195074083;-0.7746471195074083;;1.0;1.0;;1.0;1.0;;1.0;1.0;0.0;0.0;0.5133239312990215;0.037037037037037035;1.0;0.0
206366_7;0;7;1;0.7085151891886249;1.0;0.4279750317527138;0.4279750317527138;;1.0;1.0;;1.0;1.0;1.0;1.0;1.0;1.0;0.16666666666666666;0.5540708828878487;0.05555555555555555;1.0;0.0
207328_7;1;7;0;0.9329923582973862;1.0;-0.2335109263110016;-0.2335109263110016;;1.0;1.0;;1.0;1.0;1.0;1.0;1.0;1.0;0.5;0.6501177283445505;0.018518518518518517;1.0;0.0
208601_7;1;7;0;0.9762712640086724;1.0;0.05519567452310503;0.05519567452310503;;1.0;1.0;;1.0;1.0;1.0;1.0;1.0;1.0;0.5;0.5756949997060932;0.018518518518518517;1.0;0.0
210476_7;1;7;0;0.8359705532650786;1.0;0.1758731824392511;0.1758731824392511;;1.0;1.0;;1.0;1.0;1.0;1.0;1.0;1.0;0.5;0.5782489060389046;0.018518518518518517;1.0;0.0
211176_7;0;7;0;0.9576039583841766;1.0;0.6286527258335549;0.6286527258335549;;1.0;1.0;;1.0;1.0;1.0;1.0;1.0;1.0;0.5;0.5646820578420859;0.018518518518518517;1.0;0.0
212761_7;1;7;1;0.8638121067041884;1.0;0.4460834017934234;0.4460834017934234;;1.0;1.0;;1.0;1.0;;1.0;1.0;0.0;0.0;0.5720988954504522;0.009259259259259259;1.0;0.0
