Case ID;Actual;Prefix Length;Prediction;Prediction Probability;SHAP Subset Stability;SHAP Weight Stability;SHAP Adjusted Weight Stability;MAPE Correctness;RMSE Correctness;R2 Correctness;Mode
BAME_4;1;4;0;0.8687490284083265;1.0;1.0;1.0;0.9526485876734458;0.9526485876734458;-0.9526485876734458;baseline_max
EOAE_4;1;4;0;0.9999995532364149;1.0;1.0;1.0;0.9510778978524543;0.9510778978524543;-0.9510778978524543;baseline_max
IVZD_4;0;4;0;0.994069638795635;1.0;1.0;1.0;0.9514795079998479;0.9514795079998479;-0.9514795079998479;baseline_max
NXBE_4;0;4;0;0.9785276302218785;1.0;1.0;1.0;0.9507618247086558;0.9507618247086558;-0.9507617620730691;baseline_max
SMOD_4;1;4;0;0.9993576681679962;1.0;1.0;1.0;0.949879199381999;0.949879199381999;-0.949879199381999;baseline_max
UQWD_4;1;4;1;0.6204559043751349;1.0;1.0;1.0;0.9633507869186586;0.9633507551874101;-0.9633507551874101;baseline_max
XRKE_4;0;4;0;0.9493305017469366;1.0;1.0;1.0;0.9519051033632663;0.9519050406521958;-0.9519050406521958;baseline_max
ZUJD_4;0;4;0;0.9994395500284404;1.0;1.0;1.0;0.9513554872813064;0.9513554872813064;-0.9513554872813064;baseline_max
