Case ID;Actual;Prefix Length;Prediction;Prediction Probability;SHAP Subset Stability;SHAP Weight Stability;SHAP Adjusted Weight Stability;MAPE Correctness;RMSE Correctness;R2 Correctness;Mode
BTH_14;1;14;1;0.9994054445854959;1.0;1.0;1.0;0.21552285033947668;0.21552285033947668;-0.21552285033947668;baseline_min
DCNC_14;0;14;0;0.9999943447029953;1.0;1.0;1.0;0.19418156088427752;0.19418156088427752;-0.19418156088427752;baseline_min
FAL_14;0;14;0;0.9986869890185195;1.0;1.0;1.0;0.2367001986084119;0.2367001986084119;-0.2367001986084119;baseline_min
FIL_14;1;14;1;0.8846340810969864;1.0;1.0;1.0;0.2506007834776697;0.2506007834776697;-0.2506007834776697;baseline_min
JTL_14;0;14;0;0.999912903551112;1.0;1.0;1.0;0.24557888440885783;0.24557888440885783;-0.24557888440885783;baseline_min
QGLB_14;1;14;1;0.9639703234955992;1.0;1.0;1.0;0.27007738790756863;0.27007738790756863;-0.27007738790756863;baseline_min
SKO_14;1;14;1;0.9953064111507953;1.0;1.0;1.0;0.20809047266637637;0.20809047266637637;-0.20809047266637637;baseline_min
ZVVA_14;0;14;0;0.9998875301472792;1.0;1.0;1.0;0.23049920537355034;0.23049920537355034;-0.23049920537355034;baseline_min
