Case ID;Actual;Prefix Length;Prediction;Prediction Probability;SHAP Subset Stability;SHAP Weight Stability;SHAP Adjusted Weight Stability;MAPE Correctness;RMSE Correctness;R2 Correctness;Mode
EPMD_3;1;3;1;0.9999859647427761;1.0;1.0;1.0;0.9202197069826831;0.9202197069826831;-0.9202197069826831;baseline_max
EWAE_3;0;3;0;0.9999655049199044;1.0;1.0;1.0;0.9467636444047508;0.9467636444047508;-0.0021202736463304997;baseline_max
LBKE_3;1;3;1;0.9999531696752038;1.0;1.0;1.0;0.9185035442015034;0.9185035442015034;-0.9185035442015034;baseline_max
QIDE_3;0;3;0;0.9989986709510315;1.0;1.0;1.0;0.949002780549738;0.949002780549738;-0.949002780549738;baseline_max
RZLD_3;1;3;0;0.997242119288848;1.0;1.0;1.0;0.947025431913004;0.947025431913004;-0.947025431913004;baseline_max
TALD_3;0;3;0;0.9893362773818797;1.0;1.0;1.0;0.9487285242669959;0.9487285242669959;-0.9487285242669959;baseline_max
XKJD_3;1;3;1;0.9999927879309504;1.0;1.0;1.0;0.9210637968631251;0.9210637968631251;-0.9210637968631251;baseline_max
ZXKE_3;0;3;0;0.9427103754066994;1.0;1.0;1.0;0.9481539186244965;0.9481539186244965;-0.9481539186244965;baseline_max
