"Case ID;Actual;Prefix Length;Prediction;Prediction Probability;SHAP Subset Stability;SHAP Weight Stability;SHAP Adjusted Weight Stability";MAPE Correctness;RMSE Correctness;R2 Correctness;Mode
"DCNC_13;0;13;0;0.9999999999999827;1.0;1.0;1.0";0.22454289042409384;0.22454289042409384;-0.22454289042409384;baseline_0
"KUM_13;1;13;1;0.9999751781692058;1.0;1.0;1.0";0.20611729139678756;0.20611729139678756;-0.20611729139678756;baseline_0
"PFUA_13;1;13;1;0.9993853945548563;1.0;1.0;1.0";0.24564220345448348;0.24564220345448348;-0.24564220345448348;baseline_0
"PHOB_13;0;13;0;0.999787945862568;1.0;1.0;1.0";0.2509065270310389;0.2509065270310389;-0.2509065270310389;baseline_0
"QGLB_13;1;13;1;0.9996343847167156;1.0;1.0;1.0";0.25776009544329875;0.25776009544329875;-0.25776009544329875;baseline_0
"WPRC_13;1;13;1;0.999961241036171;1.0;1.0;1.0";0.25092824353473225;0.25092824353473225;-0.25092824353473225;baseline_0
"WYBB_13;0;13;0;0.9999999668635378;1.0;1.0;1.0";0.23009374677179772;0.23009374677179772;-0.23009374677179772;baseline_0
"YON_13;0;13;0;0.9999999996122858;1.0;1.0;1.0";0.19380772228156454;0.19380772228156454;-0.19380772228156454;baseline_0
