Case ID;Actual;Prefix Length;Prediction;Prediction Probability;SHAP Subset Stability;SHAP Weight Stability;SHAP Adjusted Weight Stability;MAPE Correctness;RMSE Correctness;R2 Correctness;Mode
DSAE_2;1;2;0;0.9735029435419487;1.0;1.0;1.0;0.9038686048726373;0.9038686048726373;-0.9038686048726373;baseline_max
DUOD_2;0;2;0;0.9993249390535314;1.0;1.0;1.0;0.9011617536516676;0.9011617536516676;-0.038381854798372805;baseline_max
OVWD_2;0;2;0;0.9384040140722884;1.0;1.0;1.0;0.9066670849753682;0.9066670849753682;-0.042756932309080425;baseline_max
RCAE_2;1;2;1;0.9999999640620725;1.0;1.0;1.0;0.8745535471639964;0.8745535471639964;-0.8745535471639964;baseline_max
TLHE_2;1;2;1;0.9999999838286557;1.0;1.0;1.0;0.87547924137535;0.87547924137535;-0.87547924137535;baseline_max
VISD_2;1;2;1;0.882774930583885;1.0;1.0;1.0;0.8965137948949697;0.8965137948949697;-0.0463855515644079;baseline_max
YYIE_2;0;2;0;0.9412657362522212;1.0;1.0;1.0;0.9049471067713446;0.9049471067713446;-0.029117370382031344;baseline_max
ZLPD_2;0;2;0;0.9577103220863338;1.0;1.0;1.0;0.9040679426236937;0.9040679426236937;-0.9040679426236937;baseline_max
