Case ID;Actual;Prefix Length;Prediction;Prediction Probability;SHAP Subset Stability;SHAP Weight Stability;SHAP Adjusted Weight Stability;MAPE Correctness;RMSE Correctness;R2 Correctness;Mode
CDPD_7;1;7;0;0.9991374442895146;1.0;1.0;1.0;0.9464067007140827;0.9464067007140827;-0.9464067007140827;baseline_max
DRVD_7;0;7;0;0.9999999979437145;1.0;1.0;1.0;0.946838436697367;0.946838436697367;-0.946838436697367;baseline_max
DWGE_7;0;7;0;0.9999720745025575;1.0;1.0;1.0;0.9453833797881941;0.9453833797881941;-0.9453833797881941;baseline_max
EFZD_7;0;7;0;0.9999988465929256;1.0;1.0;1.0;0.9506571741964933;0.9506571741964933;-0.9506571741964933;baseline_max
GOSD_7;0;7;0;0.9999999999071364;1.0;1.0;1.0;0.94496929702287;0.94496929702287;-0.94496929702287;baseline_max
MRVD_7;1;7;0;0.6909825145865472;1.0;1.0;1.0;0.9529598641303216;0.9529597144131405;-0.9529597144131405;baseline_max
MWUD_7;1;7;1;0.9997098073370351;1.0;1.0;1.0;0.9425426351665218;0.9425426351665218;-0.9425426351665218;baseline_max
SQFE_7;1;7;0;0.9351643864630561;1.0;1.0;1.0;0.9456884051593616;0.9456884051593616;-0.9456884051593616;baseline_max
