"Case ID;Actual;Prefix Length;Prediction;Prediction Probability;SHAP Subset Stability;SHAP Weight Stability;SHAP Adjusted Weight Stability";MAPE Correctness;RMSE Correctness;R2 Correctness;Mode
"BPH_10;1;10;1;0.9574932944935632;1.0;1.0;1.0";0.9211760770760841;0.9211760770760841;-0.9211760770760841;baseline_max
"HYYC_10;0;10;0;0.9840618219289892;1.0;1.0;1.0";0.9211693487961083;0.9211693487961083;-0.9211693487961083;baseline_max
"LW_10;0;10;0;0.999306936792082;1.0;1.0;1.0";0.9238152599643527;0.9238152599643527;-0.9238152599643527;baseline_max
"OHLE_10;0;10;0;0.9969090891456182;1.0;1.0;1.0";0.9202978241768813;0.9202978241768813;-0.9202978241768813;baseline_max
"UKBA_10;1;10;1;0.91975965481773;1.0;1.0;1.0";0.9201786136464642;0.9201786136464642;-0.9201786136464642;baseline_max
"WEYD_10;0;10;0;0.9996313447647327;1.0;1.0;1.0";0.9234071516565668;0.9234071516565668;-0.9234071516565668;baseline_max
"WHC_10;1;10;1;0.9234434413846425;1.0;1.0;1.0";0.9240057596857398;0.9240057596857398;-0.9240057596857398;baseline_max
"ZNND_10;1;10;0;0.9974915929446886;1.0;1.0;1.0";0.9312316575584257;0.9312316575584257;-0.9312316575584257;baseline_max
