"Case ID;Actual;Prefix Length;Prediction;Prediction Probability;SHAP Subset Stability;SHAP Weight Stability;SHAP Adjusted Weight Stability";MAPE Correctness;RMSE Correctness;R2 Correctness;Mode
"DSMD;1;1;1;0.9725404684507775;1.0;1.0;1.0";0.8484845791956512;0.8484845791956512;-0.8484845791956512;baseline_max
"HTPD;1;1;1;0.8774499948444581;1.0;1.0;1.0";0.8699714029217547;0.8699714029217547;-0.8699714029217547;baseline_max
"LIIE;0;1;0;0.9322123136880384;1.0;1.0;1.0";0.8770493525663786;0.8770493525663786;-0.8770493525663786;baseline_max
"MHRD;0;1;0;0.8244489456840474;1.0;1.0;1.0";0.894027167847845;0.894027167847845;-0.894027167847845;baseline_max
"TIOD;0;1;0;0.8051647447150159;1.0;1.0;1.0";0.8969933863623929;0.8969933863623929;-0.8969933863623929;baseline_max
"WXND;1;1;0;0.9259082877654223;1.0;1.0;1.0";0.8785422601430699;0.8785422601430699;-0.8785422601430699;baseline_max
"XGPE;1;1;0;0.948469908063867;1.0;1.0;1.0";0.8762993357527902;0.8762993357527902;-0.08943421818889026;baseline_max
"ZKXD;0;1;0;0.9917133922601966;1.0;1.0;1.0";0.8685693524887521;0.8685693524887521;-0.07448612561931488;baseline_max
