"Case ID;Actual;Prefix Length;Prediction;Prediction Probability;SHAP Subset Stability;SHAP Weight Stability;SHAP Adjusted Weight Stability";MAPE Correctness;RMSE Correctness;R2 Correctness;Mode
"GWSD_9;1;9;1;1.0;1.0;1.0;1.0";0.027053016343999786;0.027053016343999786;-0.0270517793236583;baseline_min
"IQKD_9;0;9;0;0.9999999999999915;1.0;1.0;1.0";0.14990075785697923;0.14990075785697923;-0.14990075785697923;baseline_min
"JXCE_9;1;9;0;1.0;1.0;1.0;1.0";;;;baseline_min
"LJOE_9;1;9;0;0.9961357367166567;1.0;1.0;1.0";0.14280271834342173;0.14280271834342173;-0.14280271834342173;baseline_min
"UQWD_9;1;9;0;1.0;1.0;1.0;1.0";0.018976308369105785;0.018976308369105785;-0.018976308369105785;baseline_min
"XTND_9;0;9;0;1.0;1.0;1.0;1.0";0.026711606535543272;0.026711606535543272;-0.026710353903257274;baseline_min
"ZMID_9;0;9;0;1.0;1.0;1.0;1.0";0.0551694063900521;0.0551694063900521;-0.055164025682933084;baseline_min
"ZNYD_9;0;9;0;0.9999999999908961;1.0;1.0;1.0";0.14652290494210152;0.14652290494210152;-0.14589432024996063;baseline_min
