Case ID;Actual;Prefix Length;Prediction;Prediction Probability;SHAP Subset Stability;SHAP Weight Stability;SHAP Adjusted Weight Stability;MAPE Correctness;RMSE Correctness;R2 Correctness;Mode
CDPD_7;1;7;0;0.9991374442895146;1.0;1.0;1.0;0.8286463175590006;0.8286463175590006;-0.8286463175590006;baseline_mean
DRVD_7;0;7;0;0.9999999979437145;1.0;1.0;1.0;0.8272245130208081;0.8272245130208081;-0.8272245130208081;baseline_mean
DWGE_7;0;7;0;0.9999720745025575;1.0;1.0;1.0;0.8295963046651939;0.8295963046651939;-0.8295963046651939;baseline_mean
EFZD_7;0;7;0;0.9999988465929256;1.0;1.0;1.0;0.8265258770782666;0.8265258770782666;-0.8265258770782666;baseline_mean
GOSD_7;0;7;0;0.9999999999071364;1.0;1.0;1.0;0.8130149726897524;0.8130149726897524;-0.8130149726897524;baseline_mean
MRVD_7;1;7;0;0.6909825145865472;1.0;1.0;1.0;0.8293762341414986;0.8293762341414986;-0.8293762341414986;baseline_mean
MWUD_7;1;7;1;0.9997098073370351;1.0;1.0;1.0;0.8275406261471969;0.8275406261471969;-0.8275406261471969;baseline_mean
SQFE_7;1;7;0;0.9351643864630561;1.0;1.0;1.0;0.8302655731408286;0.8302655731408286;-0.8302655731408286;baseline_mean
