"Case ID;Actual;Prefix Length;Prediction;Prediction Probability;SHAP Subset Stability;SHAP Weight Stability;SHAP Adjusted Weight Stability";MAPE Correctness;RMSE Correctness;R2 Correctness;Mode
"BTH_14;1;14;1;0.9994054445854959;1.0;1.0;1.0";0.8387023053583277;0.8387023053583277;-0.8387023053583277;baseline_max
"DCNC_14;0;14;0;0.9999943447029953;1.0;1.0;1.0";0.8589179966571096;0.8589179966571096;-0.8589179966571096;baseline_max
"FAL_14;0;14;0;0.9986869890185195;1.0;1.0;1.0";0.8501940088196451;0.8501940088196451;-0.8501940088196451;baseline_max
"FIL_14;1;14;1;0.8846340810969864;1.0;1.0;1.0";0.8482894847156458;0.8482894847156458;-0.8482894847156458;baseline_max
"JTL_14;0;14;0;0.999912903551112;1.0;1.0;1.0";0.849644007548303;0.849644007548303;-0.849644007548303;baseline_max
"QGLB_14;1;14;1;0.9639703234955992;1.0;1.0;1.0";0.8385196063413025;0.8385196063413025;-0.8385196063413025;baseline_max
"SKO_14;1;14;1;0.9953064111507953;1.0;1.0;1.0";0.8567709157253013;0.8567709157253013;-0.8567709157253013;baseline_max
"ZVVA_14;0;14;0;0.9998875301472792;1.0;1.0;1.0";0.852401519577223;0.852401519577223;-0.852401519577223;baseline_max
