Case ID;Actual;Prefix Length;Prediction;Prediction Probability;SHAP Subset Stability;SHAP Weight Stability;SHAP Adjusted Weight Stability;MAPE Correctness;RMSE Correctness;R2 Correctness;Mode
DSMD;1;1;1;0.9725404684507775;1.0;1.0;1.0;0.5987227049439513;0.5987227049439513;-0.5987227049439513;baseline_mean
HTPD;1;1;1;0.8774499948444581;1.0;1.0;1.0;0.5985980038924542;0.5985980038924542;-0.5985980038924542;baseline_mean
LIIE;0;1;0;0.9322123136880384;1.0;1.0;1.0;0.5987031090644303;0.5987031090644303;-0.5987031090644303;baseline_mean
MHRD;0;1;0;0.8244489456840474;1.0;1.0;1.0;0.598744082267065;0.598744082267065;-0.598744082267065;baseline_mean
TIOD;0;1;0;0.8051647447150159;1.0;1.0;1.0;0.599246449360239;0.599246449360239;-0.599246449360239;baseline_mean
WXND;1;1;0;0.9259082877654223;1.0;1.0;1.0;0.5990576163394006;0.5990576163394006;-0.5990576163394006;baseline_mean
XGPE;1;1;0;0.948469908063867;1.0;1.0;1.0;0.5986603544182028;0.5986603544182028;-0.12607156592626004;baseline_mean
ZKXD;0;1;0;0.9917133922601966;1.0;1.0;1.0;0.5992250720371253;0.5992250720371253;-0.12607156592626004;baseline_mean
