Case ID;Actual;Prefix Length;Prediction;Prediction Probability;SHAP Subset Stability;SHAP Weight Stability;SHAP Adjusted Weight Stability;MAPE Correctness;RMSE Correctness;R2 Correctness;Mode
BOUD_12;0;12;0;0.9999999378982554;1.0;1.0;1.0;0.8918100142920469;0.8918100142920469;-0.8918100142920469;baseline_max
BQL_12;1;12;1;0.9965928981115297;1.0;1.0;1.0;0.8827618252186723;0.8827618252186723;0.0525901091830689;baseline_max
EKH_12;0;12;0;0.9987674853441225;1.0;1.0;1.0;0.8837246019616204;0.8837246019616204;-0.8837246019616204;baseline_max
FJMA_12;1;12;1;0.9874697227403563;1.0;1.0;1.0;0.8744802741792638;0.8744802741792638;-0.8744802741792638;baseline_max
JXCE_12;1;12;0;0.9999688463217401;1.0;1.0;1.0;0.8824983588955029;0.8824983588955029;-0.8824983588955029;baseline_max
KRJ_12;0;12;0;0.9999147473181574;1.0;1.0;1.0;0.8884398073169639;0.8884398073169639;-0.8884398073169639;baseline_max
PFUA_12;1;12;1;0.9680828944181382;1.0;1.0;1.0;0.8844629906104157;0.8844629906104157;-0.8844629906104157;baseline_max
UJMB_12;0;12;0;0.9965917920058898;1.0;1.0;1.0;0.8855137300802692;0.8855137300802692;-0.8855137300802692;baseline_max
