Case ID;Actual;Prefix Length;Prediction;Prediction Probability;SHAP Subset Stability;SHAP Weight Stability;SHAP Adjusted Weight Stability;MAPE Correctness;RMSE Correctness;R2 Correctness;Mode
DSAE_2;1;2;0;0.9735029435419487;1.0;1.0;1.0;0.6565407478415056;0.6565407478415056;-0.6565407478415056;baseline_mean
DUOD_2;0;2;0;0.9993249390535314;1.0;1.0;1.0;0.6563939115727522;0.6563939115727522;-0.10263214042605392;baseline_mean
OVWD_2;0;2;0;0.9384040140722884;1.0;1.0;1.0;0.6565723528480779;0.6565723528480779;-0.10263214042605392;baseline_mean
RCAE_2;1;2;1;0.9999999640620725;1.0;1.0;1.0;0.6556076054957372;0.6556076054957372;-0.6556076054957372;baseline_mean
TLHE_2;1;2;1;0.9999999838286557;1.0;1.0;1.0;0.6561469404782411;0.6561469404782411;-0.6561469404782411;baseline_mean
VISD_2;1;2;1;0.882774930583885;1.0;1.0;1.0;0.6558652680436771;0.6558652680436771;-0.10263214042605392;baseline_mean
YYIE_2;0;2;0;0.9412657362522212;1.0;1.0;1.0;0.6565896420099463;0.6565896420099463;-0.10263214042605392;baseline_mean
ZLPD_2;0;2;0;0.9577103220863338;1.0;1.0;1.0;0.6572577537709372;0.6572577537709372;-0.6572577537709372;baseline_mean
