"Case ID;Actual;Prefix Length;Prediction;Prediction Probability;SHAP Subset Stability;SHAP Weight Stability;SHAP Adjusted Weight Stability";MAPE Correctness;RMSE Correctness;R2 Correctness;Mode
"BPH_10;1;10;1;0.9574932944935632;1.0;1.0;1.0";0.1681859820572058;0.1681859820572058;-0.1681859820572058;baseline_min
"HYYC_10;0;10;0;0.9840618219289892;1.0;1.0;1.0";0.17495940759793513;0.17495940759793513;-0.17495940759793513;baseline_min
"LW_10;0;10;0;0.999306936792082;1.0;1.0;1.0";0.1698696381269499;0.1698696381269499;-0.1698696381269499;baseline_min
"OHLE_10;0;10;0;0.9969090891456182;1.0;1.0;1.0";0.16945768197199954;0.16945768197199954;-0.16945768197199954;baseline_min
"UKBA_10;1;10;1;0.91975965481773;1.0;1.0;1.0";0.17655946621382676;0.17655946621382676;-0.17655946621382676;baseline_min
"WEYD_10;0;10;0;0.9996313447647327;1.0;1.0;1.0";0.17205359753909222;0.17205359753909222;-0.17205359753909222;baseline_min
"WHC_10;1;10;1;0.9234434413846425;1.0;1.0;1.0";0.17566672571891795;0.17566672571891795;-0.17566672571891795;baseline_min
"ZNND_10;1;10;0;0.9974915929446886;1.0;1.0;1.0";0.16299684749394924;0.16299684749394924;-0.16299684749394924;baseline_min
