"Case ID;Actual;Prefix Length;Prediction;Prediction Probability;SHAP Subset Stability;SHAP Weight Stability;SHAP Adjusted Weight Stability";MAPE Correctness;RMSE Correctness;R2 Correctness;Mode
"DLVD_6;0;6;0;0.9999825569402748;1.0;1.0;1.0";0.8007667314195771;0.8007667314195771;-0.8007667314195771;baseline_mean
"EJSD_6;1;6;0;0.9765594834766781;1.0;1.0;1.0";0.8009215033622471;0.8009215033622471;-0.8009215033622471;baseline_mean
"HCCE_6;0;6;0;0.9999825907554035;1.0;1.0;1.0";0.8008029644011203;0.8008029644011203;-0.8008029644011203;baseline_mean
"KZVD_6;1;6;1;0.9998990975658723;1.0;1.0;1.0";0.7991911523402694;0.7991911523402694;-0.7991911523402694;baseline_mean
"OSBE_6;1;6;1;0.9999144371629236;1.0;1.0;1.0";0.8003859377893974;0.8003859377893974;-0.8003859377893974;baseline_mean
"QLKE_6;0;6;0;0.9999889328256532;1.0;1.0;1.0";0.8009913941573674;0.8009913941573674;-0.07915854038112922;baseline_mean
"UTGE_6;1;6;1;0.999722566815348;1.0;1.0;1.0";0.7998268909518783;0.7998268909518783;-0.7998268909518783;baseline_mean
"XMWD_6;0;6;0;0.9997721650192227;1.0;1.0;1.0";0.8009779397623032;0.8009779397623032;-0.8009779397623032;baseline_mean
