"Case ID;Actual;Prefix Length;Prediction;Prediction Probability;SHAP Subset Stability;SHAP Weight Stability;SHAP Adjusted Weight Stability";MAPE Correctness;RMSE Correctness;R2 Correctness;Mode
"DSAE_2;1;2;0;0.9735029435419487;1.0;1.0;1.0";0.03853481809970163;0.03853481809970163;-0.03853481809970163;baseline_min
"DUOD_2;0;2;0;0.9993249390535314;1.0;1.0;1.0";0.03507521110335111;0.03507521110335111;-0.03470595594507438;baseline_min
"OVWD_2;0;2;0;0.9384040140722884;1.0;1.0;1.0";0.030063055545918836;0.030063055545918836;-0.029786128812699215;baseline_min
"RCAE_2;1;2;1;0.9999999640620725;1.0;1.0;1.0";0.039768875181381065;0.039768875181381065;-0.039768875181381065;baseline_min
"TLHE_2;1;2;1;0.9999999838286557;1.0;1.0;1.0";0.02801110150975488;0.02801110150975488;-0.02801110150975488;baseline_min
"VISD_2;1;2;1;0.882774930583885;1.0;1.0;1.0";0.02326199294835183;0.02326199294835183;-0.02295962842100199;baseline_min
"YYIE_2;0;2;0;0.9412657362522212;1.0;1.0;1.0";0.044071380571027045;0.044071380571027045;-0.04382005321165155;baseline_min
"ZLPD_2;0;2;0;0.9577103220863338;1.0;1.0;1.0";0.03526214066529253;0.03526214066529253;-0.03526214066529253;baseline_min
