Case ID;Actual;Prefix Length;Prediction;Prediction Probability;SHAP Subset Stability;SHAP Weight Stability;SHAP Adjusted Weight Stability;MAPE Correctness;RMSE Correctness;R2 Correctness;Mode
CDPD_7;1;7;0;0.9991374442895146;1.0;1.0;1.0;0.11484509919377599;0.11484509919377599;-0.11484509919377599;baseline_min
DRVD_7;0;7;0;0.9999999979437145;1.0;1.0;1.0;0.11014482758666436;0.11014482758666436;-0.11014482758666436;baseline_min
DWGE_7;0;7;0;0.9999720745025575;1.0;1.0;1.0;0.11548814689959093;0.11548814689959093;-0.11548814689959093;baseline_min
EFZD_7;0;7;0;0.9999988465929256;1.0;1.0;1.0;0.09328601395873996;0.09328601395873996;-0.09328601395873996;baseline_min
GOSD_7;0;7;0;0.9999999999071364;1.0;1.0;1.0;0.11433884303067578;0.11433884303067578;-0.11433884303067578;baseline_min
MRVD_7;1;7;0;0.6909825145865472;1.0;1.0;1.0;0.12076507946955545;0.12076507946955545;-0.12076507946955545;baseline_min
MWUD_7;1;7;1;0.9997098073370351;1.0;1.0;1.0;0.09835270491495586;0.09835270491495586;-0.09835270491495586;baseline_min
SQFE_7;1;7;0;0.9351643864630561;1.0;1.0;1.0;0.1226962749193448;0.1226962749193448;-0.1226962749193448;baseline_min
