"Case ID;Actual;Prefix Length;Prediction;Prediction Probability;SHAP Subset Stability;SHAP Weight Stability;SHAP Adjusted Weight Stability";MAPE Correctness;RMSE Correctness;R2 Correctness;Mode
"ANSD_8;1;8;1;0.9318394372138366;1.0;1.0;1.0";0.933034941935138;0.933034941935138;;baseline_max
"JISD_8;1;8;1;0.608181406243498;1.0;1.0;1.0";0.9435643185656356;0.9435641915453199;;baseline_max
"JRAE_8;0;8;0;0.9999159973878884;1.0;1.0;1.0";0.9297929273832738;0.9297929273832738;-0.9297929273832738;baseline_max
"LSZD_8;0;8;1;0.809591938636959;1.0;1.0;1.0";0.93441402864312;0.93441402864312;-0.93441402864312;baseline_max
"MQJD_8;0;8;0;0.9999999895829174;1.0;1.0;1.0";0.9310785084156388;0.9310785084156388;-0.9310785084156388;baseline_max
"MWUD_8;1;8;1;0.9994995965301032;1.0;1.0;1.0";0.9321631137308459;0.9321631137308459;-0.9321631137308459;baseline_max
"OUMD_8;0;8;0;0.9980651916193041;1.0;1.0;1.0";0.9340873890042984;0.9340873890042984;0.0319665912230985;baseline_max
"SQFE_8;1;8;0;0.9973308699874092;1.0;1.0;1.0";0.9365156488444415;0.9365156488444415;-0.9365156488444415;baseline_max
