"Case ID;Actual;Prefix Length;Prediction;Prediction Probability;SHAP Subset Stability;SHAP Weight Stability;SHAP Adjusted Weight Stability";MAPE Correctness;RMSE Correctness;R2 Correctness;Mode
"BTH_11;1;11;1;0.9982233888212353;1.0;1.0;1.0";0.8979125329991066;0.8979125329991066;-0.8979125329991066;baseline_max
"CJOC_11;1;11;1;0.9312336553822964;1.0;1.0;1.0";0.902764043788527;0.902764043788527;-0.902764043788527;baseline_max
"IOEE_11;1;11;0;0.9995837553482338;1.0;1.0;1.0";0.9185788506825545;0.9185788506825545;-0.9185788506825545;baseline_max
"JHV_11;0;11;0;0.9997668301620929;1.0;1.0;1.0";0.9127523328294485;0.9127523328294485;0.026618971956075283;baseline_max
"PFUA_11;1;11;1;0.8422888362591802;1.0;1.0;1.0";0.9071743518128046;0.9071743518128046;-0.9071743518128046;baseline_max
"POM_11;0;11;0;0.9984750706353621;1.0;1.0;1.0";0.9137596778245944;0.9137596778245944;-0.9137596778245944;baseline_max
"QXEB_11;0;11;0;0.9997334020351396;1.0;1.0;1.0";0.9128535304439174;0.9128535304439174;-0.9128535304439174;baseline_max
"TBD_11;0;11;0;0.9999652324483027;1.0;1.0;1.0";0.9087666415125684;0.9087666415125684;-0.9087666415125684;baseline_max
