"Case ID;Actual;Prefix Length;Prediction;Prediction Probability;SHAP Subset Stability;SHAP Weight Stability;SHAP Adjusted Weight Stability";MAPE Correctness;RMSE Correctness;R2 Correctness;Mode
"ANSD_8;1;8;1;0.9318394372138366;1.0;1.0;1.0";0.130044472315369;0.130044472315369;;baseline_min
"JISD_8;1;8;1;0.608181406243498;1.0;1.0;1.0";0.12934222946517054;0.12934222946517054;;baseline_min
"JRAE_8;0;8;0;0.9999159973878884;1.0;1.0;1.0";0.13335606615331427;0.13335606615331427;-0.13335606615331427;baseline_min
"LSZD_8;0;8;1;0.809591938636959;1.0;1.0;1.0";0.131122088489603;0.131122088489603;-0.131122088489603;baseline_min
"MQJD_8;0;8;0;0.9999999895829174;1.0;1.0;1.0";0.136203944215367;0.136203944215367;-0.136203944215367;baseline_min
"MWUD_8;1;8;1;0.9994995965301032;1.0;1.0;1.0";0.10570727143555438;0.10570727143555438;-0.10570727143555438;baseline_min
"OUMD_8;0;8;0;0.9980651916193041;1.0;1.0;1.0";0.13050589739195761;0.13050589739195761;-0.1296767481861983;baseline_min
"SQFE_8;1;8;0;0.9973308699874092;1.0;1.0;1.0";0.12528999559156967;0.12528999559156967;-0.12528999559156967;baseline_min
