"Case ID;Actual;Prefix Length;Prediction;Prediction Probability;SHAP Subset Stability;SHAP Weight Stability;SHAP Adjusted Weight Stability";MAPE Correctness;RMSE Correctness;R2 Correctness;Mode
"EPMD_3;1;3;1;0.9999859647427761;1.0;1.0;1.0";0.06870305139439364;0.06870305139439364;-0.06870305139439364;baseline_min
"EWAE_3;0;3;0;0.9999655049199044;1.0;1.0;1.0";0.06982999591073379;0.06982999591073379;-0.06954068453753982;baseline_min
"LBKE_3;1;3;1;0.9999531696752038;1.0;1.0;1.0";0.06779294044337025;0.06779294044337025;-0.06779294044337025;baseline_min
"QIDE_3;0;3;0;0.9989986709510315;1.0;1.0;1.0";0.05808214778087603;0.05808214778087603;-0.05808214778087603;baseline_min
"RZLD_3;1;3;0;0.997242119288848;1.0;1.0;1.0";0.06938472296557797;0.06938472296557797;-0.06938472296557797;baseline_min
"TALD_3;0;3;0;0.9893362773818797;1.0;1.0;1.0";0.06618580841847814;0.06618580841847814;-0.06618580841847814;baseline_min
"XKJD_3;1;3;1;0.9999927879309504;1.0;1.0;1.0";0.06829095071612129;0.06829095071612129;-0.06829095071612129;baseline_min
"ZXKE_3;0;3;0;0.9427103754066994;1.0;1.0;1.0";0.06020519315446404;0.06020519315446404;-0.06020519315446404;baseline_min
