Case ID;Actual;Prefix Length;Prediction;Prediction Probability;SHAP Subset Stability;SHAP Weight Stability;SHAP Adjusted Weight Stability;MAPE Correctness;RMSE Correctness;R2 Correctness;Mode
BAME_4;1;4;0;0.8687490284083265;1.0;1.0;1.0;0.07008707353855657;0.07008707353855657;-0.07008707353855657;baseline_min
EOAE_4;1;4;0;0.9999995532364149;1.0;1.0;1.0;0.06960169258339523;0.06960169258339523;-0.06960169258339523;baseline_min
IVZD_4;0;4;0;0.994069638795635;1.0;1.0;1.0;0.07248938521502711;0.07248938521502711;-0.07248938521502711;baseline_min
NXBE_4;0;4;0;0.9785276302218785;1.0;1.0;1.0;0.06826636330980144;0.06826636330980144;-0.06826636330980144;baseline_min
SMOD_4;1;4;0;0.9993576681679962;1.0;1.0;1.0;0.06979048622389047;0.06979048622389047;-0.06979048622389047;baseline_min
UQWD_4;1;4;1;0.6204559043751349;1.0;1.0;1.0;0.07330477036361299;0.07330477036361299;-0.07330477036361299;baseline_min
XRKE_4;0;4;0;0.9493305017469366;1.0;1.0;1.0;0.06506374021239165;0.06506374021239165;-0.06506374021239165;baseline_min
ZUJD_4;0;4;0;0.9994395500284404;1.0;1.0;1.0;0.06796123423035762;0.06796123423035762;-0.06796123423035762;baseline_min
