Case ID;Actual;Prefix Length;Prediction;Prediction Probability;SHAP Subset Stability;SHAP Weight Stability;SHAP Adjusted Weight Stability;MAPE Correctness;RMSE Correctness;R2 Correctness;Mode
DKLE_5;0;5;0;0.5527192432141685;1.0;1.0;1.0;0.06651195932768023;0.06651195932768023;-0.06651195932768023;baseline_0
FUKE_5;1;5;1;0.9116926590193928;1.0;1.0;1.0;0.06143199669252094;0.06143199669252094;-0.06143199669252094;baseline_0
JLZD_5;0;5;0;0.9922888334644733;1.0;1.0;1.0;0.05966804032617844;0.05966804032617844;-0.05966804032617844;baseline_0
LKMD_5;1;5;0;0.9606697172089776;1.0;1.0;1.0;0.06379318692310489;0.06379318692310489;-0.0633483652268405;baseline_0
RLDE_5;1;5;0;0.7358966544640467;1.0;1.0;1.0;0.06766476064661077;0.06766476064661077;-0.06766476064661077;baseline_0
RROD_5;0;5;0;0.9988519904032236;1.0;1.0;1.0;0.05818511151159618;0.05818511151159618;-0.05818511151159618;baseline_0
UAME_5;1;5;1;0.91128497429982;1.0;1.0;1.0;0.061438389744276525;0.061438389744276525;-0.061438389744276525;baseline_0
YFND_5;0;5;0;0.999076316443967;1.0;1.0;1.0;0.062444509963451314;0.062444509963451314;-0.062444509963451314;baseline_0
