Case ID;Actual;Prefix Length;Prediction;Prediction Probability;SHAP Subset Stability;SHAP Weight Stability;SHAP Adjusted Weight Stability;MAPE Correctness;RMSE Correctness;R2 Correctness;Mode
BPH_10;1;10;1;0.9574932944935632;1.0;1.0;1.0;0.8535180955727195;0.8535180955727195;-0.8535180955727195;baseline_mean
HYYC_10;0;10;0;0.9840618219289892;1.0;1.0;1.0;0.8528012112346921;0.8528012112346921;-0.8528012112346921;baseline_mean
LW_10;0;10;0;0.999306936792082;1.0;1.0;1.0;0.8549808732848688;0.8549808732848688;-0.8549808732848688;baseline_mean
OHLE_10;0;10;0;0.9969090891456182;1.0;1.0;1.0;0.8527528375651875;0.8527528375651875;-0.8527528375651875;baseline_mean
UKBA_10;1;10;1;0.91975965481773;1.0;1.0;1.0;0.8544944540327392;0.8544944540327392;-0.8544944540327392;baseline_mean
WEYD_10;0;10;0;0.9996313447647327;1.0;1.0;1.0;0.8543906324910312;0.8543906324910312;-0.8543906324910312;baseline_mean
WHC_10;1;10;1;0.9234434413846425;1.0;1.0;1.0;0.8560968531137821;0.8560968531137821;-0.8560968531137821;baseline_mean
ZNND_10;1;10;0;0.9974915929446886;1.0;1.0;1.0;0.8550260027823254;0.8550260027823254;-0.8550260027823254;baseline_mean
