"Case ID;Actual;Prefix Length;Prediction;Prediction Probability;SHAP Subset Stability;SHAP Weight Stability;SHAP Adjusted Weight Stability";MAPE Correctness;RMSE Correctness;R2 Correctness;Mode
"DKLE_5;0;5;0;0.5527192432141685;1.0;1.0;1.0";0.7925992452037557;0.7925992452037557;-0.7925992452037557;baseline_mean
"FUKE_5;1;5;1;0.9116926590193928;1.0;1.0;1.0";0.7918039868431864;0.7918039868431864;-0.7918039868431864;baseline_mean
"JLZD_5;0;5;0;0.9922888334644733;1.0;1.0;1.0";0.7921593542772931;0.7921593542772931;-0.7921593542772931;baseline_mean
"LKMD_5;1;5;0;0.9606697172089776;1.0;1.0;1.0";0.792108433598039;0.792108433598039;-0.08137390835413583;baseline_mean
"RLDE_5;1;5;0;0.7358966544640467;1.0;1.0;1.0";0.792728435926396;0.792728435926396;-0.792728435926396;baseline_mean
"RROD_5;0;5;0;0.9988519904032236;1.0;1.0;1.0";0.7921747046084352;0.7921747046084352;-0.7921747046084352;baseline_mean
"UAME_5;1;5;1;0.91128497429982;1.0;1.0;1.0";0.7919979814004224;0.7919979814004224;-0.7919979814004224;baseline_mean
"YFND_5;0;5;0;0.999076316443967;1.0;1.0;1.0";0.7925667937591633;0.7925667937591633;-0.7925667937591633;baseline_mean
