Case ID;Actual;Prefix Length;Prediction;Prediction Probability;SHAP Subset Stability;SHAP Weight Stability;SHAP Adjusted Weight Stability;MAPE Correctness;RMSE Correctness;R2 Correctness;Mode
DLVD_6;0;6;0;0.9999825569402748;1.0;1.0;1.0;0.9557942233357842;0.9557942233357842;-0.9557942233357842;baseline_max
EJSD_6;1;6;0;0.9765594834766781;1.0;1.0;1.0;0.9558130861649816;0.9558130861649816;-0.9558130861649816;baseline_max
HCCE_6;0;6;0;0.9999825907554035;1.0;1.0;1.0;0.9550293618073105;0.9550293618073105;-0.9550293618073105;baseline_max
KZVD_6;1;6;1;0.9998990975658723;1.0;1.0;1.0;0.9514116314096062;0.9514116314096062;-0.9514116314096062;baseline_max
OSBE_6;1;6;1;0.9999144371629236;1.0;1.0;1.0;0.9511078454530345;0.9511078454530345;-0.9511078454530345;baseline_max
QLKE_6;0;6;0;0.9999889328256532;1.0;1.0;1.0;0.9548864358872601;0.9548864358872601;0.01785977309244796;baseline_max
UTGE_6;1;6;1;0.999722566815348;1.0;1.0;1.0;0.949903398251126;0.949903398251126;-0.949903398251126;baseline_max
XMWD_6;0;6;0;0.9997721650192227;1.0;1.0;1.0;0.9549737606224664;0.9549737606224664;-0.9549737606224664;baseline_max
