"Case ID;Actual;Prefix Length;Prediction;Prediction Probability;SHAP Subset Stability;SHAP Weight Stability;SHAP Adjusted Weight Stability";MAPE Correctness;RMSE Correctness;R2 Correctness;Mode
"BOUD_12;0;12;0;0.9999999378982554;1.0;1.0;1.0";0.21528844900602892;0.21528844900602892;-0.21528844900602892;baseline_0
"BQL_12;1;12;1;0.9965928981115297;1.0;1.0;1.0";0.19898442960827173;0.19898442960827173;-0.1958689854745459;baseline_0
"EKH_12;0;12;0;0.9987674853441225;1.0;1.0;1.0";0.2193737165323167;0.2193737165323167;-0.2193737165323167;baseline_0
"FJMA_12;1;12;1;0.9874697227403563;1.0;1.0;1.0";0.23072272594567828;0.23072272594567828;-0.23072272594567828;baseline_0
"JXCE_12;1;12;0;0.9999688463217401;1.0;1.0;1.0";0.1940845265810353;0.1940845265810353;-0.1940845265810353;baseline_0
"KRJ_12;0;12;0;0.9999147473181574;1.0;1.0;1.0";0.2065495622533491;0.2065495622533491;-0.2065495622533491;baseline_0
"PFUA_12;1;12;1;0.9680828944181382;1.0;1.0;1.0";0.21982006203073637;0.21982006203073637;-0.21982006203073637;baseline_0
"UJMB_12;0;12;0;0.9965917920058898;1.0;1.0;1.0";0.21566517525707302;0.21566517525707302;-0.21566517525707302;baseline_0
