Case ID;Actual;Prefix Length;Prediction;Prediction Probability;SHAP Subset Stability;SHAP Weight Stability;SHAP Adjusted Weight Stability;MAPE Correctness;RMSE Correctness;R2 Correctness;Mode
BTH_11;1;11;1;0.9982233888212353;1.0;1.0;1.0;0.8443047783571999;0.8443047783571999;-0.8443047783571999;baseline_mean
CJOC_11;1;11;1;0.9312336553822964;1.0;1.0;1.0;0.8462835424676052;0.8462835424676052;-0.8462835424676052;baseline_mean
IOEE_11;1;11;0;0.9995837553482338;1.0;1.0;1.0;0.8439673533350791;0.8439673533350791;-0.8439673533350791;baseline_mean
JHV_11;0;11;0;0.9997668301620929;1.0;1.0;1.0;0.8420668284651918;0.8420668284651918;-0.13624297343541517;baseline_mean
PFUA_11;1;11;1;0.8422888362591802;1.0;1.0;1.0;0.8477811494429276;0.8477811494429276;-0.8477811494429276;baseline_mean
POM_11;0;11;0;0.9984750706353621;1.0;1.0;1.0;0.8421915308381038;0.8421915308381038;-0.8421915308381038;baseline_mean
QXEB_11;0;11;0;0.9997334020351396;1.0;1.0;1.0;0.8411120023610211;0.8411120023610211;-0.8411120023610211;baseline_mean
TBD_11;0;11;0;0.9999652324483027;1.0;1.0;1.0;0.8466344838194474;0.8466344838194474;-0.8466344838194474;baseline_mean
