Case ID;Actual;Prefix Length;Prediction;Prediction Probability;SHAP Subset Stability;SHAP Weight Stability;SHAP Adjusted Weight Stability;MAPE Correctness;RMSE Correctness;R2 Correctness;Mode
DSMD;1;1;1;0.9725404684507775;1.0;1.0;1.0;0.012631827996316227;0.012631827996316227;-0.012631827996316227;baseline_0
HTPD;1;1;1;0.8774499948444581;1.0;1.0;1.0;-0.00830188839475051;-0.00830188839475051;0.00830188839475051;baseline_0
LIIE;0;1;0;0.9322123136880384;1.0;1.0;1.0;-0.0027569992157450533;-0.0027569992157450533;0.0027569992157450533;baseline_0
MHRD;0;1;0;0.8244489456840474;1.0;1.0;1.0;0.006015973078614557;0.006015973078614557;-0.006015973078614557;baseline_0
TIOD;0;1;0;0.8051647447150159;1.0;1.0;1.0;0.008471787506084941;0.008471787506084941;-0.008471787506084941;baseline_0
WXND;1;1;0;0.9259082877654223;1.0;1.0;1.0;0.01829661684002505;0.01829661684002505;-0.01829661684002505;baseline_0
XGPE;1;1;0;0.948469908063867;1.0;1.0;1.0;-0.00037841165706304654;-0.00037841165706304654;0.000665153900713273;baseline_0
ZKXD;0;1;0;0.9917133922601966;1.0;1.0;1.0;0.019623347359126558;0.019623347359126558;-0.019335869206781188;baseline_0
