"Case ID;Actual;Prefix Length;Prediction;Prediction Probability;SHAP Subset Stability;SHAP Weight Stability;SHAP Adjusted Weight Stability";MAPE Correctness;RMSE Correctness;R2 Correctness;Mode
"DCNC_13;0;13;0;0.9999999999999827;1.0;1.0;1.0";0.51253252727709;0.51253252727709;-0.51253252727709;baseline_mean
"KUM_13;1;13;1;0.9999751781692058;1.0;1.0;1.0";0.8655015099509195;0.8655015099509195;-0.8655015099509195;baseline_mean
"PFUA_13;1;13;1;0.9993853945548563;1.0;1.0;1.0";0.8734068050990709;0.8734068050990709;-0.8734068050990709;baseline_mean
"PHOB_13;0;13;0;0.999787945862568;1.0;1.0;1.0";0.8725202600479215;0.8725202600479215;-0.8725202600479215;baseline_mean
"QGLB_13;1;13;1;0.9996343847167156;1.0;1.0;1.0";0.8730285985482917;0.8730285985482917;-0.8730285985482917;baseline_mean
"WPRC_13;1;13;1;0.999961241036171;1.0;1.0;1.0";0.8715093100918675;0.8715093100918675;-0.8715093100918675;baseline_mean
"WYBB_13;0;13;0;0.9999999668635378;1.0;1.0;1.0";0.8693055246449991;0.8693055246449991;-0.8693055246449991;baseline_mean
"YON_13;0;13;0;0.9999999996122858;1.0;1.0;1.0";0.858053155395037;0.858053155395037;-0.858053155395037;baseline_mean
