Case ID;Actual;Prefix Length;Prediction;Prediction Probability;SHAP Subset Stability;SHAP Weight Stability;SHAP Adjusted Weight Stability;MAPE Correctness;RMSE Correctness;R2 Correctness;Mode
BTH_14;1;14;1;0.9994054445854959;1.0;1.0;1.0;0.850577003432881;0.850577003432881;-0.850577003432881;baseline_mean
DCNC_14;0;14;0;0.9999943447029953;1.0;1.0;1.0;0.8448813957146335;0.8448813957146335;-0.8448813957146335;baseline_mean
FAL_14;0;14;0;0.9986869890185195;1.0;1.0;1.0;0.8517096467496295;0.8517096467496295;-0.8517096467496295;baseline_mean
FIL_14;1;14;1;0.8846340810969864;1.0;1.0;1.0;0.8541736146403721;0.8541736146403721;-0.8541736146403721;baseline_mean
JTL_14;0;14;0;0.999912903551112;1.0;1.0;1.0;0.8522323330455619;0.8522323330455619;-0.8522323330455619;baseline_mean
QGLB_14;1;14;1;0.9639703234955992;1.0;1.0;1.0;0.8558014421055306;0.8558014421055306;-0.8558014421055306;baseline_mean
SKO_14;1;14;1;0.9953064111507953;1.0;1.0;1.0;0.8477277477307199;0.8477277477307199;-0.8477277477307199;baseline_mean
ZVVA_14;0;14;0;0.9998875301472792;1.0;1.0;1.0;0.8479886424172207;0.8479886424172207;-0.8479886424172207;baseline_mean
