Case ID;Actual;Prefix Length;Prediction;Prediction Probability;SHAP Subset Stability;SHAP Weight Stability;SHAP Adjusted Weight Stability;MAPE Correctness;RMSE Correctness;R2 Correctness;Mode
DSMD;1;1;1;0.9725404684507775;1.0;1.0;1.0;0.8450393476353562;0.8508771382890123;-0.8508771382890123;permutation
HTPD;1;1;1;0.8774499948444581;1.0;1.0;1.0;0.868438609226987;0.8743387504063918;-0.8743387504063918;permutation
LIIE;0;1;0;0.9322123136880384;1.0;1.0;1.0;0.8766866930617225;0.8819918320811269;-0.8819918320811269;permutation
MHRD;0;1;0;0.8244489456840474;1.0;1.0;1.0;0.892703652404726;0.8979785068830526;-0.8979785068830526;permutation
TIOD;0;1;0;0.8051647447150159;1.0;1.0;1.0;0.8956537229944285;0.9009517362394616;-0.9009517362394616;permutation
WXND;1;1;0;0.9259082877654223;1.0;1.0;1.0;0.877116020967591;0.8822002609814863;-0.8822002609814863;permutation
XGPE;1;1;0;0.948469908063867;1.0;1.0;1.0;0.8746113112760925;0.8797276172746584;-0.12607156592626004;permutation
ZKXD;0;1;0;0.9917133922601966;1.0;1.0;1.0;0.8692099743026761;0.87423008234723;-0.12607156592626004;permutation
