"Case ID;Actual;Prefix Length;Prediction;Prediction Probability;SHAP Subset Stability;SHAP Weight Stability;SHAP Adjusted Weight Stability";MAPE Correctness;RMSE Correctness;R2 Correctness;Mode
"DKLE_5;0;5;0;0.5527192432141685;1.0;1.0;1.0";0.987566375923048;0.9915330513389673;-0.9915328931760795;permutation
"FUKE_5;1;5;1;0.9116926590193928;1.0;1.0;1.0";0.9700149155398132;0.9735403557450186;-0.9735402004521446;permutation
"JLZD_5;0;5;0;0.9922888334644733;1.0;1.0;1.0";0.9731767287030548;0.9768526040233374;-0.9768524259419139;permutation
"LKMD_5;1;5;0;0.9606697172089776;1.0;1.0;1.0";0.9739623141939093;0.9776396255707859;-0.08137390835413583;permutation
"RLDE_5;1;5;0;0.7358966544640467;1.0;1.0;1.0";0.9806373408065056;0.9843248167415094;-0.9843246372979823;permutation
"RROD_5;0;5;0;0.9988519904032236;1.0;1.0;1.0";0.9731053317595931;0.9767950850184013;-0.9767947511355338;permutation
"UAME_5;1;5;1;0.91128497429982;1.0;1.0;1.0";0.9702208456537661;0.9737292143272004;-0.973729059004208;permutation
"YFND_5;0;5;0;0.999076316443967;1.0;1.0;1.0";0.9730720120430629;0.976727173936144;-0.9767269513630437;permutation
