"Case ID;Actual;Prefix Length;Prediction;Prediction Probability;SHAP Subset Stability;SHAP Weight Stability;SHAP Adjusted Weight Stability";MAPE Correctness;RMSE Correctness;R2 Correctness;Mode
"ANSD_8;1;8;1;0.9318394372138366;1.0;1.0;1.0";0.9721596552748952;0.9751666283451237;;permutation
"JISD_8;1;8;1;0.608181406243498;1.0;1.0;1.0";0.9848904026722587;0.9880070008748486;;permutation
"JRAE_8;0;8;0;0.9999159973878884;1.0;1.0;1.0";0.9742258922539568;0.9774095066541686;-0.977408882208469;permutation
"LSZD_8;0;8;1;0.809591938636959;1.0;1.0;1.0";0.9770868914453185;0.9801247176444344;-0.980124190335901;permutation
"MQJD_8;0;8;0;0.9999999895829174;1.0;1.0;1.0";0.973905109903306;0.9770878427743406;-0.9770876456454501;permutation
"MWUD_8;1;8;1;0.9994995965301032;1.0;1.0;1.0";0.9694213551649659;0.9723497892691406;-0.9723492661421932;permutation
"OUMD_8;0;8;0;0.9980651916193041;1.0;1.0;1.0";0.9738477859629527;0.9769488114360383;-0.10288864088323137;permutation
"SQFE_8;1;8;0;0.9973308699874092;1.0;1.0;1.0";0.9740531568511316;0.9771462511172068;-0.9771452654166187;permutation
