"Case ID;Actual;Prefix Length;Prediction;Prediction Probability;SHAP Subset Stability;SHAP Weight Stability;SHAP Adjusted Weight Stability";MAPE Correctness;RMSE Correctness;R2 Correctness;Mode
"DCNC_13;0;13;0;0.9999999999999827;1.0;1.0;1.0";0.9061380018139992;0.9047698275214733;-0.9047698275214733;permutation
"KUM_13;1;13;1;0.9999751781692058;1.0;1.0;1.0";0.9789066499015787;0.9803678651289935;-0.9803661335154599;permutation
"PFUA_13;1;13;1;0.9993853945548563;1.0;1.0;1.0";0.9782425256585635;0.9796546326629293;-0.9796516766535638;permutation
"PHOB_13;0;13;0;0.999787945862568;1.0;1.0;1.0";0.9784834950153637;0.9796896798300375;-0.9796873005115666;permutation
"QGLB_13;1;13;1;0.9996343847167156;1.0;1.0;1.0";0.9780965125116012;0.979358762819969;-0.9793556635465416;permutation
"WPRC_13;1;13;1;0.999961241036171;1.0;1.0;1.0";0.9784382795237133;0.9797538462892282;-0.979751106290425;permutation
"WYBB_13;0;13;0;0.9999999668635378;1.0;1.0;1.0";0.9789976054492785;0.9802238657351573;-0.9802235771732112;permutation
"YON_13;0;13;0;0.9999999996122858;1.0;1.0;1.0";0.9792428508693638;0.9804925955350607;-0.9804925955350607;permutation
