"Case ID;Actual;Prefix Length;Prediction;Prediction Probability;SHAP Subset Stability;SHAP Weight Stability;SHAP Adjusted Weight Stability";MAPE Correctness;RMSE Correctness;R2 Correctness;Mode
"GWSD_9;1;9;1;1.0;1.0;1.0;1.0";0.027053016343999786;0.027053016343999786;-0.0270517793236583;permutation
"IQKD_9;0;9;0;0.9999999999999915;1.0;1.0;1.0";0.9311820707914983;0.9326339640538998;-0.9326339640538998;permutation
"JXCE_9;1;9;0;1.0;1.0;1.0;1.0";;;;permutation
"LJOE_9;1;9;0;0.9961357367166567;1.0;1.0;1.0";0.9570684432934987;0.9620534818964744;-0.9620523880474751;permutation
"UQWD_9;1;9;0;1.0;1.0;1.0;1.0";0.07382990833513063;0.07382990833513063;-0.07379722613355094;permutation
"XTND_9;0;9;0;1.0;1.0;1.0;1.0";0.11390468993246461;0.11390468993246461;-0.11382388307144005;permutation
"ZMID_9;0;9;0;1.0;1.0;1.0;1.0";0.2807087083285918;0.2807743699945243;-0.2799198421596547;permutation
"ZNYD_9;0;9;0;0.9999999999908961;1.0;1.0;1.0";0.9563920299501012;0.961256414889689;-0.10275542267227637;permutation
