Case ID;Actual;Prefix Length;Prediction;Prediction Probability;SHAP Subset Stability;SHAP Weight Stability;SHAP Adjusted Weight Stability;MAPE Correctness;RMSE Correctness;R2 Correctness;Mode
EPMD_3;1;3;1;0.9999859647427761;1.0;1.0;1.0;0.9315098151105348;0.9356078480305642;-0.9356077504679208;permutation
EWAE_3;0;3;0;0.9999655049199044;1.0;1.0;1.0;0.9587804698140042;0.9628968576008571;-0.09535933295704509;permutation
LBKE_3;1;3;1;0.9999531696752038;1.0;1.0;1.0;0.9315286825960596;0.9356660848974957;-0.9356660848974957;permutation
QIDE_3;0;3;0;0.9989986709510315;1.0;1.0;1.0;0.9588447647010395;0.9630868552566999;-0.9630868552566999;permutation
RZLD_3;1;3;0;0.997242119288848;1.0;1.0;1.0;0.9586384408382822;0.962832938008578;-0.962832938008578;permutation
TALD_3;0;3;0;0.9893362773818797;1.0;1.0;1.0;0.958784899551905;0.9628903420542072;-0.9628903420542072;permutation
XKJD_3;1;3;1;0.9999927879309504;1.0;1.0;1.0;0.9315149319603104;0.9356253670231641;-0.9356252694586938;permutation
ZXKE_3;0;3;0;0.9427103754066994;1.0;1.0;1.0;0.9609273305438044;0.9652743849638673;-0.9652743849638673;permutation
