"Case ID;Actual;Prefix Length;Prediction;Prediction Probability;SHAP Subset Stability;SHAP Weight Stability;SHAP Adjusted Weight Stability";MAPE Correctness;RMSE Correctness;R2 Correctness;Mode
"BAME_4;1;4;0;0.8687490284083265;1.0;1.0;1.0";0.9684231446387362;0.9725209318985623;-0.9725207717609118;permutation
"EOAE_4;1;4;0;0.9999995532364149;1.0;1.0;1.0";0.9632156929268624;0.9672554838977067;-0.967255420189433;permutation
"IVZD_4;0;4;0;0.994069638795635;1.0;1.0;1.0";0.9636679426154919;0.967767251845686;-0.9677671562327251;permutation
"NXBE_4;0;4;0;0.9785276302218785;1.0;1.0;1.0";0.964200820454385;0.9683644174835239;-0.9683644174835239;permutation
"SMOD_4;1;4;0;0.9993576681679962;1.0;1.0;1.0";0.9637573336232588;0.9678988256337635;-0.9678986981324982;permutation
"UQWD_4;1;4;1;0.6204559043751349;1.0;1.0;1.0";0.9787055806405861;0.9828493120796727;-0.9828492149766999;permutation
"XRKE_4;0;4;0;0.9493305017469366;1.0;1.0;1.0";0.9649791978949849;0.9690801427016054;-0.969079951216241;permutation
"ZUJD_4;0;4;0;0.9994395500284404;1.0;1.0;1.0";0.963414189455702;0.9674825991841697;-0.9674824398761117;permutation
