Case ID;Actual;Prefix Length;Prediction;Prediction Probability;SHAP Subset Stability;SHAP Weight Stability;SHAP Adjusted Weight Stability;MAPE Correctness;RMSE Correctness;R2 Correctness;Mode
BTH_11;1;11;1;0.9982233888212353;1.0;1.0;1.0;0.9875064656713858;0.9886882791919743;-0.9886866564416447;permutation
CJOC_11;1;11;1;0.9312336553822964;1.0;1.0;1.0;0.9868517369309403;0.9877956040294812;-0.9877946312598709;permutation
IOEE_11;1;11;0;0.9995837553482338;1.0;1.0;1.0;0.9867773438320215;0.9876834255300725;-0.9876826149792608;permutation
JHV_11;0;11;0;0.9997668301620929;1.0;1.0;1.0;0.9860040022334148;0.9869875320570761;-0.13624297343541517;permutation
PFUA_11;1;11;1;0.8422888362591802;1.0;1.0;1.0;0.9874973884110266;0.9884231803192468;-0.9884215580095312;permutation
POM_11;0;11;0;0.9984750706353621;1.0;1.0;1.0;0.9859950719893884;0.9868959420860635;-0.9868944302640176;permutation
QXEB_11;0;11;0;0.9997334020351396;1.0;1.0;1.0;0.9863175050012021;0.9873087146842625;-0.9873075263287523;permutation
TBD_11;0;11;0;0.9999652324483027;1.0;1.0;1.0;0.98657425294914;0.9874589829158307;-0.9874578484036166;permutation
