"Case ID;Actual;Prefix Length;Prediction;Prediction Probability;SHAP Subset Stability;SHAP Weight Stability;SHAP Adjusted Weight Stability";MAPE Correctness;RMSE Correctness;R2 Correctness;Mode
"CDPD_7;1;7;0;0.9991374442895146;1.0;1.0;1.0";0.9768948475157611;0.9798341403498285;-0.9798337044123056;permutation
"DRVD_7;0;7;0;0.9999999979437145;1.0;1.0;1.0";0.9764598901006037;0.9794086437936437;-0.979408618161354;permutation
"DWGE_7;0;7;0;0.9999720745025575;1.0;1.0;1.0";0.976270297596924;0.9792410799373187;-0.9792407467751393;permutation
"EFZD_7;0;7;0;0.9999988465929256;1.0;1.0;1.0";0.9764180357710082;0.9792869075935243;-0.9792865487865013;permutation
"GOSD_7;0;7;0;0.9999999999071364;1.0;1.0;1.0";0.9770437385817013;0.9800009706243539;-0.9800009706243539;permutation
"MRVD_7;1;7;0;0.6909825145865472;1.0;1.0;1.0";0.9844763141333996;0.9873131277978686;-0.9873129727633406;permutation
"MWUD_7;1;7;1;0.9997098073370351;1.0;1.0;1.0";0.9716691603315017;0.9743551418991646;-0.974354606399304;permutation
"SQFE_7;1;7;0;0.9351643864630561;1.0;1.0;1.0";0.9781824108059822;0.9810713112952174;-0.9810709775103302;permutation
