"Case ID;Actual;Prefix Length;Prediction;Prediction Probability;SHAP Subset Stability;SHAP Weight Stability;SHAP Adjusted Weight Stability";MAPE Correctness;RMSE Correctness;R2 Correctness;Mode
"DLVD_6;0;6;0;0.9999825569402748;1.0;1.0;1.0";0.9752651449659632;0.9784096267335028;-0.9784093346110754;permutation
"EJSD_6;1;6;0;0.9765594834766781;1.0;1.0;1.0";0.9755092592596418;0.9786439033203678;-0.9786436111280253;permutation
"HCCE_6;0;6;0;0.9999825907554035;1.0;1.0;1.0";0.9749507979007418;0.9780967967364971;-0.9780964317001732;permutation
"KZVD_6;1;6;1;0.9998990975658723;1.0;1.0;1.0";0.9690470224272062;0.9721848595627672;-0.9721844604499766;permutation
"OSBE_6;1;6;1;0.9999144371629236;1.0;1.0;1.0";0.9690602176718335;0.9722209727944038;-0.9722207732305416;permutation
"QLKE_6;0;6;0;0.9999889328256532;1.0;1.0;1.0";0.9751545622089195;0.9783378666630956;-0.07915854038112922;permutation
"UTGE_6;1;6;1;0.999722566815348;1.0;1.0;1.0";0.9691008642927768;0.9722473610936183;-0.9722469982404486;permutation
"XMWD_6;0;6;0;0.9997721650192227;1.0;1.0;1.0";0.9750109143734716;0.9781730359206754;-0.9781728168817845;permutation
