"Case ID;Actual;Prefix Length;Prediction;Prediction Probability;SHAP Subset Stability;SHAP Weight Stability;SHAP Adjusted Weight Stability";MAPE Correctness;RMSE Correctness;R2 Correctness;Mode
"BTH_14;1;14;1;0.9994054445854959;1.0;1.0;1.0";0.9870027030676086;0.9868217034215924;-0.9868192072004927;permutation
"DCNC_14;0;14;0;0.9999943447029953;1.0;1.0;1.0";0.9849550740451638;0.9843479084187299;-0.984346617324188;permutation
"FAL_14;0;14;0;0.9986869890185195;1.0;1.0;1.0";0.9843065996292742;0.9837005631539439;-0.9836963237926589;permutation
"FIL_14;1;14;1;0.8846340810969864;1.0;1.0;1.0";0.9855921299947453;0.9850581473654407;-0.9850554710478351;permutation
"JTL_14;0;14;0;0.999912903551112;1.0;1.0;1.0";0.9839642005930795;0.9831492862759569;-0.9831464309128201;permutation
"QGLB_14;1;14;1;0.9639703234955992;1.0;1.0;1.0";0.9838770977181983;0.9832168520506017;-0.9832139964997942;permutation
"SKO_14;1;14;1;0.9953064111507953;1.0;1.0;1.0";0.9855163762585976;0.9854039550742069;-0.9853998930138661;permutation
"ZVVA_14;0;14;0;0.9998875301472792;1.0;1.0;1.0";0.9848751412300406;0.9842936866208721;-0.9842906435012168;permutation
