Case ID;Actual;Prefix Length;Prediction;Prediction Probability;SHAP Subset Stability;SHAP Weight Stability;SHAP Adjusted Weight Stability;LIME Precision;LIME Recall;LIME Correlation
DLVD_6;0;6;0;0.9999825569402748;1.0;1.0;1.0;1.0;1.0;0.22335953061450917
EJSD_6;1;6;0;0.976559483476678;1.0;1.0;1.0;1.0;1.0;0.22417202066018893
HCCE_6;0;6;0;0.9999825907554036;1.0;1.0;1.0;1.0;1.0;0.22434706232270926
KZVD_6;1;6;1;0.9998990975658724;1.0;1.0;1.0;0.0;0.0;0.22329036817679246
OSBE_6;1;6;1;0.9999144371629236;1.0;1.0;1.0;0.0;0.0;0.2225645747079689
QLKE_6;0;6;0;0.9999889328256532;1.0;1.0;1.0;1.0;1.0;0.22614453638115853
UTGE_6;1;6;1;0.999722566815348;1.0;1.0;1.0;0.0;0.0;0.22022084477632906
XMWD_6;0;6;0;0.9997721650192228;1.0;1.0;1.0;1.0;1.0;0.22564106680475698
