Case ID;Actual;Prefix Length;Prediction;Prediction Probability;SHAP Subset Stability;SHAP Weight Stability;SHAP Adjusted Weight Stability;SHAP Precision;SHAP Recall;SHAP Correlation;LIME Precision;LIME Recall;LIME Correlation
BTH_11;1;11;1;0.9982233888212352;1.0;1.0;1.0;0.0;0.0;0.40602215161793925;0.0;0.0;-0.06901941862402654
CJOC_11;1;11;1;0.9312336553822964;1.0;1.0;1.0;1.0;1.0;0.4070231526065147;0.0;0.0;-0.07430600027776454
IOEE_11;1;11;0;0.9995837553482338;1.0;1.0;1.0;0.0;0.0;0.4006374815103355;1.0;1.0;-0.07278941722951912
JHV_11;0;11;0;0.9997668301620928;1.0;1.0;1.0;0.0;0.0;0.39920388722950123;1.0;1.0;-0.0739963773453044
PFUA_11;1;11;1;0.8422888362591802;1.0;1.0;1.0;0.0;0.0;0.40628761045487083;0.0;0.0;-0.07300663501523373
POM_11;0;11;0;0.998475070635362;1.0;1.0;1.0;0.0;0.0;0.39979581288476734;1.0;1.0;-0.07155639973822978
QXEB_11;0;11;0;0.9997334020351396;1.0;1.0;1.0;0.0;0.0;0.3974902342128131;1.0;1.0;-0.06979347595517693
TBD_11;0;11;0;0.9999652324483028;1.0;1.0;1.0;0.0;0.0;0.40182775415431493;1.0;1.0;-0.06912386709558488
