Case ID;Actual;Prefix Length;Prediction;Prediction Probability;SHAP Subset Stability;SHAP Weight Stability;SHAP Adjusted Weight Stability;LIME Precision;LIME Recall;LIME Correlation
GWSD_9;1;9;1;1.0;1.0;1.0;1.0;1.0;1.0;-0.05466478131217314
IQKD_9;0;9;0;0.9999999999999916;1.0;1.0;1.0;1.0;1.0;-0.05073062982729656
JXCE_9;1;9;0;1.0;1.0;1.0;1.0;1.0;1.0;-0.0570835331315204
LJOE_9;1;9;0;0.9961357367166568;1.0;1.0;1.0;1.0;1.0;-0.05648219042980837
UQWD_9;1;9;0;1.0;1.0;1.0;1.0;1.0;1.0;-0.05085600991441364
XTND_9;0;9;0;1.0;1.0;1.0;1.0;1.0;1.0;-0.056422511114062136
ZMID_9;0;9;0;1.0;1.0;1.0;1.0;1.0;1.0;-0.05216333483558109
ZNYD_9;0;9;0;0.999999999990896;1.0;1.0;1.0;1.0;1.0;-0.05272252734792078
