Case ID;Actual;Prefix Length;Prediction;Prediction Probability;SHAP Subset Stability;SHAP Weight Stability;SHAP Adjusted Weight Stability;LIME Precision;LIME Recall;LIME Correlation
DKLE_5;0;5;0;0.5527192432141685;1.0;1.0;1.0;1.0;1.0;0.29665832219538085
FUKE_5;1;5;1;0.9116926590193928;1.0;1.0;1.0;0.5;1.0;0.29060615977527393
JLZD_5;0;5;0;0.9922888334644732;1.0;1.0;1.0;1.0;1.0;0.29219350690949086
LKMD_5;1;5;0;0.9606697172089776;1.0;1.0;1.0;1.0;1.0;0.29500912560062154
RLDE_5;1;5;0;0.7358966544640467;1.0;1.0;1.0;1.0;1.0;0.2961586629777943
RROD_5;0;5;0;0.9988519904032236;1.0;1.0;1.0;1.0;1.0;0.2967593552162372
UAME_5;1;5;1;0.9112849742998199;1.0;1.0;1.0;0.5;1.0;0.2910392895286271
YFND_5;0;5;0;0.9990763164439671;1.0;1.0;1.0;1.0;1.0;0.293688722206342
