Case ID;Actual;Prefix Length;Prediction;Prediction Probability;SHAP Subset Stability;SHAP Weight Stability;SHAP Adjusted Weight Stability;SHAP Precision;SHAP Recall;SHAP Correlation;LIME Precision;LIME Recall;LIME Correlation
BPH_10;1;10;1;0.9574932944935632;1.0;1.0;1.0;0.0;0.0;0.3535250051264058;0.0;0.0;-0.044200558406082543
HYYC_10;0;10;0;0.9840618219289892;1.0;1.0;1.0;0.0;0.0;0.3486892060598749;1.0;1.0;-0.052415274183047804
LW_10;0;10;0;0.999306936792082;1.0;1.0;1.0;0.0;0.0;0.35116881036253267;1.0;1.0;-0.05338640237554409
OHLE_10;0;10;0;0.9969090891456182;1.0;1.0;1.0;0.0;0.0;0.34830503913749067;1.0;1.0;-0.050977152320844835
UKBA_10;1;10;1;0.91975965481773;1.0;1.0;1.0;0.0;0.0;0.3507335599075237;0.0;0.0;-0.04445774129441141
WEYD_10;0;10;0;0.9996313447647328;1.0;1.0;1.0;0.0;0.0;0.3499995714722147;1.0;1.0;-0.05352907931304751
WHC_10;1;10;1;0.9234434413846424;1.0;1.0;1.0;0.0;0.0;0.3488540604598446;0.0;0.0;-0.06336439767189105
ZNND_10;1;10;0;0.9974915929446886;1.0;1.0;1.0;0.0;0.0;0.3481060486790971;1.0;1.0;-0.05201303173645171
