Case ID;Actual;Prefix Length;Prediction;Prediction Probability;SHAP Subset Stability;SHAP Weight Stability;SHAP Adjusted Weight Stability;LIME Precision;LIME Recall;LIME Correlation
DCNC_13;0;13;0;0.9999999999999828;1.0;1.0;1.0;0.0;0.0;-0.1462399465736434
KUM_13;1;13;1;0.9999751781692058;1.0;1.0;1.0;0.0;0.0;-0.10288167481875472
PFUA_13;1;13;1;0.9993853945548564;1.0;1.0;1.0;0.0;0.0;-0.11118575833212628
PHOB_13;0;13;0;0.999787945862568;1.0;1.0;1.0;0.0;0.0;-0.14809518626706047
QGLB_13;1;13;1;0.9996343847167156;1.0;1.0;1.0;0.0;0.0;-0.1265380435969025
WPRC_13;1;13;1;0.9999612410361709;1.0;1.0;1.0;0.0;0.0;-0.13582868087354602
WYBB_13;0;13;0;0.9999999668635378;1.0;1.0;1.0;0.0;0.0;-0.15165214280124692
YON_13;0;13;0;0.9999999996122858;1.0;1.0;1.0;0.0;0.0;-0.14551830076532404
