Case ID;Actual;Prefix Length;Prediction;Prediction Probability;SHAP Subset Stability;SHAP Weight Stability;SHAP Adjusted Weight Stability;SHAP Precision;SHAP Recall;SHAP Correlation
ANSD_8;1;8;1;0.9318394372138366;1.0;1.0;1.0;0.0;0.0;0.30389187205047324
JISD_8;1;8;1;0.608181406243498;1.0;1.0;1.0;0.0;0.0;0.3046004624995833
JRAE_8;0;8;0;0.9999159973878884;1.0;1.0;1.0;0.0;0.0;0.30737299666104295
LSZD_8;0;8;1;0.809591938636959;1.0;1.0;1.0;0.0;0.0;0.3044060762798175
MQJD_8;0;8;0;0.9999999895829174;1.0;1.0;1.0;0.0;0.0;0.30345966489939896
MWUD_8;1;8;1;0.9994995965301032;1.0;1.0;1.0;0.0;0.0;0.3026730318476108
OUMD_8;0;8;0;0.998065191619304;1.0;1.0;1.0;0.0;0.0;0.3038800097444456
SQFE_8;1;8;0;0.9973308699874092;1.0;1.0;1.0;0.0;0.0;0.30410325530226484
