Case ID;Actual;Prefix Length;Prediction;Prediction Probability;SHAP Subset Stability;SHAP Weight Stability;SHAP Adjusted Weight Stability;LIME Precision;LIME Recall;LIME Correlation;SHAP Precision;SHAP Recall;SHAP Correlation
EPMD_3;1;3;1;0.999985964742776;1.0;1.0;1.0;0.0;0.0;0.303896487763606;0.0;0.0;0.18319954585743806
EWAE_3;0;3;0;0.9999655049199044;1.0;1.0;1.0;0.0;0.0;0.300629836644918;0.0;0.0;0.18339836217836092
LBKE_3;1;3;1;0.9999531696752038;1.0;1.0;1.0;0.0;0.0;0.3028711968293634;0.0;0.0;0.18069976830097437
QIDE_3;0;3;0;0.9989986709510316;1.0;1.0;1.0;0.0;0.0;0.3009661405727865;0.0;0.0;0.17913043359712685
RZLD_3;1;3;0;0.997242119288848;1.0;1.0;1.0;0.0;0.0;0.3007401986872769;0.0;0.0;0.1824618032798222
TALD_3;0;3;0;0.9893362773818796;1.0;1.0;1.0;0.0;0.0;0.3017174922303621;0.0;0.0;0.18129603542213546
XKJD_3;1;3;1;0.9999927879309504;1.0;1.0;1.0;0.0;0.0;0.3019261836030371;0.0;0.0;0.18288661860435143
ZXKE_3;0;3;0;0.9427103754066994;1.0;1.0;1.0;0.0;0.0;0.3047219883476041;0.0;0.0;0.17993677610359984
