Case ID;Actual;Prefix Length;Prediction;Prediction Probability;SHAP Subset Stability;SHAP Weight Stability;SHAP Adjusted Weight Stability;LIME Precision;LIME Recall;LIME Correlation;SHAP Precision;SHAP Recall;SHAP Correlation
BAME_4;1;4;0;0.8687490284083265;1.0;1.0;1.0;0.0;0.0;0.3015819586692072;0.0;0.0;0.20653832143424863
EOAE_4;1;4;0;0.9999995532364148;1.0;1.0;1.0;0.0;0.0;0.3040468712812838;0.0;0.0;0.20682975478591534
IVZD_4;0;4;0;0.9940696387956348;1.0;1.0;1.0;0.0;0.0;0.3054460190425351;0.0;0.0;0.20765602248435427
NXBE_4;0;4;0;0.9785276302218784;1.0;1.0;1.0;0.0;0.0;0.2998492954397125;0.0;0.0;0.20729481102155212
SMOD_4;1;4;0;0.9993576681679962;1.0;1.0;1.0;0.0;0.0;0.3019386717554722;0.0;0.0;0.2086817018617063
UQWD_4;1;4;1;0.6204559043751349;1.0;1.0;1.0;0.0;0.0;0.3000955878641943;0.0;0.0;0.20985952687116605
XRKE_4;0;4;0;0.9493305017469366;1.0;1.0;1.0;0.0;0.0;0.2986305625841;0.0;0.0;0.20668264756368884
ZUJD_4;0;4;0;0.9994395500284404;1.0;1.0;1.0;0.0;0.0;0.3007198026257038;0.0;0.0;0.2082085163125676
