Case ID;Actual;Prefix Length;Prediction;Prediction Probability;SHAP Subset Stability;SHAP Weight Stability;SHAP Adjusted Weight Stability;LIME Precision;LIME Recall;LIME Correlation;SHAP Precision;SHAP Recall;SHAP Correlation
DSAE_2;1;2;0;0.9735029435419488;1.0;1.0;1.0;1.0;1.0;0.3738621347716953;0.0;0.0;0.15006656385988548
DUOD_2;0;2;0;0.9993249390535314;1.0;1.0;1.0;1.0;1.0;0.3745552231447537;0.0;0.0;0.14861405018520585
OVWD_2;0;2;0;0.9384040140722884;1.0;1.0;1.0;1.0;1.0;0.373406097603154;0.0;0.0;0.1468901592799085
RCAE_2;1;2;1;0.9999999640620724;1.0;1.0;1.0;1.0;1.0;0.3767675541817062;1.0;1.0;0.14943578299533067
TLHE_2;1;2;1;0.9999999838286556;1.0;1.0;1.0;1.0;1.0;0.3743692833523629;1.0;1.0;0.1477503701944597
VISD_2;1;2;1;0.882774930583885;1.0;1.0;1.0;1.0;1.0;0.3731091226740749;0.0;0.0;0.14699049979971035
YYIE_2;0;2;0;0.9412657362522212;1.0;1.0;1.0;1.0;1.0;0.3735336972300349;0.0;0.0;0.14877976249438044
ZLPD_2;0;2;0;0.9577103220863338;1.0;1.0;1.0;1.0;1.0;0.3767160021539581;0.0;0.0;0.14855951195686995
