Case ID;Actual;Prefix Length;Prediction;Prediction Probability;SHAP Subset Stability;SHAP Weight Stability;SHAP Adjusted Weight Stability;SHAP Precision;SHAP Recall;SHAP Correlation
GWSD_9;1;9;1;1.0;1.0;1.0;1.0;1.0;1.0;0.3422659423599849
IQKD_9;0;9;0;0.9999999999999916;1.0;1.0;1.0;0.0;0.0;0.3481555215302022
JXCE_9;1;9;0;1.0;1.0;1.0;1.0;0.0;0.0;0.3463116986688426
LJOE_9;1;9;0;0.9961357367166568;1.0;1.0;1.0;0.0;0.0;0.34505757600415343
UQWD_9;1;9;0;1.0;1.0;1.0;1.0;0.0;0.0;0.34501567366474356
XTND_9;0;9;0;1.0;1.0;1.0;1.0;0.0;0.0;0.34252756936811607
ZMID_9;0;9;0;1.0;1.0;1.0;1.0;0.0;0.0;0.34395179640519646
ZNYD_9;0;9;0;0.999999999990896;1.0;1.0;1.0;0.0;0.0;0.3477495098080324
