Case ID;Actual;Prefix Length;Prediction;Prediction Probability;SHAP Subset Stability;SHAP Weight Stability;SHAP Adjusted Weight Stability;SHAP Precision;SHAP Recall;SHAP Correlation;LIME Precision;LIME Recall;LIME Correlation
DKLE_5;0;5;0;0.5527192432141685;1.0;1.0;1.0;0.0;0.0;0.22174843776838432;1.0;1.0;1.0;0.29665832219538085
FUKE_5;1;5;1;0.9116926590193928;1.0;1.0;1.0;0.0;0.0;0.21805312479459965;1.0;0.5;1.0;0.29060615977527393
JLZD_5;0;5;0;0.9922888334644732;1.0;1.0;1.0;0.0;0.0;0.21950841239186172;1.0;1.0;1.0;0.29219350690949086
LKMD_5;1;5;0;0.9606697172089776;1.0;1.0;1.0;0.0;0.0;0.22035887357611145;1.0;1.0;1.0;0.29500912560062154
RLDE_5;1;5;0;0.7358966544640467;1.0;1.0;1.0;0.0;0.0;0.22171595656563312;1.0;1.0;1.0;0.2961586629777943
RROD_5;0;5;0;0.9988519904032236;1.0;1.0;1.0;0.0;0.0;0.21909423865783056;1.0;1.0;1.0;0.2967593552162372
UAME_5;1;5;1;0.91128497429982;1.0;1.0;1.0;0.0;0.0;0.21810300290513607;1.0;0.5;1.0;0.2910392895286271
YFND_5;0;5;0;0.999076316443967;1.0;1.0;1.0;0.0;0.0;0.2200024574049499;1.0;1.0;1.0;0.293688722206342
