Case ID;Actual;Prefix Length;Prediction;Prediction Probability;SHAP Subset Stability;SHAP Weight Stability;SHAP Adjusted Weight Stability;LIME Precision;LIME Recall;LIME Correlation
EPMD_3;1;3;1;0.999985964742776;1.0;1.0;1.0;0.0;0.0;0.303896487763606
EWAE_3;0;3;0;0.9999655049199044;1.0;1.0;1.0;0.0;0.0;0.300629836644918
LBKE_3;1;3;1;0.9999531696752038;1.0;1.0;1.0;0.0;0.0;0.3028711968293634
QIDE_3;0;3;0;0.9989986709510316;1.0;1.0;1.0;0.0;0.0;0.30096614057278653
RZLD_3;1;3;0;0.9972421192888481;1.0;1.0;1.0;0.0;0.0;0.3007401986872769
TALD_3;0;3;0;0.9893362773818796;1.0;1.0;1.0;0.0;0.0;0.3017174922303621
XKJD_3;1;3;1;0.9999927879309504;1.0;1.0;1.0;0.0;0.0;0.3019261836030371
ZXKE_3;0;3;0;0.9427103754066994;1.0;1.0;1.0;0.0;0.0;0.30472198834760417
