Case ID;Actual;Prefix Length;Prediction;Prediction Probability;SHAP Subset Stability;SHAP Weight Stability;SHAP Adjusted Weight Stability;SHAP Precision;SHAP Recall;SHAP Correlation
BTH_14;1;14;1;0.999405444585496;1.0;1.0;1.0;1.0;1.0;0.5062865848438297
DCNC_14;0;14;0;0.9999943447029952;1.0;1.0;1.0;0.0;0.0;0.501967966713094
FAL_14;0;14;0;0.9986869890185196;1.0;1.0;1.0;0.0;0.0;0.5077376534303586
FIL_14;1;14;1;0.8846340810969864;1.0;1.0;1.0;0.0;0.0;0.5101710418308051
JTL_14;0;14;0;0.999912903551112;1.0;1.0;1.0;0.0;0.0;0.5151127225263573
QGLB_14;1;14;1;0.9639703234955992;1.0;1.0;1.0;0.0;0.0;0.5213402999124214
SKO_14;1;14;1;0.9953064111507952;1.0;1.0;1.0;1.0;1.0;0.5077561824190748
ZVVA_14;0;14;0;0.9998875301472792;1.0;1.0;1.0;0.0;0.0;0.5049667954608716
