Case ID;Actual;Prefix Length;Prediction;Prediction Probability;SHAP Subset Stability;SHAP Weight Stability;SHAP Adjusted Weight Stability;LIME Precision;LIME Recall;LIME Correlation
BAME_4;1;4;0;0.8687490284083265;1.0;1.0;1.0;0.0;0.0;0.30958567781078783
EOAE_4;1;4;0;0.9999995532364148;1.0;1.0;1.0;0.0;0.0;0.30581843439987916
IVZD_4;0;4;0;0.9940696387956348;1.0;1.0;1.0;0.0;0.0;0.3058224122015942
NXBE_4;0;4;0;0.9785276302218784;1.0;1.0;1.0;0.0;0.0;0.3064966495922908
SMOD_4;1;4;0;0.9993576681679962;1.0;1.0;1.0;0.0;0.0;0.3055246074465294
UQWD_4;1;4;1;0.6204559043751349;1.0;1.0;1.0;0.0;0.0;0.3065023511080823
XRKE_4;0;4;0;0.9493305017469366;1.0;1.0;1.0;0.0;0.0;0.30715155472764005
ZUJD_4;0;4;0;0.9994395500284404;1.0;1.0;1.0;0.0;0.0;0.3045842551210977
