Case ID;Actual;Prefix Length;Prediction;Prediction Probability;SHAP Subset Stability;SHAP Weight Stability;SHAP Adjusted Weight Stability;SHAP Precision;SHAP Recall;SHAP Correlation;LIME Precision;LIME Recall;LIME Correlation
CDPD_7;1;7;0;0.9991374442895146;1.0;1.0;1.0;1.0;1.0;0.277064089987222;1.0;1.0;0.045627369141867775
DRVD_7;0;7;0;0.9999999979437144;1.0;1.0;1.0;0.0;0.0;0.2774391268979931;1.0;1.0;0.04776310095949969
DWGE_7;0;7;0;0.9999720745025577;1.0;1.0;1.0;0.0;0.0;0.27991578679941703;1.0;1.0;0.04661995359285074
EFZD_7;0;7;0;0.9999988465929256;1.0;1.0;1.0;0.0;0.0;0.27458242496711033;1.0;1.0;0.0444716574150798
GOSD_7;0;7;0;0.9999999999071364;1.0;1.0;1.0;0.0;0.0;0.2805249657155002;1.0;1.0;0.04194213761009061
MRVD_7;1;7;0;0.6909825145865472;1.0;1.0;1.0;0.0;0.0;0.2779777306524569;1.0;1.0;0.04098986381455368
MWUD_7;1;7;1;0.9997098073370352;1.0;1.0;1.0;1.0;1.0;0.2779662500532662;1.0;1.0;0.044162678858660945
SQFE_7;1;7;0;0.935164386463056;1.0;1.0;1.0;0.0;0.0;0.2802027084569555;1.0;1.0;0.04403232362221857
