Case ID;Actual;Prefix Length;Prediction;Prediction Probability;SHAP Subset Stability;SHAP Weight Stability;SHAP Adjusted Weight Stability;LIME Precision;LIME Recall;LIME Correlation
DSAE_2;1;2;0;0.9735029435419488;1.0;1.0;1.0;1.0;1.0;0.37386213477169533
DUOD_2;0;2;0;0.9993249390535314;1.0;1.0;1.0;1.0;1.0;0.3745552231447537
OVWD_2;0;2;0;0.9384040140722884;1.0;1.0;1.0;1.0;1.0;0.373406097603154
RCAE_2;1;2;1;0.9999999640620724;1.0;1.0;1.0;1.0;1.0;0.3767675541817062
TLHE_2;1;2;1;0.9999999838286556;1.0;1.0;1.0;1.0;1.0;0.37436928335236297
VISD_2;1;2;1;0.882774930583885;1.0;1.0;1.0;1.0;1.0;0.3731091226740749
YYIE_2;0;2;0;0.9412657362522212;1.0;1.0;1.0;1.0;1.0;0.37353369723003493
ZLPD_2;0;2;0;0.9577103220863338;1.0;1.0;1.0;1.0;1.0;0.3767160021539581
