Case ID;Actual;Prefix Length;Prediction;Prediction Probability;SHAP Subset Stability;SHAP Weight Stability;SHAP Adjusted Weight Stability;LIME Precision;LIME Recall;LIME Correlation
BTH_14;1;14;1;0.999405444585496;1.0;1.0;1.0;0.0;0.0;-0.03269571612197797
DCNC_14;0;14;0;0.9999943447029952;1.0;1.0;1.0;0.0;0.0;-0.040650568714683394
FAL_14;0;14;0;0.9986869890185196;1.0;1.0;1.0;0.0;0.0;-0.0374053670697464
FIL_14;1;14;1;0.8846340810969864;1.0;1.0;1.0;0.0;0.0;-0.04836228445157669
JTL_14;0;14;0;0.9999129035511121;1.0;1.0;1.0;0.0;0.0;-0.041088815393060835
QGLB_14;1;14;1;0.9639703234955992;1.0;1.0;1.0;0.0;0.0;-0.039877633648367036
SKO_14;1;14;1;0.9953064111507952;1.0;1.0;1.0;0.0;0.0;-0.03274899611198618
ZVVA_14;0;14;0;0.9998875301472792;1.0;1.0;1.0;0.0;0.0;-0.03925478306094705
