Case ID;Actual;Prefix Length;Prediction;Prediction Probability;SHAP Subset Stability;SHAP Weight Stability;SHAP Adjusted Weight Stability;LIME Precision;LIME Recall;LIME Correlation
ANSD_8;1;8;1;0.9318394372138366;1.0;1.0;1.0;0.0;0.0;-0.001507630049188577
JISD_8;1;8;1;0.6081814062434979;1.0;1.0;1.0;0.0;0.0;-7.709013191014231e-05
JRAE_8;0;8;0;0.9999159973878884;1.0;1.0;1.0;0.0;0.0;0.00019494520268376303
LSZD_8;0;8;1;0.809591938636959;1.0;1.0;1.0;0.0;0.0;-0.0022840474161230123
MQJD_8;0;8;0;0.9999999895829174;1.0;1.0;1.0;0.0;0.0;-0.0034529114057134424
MWUD_8;1;8;1;0.9994995965301032;1.0;1.0;1.0;0.0;0.0;-0.004258388927085208
OUMD_8;0;8;0;0.998065191619304;1.0;1.0;1.0;0.0;0.0;-0.005726599414930554
SQFE_8;1;8;0;0.9973308699874092;1.0;1.0;1.0;0.0;0.0;-0.002308667824743529
