Case ID;Actual;Prefix Length;Prediction;Prediction Probability;SHAP Subset Stability;SHAP Weight Stability;SHAP Adjusted Weight Stability;LIME Precision;LIME Recall;LIME Correlation;SHAP Precision;SHAP Recall;SHAP Correlation
DSMD;1;1;1;0.9725404684507776;1.0;1.0;1.0;0.0;0.0;0.5030748702749553;0.0;0.0;0.07724398331508167
HTPD;1;1;1;0.8774499948444581;1.0;1.0;1.0;0.0;0.0;0.5030892559934719;0.0;0.0;0.07686190995528895
LIIE;0;1;0;0.9322123136880384;1.0;1.0;1.0;0.0;0.0;0.5035819668526631;0.0;0.0;0.07742427561749471
MHRD;0;1;0;0.8244489456840474;1.0;1.0;1.0;0.0;0.0;0.5037797704822653;0.0;0.0;0.07933126072344275
TIOD;0;1;0;0.8051647447150159;1.0;1.0;1.0;0.0;0.0;0.5042904634896023;0.0;0.0;0.08074410331983366
WXND;1;1;0;0.9259082877654224;1.0;1.0;1.0;0.0;0.0;0.5041117698744592;0.0;0.0;0.08116958863350011
XGPE;1;1;0;0.9484699080638672;1.0;1.0;1.0;0.0;0.0;0.5039218294526161;0.0;0.0;0.07727102716044364
ZKXD;0;1;0;0.9917133922601966;1.0;1.0;1.0;0.0;0.0;0.5026253165713137;0.0;0.0;0.07831221520687888
