Case ID;Actual;Prefix Length;Prediction;Prediction Probability;SHAP Subset Stability;SHAP Weight Stability;SHAP Adjusted Weight Stability;SHAP Precision;SHAP Recall;SHAP Correlation;MAPE Correctness;RMSE Correctness;R2 Correctness;Mode
1037_14;1;14;1;0.999999373834237;1.0;1.0;1.0;0.0;0.0;0.24584746361049373;0.8273811639950116;0.8273811639950116;-0.8273811639950116;baseline_max
1062_14;1;14;1;0.9994030227407904;1.0;1.0;1.0;0.0;0.0;0.2460752018870777;0.8243210799663055;0.8243210799663055;-0.8243210799663055;baseline_max
1098_14;0;14;0;0.984118324302933;1.0;1.0;1.0;0.0;0.0;0.24219802012620628;0.8594807036775177;0.8594807036775177;-0.8594807036775177;baseline_max
1128_14;0;14;0;0.9994245793434288;1.0;1.0;1.0;0.0;0.0;0.24333450751442925;0.8691969288239466;0.8691969288239466;-0.8691969288239466;baseline_max
948_14;0;14;0;0.9960080754629904;1.0;1.0;1.0;0.0;0.0;0.24461746599171538;0.8592836435940698;0.8592836435940698;-0.09403291826636101;baseline_max
962_14;1;14;1;0.9999972409661808;1.0;1.0;1.0;0.0;0.0;0.24625971555964474;0.822079642026125;0.822079642026125;-0.0838468034436573;baseline_max
990_14;1;14;1;0.9999996733675656;1.0;1.0;1.0;0.0;0.0;0.24670575865216876;0.8208241525061731;0.8208241525061731;-0.8208241525061731;baseline_max
996_14;0;14;1;0.9999998045305074;1.0;1.0;1.0;0.0;0.0;0.24576467986456088;0.8344985954642044;0.8344985954642044;-0.8344985954642044;baseline_max
