"Case ID;Actual;Prefix Length;Prediction;Prediction Probability;SHAP Subset Stability;SHAP Weight Stability;SHAP Adjusted Weight Stability;SHAP Precision;SHAP Recall;SHAP Correlation";MAPE Correctness;RMSE Correctness;R2 Correctness;Mode
"937.0;0.0;1.0;1.0;0.7256324662359142;1.0;1.0;1.0;0.0;0.0;0.012495801837813781";-0.08141051791527279;-0.08141051791527279;;baseline_min
"945.0;0.0;1.0;1.0;0.9411252565058325;1.0;1.0;1.0;0.0;0.0;0.017973553437919967";-0.08209983789967175;-0.08209983789967175;0.08209983789967175;baseline_min
"950.0;0.0;1.0;0.0;0.5362212730145052;1.0;1.0;1.0;0.0;0.0;0.009705448509721637";-0.08034499790138172;-0.08034499790138172;0.08034499790138172;baseline_min
"955.0;1.0;1.0;1.0;0.9994839546319112;1.0;1.0;1.0;0.0;0.0;0.012044037490821237";-0.08774406058996159;-0.08774406058996159;0.08774406058996159;baseline_min
"1001.0;0.0;1.0;0.0;0.979350688688079;1.0;1.0;1.0;0.0;0.0;0.005848501469646557";-0.05319927261836355;-0.05319927261836355;0.05319927261836355;baseline_min
"1007.0;1.0;1.0;0.0;0.9999966870513436;1.0;1.0;1.0;0.0;0.0;0.01578825050049425";-0.07724993589001108;-0.07724993589001108;0.07724993589001108;baseline_min
"1116.0;1.0;1.0;1.0;0.9998429570155112;1.0;1.0;1.0;0.0;0.0;0.007754446093421976";-0.09956445490850636;-0.09956445490850636;0.09956445490850636;baseline_min
"1132.0;1.0;1.0;1.0;0.9998241612154528;1.0;1.0;1.0;0.0;0.0;0.0072543045964028946";-0.0758737635563807;-0.0758737635563807;0.0758737635563807;baseline_min
