Case ID;Actual;Prefix Length;Prediction;Prediction Probability;SHAP Subset Stability;SHAP Weight Stability;SHAP Adjusted Weight Stability;SHAP Precision;SHAP Recall;SHAP Correlation;MAPE Correctness;RMSE Correctness;R2 Correctness;Mode
1019_7;0;7;0;0.7024635480245599;1.0;1.0;1.0;0.0;0.0;0.15299508547389074;0.0345519995028545;0.0345519995028545;-0.0345519995028545;baseline_0
1024_7;0;7;1;0.7751687452272737;1.0;1.0;1.0;0.0;0.0;0.15280157044577236;0.0033367476432097764;0.0033367476432097764;-0.0033367476432097764;baseline_0
1037_7;1;7;1;0.9999353386948588;1.0;1.0;1.0;0.0;0.0;0.15217657453397695;0.01141066691372871;0.01141066691372871;-0.01141066691372871;baseline_0
1039_7;0;7;1;0.9969055309406;1.0;1.0;1.0;0.0;0.0;0.15135806359406312;0.00682743561856655;0.00682743561856655;-0.0020379183437297162;baseline_0
1049_7;1;7;1;0.9996093386471132;1.0;1.0;1.0;0.0;0.0;0.15271525267392022;0.011300684582030122;0.011300684582030122;-0.011300684582030122;baseline_0
965_7;1;7;1;0.995497324292186;1.0;1.0;1.0;0.0;0.0;0.1513728981178572;0.0029145317900126345;0.0029145317900126345;-0.0029145317900126345;baseline_0
972_7;0;7;1;0.8043180081702647;1.0;1.0;1.0;0.0;0.0;0.15586151411142926;0.0033456850482851365;0.0033456850482851365;0.0012885492666631839;baseline_0
989_7;1;7;1;0.999969085534198;1.0;1.0;1.0;0.0;0.0;0.1549044084443174;0.020129948093678754;0.020129948093678754;-0.020129948093678754;baseline_0
