"Case ID;Actual;Prefix Length;Prediction;Prediction Probability;SHAP Subset Stability;SHAP Weight Stability;SHAP Adjusted Weight Stability;SHAP Precision;SHAP Recall;SHAP Correlation";MAPE Correctness;RMSE Correctness;R2 Correctness;Mode
"1042_3;1;3;0;0.6983988775575922;1.0;1.0;1.0;0.0;0.0;0.11912501768883488";0.7383811690220123;0.7383811690220123;-0.7383811690220123;baseline_mean
"1051_3;0;3;0;0.9999468666135938;1.0;1.0;1.0;0.0;0.0;0.12024529185180491";0.7359017871290395;0.7359017871290395;-0.7359017871290395;baseline_mean
"1064_3;1;3;1;0.9999999999999972;1.0;1.0;1.0;0.0;0.0;0.12106574432556715";0.2289596578392257;0.2289596578392257;-0.2289596578392257;baseline_mean
"1073_3;0;3;0;0.9999998330319582;1.0;1.0;1.0;0.0;0.0;0.12065482316565762";0.7379421039997985;0.7379421039997985;-0.7379421039997985;baseline_mean
"1108_3;0;3;1;0.9999983190266096;1.0;1.0;1.0;0.0;0.0;0.12102378745658067";0.7386269363480826;0.7386269363480826;-0.7386269363480826;baseline_mean
"918_3;1;3;1;0.9999999999972408;1.0;1.0;1.0;0.0;0.0;0.12047219153903116";0.7363489921877825;0.7363489921877825;-0.7363489921877825;baseline_mean
"958_3;0;3;0;0.99999998422367;1.0;1.0;1.0;0.0;0.0;0.11949054654591396";0.737967281659662;0.737967281659662;-0.737967281659662;baseline_mean
"981_3;1;3;1;1.0;1.0;1.0;1.0;0.0;0.0;0.12055669009371521";0.10840099607461487;0.10840099607461487;-0.10841194321015746;baseline_mean
