"Case ID;Actual;Prefix Length;Prediction;Prediction Probability;SHAP Subset Stability;SHAP Weight Stability;SHAP Adjusted Weight Stability;SHAP Precision;SHAP Recall;SHAP Correlation";MAPE Correctness;RMSE Correctness;R2 Correctness;Mode
"1017_13;1;13;1;0.9997118967337288;1.0;1.0;1.0;0.0;0.0;0.25971151858730745";0.0972245729524123;0.0972245729524123;-0.0972245729524123;baseline_min
"1034_13;0;13;0;0.9623390802308048;1.0;1.0;1.0;0.0;0.0;0.25871389432609254";0.0667696689634181;0.0667696689634181;-0.0667696689634181;baseline_min
"1088_13;0;13;1;0.7810433097162385;1.0;1.0;1.0;0.0;0.0;0.26235542282902574";0.08367507426513918;0.08367507426513918;-0.08367507426513918;baseline_min
"1100_13;1;13;1;0.999819223573102;1.0;1.0;1.0;0.0;0.0;0.25865989575700365";0.10947430778395695;0.10947430778395695;-0.10610877505446839;baseline_min
"943_13;1;13;1;0.99994856686652;1.0;1.0;1.0;0.0;0.0;0.26213789101827834";0.1013443505255017;0.1013443505255017;-0.1013443505255017;baseline_min
"971_13;0;13;0;0.9617348985731876;1.0;1.0;1.0;0.0;0.0;0.2591721804909239";0.06930449549132922;0.06930449549132922;-0.06930449549132922;baseline_min
"986_13;1;13;1;0.9997856398680288;1.0;1.0;1.0;0.0;0.0;0.2620703114178663";0.10374048035859922;0.10374048035859922;-0.10374048035859922;baseline_min
"999_13;0;13;0;0.9093049137450672;1.0;1.0;1.0;0.0;0.0;0.2589684077589537";0.06798520230673945;0.06798520230673945;-0.06798520230673945;baseline_min
