"Case ID;Actual;Prefix Length;Prediction;Prediction Probability;SHAP Subset Stability;SHAP Weight Stability;SHAP Adjusted Weight Stability;SHAP Precision;SHAP Recall;SHAP Correlation";MAPE Correctness;RMSE Correctness;R2 Correctness;Mode
"1011_2;0;2;1;0.8474641966170855;1.0;1.0;1.0;0.0;0.0;0.020360474785329482";0.7958118649838684;0.7958118649838684;-0.7958118649838684;baseline_max
"1057_2;1;2;1;0.99063173547693;1.0;1.0;1.0;0.0;0.0;0.018981927237560925";0.7699878526897892;0.7699878526897892;-0.1407553817574554;baseline_max
"1061_2;0;2;0;0.9048688388780112;1.0;1.0;1.0;0.0;0.0;0.020640617490251017";0.7503194029150089;0.7503194029150089;;baseline_max
"1094_2;1;2;1;0.999332242249899;1.0;1.0;1.0;0.0;0.0;0.020919649495376454";0.7649163235522654;0.7649163235522654;-0.13210706531914032;baseline_max
"914_2;1;2;1;0.9997892647555712;1.0;1.0;1.0;0.0;0.0;0.02272761205140502";0.7600267200714821;0.7600267200714821;-0.7600267200714821;baseline_max
"934_2;0;2;0;0.8319731422584498;1.0;1.0;1.0;0.0;0.0;0.014117730426757713";0.7747923156639082;0.7747923156639082;-0.15418345146714726;baseline_max
"959_2;1;2;1;0.9691258790407742;1.0;1.0;1.0;0.0;0.0;0.022139695606235934";0.771845030429287;0.7718440451960348;-0.7718440451960348;baseline_max
"983_2;0;2;1;0.9634888312053166;1.0;1.0;1.0;0.0;0.0;0.024514568615011063";0.7661797218780491;0.766177765104125;-0.766177765104125;baseline_max
