"Case ID;Actual;Prefix Length;Prediction;Prediction Probability;SHAP Subset Stability;SHAP Weight Stability;SHAP Adjusted Weight Stability;SHAP Precision;SHAP Recall;SHAP Correlation";MAPE Correctness;RMSE Correctness;R2 Correctness;Mode
"1037_14;1;14;1;0.999999373834237;1.0;1.0;1.0;0.0;0.0;0.24584746361049373";0.7464478825887602;0.7464478825887602;-0.7464478825887602;baseline_mean
"1062_14;1;14;1;0.9994030227407904;1.0;1.0;1.0;0.0;0.0;0.2460752018870777";0.7443313032043112;0.7443313032043112;-0.7443313032043112;baseline_mean
"1098_14;0;14;0;0.984118324302933;1.0;1.0;1.0;0.0;0.0;0.24219802012620628";0.742046904924341;0.742046904924341;-0.742046904924341;baseline_mean
"1128_14;0;14;0;0.9994245793434288;1.0;1.0;1.0;0.0;0.0;0.24333450751442925";0.7429486131541687;0.7429486131541687;-0.7429486131541687;baseline_mean
"948_14;0;14;0;0.9960080754629904;1.0;1.0;1.0;0.0;0.0;0.24461746599171538";0.7438048173775262;0.7438048173775262;-0.16526703342080662;baseline_mean
"962_14;1;14;1;0.9999972409661808;1.0;1.0;1.0;0.0;0.0;0.24625971555964474";0.748160291035475;0.748160291035475;-0.16526703342080662;baseline_mean
"990_14;1;14;1;0.9999996733675656;1.0;1.0;1.0;0.0;0.0;0.24670575865216876";0.748564461973209;0.748564461973209;-0.748564461973209;baseline_mean
"996_14;0;14;1;0.9999998045305074;1.0;1.0;1.0;0.0;0.0;0.24576467986456088";0.7464512157833717;0.7464512157833717;-0.7464512157833717;baseline_mean
