Case ID;Actual;Prefix Length;Prediction;Prediction Probability;SHAP Subset Stability;SHAP Weight Stability;SHAP Adjusted Weight Stability;SHAP Precision;SHAP Recall;SHAP Correlation;MAPE Correctness;RMSE Correctness;R2 Correctness;Mode
1037_14;1;14;1;0.999999373834237;1.0;1.0;1.0;0.0;0.0;0.24584746361049373;0.047929203648064765;0.047929203648064765;-0.047929203648064765;baseline_0
1062_14;1;14;1;0.9994030227407904;1.0;1.0;1.0;0.0;0.0;0.2460752018870777;0.08405902830648777;0.08405902830648777;-0.08405902830648777;baseline_0
1098_14;0;14;0;0.984118324302933;1.0;1.0;1.0;0.0;0.0;0.24219802012620628;0.05328544386407178;0.05328544386407178;-0.05328544386407178;baseline_0
1128_14;0;14;0;0.9994245793434288;1.0;1.0;1.0;0.0;0.0;0.24333450751442925;0.04714168529095508;0.04714168529095508;-0.04714168529095508;baseline_0
948_14;0;14;0;0.9960080754629904;1.0;1.0;1.0;0.0;0.0;0.24461746599171538;0.06104294730435726;0.06104294730435726;-0.056273490285153806;baseline_0
962_14;1;14;1;0.9999972409661808;1.0;1.0;1.0;0.0;0.0;0.24625971555964474;0.06952053824747649;0.06952053824747649;-0.06475019151326049;baseline_0
990_14;1;14;1;0.9999996733675656;1.0;1.0;1.0;0.0;0.0;0.24670575865216876;0.07235915818329769;0.07235915818329769;-0.07235915818329769;baseline_0
996_14;0;14;1;0.9999998045305074;1.0;1.0;1.0;0.0;0.0;0.24576467986456088;0.06341376606210349;0.06341376606210349;-0.06341376606210349;baseline_0
