Case ID;Actual;Prefix Length;Prediction;Prediction Probability;SHAP Subset Stability;SHAP Weight Stability;SHAP Adjusted Weight Stability;SHAP Precision;SHAP Recall;SHAP Correlation;MAPE Correctness;RMSE Correctness;R2 Correctness;Mode
1037_12;1;12;1;0.9999999983246348;1.0;1.0;1.0;0.0;0.0;0.2345720695680242;0.08125781288838517;0.08125781288838517;-0.08125781288838517;baseline_min
1041_12;0;12;0;0.9038123920610436;1.0;1.0;1.0;0.0;0.0;0.23230610269141494;0.07051307886132818;0.07051307886132818;-0.07051307886132818;baseline_min
1059_12;1;12;1;0.99999540710324;1.0;1.0;1.0;0.0;0.0;0.23300437647212233;0.09368814799335325;0.09368814799335325;-0.09368814799335325;baseline_min
1096_12;0;12;1;0.9971622657591488;1.0;1.0;1.0;0.0;0.0;0.2345113029472486;0.09129218111558683;0.09129218111558683;-0.09129218111558683;baseline_min
1115_12;1;12;0;0.8827422559248089;1.0;1.0;1.0;0.0;0.0;0.22788953911457566;0.07082150294230567;0.07082150294230567;-0.06715079641833677;baseline_min
922_12;0;12;0;0.9790681408251988;1.0;1.0;1.0;0.0;0.0;0.23047462125504156;0.0901778243009623;0.0901778243009623;-0.0901778243009623;baseline_min
961_12;0;12;0;0.9996099059750888;1.0;1.0;1.0;0.0;0.0;0.2344437829442369;0.07659838002574758;0.07659838002574758;-0.07659838002574758;baseline_min
998_12;1;12;1;0.9999980096671628;1.0;1.0;1.0;0.0;0.0;0.23106606395291476;0.085476814719393;0.085476814719393;-0.08092578424623638;baseline_min
