Case ID;Actual;Prefix Length;Prediction;Prediction Probability;SHAP Subset Stability;SHAP Weight Stability;SHAP Adjusted Weight Stability;SHAP Precision;SHAP Recall;SHAP Correlation;MAPE Correctness;RMSE Correctness;R2 Correctness;Mode
1008_9;1;9;1;0.5073985144012854;1.0;1.0;1.0;0.0;0.0;0.21127216957380132;0.04816151834224126;0.04816151834224126;-0.04816151834224126;baseline_min
1088_9;0;9;0;0.6279015522311622;1.0;1.0;1.0;0.0;0.0;0.21934111246869217;0.04814201565275737;0.04814201565275737;-0.04814201565275737;baseline_min
1111_9;0;9;0;0.9998958322414911;1.0;1.0;1.0;0.0;0.0;0.2192594477923879;0.05107840049027579;0.05107840049027579;-0.05107840049027579;baseline_min
1113_9;1;9;1;0.9998168079372494;1.0;1.0;1.0;0.0;0.0;0.21847002258811346;0.03707836793146807;0.03707836793146807;-0.03707836793146807;baseline_min
1130_9;1;9;1;0.9999993814632236;1.0;1.0;1.0;0.0;0.0;0.21482187781324955;0.055394102990279345;0.055394102990279345;-0.055394102990279345;baseline_min
1135_9;0;9;0;0.9987409556658416;1.0;1.0;1.0;0.0;0.0;0.21412683779748634;0.049825708936713925;0.049825708936713925;-0.049825708936713925;baseline_min
962_9;1;9;1;0.9999972754287372;1.0;1.0;1.0;0.0;0.0;0.2163005413761968;0.05549949846132475;0.05549949846132475;-0.05549949846132475;baseline_min
999_9;0;9;0;0.9930296937714008;1.0;1.0;1.0;0.0;0.0;0.2157281554808624;0.04136488577999937;0.04136488577999937;-0.04136488577999937;baseline_min
