"Case ID;Actual;Prefix Length;Prediction;Prediction Probability;SHAP Subset Stability;SHAP Weight Stability;SHAP Adjusted Weight Stability;SHAP Precision;SHAP Recall;SHAP Correlation";MAPE Correctness;RMSE Correctness;R2 Correctness;Mode
"937.0;0.0;1.0;1.0;0.7256324662359142;1.0;1.0;1.0;0.0;0.0;0.012495801837813781";0.7030843967143527;0.7030843967143527;;baseline_mean
"945.0;0.0;1.0;1.0;0.9411252565058325;1.0;1.0;1.0;0.0;0.0;0.017973553437919967";0.7056047467802642;0.7056047467802642;-0.7056047467802642;baseline_mean
"950.0;0.0;1.0;0.0;0.5362212730145052;1.0;1.0;1.0;0.0;0.0;0.009705448509721637";0.7034322713941389;0.7034322713941389;-0.7034322713941389;baseline_mean
"955.0;1.0;1.0;1.0;0.9994839546319112;1.0;1.0;1.0;0.0;0.0;0.012044037490821237";0.7051800319638996;0.7051800319638996;-0.7051800319638996;baseline_mean
"1001.0;0.0;1.0;0.0;0.979350688688079;1.0;1.0;1.0;0.0;0.0;0.005848501469646557";0.702065823801351;0.702065823801351;-0.702065823801351;baseline_mean
"1007.0;1.0;1.0;0.0;0.9999966870513436;1.0;1.0;1.0;0.0;0.0;0.01578825050049425";0.7054845021890919;0.7054845021890919;-0.7054845021890919;baseline_mean
"1116.0;1.0;1.0;1.0;0.9998429570155112;1.0;1.0;1.0;0.0;0.0;0.007754446093421976";0.7008921676470312;0.7008921676470312;-0.7008921676470312;baseline_mean
"1132.0;1.0;1.0;1.0;0.9998241612154528;1.0;1.0;1.0;0.0;0.0;0.0072543045964028946";0.7029022683624545;0.7029022683624545;-0.7029022683624545;baseline_mean
