"Case ID;Actual;Prefix Length;Prediction;Prediction Probability;SHAP Subset Stability;SHAP Weight Stability;SHAP Adjusted Weight Stability;SHAP Precision;SHAP Recall;SHAP Correlation";MAPE Correctness;RMSE Correctness;R2 Correctness;Mode
"1015_10;0;10;0;0.7299015846194823;1.0;1.0;1.0;0.0;0.0;0.2532904596335151";0.05142867675820196;0.05142867675820196;-0.05142867675820196;baseline_min
"1053_10;0;10;0;0.9879545394472118;1.0;1.0;1.0;0.0;0.0;0.254619672714258";0.06368396257499663;0.06368396257499663;-0.06368396257499663;baseline_min
"1110_10;0;10;0;0.9821790498397642;1.0;1.0;1.0;0.0;0.0;0.2506252100932864";0.062087906521293645;0.062087906521293645;-0.062087906521293645;baseline_min
"1121_10;1;10;1;0.9999389219872128;1.0;1.0;1.0;0.0;0.0;0.25305380213240347";0.0739644399310162;0.0739644399310162;-0.0739644399310162;baseline_min
"1131_10;0;10;1;0.6336491890942246;1.0;1.0;1.0;0.0;0.0;0.24567836466939205";0.044183118901306155;0.044183118901306155;-0.044183118901306155;baseline_min
"918_10;1;10;1;0.9999984249075076;1.0;1.0;1.0;0.0;0.0;0.25183791750404355";0.0751673312398173;0.0751673312398173;-0.0751673312398173;baseline_min
"926_10;1;10;1;0.999997351366904;1.0;1.0;1.0;0.0;0.0;0.25484577597026065";0.07914959344623498;0.07914959344623498;-0.07515983115864122;baseline_min
"946_10;1;10;1;0.9997355387611352;1.0;1.0;1.0;0.0;0.0;0.25336240157860684";0.06452716401595526;0.06452716401595526;-0.06452716401595526;baseline_min
