Case ID;Actual;Prefix Length;Prediction;Prediction Probability;SHAP Subset Stability;SHAP Weight Stability;SHAP Adjusted Weight Stability;SHAP Precision;SHAP Recall;SHAP Correlation;MAPE Correctness;RMSE Correctness;R2 Correctness;Mode
1037_8;1;8;1;0.9999999742390322;1.0;1.0;1.0;0.0;0.0;0.22844237069121937;0.0539086117496419;0.0539086117496419;-0.0539086117496419;baseline_min
1039_8;0;8;1;0.8625283876393176;1.0;1.0;1.0;0.0;0.0;0.2268889926800488;0.042189210336072765;0.042189210336072765;-0.042189210336072765;baseline_min
1081_8;1;8;0;0.6265404944980062;1.0;1.0;1.0;0.0;0.0;0.2219857474641984;0.05538221679944746;0.05538221679944746;-0.05538221679944746;baseline_min
1086_8;0;8;1;0.60306192749841;1.0;1.0;1.0;0.0;0.0;0.2264099774343134;0.03169761897614241;0.03169761897614241;;baseline_min
1112_8;1;8;1;0.9997127652457862;1.0;1.0;1.0;0.0;0.0;0.2277583569486425;0.06265146799642063;0.06265146799642063;-0.06265146799642063;baseline_min
1115_8;1;8;0;0.6131844415685852;1.0;1.0;1.0;0.0;0.0;0.22948628707176566;0.06556571849410323;0.06556571849410323;-0.06556571849410323;baseline_min
916_8;0;8;0;0.9763693183653236;1.0;1.0;1.0;0.0;0.0;0.22729020350905474;0.04413380885558243;0.04413380885558243;-0.04413380885558243;baseline_min
958_8;0;8;0;0.9977497510069566;1.0;1.0;1.0;0.0;0.0;0.23277135764846182;0.05667116579250041;0.05667116579250041;-0.05667116579250041;baseline_min
