"Case ID;Actual;Prefix Length;Prediction;Prediction Probability;SHAP Subset Stability;SHAP Weight Stability;SHAP Adjusted Weight Stability;SHAP Precision;SHAP Recall;SHAP Correlation";MAPE Correctness;RMSE Correctness;R2 Correctness;Mode
"1009_5;0;5;1;0.9961667269716344;1.0;1.0;1.0;0.0;0.0;0.12757003904152625";0.7081832524817347;0.7081832524817347;-0.708182341821925;baseline_max
"1059_5;1;5;1;0.9485200523029224;1.0;1.0;1.0;0.0;0.0;0.12846314912552886";0.7111740489165955;0.7111740489165955;-0.7111740489165955;baseline_max
"1077_5;1;5;1;0.9999999358662318;1.0;1.0;1.0;0.0;0.0;0.12726065902070127";0.7107912444664007;0.7107912444664007;-0.7107912444664007;baseline_max
"1078_5;0;5;0;0.8450451947407144;1.0;1.0;1.0;0.0;0.0;0.126019719260286";0.7169781992892843;0.7169763554680111;;baseline_max
"1089_5;0;5;0;0.9986756763140268;1.0;1.0;1.0;0.0;0.0;0.12944038189469528";0.6809454914167965;0.6809454914167965;-0.6809454914167965;baseline_max
"1095_5;0;5;1;0.9696959449510516;1.0;1.0;1.0;0.0;0.0;0.12552391208561575";0.7124546060957473;0.7124555222822987;-0.7124546060957473;baseline_max
"946_5;1;5;1;0.9999937037506088;1.0;1.0;1.0;0.0;0.0;0.12279925849312325";0.7185545463072949;0.7185545463072949;-0.7185545463072949;baseline_max
"978_5;1;5;1;0.9998411046335958;1.0;1.0;1.0;0.0;0.0;0.1270477906156908";0.7100150112784246;0.7100150112784246;-0.7100150112784246;baseline_max
