"Case ID;Actual;Prefix Length;Prediction;Prediction Probability;SHAP Subset Stability;SHAP Weight Stability;SHAP Adjusted Weight Stability;SHAP Precision;SHAP Recall;SHAP Correlation";MAPE Correctness;RMSE Correctness;R2 Correctness;Mode
"1019_7;0;7;0;0.7024635480245599;1.0;1.0;1.0;0.0;0.0;0.15299508547389074";0.8144225319517759;0.8144214732530374;-0.8144214732530374;baseline_max
"1024_7;0;7;1;0.7751687452272737;1.0;1.0;1.0;0.0;0.0;0.15280157044577236";0.8062830158867151;0.8062819676162212;-0.8062798710874992;baseline_max
"1037_7;1;7;1;0.9999353386948588;1.0;1.0;1.0;0.0;0.0;0.15217657453397695";0.7558991455126062;0.7558991455126062;-0.7558991455126062;baseline_max
"1039_7;0;7;1;0.9969055309406;1.0;1.0;1.0;0.0;0.0;0.15135806359406312";0.7528396553580874;0.7528396553580874;-0.10731462246164244;baseline_max
"1049_7;1;7;1;0.9996093386471132;1.0;1.0;1.0;0.0;0.0;0.15271525267392022";0.756205896387574;0.756205896387574;-0.756205896387574;baseline_max
"965_7;1;7;1;0.995497324292186;1.0;1.0;1.0;0.0;0.0;0.1513728981178572";0.7607050404461002;0.7607050404461002;-0.7607050404461002;baseline_max
"972_7;0;7;1;0.8043180081702647;1.0;1.0;1.0;0.0;0.0;0.15586151411142926";0.7996470232925674;0.7996459836551146;-0.11746266055229158;baseline_max
"989_7;1;7;1;0.999969085534198;1.0;1.0;1.0;0.0;0.0;0.1549044084443174";0.7534446137982842;0.7534446137982842;-0.7534446137982842;baseline_max
