Case ID;Actual;Prefix Length;Prediction;Prediction Probability;SHAP Subset Stability;SHAP Weight Stability;SHAP Adjusted Weight Stability;SHAP Precision;SHAP Recall;SHAP Correlation;MAPE Correctness;RMSE Correctness;R2 Correctness;Mode
1042_3;1;3;0;0.6983988775575922;1.0;1.0;1.0;0.0;0.0;0.11912501768883488;0.619515900302636;0.6195174609906824;-0.619515900302636;baseline_max
1051_3;0;3;0;0.9999468666135938;1.0;1.0;1.0;0.0;0.0;0.12024529185180491;0.5018711055394367;0.5018717376089641;-0.5018711055394367;baseline_max
1064_3;1;3;1;0.9999999999999972;1.0;1.0;1.0;0.0;0.0;0.12106574432556715;0.5472285430361453;0.5472285430361453;-0.5472285430361453;baseline_max
1073_3;0;3;0;0.9999998330319582;1.0;1.0;1.0;0.0;0.0;0.12065482316565762;0.5047404477498855;0.5047404477498855;-0.5047404477498855;baseline_max
1108_3;0;3;1;0.9999983190266096;1.0;1.0;1.0;0.0;0.0;0.12102378745658067;0.6109430992672076;0.6109430992672076;-0.6109430992672076;baseline_max
918_3;1;3;1;0.9999999999972408;1.0;1.0;1.0;0.0;0.0;0.12047219153903116;0.5953849036678636;0.5953849036678636;-0.5953849036678636;baseline_max
958_3;0;3;0;0.99999998422367;1.0;1.0;1.0;0.0;0.0;0.11949054654591396;0.5008330245143449;0.5008330245143449;-0.5008330245143449;baseline_max
981_3;1;3;1;1.0;1.0;1.0;1.0;0.0;0.0;0.12055669009371521;0.43622077421124683;0.43622077421124683;-0.30690362364905177;baseline_max
