Case ID;Actual;Prefix Length;Prediction;Prediction Probability;SHAP Subset Stability;SHAP Weight Stability;SHAP Adjusted Weight Stability;SHAP Precision;SHAP Recall;SHAP Correlation;MAPE Correctness;RMSE Correctness;R2 Correctness;Mode
1015_10;0;10;0;0.7299015846194823;1.0;1.0;1.0;0.0;0.0;0.2532904596335151;0.9002829750389465;0.9002841481400811;-0.9002841481400811;baseline_max
1053_10;0;10;0;0.9879545394472118;1.0;1.0;1.0;0.0;0.0;0.254619672714258;0.8640328919107142;0.8640328919107142;-0.8640328919107142;baseline_max
1110_10;0;10;0;0.9821790498397642;1.0;1.0;1.0;0.0;0.0;0.2506252100932864;0.868116463435928;0.868116463435928;-0.868116463435928;baseline_max
1121_10;1;10;1;0.9999389219872128;1.0;1.0;1.0;0.0;0.0;0.25305380213240347;0.8354699824589935;0.8354699824589935;-0.8354699824589935;baseline_max
1131_10;0;10;1;0.6336491890942246;1.0;1.0;1.0;0.0;0.0;0.24567836466939205;0.9129019684989973;0.9128995898523958;-0.9128995898523958;baseline_max
918_10;1;10;1;0.9999984249075076;1.0;1.0;1.0;0.0;0.0;0.25183791750404355;0.8266046004517597;0.8266046004517597;-0.8266046004517597;baseline_max
926_10;1;10;1;0.999997351366904;1.0;1.0;1.0;0.0;0.0;0.25484577597026065;0.8267661433523996;0.8267661433523996;-0.06607522991633023;baseline_max
946_10;1;10;1;0.9997355387611352;1.0;1.0;1.0;0.0;0.0;0.25336240157860684;0.8325404511004868;0.8325404511004868;-0.8325404511004868;baseline_max
