Case ID;Actual;Prefix Length;Prediction;Prediction Probability;SHAP Subset Stability;SHAP Weight Stability;SHAP Adjusted Weight Stability;SHAP Precision;SHAP Recall;SHAP Correlation;MAPE Correctness;RMSE Correctness;R2 Correctness;Mode
1019_11;0;11;0;0.7817818763952925;1.0;1.0;1.0;0.0;0.0;0.21339196771136104;0.07316565616585313;0.07316565616585313;-0.07316565616585313;baseline_0
1085_11;1;11;1;0.9983069951351194;1.0;1.0;1.0;0.0;0.0;0.2108974000626393;0.07825055560952514;0.07825055560952514;-0.07825055560952514;baseline_0
1116_11;1;11;1;0.9974433775392068;1.0;1.0;1.0;0.0;0.0;0.20838280302365156;0.0609017706462471;0.0609017706462471;-0.0609017706462471;baseline_0
935_11;0;11;0;0.9522600360509132;1.0;1.0;1.0;0.0;0.0;0.21462907605791035;0.06029674914543932;0.06029674914543932;-0.06029674914543932;baseline_0
940_11;0;11;0;0.969009169230976;1.0;1.0;1.0;0.0;0.0;0.21158495605403665;0.0706677020648274;0.0706677020648274;-0.0706677020648274;baseline_0
943_11;1;11;1;0.9999638578680328;1.0;1.0;1.0;0.0;0.0;0.21318185007678844;0.08731252088411003;0.08731252088411003;-0.08731252088411003;baseline_0
956_11;1;11;1;0.9999513819921904;1.0;1.0;1.0;0.0;0.0;0.21414839119582244;0.0874473274395617;0.0874473274395617;-0.0874473274395617;baseline_0
996_11;0;11;1;0.999819561873982;1.0;1.0;1.0;0.0;0.0;0.21398552476894997;0.0659727055559464;0.0659727055559464;-0.0659727055559464;baseline_0
