"Case ID;Actual;Prefix Length;Prediction;Prediction Probability;SHAP Subset Stability;SHAP Weight Stability;SHAP Adjusted Weight Stability;SHAP Precision;SHAP Recall;SHAP Correlation";MAPE Correctness;RMSE Correctness;R2 Correctness;Mode
"1019_7;0;7;0;0.7024635480245599;1.0;1.0;1.0;0.0;0.0;0.15299508547389074";0.6754438402672963;0.6754438402672963;-0.6754438402672963;baseline_mean
"1024_7;0;7;1;0.7751687452272737;1.0;1.0;1.0;0.0;0.0;0.15280157044577236";0.6748460692754001;0.6748460692754001;-0.6748460692754001;baseline_mean
"1037_7;1;7;1;0.9999353386948588;1.0;1.0;1.0;0.0;0.0;0.15217657453397695";0.6756938669644018;0.6756938669644018;-0.6756938669644018;baseline_mean
"1039_7;0;7;1;0.9969055309406;1.0;1.0;1.0;0.0;0.0;0.15135806359406312";0.6751377339082518;0.6751377339082518;-0.1709466148975121;baseline_mean
"1049_7;1;7;1;0.9996093386471132;1.0;1.0;1.0;0.0;0.0;0.15271525267392022";0.6778664241370249;0.6778664241370249;-0.6778664241370249;baseline_mean
"965_7;1;7;1;0.995497324292186;1.0;1.0;1.0;0.0;0.0;0.1513728981178572";0.672548502419986;0.672548502419986;-0.672548502419986;baseline_mean
"972_7;0;7;1;0.8043180081702647;1.0;1.0;1.0;0.0;0.0;0.15586151411142926";0.6792457738426341;0.6792457738426341;-0.1709466148975121;baseline_mean
"989_7;1;7;1;0.999969085534198;1.0;1.0;1.0;0.0;0.0;0.1549044084443174";0.6754339917045187;0.6754339917045187;-0.6754339917045187;baseline_mean
