Case ID;Actual;Prefix Length;Prediction;Prediction Probability;SHAP Subset Stability;SHAP Weight Stability;SHAP Adjusted Weight Stability;SHAP Precision;SHAP Recall;SHAP Correlation;MAPE Correctness;RMSE Correctness;R2 Correctness;Mode
1011_2;0;2;1;0.8474641966170855;1.0;1.0;1.0;0.0;0.0;0.020360474785329482;0.6810088982998973;0.6810088982998973;-0.6810088982998973;baseline_mean
1057_2;1;2;1;0.99063173547693;1.0;1.0;1.0;0.0;0.0;0.018981927237560925;0.6879986526232309;0.6879986526232309;-0.1701794969011738;baseline_mean
1061_2;0;2;0;0.9048688388780112;1.0;1.0;1.0;0.0;0.0;0.020640617490251017;0.6825977671806954;0.6825977671806954;;baseline_mean
1094_2;1;2;1;0.999332242249899;1.0;1.0;1.0;0.0;0.0;0.020919649495376454;0.6814360958481561;0.6814360958481561;-0.1701794969011738;baseline_mean
914_2;1;2;1;0.9997892647555712;1.0;1.0;1.0;0.0;0.0;0.02272761205140502;0.6826814131489164;0.6826814131489164;-0.6826814131489164;baseline_mean
934_2;0;2;0;0.8319731422584498;1.0;1.0;1.0;0.0;0.0;0.014117730426757713;0.6790711324117716;0.6790711324117716;-0.1701794969011738;baseline_mean
959_2;1;2;1;0.9691258790407742;1.0;1.0;1.0;0.0;0.0;0.022139695606235934;0.6830922028939764;0.6830922028939764;-0.6830922028939764;baseline_mean
983_2;0;2;1;0.9634888312053166;1.0;1.0;1.0;0.0;0.0;0.024514568615011063;0.687932303835307;0.687932303835307;-0.687932303835307;baseline_mean
