Case ID;Actual;Prefix Length;Prediction;Prediction Probability;SHAP Subset Stability;SHAP Weight Stability;SHAP Adjusted Weight Stability;SHAP Precision;SHAP Recall;SHAP Correlation;MAPE Correctness;RMSE Correctness;R2 Correctness;Mode
1005_4;0;4;1;0.9810698590878032;1.0;1.0;1.0;0.0;0.0;0.13063819672923518;0.7103588560761579;0.7103588560761579;-0.7103588560761579;baseline_mean
1057_4;1;4;1;0.999955158584456;1.0;1.0;1.0;0.0;0.0;0.1336241721254569;0.7140936160942378;0.7140936160942378;-0.7140936160942378;baseline_mean
915_4;1;4;1;0.8208631100866205;1.0;1.0;1.0;0.0;0.0;0.13076586313572447;0.7108431144697799;0.7108431144697799;-0.7108431144697799;baseline_mean
937_4;0;4;0;0.8570574571080164;1.0;1.0;1.0;0.0;0.0;0.12884757007053751;0.7097455277489956;0.7097455277489956;;baseline_mean
965_4;1;4;1;0.9999382274169174;1.0;1.0;1.0;0.0;0.0;0.13009040436372388;0.7085973699419035;0.7085973699419035;-0.7085973699419035;baseline_mean
968_4;0;4;1;0.531967153362103;1.0;1.0;1.0;0.0;0.0;0.12782316750105907;0.7073042773246292;0.7073042773246292;-0.7073042773246292;baseline_mean
979_4;0;4;1;0.7584729268789387;1.0;1.0;1.0;0.0;0.0;0.13140405542575276;0.7117163251057843;0.7117163251057843;-0.7117163251057843;baseline_mean
998_4;1;4;1;0.999996830319536;1.0;1.0;1.0;0.0;0.0;0.13220565649779814;0.7119289356190709;0.7119289356190709;-0.7119289356190709;baseline_mean
