"Case ID;Actual;Prefix Length;Prediction;Prediction Probability;SHAP Subset Stability;SHAP Weight Stability;SHAP Adjusted Weight Stability;SHAP Precision;SHAP Recall;SHAP Correlation";MAPE Correctness;RMSE Correctness;R2 Correctness;Mode
"1037_12;1;12;1;0.9999999983246348;1.0;1.0;1.0;0.0;0.0;0.2345720695680242";0.8007132198622393;0.8007132198622393;-0.8007132198622393;baseline_max
"1041_12;0;12;0;0.9038123920610436;1.0;1.0;1.0;0.0;0.0;0.23230610269141494";0.8512857548830043;0.8512846276381202;-0.8512846276381202;baseline_max
"1059_12;1;12;1;0.99999540710324;1.0;1.0;1.0;0.0;0.0;0.23300437647212233";0.7826695803975263;0.7826695803975263;-0.7826695803975263;baseline_max
"1096_12;0;12;1;0.9971622657591488;1.0;1.0;1.0;0.0;0.0;0.2345113029472486";0.7793685014899693;0.7793685014899693;-0.7793685014899693;baseline_max
"1115_12;1;12;0;0.8827422559248089;1.0;1.0;1.0;0.0;0.0;0.22788953911457566";0.8612393504785595;0.8612382104912131;-0.09048797364566345;baseline_max
"922_12;0;12;0;0.9790681408251988;1.0;1.0;1.0;0.0;0.0;0.23047462125504156";0.8474150602448962;0.8474139383987943;-0.8474139383987943;baseline_max
"961_12;0;12;0;0.9996099059750888;1.0;1.0;1.0;0.0;0.0;0.2344437829442369";0.8321490895457834;0.8321490895457834;-0.8321490895457834;baseline_max
"998_12;1;12;1;0.9999980096671628;1.0;1.0;1.0;0.0;0.0;0.23106606395291476";0.797896786166815;0.797896786166815;-0.07640564623037484;baseline_max
