"Case ID;Actual;Prefix Length;Prediction;Prediction Probability;SHAP Subset Stability;SHAP Weight Stability;SHAP Adjusted Weight Stability;SHAP Precision;SHAP Recall;SHAP Correlation";MAPE Correctness;RMSE Correctness;R2 Correctness;Mode
"1005_4;0;4;1;0.9810698590878032;1.0;1.0;1.0;0.0;0.0;0.13063819672923518";0.6940762692739113;0.6940762692739113;-0.6940762692739113;baseline_max
"1057_4;1;4;1;0.999955158584456;1.0;1.0;1.0;0.0;0.0;0.1336241721254569";0.6877553695230506;0.6877553695230506;-0.6877553695230506;baseline_max
"915_4;1;4;1;0.8208631100866205;1.0;1.0;1.0;0.0;0.0;0.13076586313572447";0.7263459348392406;0.7263505401587987;-0.7263459348392406;baseline_max
"937_4;0;4;0;0.8570574571080164;1.0;1.0;1.0;0.0;0.0;0.12884757007053751";0.6740392422511525;0.6740375330381886;;baseline_max
"965_4;1;4;1;0.9999382274169174;1.0;1.0;1.0;0.0;0.0;0.13009040436372388";0.6922333128322057;0.6922333128322057;-0.6922333128322057;baseline_max
"968_4;0;4;1;0.531967153362103;1.0;1.0;1.0;0.0;0.0;0.12782316750105907";0.8644386951998472;0.8644365033653704;-0.8644365033653704;baseline_max
"979_4;0;4;1;0.7584729268789387;1.0;1.0;1.0;0.0;0.0;0.13140405542575276";0.7449906824051301;0.7449906824051301;-0.7449906824051301;baseline_max
"998_4;1;4;1;0.999996830319536;1.0;1.0;1.0;0.0;0.0;0.13220565649779814";0.6867126691092547;0.6867126691092547;-0.6867126691092547;baseline_max
