"Case ID;Actual;Prefix Length;Prediction;Prediction Probability;SHAP Subset Stability;SHAP Weight Stability;SHAP Adjusted Weight Stability;SHAP Precision;SHAP Recall;SHAP Correlation";MAPE Correctness;RMSE Correctness;R2 Correctness;Mode
"1009_5;0;5;1;0.9961667269716344;1.0;1.0;1.0;0.0;0.0;0.12757003904152625";0.013958002599375699;0.013958002599375699;-0.013958002599375699;baseline_0
"1059_5;1;5;1;0.9485200523029224;1.0;1.0;1.0;0.0;0.0;0.12846314912552886";-0.0007344767246318483;-0.0007344767246318483;0.0007344767246318483;baseline_0
"1077_5;1;5;1;0.9999999358662318;1.0;1.0;1.0;0.0;0.0;0.12726065902070127";0.027898039631657667;0.027898039631657667;-0.027898039631657667;baseline_0
"1078_5;0;5;0;0.8450451947407144;1.0;1.0;1.0;0.0;0.0;0.126019719260286";0.020590148352553263;0.020590148352553263;;baseline_0
"1089_5;0;5;0;0.9986756763140268;1.0;1.0;1.0;0.0;0.0;0.12944038189469528";0.018435619274818994;0.018435619274818994;-0.018435619274818994;baseline_0
"1095_5;0;5;1;0.9696959449510516;1.0;1.0;1.0;0.0;0.0;0.12552391208561575";0.010631860681943547;0.010631860681943547;-0.010631860681943547;baseline_0
"946_5;1;5;1;0.9999937037506088;1.0;1.0;1.0;0.0;0.0;0.12279925849312325";0.020573422225063264;0.020573422225063264;-0.020573422225063264;baseline_0
"978_5;1;5;1;0.9998411046335958;1.0;1.0;1.0;0.0;0.0;0.1270477906156908";0.03153783592772861;0.03153783592772861;-0.03153783592772861;baseline_0
