"Case ID;Actual;Prefix Length;Prediction;Prediction Probability;SHAP Subset Stability;SHAP Weight Stability;SHAP Adjusted Weight Stability;SHAP Precision;SHAP Recall;SHAP Correlation";MAPE Correctness;RMSE Correctness;R2 Correctness;Mode
"1005_4;0;4;1;0.9810698590878032;1.0;1.0;1.0;0.0;0.0;0.13063819672923518";0.021100564077724718;0.021100564077724718;-0.021100564077724718;baseline_min
"1057_4;1;4;1;0.999955158584456;1.0;1.0;1.0;0.0;0.0;0.1336241721254569";0.048628530643607;0.048628530643607;-0.048628530643607;baseline_min
"915_4;1;4;1;0.8208631100866205;1.0;1.0;1.0;0.0;0.0;0.13076586313572447";0.03565788356752082;0.03565788356752082;-0.03565788356752082;baseline_min
"937_4;0;4;0;0.8570574571080164;1.0;1.0;1.0;0.0;0.0;0.12884757007053751";0.03928453841774894;0.03928389404448176;;baseline_min
"965_4;1;4;1;0.9999382274169174;1.0;1.0;1.0;0.0;0.0;0.13009040436372388";0.02648880191877394;0.02648880191877394;-0.02648880191877394;baseline_min
"968_4;0;4;1;0.531967153362103;1.0;1.0;1.0;0.0;0.0;0.12782316750105907";0.05522602820972353;0.05522602820972353;-0.05522602820972353;baseline_min
"979_4;0;4;1;0.7584729268789387;1.0;1.0;1.0;0.0;0.0;0.13140405542575276";0.015492850595582735;0.015492850595582735;-0.015492850595582735;baseline_min
"998_4;1;4;1;0.999996830319536;1.0;1.0;1.0;0.0;0.0;0.13220565649779814";0.04299440659989684;0.04299440659989684;-0.04299440659989684;baseline_min
