"Case ID;Actual;Prefix Length;Prediction;Prediction Probability;SHAP Subset Stability;SHAP Weight Stability;SHAP Adjusted Weight Stability;SHAP Precision;SHAP Recall;SHAP Correlation";MAPE Correctness;RMSE Correctness;R2 Correctness;Mode
"1019_11;0;11;0;0.7817818763952925;1.0;1.0;1.0;0.0;0.0;0.21339196771136104";0.9098803218575522;0.909879117211878;-0.909879117211878;baseline_max
"1085_11;1;11;1;0.9983069951351194;1.0;1.0;1.0;0.0;0.0;0.2108974000626393";0.8488451189102187;0.8488451189102187;-0.8488451189102187;baseline_max
"1116_11;1;11;1;0.9974433775392068;1.0;1.0;1.0;0.0;0.0;0.20838280302365156";0.8626606832058702;0.8626606832058702;-0.8626606832058702;baseline_max
"935_11;0;11;0;0.9522600360509132;1.0;1.0;1.0;0.0;0.0;0.21462907605791035";0.8821549768055953;0.8821549768055953;-0.8821549768055953;baseline_max
"940_11;0;11;0;0.969009169230976;1.0;1.0;1.0;0.0;0.0;0.21158495605403665";0.8891260359029939;0.8891260359029939;-0.8891260359029939;baseline_max
"943_11;1;11;1;0.9999638578680328;1.0;1.0;1.0;0.0;0.0;0.21318185007678844";0.857809663374787;0.857809663374787;-0.857809663374787;baseline_max
"956_11;1;11;1;0.9999513819921904;1.0;1.0;1.0;0.0;0.0;0.21414839119582244";0.8584238709149024;0.8584238709149024;-0.8584238709149024;baseline_max
"996_11;0;11;1;0.999819561873982;1.0;1.0;1.0;0.0;0.0;0.21398552476894997";0.8692610260907327;0.8692610260907327;-0.8692610260907327;baseline_max
