"Case ID;Actual;Prefix Length;Prediction;Prediction Probability;SHAP Subset Stability;SHAP Weight Stability;SHAP Adjusted Weight Stability;SHAP Precision;SHAP Recall;SHAP Correlation";MAPE Correctness;RMSE Correctness;R2 Correctness;Mode
"1037_8;1;8;1;0.9999999742390322;1.0;1.0;1.0;0.0;0.0;0.22844237069121937";0.7859224123292307;0.7859224123292307;-0.7859224123292307;baseline_max
"1039_8;0;8;1;0.8625283876393176;1.0;1.0;1.0;0.0;0.0;0.2268889926800488";0.7887881897322242;0.7887851046177345;-0.7887840762542823;baseline_max
"1081_8;1;8;0;0.6265404944980062;1.0;1.0;1.0;0.0;0.0;0.2219857474641984";0.8820427751513317;0.8820416256965141;-0.8820416256965141;baseline_max
"1086_8;0;8;1;0.60306192749841;1.0;1.0;1.0;0.0;0.0;0.2264099774343134";0.8771944316308246;0.8771944316308246;;baseline_max
"1112_8;1;8;1;0.9997127652457862;1.0;1.0;1.0;0.0;0.0;0.2277583569486425";0.789610939643253;0.789610939643253;-0.789610939643253;baseline_max
"1115_8;1;8;0;0.6131844415685852;1.0;1.0;1.0;0.0;0.0;0.22948628707176566";0.8837225460034034;0.8837213943955707;-0.8837202427922403;baseline_max
"916_8;0;8;0;0.9763693183653236;1.0;1.0;1.0;0.0;0.0;0.22729020350905474";0.8220227089180501;0.8220227089180501;-0.8220227089180501;baseline_max
"958_8;0;8;0;0.9977497510069566;1.0;1.0;1.0;0.0;0.0;0.23277135764846182";0.8187138559955512;0.8187138559955512;-0.8187138559955512;baseline_max
