Case ID;Actual;Prefix Length;Prediction;Prediction Probability;SHAP Subset Stability;SHAP Weight Stability;SHAP Adjusted Weight Stability;SHAP Precision;SHAP Recall;SHAP Correlation;MAPE Correctness;RMSE Correctness;R2 Correctness;Mode
1017_13;1;13;1;0.9997118967337288;1.0;1.0;1.0;0.0;0.0;0.25971151858730745;0.8493534297493277;0.8493534297493277;-0.8493534297493277;baseline_max
1034_13;0;13;0;0.9623390802308048;1.0;1.0;1.0;0.0;0.0;0.25871389432609254;0.8810698379730232;0.8810698379730232;-0.8810698379730232;baseline_max
1088_13;0;13;1;0.7810433097162385;1.0;1.0;1.0;0.0;0.0;0.26235542282902574;0.8709278097767381;0.8709266692986408;-0.8709266692986408;baseline_max
1100_13;1;13;1;0.999819223573102;1.0;1.0;1.0;0.0;0.0;0.25865989575700365;0.8414531281991927;0.8414531281991927;-0.05024998123563675;baseline_max
943_13;1;13;1;0.99994856686652;1.0;1.0;1.0;0.0;0.0;0.26213789101827834;0.8449249564795687;0.8449249564795687;-0.8449249564795687;baseline_max
971_13;0;13;0;0.9617348985731876;1.0;1.0;1.0;0.0;0.0;0.2591721804909239;0.8806294884717025;0.8806294884717025;-0.8806294884717025;baseline_max
986_13;1;13;1;0.9997856398680288;1.0;1.0;1.0;0.0;0.0;0.2620703114178663;0.8386731869878605;0.8386731869878605;-0.8386731869878605;baseline_max
999_13;0;13;0;0.9093049137450672;1.0;1.0;1.0;0.0;0.0;0.2589684077589537;0.8806711809290306;0.8806711809290306;-0.8806711809290306;baseline_max
