"Case ID;Actual;Prefix Length;Prediction;Prediction Probability;SHAP Subset Stability;SHAP Weight Stability;SHAP Adjusted Weight Stability;SHAP Precision;SHAP Recall;SHAP Correlation";MAPE Correctness;RMSE Correctness;R2 Correctness;Mode
"937.0;0.0;1.0;1.0;0.7256324662359142;1.0;1.0;1.0;0.0;0.0;0.012495801837813781";0.768921606375849;0.768921606375849;;baseline_max
"945.0;0.0;1.0;1.0;0.9411252565058325;1.0;1.0;1.0;0.0;0.0;0.017973553437919967";0.7095796016776308;0.7095767408713798;-0.7095767408713798;baseline_max
"950.0;0.0;1.0;0.0;0.5362212730145052;1.0;1.0;1.0;0.0;0.0;0.009705448509721637";0.8674497411013453;0.8674497411013453;-0.8674497411013453;baseline_max
"955.0;1.0;1.0;1.0;0.9994839546319112;1.0;1.0;1.0;0.0;0.0;0.012044037490821237";0.6904960145339541;0.6904960145339541;-0.6904960145339541;baseline_max
"1001.0;0.0;1.0;0.0;0.979350688688079;1.0;1.0;1.0;0.0;0.0;0.005848501469646557";0.6889092398090207;0.6889083138949433;-0.6889083138949433;baseline_max
"1007.0;1.0;1.0;0.0;0.9999966870513436;1.0;1.0;1.0;0.0;0.0;0.01578825050049425";0.6821766315965024;0.6821766315965024;-0.6821766315965024;baseline_max
"1116.0;1.0;1.0;1.0;0.9998429570155112;1.0;1.0;1.0;0.0;0.0;0.007754446093421976";0.6945512564939018;0.6945512564939018;-0.6945512564939018;baseline_max
"1132.0;1.0;1.0;1.0;0.9998241612154528;1.0;1.0;1.0;0.0;0.0;0.0072543045964028946";0.6950913388286921;0.6950913388286921;-0.6950913388286921;baseline_max
