"Case ID;Actual;Prefix Length;Prediction;Prediction Probability;SHAP Subset Stability;SHAP Weight Stability;SHAP Adjusted Weight Stability;SHAP Precision;SHAP Recall;SHAP Correlation";MAPE Correctness;RMSE Correctness;R2 Correctness;Mode
"1019_11;0;11;0;0.7817818763952925;1.0;1.0;1.0;0.0;0.0;0.21339196771136104";0.740488624241377;0.740488624241377;-0.740488624241377;baseline_mean
"1085_11;1;11;1;0.9983069951351194;1.0;1.0;1.0;0.0;0.0;0.2108974000626393";0.7368461451017306;0.7368461451017306;-0.7368461451017306;baseline_mean
"1116_11;1;11;1;0.9974433775392068;1.0;1.0;1.0;0.0;0.0;0.20838280302365156";0.7367816472296647;0.7367816472296647;-0.7367816472296647;baseline_mean
"935_11;0;11;0;0.9522600360509132;1.0;1.0;1.0;0.0;0.0;0.21462907605791035";0.7392531638759707;0.7392531638759707;-0.7392531638759707;baseline_mean
"940_11;0;11;0;0.969009169230976;1.0;1.0;1.0;0.0;0.0;0.21158495605403665";0.7392359029540495;0.7392359029540495;-0.7392359029540495;baseline_mean
"943_11;1;11;1;0.9999638578680328;1.0;1.0;1.0;0.0;0.0;0.21318185007678844";0.7404636119402549;0.7404636119402549;-0.7404636119402549;baseline_mean
"956_11;1;11;1;0.9999513819921904;1.0;1.0;1.0;0.0;0.0;0.21414839119582244";0.7413794016368557;0.7413794016368557;-0.7413794016368557;baseline_mean
"996_11;0;11;1;0.999819561873982;1.0;1.0;1.0;0.0;0.0;0.21398552476894997";0.734442865206933;0.734442865206933;-0.734442865206933;baseline_mean
