Case ID;Actual;Prefix Length;Prediction;Prediction Probability;SHAP Subset Stability;SHAP Weight Stability;SHAP Adjusted Weight Stability;SHAP Precision;SHAP Recall;SHAP Correlation;MAPE Correctness;RMSE Correctness;R2 Correctness;Mode
1017_13;1;13;1;0.9997118967337288;1.0;1.0;1.0;0.0;0.0;0.25971151858730745;0.7440904500226633;0.7440904500226633;-0.7440904500226633;baseline_mean
1034_13;0;13;0;0.9623390802308048;1.0;1.0;1.0;0.0;0.0;0.25871389432609254;0.7447083249936707;0.7447083249936707;-0.7447083249936707;baseline_mean
1088_13;0;13;1;0.7810433097162385;1.0;1.0;1.0;0.0;0.0;0.26235542282902574;0.7466790167682755;0.7466790167682755;-0.7466790167682755;baseline_mean
1100_13;1;13;1;0.999819223573102;1.0;1.0;1.0;0.0;0.0;0.25865989575700365;0.7440538178774313;0.7440538178774313;-0.1646119936035902;baseline_mean
943_13;1;13;1;0.99994856686652;1.0;1.0;1.0;0.0;0.0;0.26213789101827834;0.7482194161066571;0.7482194161066571;-0.7482194161066571;baseline_mean
971_13;0;13;0;0.9617348985731876;1.0;1.0;1.0;0.0;0.0;0.2591721804909239;0.7471933999657215;0.7471933999657215;-0.7471933999657215;baseline_mean
986_13;1;13;1;0.9997856398680288;1.0;1.0;1.0;0.0;0.0;0.2620703114178663;0.7491038207558269;0.7491038207558269;-0.7491038207558269;baseline_mean
999_13;0;13;0;0.9093049137450672;1.0;1.0;1.0;0.0;0.0;0.2589684077589537;0.7474004531897833;0.7474004531897833;-0.7474004531897833;baseline_mean
