"Case ID;Actual;Prefix Length;Prediction;Prediction Probability;SHAP Subset Stability;SHAP Weight Stability;SHAP Adjusted Weight Stability;SHAP Precision;SHAP Recall;SHAP Correlation";MAPE Correctness;RMSE Correctness;R2 Correctness;Mode
"1015_10;0;10;0;0.7299015846194823;1.0;1.0;1.0;0.0;0.0;0.2532904596335151";0.7406213172710382;0.7406213172710382;-0.7406213172710382;baseline_mean
"1053_10;0;10;0;0.9879545394472118;1.0;1.0;1.0;0.0;0.0;0.254619672714258";0.7411679978594348;0.7411679978594348;-0.7411679978594348;baseline_mean
"1110_10;0;10;0;0.9821790498397642;1.0;1.0;1.0;0.0;0.0;0.2506252100932864";0.7387503304665122;0.7387503304665122;-0.7387503304665122;baseline_mean
"1121_10;1;10;1;0.9999389219872128;1.0;1.0;1.0;0.0;0.0;0.25305380213240347";0.7411041379106349;0.7411041379106349;-0.7411041379106349;baseline_mean
"1131_10;0;10;1;0.6336491890942246;1.0;1.0;1.0;0.0;0.0;0.24567836466939205";0.731551683271853;0.731551683271853;-0.731551683271853;baseline_mean
"918_10;1;10;1;0.9999984249075076;1.0;1.0;1.0;0.0;0.0;0.25183791750404355";0.7398851609396118;0.7398851609396118;-0.7398851609396118;baseline_mean
"926_10;1;10;1;0.999997351366904;1.0;1.0;1.0;0.0;0.0;0.25484577597026065";0.7417292543060314;0.7417292543060314;-0.1644263897057402;baseline_mean
"946_10;1;10;1;0.9997355387611352;1.0;1.0;1.0;0.0;0.0;0.25336240157860684";0.740754149878447;0.740754149878447;-0.740754149878447;baseline_mean
