Case ID;Actual;Prefix Length;Prediction;Prediction Probability;SHAP Subset Stability;SHAP Weight Stability;SHAP Adjusted Weight Stability;SHAP Precision;SHAP Recall;SHAP Correlation;MAPE Correctness;RMSE Correctness;R2 Correctness;Mode
1006_6;1;6;1;0.9188444202814774;1.0;1.0;1.0;0.0;0.0;0.12842287737744684;0.7356559663147042;0.7356569205044554;-0.7356559663147042;baseline_max
1015_6;0;6;0;0.5852201318286907;1.0;1.0;1.0;0.0;0.0;0.1292009404368989;0.8379258371424175;0.8379258371424175;-0.8379258371424175;baseline_max
1045_6;0;6;1;0.9999016037912568;1.0;1.0;1.0;0.0;0.0;0.13252471763839838;0.7101161959145947;0.7101161959145947;-0.7101161959145947;baseline_max
1091_6;1;6;1;0.9999823197726534;1.0;1.0;1.0;0.0;0.0;0.13133497644972442;0.7172647648183442;0.7172647648183442;-0.7172647648183442;baseline_max
1131_6;0;6;1;0.99996212886669;1.0;1.0;1.0;0.0;0.0;0.1194639839688112;0.7228005416952904;0.7228005416952904;-0.7228005416952904;baseline_max
925_6;1;6;1;0.9999995034318508;1.0;1.0;1.0;0.0;0.0;0.12930905257850178;0.7103437353004477;0.7103437353004477;-0.7103437353004477;baseline_max
942_6;1;6;1;0.999999977510354;1.0;1.0;1.0;0.0;0.0;0.12978004810988203;0.7160157748776375;0.7160157748776375;-0.7160157748776375;baseline_max
973_6;0;6;0;0.9999999873488348;1.0;1.0;1.0;0.0;0.0;0.12747839918252274;0.6897826166060242;0.6897826166060242;-0.1326777349425878;baseline_max
