Case ID;Actual;Prefix Length;Prediction;Prediction Probability;SHAP Subset Stability;SHAP Weight Stability;SHAP Adjusted Weight Stability;SHAP Precision;SHAP Recall;SHAP Correlation;MAPE Correctness;RMSE Correctness;R2 Correctness;Mode
1006_6;1;6;1;0.9188444202814774;1.0;1.0;1.0;0.0;0.0;0.12842287737744684;-0.032314069354248895;-0.032314069354248895;0.032314069354248895;baseline_min
1015_6;0;6;0;0.5852201318286907;1.0;1.0;1.0;0.0;0.0;0.1292009404368989;-0.04622886661202919;-0.04622812044959623;0.04622812044959623;baseline_min
1045_6;0;6;1;0.9999016037912568;1.0;1.0;1.0;0.0;0.0;0.13252471763839838;-0.03397167327857112;-0.03397167327857112;0.03397167327857112;baseline_min
1091_6;1;6;1;0.9999823197726534;1.0;1.0;1.0;0.0;0.0;0.13133497644972442;-0.03558464670023263;-0.03558464670023263;0.03558464670023263;baseline_min
1131_6;0;6;1;0.99996212886669;1.0;1.0;1.0;0.0;0.0;0.1194639839688112;-0.014403387352386329;-0.014403387352386329;0.014403387352386329;baseline_min
925_6;1;6;1;0.9999995034318508;1.0;1.0;1.0;0.0;0.0;0.12930905257850178;-0.034648727903568224;-0.034648727903568224;0.034648727903568224;baseline_min
942_6;1;6;1;0.999999977510354;1.0;1.0;1.0;0.0;0.0;0.12978004810988203;-0.029220969005665485;-0.029220969005665485;0.029220969005665485;baseline_min
973_6;0;6;0;0.9999999873488348;1.0;1.0;1.0;0.0;0.0;0.12747839918252274;-0.015352001890121625;-0.015352001890121625;0.01895087165907034;baseline_min
