Case ID;Actual;Prefix Length;Prediction;Prediction Probability;SHAP Subset Stability;SHAP Weight Stability;SHAP Adjusted Weight Stability;SHAP Precision;SHAP Recall;SHAP Correlation;MAPE Correctness;RMSE Correctness;R2 Correctness;Mode
1006_6;1;6;1;0.9188444202814774;1.0;1.0;1.0;0.0;0.0;0.12842287737744684;0.7881729944115364;0.7768909004556862;-0.7768909004556862;permutation
1015_6;0;6;0;0.5852201318286907;1.0;1.0;1.0;0.0;0.0;0.1292009404368989;0.9094503196511009;0.9003199118127497;-0.9003199118127497;permutation
1045_6;0;6;1;0.9999016037912568;1.0;1.0;1.0;0.0;0.0;0.13252471763839838;0.7792396084345466;0.7700469831662918;-0.7700469831662918;permutation
1091_6;1;6;1;0.9999823197726534;1.0;1.0;1.0;0.0;0.0;0.13133497644972442;0.7797010543729982;0.7695699828703644;-0.7695699828703644;permutation
1131_6;0;6;1;0.99996212886669;1.0;1.0;1.0;0.0;0.0;0.1194639839688112;0.7772434658918066;0.7679108514062687;-0.7679108514062687;permutation
925_6;1;6;1;0.9999995034318508;1.0;1.0;1.0;0.0;0.0;0.12930905257850178;0.7818579252763225;0.7720223865657306;-0.7720223865657306;permutation
942_6;1;6;1;0.999999977510354;1.0;1.0;1.0;0.0;0.0;0.12978004810988203;0.7777671292601617;0.7672834923214076;-0.7672834923214076;permutation
973_6;0;6;0;0.9999999873488348;1.0;1.0;1.0;0.0;0.0;0.12747839918252274;0.7620364890662051;0.7482242196276091;-0.17084971073025254;permutation
