"Case ID;Actual;Prefix Length;Prediction;Prediction Probability;SHAP Subset Stability;SHAP Weight Stability;SHAP Adjusted Weight Stability;SHAP Precision;SHAP Recall;SHAP Correlation";MAPE Correctness;RMSE Correctness;R2 Correctness;Mode
"1019_7;0;7;0;0.7024635480245599;1.0;1.0;1.0;0.0;0.0;0.15299508547389074";0.8803811327012053;0.87148968002446;-0.87148968002446;permutation
"1024_7;0;7;1;0.7751687452272737;1.0;1.0;1.0;0.0;0.0;0.15280157044577236";0.8731266219257895;0.8647028669351385;-0.8647028669351385;permutation
"1037_7;1;7;1;0.9999353386948588;1.0;1.0;1.0;0.0;0.0;0.15217657453397695";0.831184532765059;0.8203963061391544;-0.8203963061391544;permutation
"1039_7;0;7;1;0.9969055309406;1.0;1.0;1.0;0.0;0.0;0.15135806359406312";0.8316990002197626;0.8209471500805541;-0.1709466148975121;permutation
"1049_7;1;7;1;0.9996093386471132;1.0;1.0;1.0;0.0;0.0;0.15271525267392022";0.8309350939991422;0.8200169513493224;-0.8200169513493224;permutation
"965_7;1;7;1;0.995497324292186;1.0;1.0;1.0;0.0;0.0;0.1513728981178572";0.831028633536361;0.8195440570222717;-0.8195440570222717;permutation
"972_7;0;7;1;0.8043180081702647;1.0;1.0;1.0;0.0;0.0;0.15586151411142926";0.8662670558630756;0.8576874016437266;-0.1709466148975121;permutation
"989_7;1;7;1;0.999969085534198;1.0;1.0;1.0;0.0;0.0;0.1549044084443174";0.829204612560594;0.8176680696369386;-0.8176680696369386;permutation
