"Case ID;Actual;Prefix Length;Prediction;Prediction Probability;SHAP Subset Stability;SHAP Weight Stability;SHAP Adjusted Weight Stability;SHAP Precision;SHAP Recall;SHAP Correlation";MAPE Correctness;RMSE Correctness;R2 Correctness;Mode
"1019_11;0;11;0;0.7817818763952925;1.0;1.0;1.0;0.0;0.0;0.21339196771136104";0.9535810072160821;0.9516015637597152;-0.9516015637597152;permutation
"1085_11;1;11;1;0.9983069951351194;1.0;1.0;1.0;0.0;0.0;0.2108974000626393";0.9230848756770813;0.9172471052696677;-0.9172471052696677;permutation
"1116_11;1;11;1;0.9974433775392068;1.0;1.0;1.0;0.0;0.0;0.20838280302365156";0.9211636511459017;0.9159451183972981;-0.9159451183972981;permutation
"935_11;0;11;0;0.9522600360509132;1.0;1.0;1.0;0.0;0.0;0.21462907605791035";0.9410215972643208;0.9378618974155211;-0.9378618974155211;permutation
"940_11;0;11;0;0.969009169230976;1.0;1.0;1.0;0.0;0.0;0.21158495605403665";0.9378883605633335;0.9351414858204072;-0.9351414858204072;permutation
"943_11;1;11;1;0.9999638578680328;1.0;1.0;1.0;0.0;0.0;0.21318185007678844";0.9221163244671478;0.9167601833499197;-0.9167601833499197;permutation
"956_11;1;11;1;0.9999513819921904;1.0;1.0;1.0;0.0;0.0;0.21414839119582244";0.9216452804360873;0.9163473582440465;-0.9163473582440465;permutation
"996_11;0;11;1;0.999819561873982;1.0;1.0;1.0;0.0;0.0;0.21398552476894997";0.9212165774415265;0.9157863395104237;-0.9157863395104237;permutation
