"Case ID;Actual;Prefix Length;Prediction;Prediction Probability;SHAP Subset Stability;SHAP Weight Stability;SHAP Adjusted Weight Stability;SHAP Precision;SHAP Recall;SHAP Correlation";MAPE Correctness;RMSE Correctness;R2 Correctness;Mode
"1005_4;0;4;1;0.9810698590878032;1.0;1.0;1.0;0.0;0.0;0.13063819672923518";0.7537134793814432;0.7444529293654383;-0.7444529293654383;permutation
"1057_4;1;4;1;0.999955158584456;1.0;1.0;1.0;0.0;0.0;0.1336241721254569";0.7535056618933993;0.7446506094150411;-0.7446506094150411;permutation
"915_4;1;4;1;0.8208631100866205;1.0;1.0;1.0;0.0;0.0;0.13076586313572447";0.7915058498901085;0.7805168666198851;-0.7805168666198851;permutation
"937_4;0;4;0;0.8570574571080164;1.0;1.0;1.0;0.0;0.0;0.12884757007053751";0.7657618249687684;0.750241406715344;;permutation
"965_4;1;4;1;0.9999382274169174;1.0;1.0;1.0;0.0;0.0;0.13009040436372388";0.7543267944071337;0.7438548204974096;-0.7438548204974096;permutation
"968_4;0;4;1;0.531967153362103;1.0;1.0;1.0;0.0;0.0;0.12782316750105907";0.9370186412745999;0.9309260407714595;-0.9309260407714595;permutation
"979_4;0;4;1;0.7584729268789387;1.0;1.0;1.0;0.0;0.0;0.13140405542575276";0.8083998910523111;0.7967114245296472;-0.7967114245296472;permutation
"998_4;1;4;1;0.999996830319536;1.0;1.0;1.0;0.0;0.0;0.13220565649779814";0.7540378774115605;0.7446556781342616;-0.7446556781342616;permutation
