Case ID;Actual;Prefix Length;Prediction;Prediction Probability;SHAP Subset Stability;SHAP Weight Stability;SHAP Adjusted Weight Stability;SHAP Precision;SHAP Recall;SHAP Correlation;MAPE Correctness;RMSE Correctness;R2 Correctness;Mode
1017_13;1;13;1;0.9997118967337288;1.0;1.0;1.0;0.0;0.0;0.25971151858730745;0.9105495294341607;0.9049981159958069;-0.9049981159958069;permutation
1034_13;0;13;0;0.9623390802308048;1.0;1.0;1.0;0.0;0.0;0.25871389432609254;0.9280618581600508;0.9257596697407524;-0.9257596697407524;permutation
1088_13;0;13;1;0.7810433097162385;1.0;1.0;1.0;0.0;0.0;0.26235542282902574;0.9385054219894134;0.9334563042061795;-0.9334563042061795;permutation
1100_13;1;13;1;0.999819223573102;1.0;1.0;1.0;0.0;0.0;0.25865989575700365;0.9118471265432198;0.9058875978850812;-0.1646119936035902;permutation
943_13;1;13;1;0.99994856686652;1.0;1.0;1.0;0.0;0.0;0.26213789101827834;0.9095187768918839;0.9042969949772025;-0.9042969949772025;permutation
971_13;0;13;0;0.9617348985731876;1.0;1.0;1.0;0.0;0.0;0.2591721804909239;0.9270154088785516;0.9245300918349908;-0.9245300918349908;permutation
986_13;1;13;1;0.9997856398680288;1.0;1.0;1.0;0.0;0.0;0.2620703114178663;0.9113709921201376;0.9055265728829641;-0.9055265728829641;permutation
999_13;0;13;0;0.9093049137450672;1.0;1.0;1.0;0.0;0.0;0.2589684077589537;0.9318500045590782;0.9290769139631051;-0.9290769139631051;permutation
