Case ID;Actual;Prefix Length;Prediction;Prediction Probability;SHAP Subset Stability;SHAP Weight Stability;SHAP Adjusted Weight Stability;SHAP Precision;SHAP Recall;SHAP Correlation;MAPE Correctness;RMSE Correctness;R2 Correctness;Mode
1037_12;1;12;1;0.9999999983246348;1.0;1.0;1.0;0.0;0.0;0.2345720695680242;0.868021855297488;0.8615331000410053;-0.8615331000410053;permutation
1041_12;0;12;0;0.9038123920610436;1.0;1.0;1.0;0.0;0.0;0.23230610269141494;0.9054354041621513;0.9003809496189692;-0.9003809496189692;permutation
1059_12;1;12;1;0.99999540710324;1.0;1.0;1.0;0.0;0.0;0.23300437647212233;0.8688898453970502;0.8621840926156769;-0.8621840926156769;permutation
1096_12;0;12;1;0.9971622657591488;1.0;1.0;1.0;0.0;0.0;0.2345113029472486;0.8692285732407817;0.8625492835721998;-0.8625492835721998;permutation
1115_12;1;12;0;0.8827422559248089;1.0;1.0;1.0;0.0;0.0;0.22788953911457566;0.9006085323889764;0.8960515843662751;-0.16507898696993079;permutation
922_12;0;12;0;0.9790681408251988;1.0;1.0;1.0;0.0;0.0;0.23047462125504156;0.8942838484318011;0.8889541775155871;-0.8889541775155871;permutation
961_12;0;12;0;0.9996099059750888;1.0;1.0;1.0;0.0;0.0;0.2344437829442369;0.8930083263952493;0.8881232357739332;-0.8881232357739332;permutation
998_12;1;12;1;0.9999980096671628;1.0;1.0;1.0;0.0;0.0;0.23106606395291476;0.8679795143170215;0.8616865860951961;-0.16507898696993079;permutation
