"Case ID;Actual;Prefix Length;Prediction;Prediction Probability;SHAP Subset Stability;SHAP Weight Stability;SHAP Adjusted Weight Stability;SHAP Precision;SHAP Recall;SHAP Correlation";MAPE Correctness;RMSE Correctness;R2 Correctness;Mode
"1037_8;1;8;1;0.9999999742390322;1.0;1.0;1.0;0.0;0.0;0.22844237069121937";0.848762332868598;0.8417308081050261;-0.8417308081050261;permutation
"1039_8;0;8;1;0.8625283876393176;1.0;1.0;1.0;0.0;0.0;0.2268889926800488";0.870263173034542;0.8624086994467892;-0.8624086994467892;permutation
"1081_8;1;8;0;0.6265404944980062;1.0;1.0;1.0;0.0;0.0;0.2219857474641984";0.9360938704321599;0.932692695861336;-0.932692695861336;permutation
"1086_8;0;8;1;0.60306192749841;1.0;1.0;1.0;0.0;0.0;0.2264099774343134";0.9388335608215219;0.9334166824851408;;permutation
"1112_8;1;8;1;0.9997127652457862;1.0;1.0;1.0;0.0;0.0;0.2277583569486425";0.8494186085131981;0.8416578885889595;-0.8416578885889595;permutation
"1115_8;1;8;0;0.6131844415685852;1.0;1.0;1.0;0.0;0.0;0.22948628707176566";0.938880437653279;0.9354636374718693;-0.9354636374718693;permutation
"916_8;0;8;0;0.9763693183653236;1.0;1.0;1.0;0.0;0.0;0.22729020350905474";0.8731330768454517;0.8684193509854277;-0.8684193509854277;permutation
"958_8;0;8;0;0.9977497510069566;1.0;1.0;1.0;0.0;0.0;0.23277135764846182";0.872903901223528;0.8682318436583991;-0.8682318436583991;permutation
