"Case ID;Actual;Prefix Length;Prediction;Prediction Probability;SHAP Subset Stability;SHAP Weight Stability;SHAP Adjusted Weight Stability;SHAP Precision;SHAP Recall;SHAP Correlation";MAPE Correctness;RMSE Correctness;R2 Correctness;Mode
"1009_5;0;5;1;0.9961667269716344;1.0;1.0;1.0;0.0;0.0;0.12757003904152625";0.7753027581822233;0.7645080829517497;-0.7645080829517497;permutation
"1059_5;1;5;1;0.9485200523029224;1.0;1.0;1.0;0.0;0.0;0.12846314912552886";0.7855065777956076;0.7743573891948805;-0.7743573891948805;permutation
"1077_5;1;5;1;0.9999999358662318;1.0;1.0;1.0;0.0;0.0;0.12726065902070127";0.7784574133899866;0.767637048784857;-0.767637048784857;permutation
"1078_5;0;5;0;0.8450451947407144;1.0;1.0;1.0;0.0;0.0;0.126019719260286";0.8088171163585104;0.7938659003086874;;permutation
"1089_5;0;5;0;0.9986756763140268;1.0;1.0;1.0;0.0;0.0;0.12944038189469528";0.7646468055748923;0.7510879536314274;-0.7510879536314274;permutation
"1095_5;0;5;1;0.9696959449510516;1.0;1.0;1.0;0.0;0.0;0.12552391208561575";0.7812678309773589;0.7701546075011502;-0.7701546075011502;permutation
"946_5;1;5;1;0.9999937037506088;1.0;1.0;1.0;0.0;0.0;0.12279925849312325";0.7766540192891317;0.7657206214355153;-0.7657206214355153;permutation
"978_5;1;5;1;0.9998411046335958;1.0;1.0;1.0;0.0;0.0;0.1270477906156908";0.7758782001745188;0.765052697694458;-0.765052697694458;permutation
