"Case ID;Actual;Prefix Length;Prediction;Prediction Probability;SHAP Subset Stability;SHAP Weight Stability;SHAP Adjusted Weight Stability;SHAP Precision;SHAP Recall;SHAP Correlation";MAPE Correctness;RMSE Correctness;R2 Correctness;Mode
"937.0;0.0;1.0;1.0;0.7256324662359142;1.0;1.0;1.0;0.0;0.0;0.012495801837813781";0.8350555017285425;0.823426735837007;;permutation
"945.0;0.0;1.0;1.0;0.9411252565058325;1.0;1.0;1.0;0.0;0.0;0.017973553437919967";0.7733451593138306;0.7620440399439503;-0.7620440399439503;permutation
"950.0;0.0;1.0;0.0;0.5362212730145052;1.0;1.0;1.0;0.0;0.0;0.009705448509721637";0.9398486761136962;0.9335535658943521;-0.9335535658943521;permutation
"955.0;1.0;1.0;1.0;0.9994839546319112;1.0;1.0;1.0;0.0;0.0;0.012044037490821237";0.7607334538573293;0.7511726209303393;-0.7511726209303393;permutation
"1001.0;0.0;1.0;0.0;0.979350688688079;1.0;1.0;1.0;0.0;0.0;0.005848501469646557";0.7443350140112055;0.7334743375065012;-0.7334743375065012;permutation
"1007.0;1.0;1.0;0.0;0.9999966870513436;1.0;1.0;1.0;0.0;0.0;0.01578825050049425";0.7352307377127516;0.7253530007730132;-0.7253530007730132;permutation
"1116.0;1.0;1.0;1.0;0.9998429570155112;1.0;1.0;1.0;0.0;0.0;0.007754446093421976";0.7605669449692749;0.7504636153424951;-0.7504636153424951;permutation
"1132.0;1.0;1.0;1.0;0.9998241612154528;1.0;1.0;1.0;0.0;0.0;0.0072543045964028946";0.762731560513981;0.7527195422129085;-0.7527195422129085;permutation
