Case ID;Actual;Prefix Length;Prediction;Prediction Probability;SHAP Subset Stability;SHAP Weight Stability;SHAP Adjusted Weight Stability;SHAP Precision;SHAP Recall;SHAP Correlation;MAPE Correctness;RMSE Correctness;R2 Correctness;Mode
1042_3;1;3;0;0.6983988775575922;1.0;1.0;1.0;0.0;0.0;0.11912501768883488;0.7187437551629339;0.6982022496058933;-0.6982022496058933;permutation
1051_3;0;3;0;0.9999468666135938;1.0;1.0;1.0;0.0;0.0;0.12024529185180491;0.5982738666901727;0.5780092686835334;-0.5780092686835334;permutation
1064_3;1;3;1;0.9999999999999972;1.0;1.0;1.0;0.0;0.0;0.12106574432556715;0.6748247930914744;0.6597488974502965;-0.6597488974502965;permutation
1073_3;0;3;0;0.9999998330319582;1.0;1.0;1.0;0.0;0.0;0.12065482316565762;0.600126629936494;0.5790715867405274;-0.5790715867405274;permutation
1108_3;0;3;1;0.9999983190266096;1.0;1.0;1.0;0.0;0.0;0.12102378745658067;0.6792315650620383;0.6630853375322763;-0.6630853375322763;permutation
918_3;1;3;1;0.9999999999972408;1.0;1.0;1.0;0.0;0.0;0.12047219153903116;0.6832341378360204;0.6664283668680299;-0.6664283668680299;permutation
958_3;0;3;0;0.99999998422367;1.0;1.0;1.0;0.0;0.0;0.11949054654591396;0.6013701965719325;0.5797009220823485;-0.5797009220823485;permutation
981_3;1;3;1;1.0;1.0;1.0;1.0;0.0;0.0;0.12055669009371521;0.45742184706143585;0.45819260419935914;-0.3271232765735208;permutation
