Case ID;Actual;Prefix Length;Prediction;Prediction Probability;SHAP Subset Stability;SHAP Weight Stability;SHAP Adjusted Weight Stability;SHAP Precision;SHAP Recall;SHAP Correlation;LIME Precision;LIME Recall;LIME Correlation
1019_11;0;11;0;0.7817818763952925;1.0;1.0;1.0;0.0;0.0;0.21339196771136104;0.0;0.0;0.47854334521767067
1085_11;1;11;1;0.9983069951351194;1.0;1.0;1.0;0.0;0.0;0.2108974000626393;0.0;0.0;0.47621455123991496
1116_11;1;11;1;0.9974433775392068;1.0;1.0;1.0;0.0;0.0;0.2083828030236516;0.0;0.0;0.4765215286278918
935_11;0;11;0;0.9522600360509132;1.0;1.0;1.0;0.0;0.0;0.21462907605791035;0.0;0.0;0.47471142058154536
940_11;0;11;0;0.9690091692309759;1.0;1.0;1.0;0.0;0.0;0.21158495605403665;0.0;0.0;0.4821159268880914
943_11;1;11;1;0.9999638578680328;1.0;1.0;1.0;0.0;0.0;0.21318185007678844;0.0;0.0;0.48018408642927135
956_11;1;11;1;0.9999513819921904;1.0;1.0;1.0;0.0;0.0;0.21414839119582246;0.0;0.0;0.47764358390808326
996_11;0;11;1;0.9998195618739821;1.0;1.0;1.0;0.0;0.0;0.21398552476895;0.0;0.0;0.4691540713164464
