Case ID;Actual;Prefix Length;Prediction;Prediction Probability;SHAP Subset Stability;SHAP Weight Stability;SHAP Adjusted Weight Stability;SHAP Precision;SHAP Recall;SHAP Correlation;LIME Precision;LIME Recall;LIME Correlation
1017_13;1;13;1;0.9997118967337288;1.0;1.0;1.0;0.0;0.0;0.25971151858730745;0.0;0.0;0.4471758194007822
1034_13;0;13;0;0.9623390802308048;1.0;1.0;1.0;0.0;0.0;0.2587138943260925;0.0;0.0;0.4470711691347191
1088_13;0;13;1;0.7810433097162385;1.0;1.0;1.0;0.0;0.0;0.2623554228290257;0.0;0.0;0.45598737180329224
1100_13;1;13;1;0.999819223573102;1.0;1.0;1.0;0.0;0.0;0.25865989575700365;0.0;0.0;0.4560606269895364
943_13;1;13;1;0.99994856686652;1.0;1.0;1.0;0.0;0.0;0.26213789101827834;0.0;0.0;0.45786061156582114
971_13;0;13;0;0.9617348985731876;1.0;1.0;1.0;0.0;0.0;0.2591721804909239;0.0;0.0;0.46855586875746646
986_13;1;13;1;0.9997856398680288;1.0;1.0;1.0;0.0;0.0;0.2620703114178663;0.0;0.0;0.459869896674232
999_13;0;13;0;0.9093049137450672;1.0;1.0;1.0;0.0;0.0;0.2589684077589537;0.0;0.0;0.45016358449688265
