Case ID;Actual;Prefix Length;Prediction;Prediction Probability;SHAP Subset Stability;SHAP Weight Stability;SHAP Adjusted Weight Stability;SHAP Precision;SHAP Recall;SHAP Correlation
1008_9;1;9;1;0.5073985144012854;1.0;1.0;1.0;0.0;0.0;0.21127216957380132
1088_9;0;9;0;0.6279015522311622;1.0;1.0;1.0;0.0;0.0;0.21934111246869217
1111_9;0;9;0;0.9998958322414911;1.0;1.0;1.0;0.0;0.0;0.2192594477923879
1113_9;1;9;1;0.9998168079372494;1.0;1.0;1.0;0.0;0.0;0.21847002258811346
1130_9;1;9;1;0.9999993814632236;1.0;1.0;1.0;0.0;0.0;0.21482187781324955
1135_9;0;9;0;0.9987409556658416;1.0;1.0;1.0;0.0;0.0;0.21412683779748634
962_9;1;9;1;0.9999972754287372;1.0;1.0;1.0;0.0;0.0;0.2163005413761968
999_9;0;9;0;0.9930296937714008;1.0;1.0;1.0;0.0;0.0;0.2157281554808624
