Case ID;Actual;Prefix Length;Prediction;Prediction Probability;SHAP Subset Stability;SHAP Weight Stability;SHAP Adjusted Weight Stability;SHAP Precision;SHAP Recall;SHAP Correlation;LIME Precision;LIME Recall;LIME Correlation
1009_5;0;5;1;0.9961667269716344;1.0;1.0;1.0;0.0;0.0;0.12757003904152625;1.0;0.5;0.6157099028685368
1059_5;1;5;1;0.9485200523029224;1.0;1.0;1.0;0.0;0.0;0.12846314912552886;1.0;0.5;0.6297319199169487
1077_5;1;5;1;0.9999999358662318;1.0;1.0;1.0;0.0;0.0;0.12726065902070127;0.5;0.5;0.6075916225693463
1078_5;0;5;0;0.8450451947407144;1.0;1.0;1.0;0.0;0.0;0.126019719260286;0.5;0.5;0.5929530272703631
1089_5;0;5;0;0.9986756763140268;1.0;1.0;1.0;0.0;0.0;0.12944038189469528;0.5;0.5;0.6124574525967724
1095_5;0;5;1;0.9696959449510516;1.0;1.0;1.0;0.0;0.0;0.12552391208561575;1.0;0.5;0.6005831831211845
946_5;1;5;1;0.9999937037506088;1.0;1.0;1.0;0.0;0.0;0.12279925849312325;0.5;0.5;0.5761769607027323
978_5;1;5;1;0.9998411046335958;1.0;1.0;1.0;0.0;0.0;0.1270477906156908;1.0;0.5;0.6117946309774082
