Case ID;Actual;Prefix Length;Prediction;Prediction Probability;SHAP Subset Stability;SHAP Weight Stability;SHAP Adjusted Weight Stability;SHAP Precision;SHAP Recall;SHAP Correlation
1037_8;1;8;1;0.9999999742390322;1.0;1.0;1.0;0.0;0.0;0.22844237069121937
1039_8;0;8;1;0.8625283876393176;1.0;1.0;1.0;0.0;0.0;0.2268889926800488
1081_8;1;8;0;0.6265404944980062;1.0;1.0;1.0;0.0;0.0;0.2219857474641984
1086_8;0;8;1;0.60306192749841;1.0;1.0;1.0;0.0;0.0;0.2264099774343134
1112_8;1;8;1;0.9997127652457862;1.0;1.0;1.0;0.0;0.0;0.2277583569486425
1115_8;1;8;0;0.6131844415685852;1.0;1.0;1.0;0.0;0.0;0.22948628707176566
916_8;0;8;0;0.9763693183653236;1.0;1.0;1.0;0.0;0.0;0.22729020350905474
958_8;0;8;0;0.9977497510069566;1.0;1.0;1.0;0.0;0.0;0.23277135764846182
