Case ID;Actual;Prefix Length;Prediction;Prediction Probability;SHAP Subset Stability;SHAP Weight Stability;SHAP Adjusted Weight Stability;SHAP Precision;SHAP Recall;SHAP Correlation;LIME Precision;LIME Recall;LIME Correlation
1019_7;0;7;0;0.7024635480245599;1.0;1.0;1.0;0.0;0.0;0.15299508547389076;0.3333333333333333;1.0;0.6244676434237454
1024_7;0;7;1;0.7751687452272737;1.0;1.0;1.0;0.0;0.0;0.15280157044577236;0.0;0.0;0.6094901070488215
1037_7;1;7;1;0.9999353386948588;1.0;1.0;1.0;0.0;0.0;0.15217657453397695;0.0;0.0;0.6093705777855934
1039_7;0;7;1;0.9969055309406001;1.0;1.0;1.0;0.0;0.0;0.15135806359406312;0.0;0.0;0.6295710232711345
1049_7;1;7;1;0.9996093386471132;1.0;1.0;1.0;0.0;0.0;0.15271525267392022;0.0;0.0;0.6095524701426795
965_7;1;7;1;0.9954973242921858;1.0;1.0;1.0;0.0;0.0;0.1513728981178572;0.3333333333333333;1.0;0.6259435699783874
972_7;0;7;1;0.8043180081702647;1.0;1.0;1.0;0.0;0.0;0.15586151411142926;0.0;0.0;0.6102852364955124
989_7;1;7;1;0.9999690855341979;1.0;1.0;1.0;0.0;0.0;0.1549044084443174;0.3333333333333333;1.0;0.62436890185847
