Case ID;Actual;Prefix Length;Prediction;Prediction Probability;SHAP Subset Stability;SHAP Weight Stability;SHAP Adjusted Weight Stability;SHAP Precision;SHAP Recall;SHAP Correlation;LIME Precision;LIME Recall;LIME Correlation
1037_8;1;8;1;0.9999999742390322;1.0;1.0;1.0;0.0;0.0;0.22844237069121934;0.0;0.0;0.5147126253394623
1039_8;0;8;1;0.8625283876393176;1.0;1.0;1.0;0.0;0.0;0.2268889926800488;0.0;0.0;0.5355848086922959
1081_8;1;8;0;0.6265404944980062;1.0;1.0;1.0;0.0;0.0;0.2219857474641984;0.0;0.0;0.5235521799064097
1086_8;0;8;1;0.60306192749841;1.0;1.0;1.0;0.0;0.0;0.2264099774343134;0.0;0.0;0.53029253559859
1112_8;1;8;1;0.9997127652457862;1.0;1.0;1.0;0.0;0.0;0.2277583569486425;0.0;0.0;0.5165878402151847
1115_8;1;8;0;0.6131844415685852;1.0;1.0;1.0;0.0;0.0;0.2294862870717657;0.0;0.0;0.5225103938643416
916_8;0;8;0;0.9763693183653236;1.0;1.0;1.0;0.0;0.0;0.22729020350905474;0.0;0.0;0.5174629404905219
958_8;0;8;0;0.9977497510069566;1.0;1.0;1.0;0.0;0.0;0.23277135764846185;0.0;0.0;0.5158794257065784
