Case ID;Actual;Prefix Length;Prediction;Prediction Probability;SHAP Subset Stability;SHAP Weight Stability;SHAP Adjusted Weight Stability;SHAP Precision;SHAP Recall;SHAP Correlation;LIME Precision;LIME Recall;LIME Correlation
1037_12;1;12;1;0.9999999983246348;1.0;1.0;1.0;0.0;0.0;0.2345720695680242;0.5;1.0;0.4232437540764391
1041_12;0;12;0;0.9038123920610436;1.0;1.0;1.0;0.0;0.0;0.2323061026914149;0.5;1.0;0.4506609535351483
1059_12;1;12;1;0.9999954071032401;1.0;1.0;1.0;0.0;0.0;0.23300437647212235;0.0;0.0;0.4467759681292231
1096_12;0;12;1;0.9971622657591488;1.0;1.0;1.0;0.0;0.0;0.2345113029472486;0.5;1.0;0.4452357354955389
1115_12;1;12;0;0.8827422559248089;1.0;1.0;1.0;0.0;0.0;0.2278895391145757;0.0;0.0;0.42940468461117604
922_12;0;12;0;0.9790681408251988;1.0;1.0;1.0;0.0;0.0;0.2304746212550416;0.5;1.0;0.42734045530830034
961_12;0;12;0;0.9996099059750888;1.0;1.0;1.0;0.0;0.0;0.2344437829442369;0.0;0.0;0.4506874180133903
998_12;1;12;1;0.9999980096671628;1.0;1.0;1.0;0.0;0.0;0.2310660639529148;0.5;1.0;0.44890900507552817
