Case ID;Actual;Prefix Length;Prediction;Prediction Probability;SHAP Subset Stability;SHAP Weight Stability;SHAP Adjusted Weight Stability;SHAP Precision;SHAP Recall;SHAP Correlation;LIME Precision;LIME Recall;LIME Correlation
1011_2;0;2;1;0.8474641966170855;1.0;1.0;1.0;0.0;0.0;0.020360474785329482;1.0;1.0;0.672528663670914
1057_2;1;2;1;0.99063173547693;1.0;1.0;1.0;0.0;0.0;0.018981927237560925;0.3333333333333333;1.0;0.6859758687639295
1061_2;0;2;0;0.9048688388780112;1.0;1.0;1.0;0.0;0.0;0.020640617490251017;0.5;1.0;0.6752436212077201
1094_2;1;2;1;0.999332242249899;1.0;1.0;1.0;0.0;0.0;0.020919649495376454;1.0;1.0;0.6773359757003715
914_2;1;2;1;0.9997892647555712;1.0;1.0;1.0;0.0;0.0;0.02272761205140502;1.0;1.0;0.6799896935934903
934_2;0;2;0;0.8319731422584498;1.0;1.0;1.0;0.0;0.0;0.014117730426757713;0.3333333333333333;1.0;0.6865882652008031
959_2;1;2;1;0.9691258790407742;1.0;1.0;1.0;0.0;0.0;0.02213969560623593;0.3333333333333333;1.0;0.6851083071450252
983_2;0;2;1;0.9634888312053166;1.0;1.0;1.0;0.0;0.0;0.024514568615011063;1.0;1.0;0.6872567979777233
