Case ID;Actual;Prefix Length;Prediction;Prediction Probability;SHAP Subset Stability;SHAP Weight Stability;SHAP Adjusted Weight Stability;SHAP Precision;SHAP Recall;SHAP Correlation;LIME Precision;LIME Recall;LIME Correlation
937.0;0.0;1.0;1.0;0.7256324662359142;1.0;1.0;1.0;0.0;0.0;0.01249580183781378;0.25;0.5;0.6966221607019631
945.0;0.0;1.0;1.0;0.9411252565058325;1.0;1.0;1.0;0.0;0.0;0.017973553437919967;0.25;0.5;0.6999093684274226
950.0;0.0;1.0;0.0;0.5362212730145052;1.0;1.0;1.0;0.0;0.0;0.009705448509721637;0.2;0.5;0.698018686859838
955.0;1.0;1.0;1.0;0.9994839546319112;1.0;1.0;1.0;0.0;0.0;0.012044037490821237;0.2;0.5;0.7010856731527095
1001.0;0.0;1.0;0.0;0.9793506886880792;1.0;1.0;1.0;0.0;0.0;0.005848501469646557;0.25;0.5;0.6981690819845322
1007.0;1.0;1.0;0.0;0.9999966870513436;1.0;1.0;1.0;0.0;0.0;0.01578825050049425;0.25;0.5;0.6967456995543905
1116.0;1.0;1.0;1.0;0.9998429570155112;1.0;1.0;1.0;0.0;0.0;0.007754446093421977;0.25;0.5;0.6980455431321049
1132.0;1.0;1.0;1.0;0.9998241612154528;1.0;1.0;1.0;0.0;0.0;0.007254304596402894;0.25;0.5;0.6993024166741924
