Case ID;Actual;Prefix Length;Prediction;Prediction Probability;SHAP Subset Stability;SHAP Weight Stability;SHAP Adjusted Weight Stability;SHAP Precision;SHAP Recall;SHAP Correlation;LIME Precision;LIME Recall;LIME Correlation
1042_3;1;3;0;0.6983988775575922;1.0;1.0;1.0;0.0;0.0;0.11912501768883488;0.0;0.0;0.4809181760228503
1051_3;0;3;0;0.9999468666135938;1.0;1.0;1.0;0.0;0.0;0.12024529185180492;0.0;0.0;0.4834708950986448
1064_3;1;3;1;0.9999999999999972;1.0;1.0;1.0;0.0;0.0;0.12106574432556715;0.0;0.0;0.46973051963938817
1073_3;0;3;0;0.9999998330319582;1.0;1.0;1.0;0.0;0.0;0.12065482316565762;0.0;0.0;0.47976013778333804
1108_3;0;3;1;0.9999983190266096;1.0;1.0;1.0;0.0;0.0;0.12102378745658067;0.5;1.0;0.476396791939885
918_3;1;3;1;0.9999999999972408;1.0;1.0;1.0;0.0;0.0;0.12047219153903115;0.5;1.0;0.4781690939412255
958_3;0;3;0;0.9999999842236701;1.0;1.0;1.0;0.0;0.0;0.11949054654591396;0.5;1.0;0.4494346407547185
981_3;1;3;1;1.0;1.0;1.0;1.0;0.0;0.0;0.1205566900937152;0.5;1.0;0.4624399136793282
