Case ID;Actual;Prefix Length;Prediction;Prediction Probability;SHAP Subset Stability;SHAP Weight Stability;SHAP Adjusted Weight Stability;SHAP Precision;SHAP Recall;SHAP Correlation;LIME Precision;LIME Recall;LIME Correlation
1006_6;1;6;1;0.9188444202814774;1.0;1.0;1.0;0.0;0.0;0.12842287737744684;0.0;0.0;0.6651197912620653
1015_6;0;6;0;0.5852201318286907;1.0;1.0;1.0;0.0;0.0;0.1292009404368989;0.0;0.0;0.6675412180489887
1045_6;0;6;1;0.9999016037912568;1.0;1.0;1.0;0.0;0.0;0.13252471763839838;0.0;0.0;0.6733796046915491
1091_6;1;6;1;0.9999823197726534;1.0;1.0;1.0;0.0;0.0;0.13133497644972442;0.0;0.0;0.6578710661054938
1131_6;0;6;1;0.99996212886669;1.0;1.0;1.0;0.0;0.0;0.1194639839688112;0.0;0.0;0.6601317557823644
925_6;1;6;1;0.9999995034318508;1.0;1.0;1.0;0.0;0.0;0.12930905257850178;0.0;0.0;0.6732084974453639
942_6;1;6;1;0.9999999775103541;1.0;1.0;1.0;0.0;0.0;0.12978004810988206;0.0;0.0;0.6671212275356251
973_6;0;6;0;0.9999999873488348;1.0;1.0;1.0;0.0;0.0;0.12747839918252274;0.0;0.0;0.6636161215228623
