Case ID;Actual;Prefix Length;Prediction;Prediction Probability;SHAP Subset Stability;SHAP Weight Stability;SHAP Adjusted Weight Stability;SHAP Precision;SHAP Recall;SHAP Correlation
937.0;0.0;1.0;1.0;0.7256324662359142;1.0;1.0;1.0;0.0;0.0;0.012495801837813781
945.0;0.0;1.0;1.0;0.9411252565058325;1.0;1.0;1.0;0.0;0.0;0.017973553437919967
950.0;0.0;1.0;0.0;0.5362212730145052;1.0;1.0;1.0;0.0;0.0;0.009705448509721637
955.0;1.0;1.0;1.0;0.9994839546319112;1.0;1.0;1.0;0.0;0.0;0.012044037490821237
1001.0;0.0;1.0;0.0;0.979350688688079;1.0;1.0;1.0;0.0;0.0;0.005848501469646557
1007.0;1.0;1.0;0.0;0.9999966870513436;1.0;1.0;1.0;0.0;0.0;0.01578825050049425
1116.0;1.0;1.0;1.0;0.9998429570155112;1.0;1.0;1.0;0.0;0.0;0.007754446093421976
1132.0;1.0;1.0;1.0;0.9998241612154528;1.0;1.0;1.0;0.0;0.0;0.0072543045964028946
