Case ID;Actual;Prefix Length;Prediction;Prediction Probability;SHAP Subset Stability;SHAP Weight Stability;SHAP Adjusted Weight Stability;SHAP Precision;SHAP Recall;SHAP Correlation
1009_5;0;5;1;0.9961667269716344;1.0;1.0;1.0;0.0;0.0;0.12757003904152625
1059_5;1;5;1;0.9485200523029224;1.0;1.0;1.0;0.0;0.0;0.12846314912552886
1077_5;1;5;1;0.9999999358662318;1.0;1.0;1.0;0.0;0.0;0.12726065902070127
1078_5;0;5;0;0.8450451947407144;1.0;1.0;1.0;0.0;0.0;0.126019719260286
1089_5;0;5;0;0.9986756763140268;1.0;1.0;1.0;0.0;0.0;0.12944038189469528
1095_5;0;5;1;0.9696959449510516;1.0;1.0;1.0;0.0;0.0;0.12552391208561575
946_5;1;5;1;0.9999937037506088;1.0;1.0;1.0;0.0;0.0;0.12279925849312325
978_5;1;5;1;0.9998411046335958;1.0;1.0;1.0;0.0;0.0;0.1270477906156908
