Case ID;Actual;Prefix Length;Prediction;Prediction Probability;SHAP Subset Stability;SHAP Weight Stability;SHAP Adjusted Weight Stability;SHAP Precision;SHAP Recall;SHAP Correlation
1042_3;1;3;0;0.6983988775575922;1.0;1.0;1.0;0.0;0.0;0.11912501768883488
1051_3;0;3;0;0.9999468666135938;1.0;1.0;1.0;0.0;0.0;0.12024529185180491
1064_3;1;3;1;0.9999999999999972;1.0;1.0;1.0;0.0;0.0;0.12106574432556715
1073_3;0;3;0;0.9999998330319582;1.0;1.0;1.0;0.0;0.0;0.12065482316565762
1108_3;0;3;1;0.9999983190266096;1.0;1.0;1.0;0.0;0.0;0.12102378745658067
918_3;1;3;1;0.9999999999972408;1.0;1.0;1.0;0.0;0.0;0.12047219153903116
958_3;0;3;0;0.99999998422367;1.0;1.0;1.0;0.0;0.0;0.11949054654591396
981_3;1;3;1;1.0;1.0;1.0;1.0;0.0;0.0;0.12055669009371521
