Case ID;Actual;Prefix Length;Prediction;Prediction Probability;SHAP Subset Stability;SHAP Weight Stability;SHAP Adjusted Weight Stability;SHAP Precision;SHAP Recall;SHAP Correlation
1015_10;0;10;0;0.7299015846194823;1.0;1.0;1.0;0.0;0.0;0.2532904596335151
1053_10;0;10;0;0.9879545394472118;1.0;1.0;1.0;0.0;0.0;0.254619672714258
1110_10;0;10;0;0.9821790498397642;1.0;1.0;1.0;0.0;0.0;0.2506252100932864
1121_10;1;10;1;0.9999389219872128;1.0;1.0;1.0;0.0;0.0;0.25305380213240347
1131_10;0;10;1;0.6336491890942246;1.0;1.0;1.0;0.0;0.0;0.24567836466939205
918_10;1;10;1;0.9999984249075076;1.0;1.0;1.0;0.0;0.0;0.25183791750404355
926_10;1;10;1;0.999997351366904;1.0;1.0;1.0;0.0;0.0;0.25484577597026065
946_10;1;10;1;0.9997355387611352;1.0;1.0;1.0;0.0;0.0;0.25336240157860684
