Case ID;Actual;Prefix Length;Prediction;Prediction Probability;SHAP Subset Stability;SHAP Weight Stability;SHAP Adjusted Weight Stability;SHAP Precision;SHAP Recall;SHAP Correlation;LIME Precision;LIME Recall;LIME Correlation
1037_14;1;14;1;0.999999373834237;1.0;1.0;1.0;0.0;0.0;0.2458474636104937;0.0;0.0;0.4518069038913644
1062_14;1;14;1;0.9994030227407904;1.0;1.0;1.0;0.0;0.0;0.2460752018870777;0.5;1.0;0.4525087935482803
1098_14;0;14;0;0.9841183243029329;1.0;1.0;1.0;0.0;0.0;0.2421980201262063;0.0;0.0;0.4560288765246314
1128_14;0;14;0;0.9994245793434288;1.0;1.0;1.0;0.0;0.0;0.24333450751442925;0.5;1.0;0.4567679876027474
948_14;0;14;0;0.9960080754629904;1.0;1.0;1.0;0.0;0.0;0.24461746599171535;0.0;0.0;0.4577516965916068
962_14;1;14;1;0.9999972409661808;1.0;1.0;1.0;0.0;0.0;0.24625971555964474;0.0;0.0;0.4559650683740027
990_14;1;14;1;0.9999996733675656;1.0;1.0;1.0;0.0;0.0;0.2467057586521688;0.0;0.0;0.4600647420518979
996_14;0;14;1;0.9999998045305074;1.0;1.0;1.0;0.0;0.0;0.2457646798645609;0.0;0.0;0.44838253314095644
