Case ID;Actual;Prefix Length;Prediction;Prediction Probability;SHAP Subset Stability;SHAP Weight Stability;SHAP Adjusted Weight Stability;SHAP Precision;SHAP Recall;SHAP Correlation;LIME Precision;LIME Recall;LIME Correlation
1008_9;1;9;1;0.5073985144012854;1.0;1.0;1.0;0.0;0.0;0.21127216957380127;0.0;0.0;0.49830778674668075
1088_9;0;9;0;0.6279015522311622;1.0;1.0;1.0;0.0;0.0;0.21934111246869215;0.0;0.0;0.5071174138127059
1111_9;0;9;0;0.9998958322414911;1.0;1.0;1.0;0.0;0.0;0.2192594477923879;0.0;0.0;0.5096935701714144
1113_9;1;9;1;0.9998168079372494;1.0;1.0;1.0;0.0;0.0;0.21847002258811346;0.0;0.0;0.517841052631185
1130_9;1;9;1;0.9999993814632236;1.0;1.0;1.0;0.0;0.0;0.21482187781324955;0.0;0.0;0.5066311513674877
1135_9;0;9;0;0.9987409556658416;1.0;1.0;1.0;0.0;0.0;0.21412683779748634;0.0;0.0;0.5106143650144868
962_9;1;9;1;0.9999972754287372;1.0;1.0;1.0;0.0;0.0;0.2163005413761968;0.0;0.0;0.5068018605237877
999_9;0;9;0;0.9930296937714008;1.0;1.0;1.0;0.0;0.0;0.2157281554808624;0.0;0.0;0.5077123093573874
