Case ID;Actual;Prefix Length;Prediction;Prediction Probability;SHAP Subset Stability;SHAP Weight Stability;SHAP Adjusted Weight Stability;SHAP Precision;SHAP Recall;SHAP Correlation;LIME Precision;LIME Recall;LIME Correlation
1015_10;0;10;0;0.7299015846194823;1.0;1.0;1.0;0.0;0.0;0.2532904596335151;0.0;0.0;0.482767785918067
1053_10;0;10;0;0.9879545394472118;1.0;1.0;1.0;0.0;0.0;0.254619672714258;0.0;0.0;0.4942107923768916
1110_10;0;10;0;0.9821790498397642;1.0;1.0;1.0;0.0;0.0;0.2506252100932864;0.0;0.0;0.4967733591396325
1121_10;1;10;1;0.9999389219872128;1.0;1.0;1.0;0.0;0.0;0.2530538021324035;0.0;0.0;0.4852574341143884
1131_10;0;10;1;0.6336491890942246;1.0;1.0;1.0;0.0;0.0;0.24567836466939205;0.0;0.0;0.49200760997721804
918_10;1;10;1;0.9999984249075076;1.0;1.0;1.0;0.0;0.0;0.25183791750404355;0.0;0.0;0.49052840477270904
926_10;1;10;1;0.999997351366904;1.0;1.0;1.0;0.0;0.0;0.25484577597026065;0.0;0.0;0.4847417956804222
946_10;1;10;1;0.9997355387611352;1.0;1.0;1.0;0.0;0.0;0.25336240157860684;0.0;0.0;0.4798927110135285
