Case ID;Actual;Prefix Length;Prediction;Prediction Probability;MAPE Correctness;RMSE Correctness;R2 Correctness;Mode
Case119_4;0;4;0;0.603448275862069;0.9069010849459632;0.9069010849459632;-0.9069010849459632;baseline_max
Case198_4;1;4;1;0.8571428571428571;0.9927051671732523;0.9927051671732523;-0.9969558529064247;baseline_max
Case248_4;1;4;0;0.603448275862069;0.9069010849459632;0.9069010849459632;-0.9069010849459632;baseline_max
Case249_4;1;4;0;0.7619047619047619;0.7076414555776409;0.7076414555776409;-0.7076414555776409;baseline_max
Case55_4;1;4;0;0.603448275862069;0.9069010849459632;0.9069010849459632;-0.9069010849459632;baseline_max
Case65_4;0;4;0;0.603448275862069;0.9069010849459632;0.9069010849459632;-0.9069010849459632;baseline_max
Case71_4;0;4;0;0.603448275862069;0.9069010849459632;0.9069010849459632;-0.9069010849459632;baseline_max
Case86_4;0;4;1;0.7692307692307693;0.812774890757016;0.812774890757016;-0.812774890757016;baseline_max
