Case ID;Actual;Prefix Length;Prediction;Prediction Probability;MAPE Correctness;RMSE Correctness;R2 Correctness;Mode
Case102_10;1;10;0;0.7666666666666667;1.0;1.0;-1.0;baseline_mean
Case178_10;0;10;1;0.6904761904761905;;;;baseline_mean
Case18_10;1;10;1;0.6904761904761905;;;;baseline_mean
Case206_10;1;10;0;0.7666666666666667;1.0;1.0;-1.0;baseline_mean
Case252_10;0;10;0;0.7666666666666667;1.0;1.0;-1.0;baseline_mean
Case256_10;1;10;1;0.6904761904761905;;;;baseline_mean
Case265_10;0;10;0;0.7666666666666667;1.0;1.0;-1.0;baseline_mean
Case40_10;0;10;1;0.6904761904761905;;;;baseline_mean
