Case ID;Actual;Prefix Length;Prediction;Prediction Probability;MAPE Correctness;RMSE Correctness;R2 Correctness;Mode
Case122_2;0;2;0;0.75;0.9990787653502846;0.9990787653502846;-0.9972337429718006;baseline_max
Case185_2;0;2;0;0.75;0.9990787653502846;0.9990787653502846;-0.9972337429718006;baseline_max
Case187_2;1;2;1;1.0;;;;baseline_max
Case1_2;1;2;1;1.0;;;;baseline_max
Case208_2;1;2;1;0.5507246376811594;0.816496580927726;0.816496580927726;-0.816496580927726;baseline_max
Case219_2;1;2;1;1.0;;;;baseline_max
Case36_2;0;2;1;0.5507246376811594;0.816496580927726;0.816496580927726;-0.816496580927726;baseline_max
Case7_2;0;2;1;0.5507246376811594;0.816496580927726;0.816496580927726;-0.816496580927726;baseline_max
