Case ID;Actual;Prefix Length;Prediction;Prediction Probability;MAPE Correctness;RMSE Correctness;R2 Correctness;Mode
Case188_9;1;9;1;1.0;0.5758334200460576;0.5758334200460576;-0.5758334200460576;baseline_mean
Case192_9;0;9;0;1.0;0.34899036391629024;0.34899036391629024;-0.34899036391629024;baseline_mean
Case215_9;0;9;0;1.0;0.5759877009605632;0.5759877009605632;-0.5759877009605632;baseline_mean
Case245_9;1;9;0;1.0;0.40390771727643243;0.40390771727643243;-0.40390771727643243;baseline_mean
Case264_9;1;9;1;1.0;0.5758334200460576;0.5758334200460576;-0.5758334200460576;baseline_mean
Case265_9;0;9;0;1.0;;;;baseline_mean
Case6_9;1;9;0;1.0;0.34899036391629024;0.34899036391629024;-0.34899036391629024;baseline_mean
Case84_9;0;9;0;1.0;;;;baseline_mean
