Case ID;Actual;Prefix Length;Prediction;Prediction Probability;MAPE Correctness;RMSE Correctness;R2 Correctness;Mode
Case101_14;0;14;1;0.8125;;;;baseline_0
Case102_14;1;14;1;0.8125;;;;baseline_0
Case178_14;0;14;0;1.0;0.7073262092077134;0.7073262092077134;-0.7073262092077134;baseline_0
Case17_14;1;14;1;0.8125;;;;baseline_0
Case245_14;1;14;1;0.625;0.9987585350713843;0.9987585350713843;-0.9996895855892931;baseline_0
Case265_14;0;14;1;0.625;0.9987585350713843;0.9987585350713843;-0.9996895855892931;baseline_0
Case78_14;1;14;1;0.8125;;;;baseline_0
Case83_14;0;14;0;1.0;0.7073262092077134;0.7073262092077134;-0.7073262092077134;baseline_0
