Case ID;Actual;Prefix Length;Prediction;Prediction Probability;MAPE Correctness;RMSE Correctness;R2 Correctness;Mode
Case129_5;0;5;0;0.7321428571428571;0.9983660130718955;0.9983660130718955;-0.9987737579691626;baseline_max
Case248_5;1;5;0;0.7321428571428571;0.9983660130718955;0.9983660130718955;-0.9987737579691626;baseline_max
Case250_5;0;5;1;0.6222222222222222;0.81499674001956;0.81499674001956;-0.81499674001956;baseline_max
Case256_5;1;5;0;0.7321428571428571;0.9983660130718955;0.9983660130718955;-0.9987737579691626;baseline_max
Case263_5;0;5;0;0.7321428571428571;0.9983660130718955;0.9983660130718955;-0.9987737579691626;baseline_max
Case27_5;0;5;1;0.6222222222222222;0.81499674001956;0.81499674001956;-0.81499674001956;baseline_max
Case37_5;1;5;1;0.6222222222222222;0.81499674001956;0.81499674001956;-0.81499674001956;baseline_max
Case54_5;1;5;1;0.9090909090909092;;;;baseline_max
