Case ID;Actual;Prefix Length;Prediction;Prediction Probability;MAPE Correctness;RMSE Correctness;R2 Correctness;Mode
Case110_7;1;7;1;0.6714285714285714;;;;baseline_mean
Case174_7;1;7;1;0.6714285714285714;;;;baseline_mean
Case201_7;1;7;1;0.6714285714285714;;;;baseline_mean
Case256_7;1;7;1;0.6714285714285714;;;;baseline_mean
Case43_7;0;7;0;0.9333333333333332;0.9999999999999999;0.9999999999999999;-0.9999999999999999;baseline_mean
Case4_7;0;7;1;0.6714285714285714;;;;baseline_mean
Case58_7;0;7;0;1.0;0.7048099904954584;0.7048099904954584;-0.7048099904954584;baseline_mean
Case99_7;0;7;0;1.0;0.7048099904954584;0.7048099904954584;-0.7048099904954584;baseline_mean
