Case ID;Actual;Prefix Length;Prediction;Prediction Probability;MAPE Correctness;RMSE Correctness;R2 Correctness;Mode
Case114_3;1;3;1;0.5555555555555556;0.4384135759908825;0.4384135759908825;-0.4384135759908825;baseline_mean
Case153_3;0;3;0;1.0;0.559134492779952;0.559134492779952;-0.560824438510199;baseline_mean
Case194_3;1;3;1;0.6;;;;baseline_mean
Case250_3;0;3;0;0.875;0.3941755458745613;0.3941755458745613;-0.3941755458745613;baseline_mean
Case46_3;0;3;1;0.6;;;;baseline_mean
Case69_3;0;3;0;1.0;0.39739330543272094;0.39739330543272094;-0.39739330543272094;baseline_mean
Case82_3;1;3;1;0.75;0.5682446270818656;0.5682446270818656;-0.5676637609310551;baseline_mean
Case92_3;1;3;1;0.5555555555555556;0.4384135759908825;0.4384135759908825;-0.4384135759908825;baseline_mean
