Case ID;Actual;Prefix Length;Prediction;Prediction Probability;MAPE Correctness;RMSE Correctness;R2 Correctness;Mode
Case102_10;1;10;0;0.7666666666666667;;;;baseline_0
Case178_10;0;10;1;0.6904761904761905;1.0;1.0;-1.0;baseline_0
Case18_10;1;10;1;0.6904761904761905;1.0;1.0;-1.0;baseline_0
Case206_10;1;10;0;0.7666666666666667;;;;baseline_0
Case252_10;0;10;0;0.7666666666666667;;;;baseline_0
Case256_10;1;10;1;0.6904761904761905;1.0;1.0;-1.0;baseline_0
Case265_10;0;10;0;0.7666666666666667;;;;baseline_0
Case40_10;0;10;1;0.6904761904761905;1.0;1.0;-1.0;baseline_0
