Case ID;Actual;Prefix Length;Prediction;Prediction Probability;MAPE Correctness;RMSE Correctness;R2 Correctness;Mode
Case21_13;1;13;1;0.7777777777777778;0.49925281663398974;0.49925281663398974;-0.49925281663398974;baseline_max
Case223_13;0;13;0;1.0;0.8147879548366738;0.8147879548366738;-0.8145432398250281;baseline_max
Case225_13;1;13;1;1.0;1.0;1.0;-1.0;baseline_max
Case258_13;1;13;1;0.7777777777777778;0.49925281663398974;0.49925281663398974;-0.49925281663398974;baseline_max
Case27_13;0;13;0;1.0;0.7049923535054221;0.7049923535054221;-0.7047801077848944;baseline_max
Case34_13;0;13;0;1.0;0.5763150757840412;0.5763150757840412;-0.5763150757840412;baseline_max
Case75_13;1;13;0;1.0;0.7049923535054221;0.7049923535054221;-0.7047801077848944;baseline_max
Case90_13;0;13;0;1.0;0.8147879548366738;0.8147879548366738;-0.8145432398250281;baseline_max
