Case ID;Actual;Prefix Length;Prediction;Prediction Probability;MAPE Correctness;RMSE Correctness;R2 Correctness;Mode
Case195_8;0;8;1;0.6349206349206349;;;;baseline_0
Case209_8;0;8;1;0.6349206349206349;;;;baseline_0
Case229_8;0;8;0;0.8888888888888888;0.7050435879714615;0.7050435879714615;-0.7050435879714615;baseline_0
Case248_8;1;8;0;0.8888888888888888;0.7050435879714615;0.7050435879714615;-0.7050435879714615;baseline_0
Case277_8;1;8;1;0.6349206349206349;;;;baseline_0
Case4_8;0;8;1;0.6349206349206349;;;;baseline_0
Case59_8;1;8;1;0.6349206349206349;;;;baseline_0
Case95_8;1;8;1;0.6349206349206349;;;;baseline_0
