Case ID;Actual;Prefix Length;Prediction;Prediction Probability;MAPE Correctness;RMSE Correctness;R2 Correctness;Mode
Case21_13;1;13;1;0.7777777777777778;;;;baseline_mean
Case223_13;0;13;0;1.0;0.5749346803929418;0.5749346803929418;-0.5749346803929418;baseline_mean
Case225_13;1;13;1;1.0;1.0;1.0;-1.0;baseline_mean
Case258_13;1;13;1;0.7777777777777778;;;;baseline_mean
Case27_13;0;13;0;1.0;0.4968611863746652;0.4968611863746652;-0.4968611863746652;baseline_mean
Case34_13;0;13;0;1.0;;;;baseline_mean
Case75_13;1;13;0;1.0;0.4968611863746652;0.4968611863746652;-0.4968611863746652;baseline_mean
Case90_13;0;13;0;1.0;0.5749346803929418;0.5749346803929418;-0.5749346803929418;baseline_mean
