Case ID;Actual;Prefix Length;Prediction;Prediction Probability;MAPE Correctness;RMSE Correctness;R2 Correctness;Mode
Case100;0;1;1;0.58;0.9999999999999998;0.9999999999999998;-0.9999999999999998;baseline_max
Case135;1;1;0;0.6739130434782609;;;;baseline_max
Case185;0;1;1;0.58;0.9999999999999998;0.9999999999999998;-0.9999999999999998;baseline_max
Case196;1;1;1;0.58;0.9999999999999998;0.9999999999999998;-0.9999999999999998;baseline_max
Case210;0;1;1;0.58;0.9999999999999998;0.9999999999999998;-0.9999999999999998;baseline_max
Case237;1;1;1;0.58;0.9999999999999998;0.9999999999999998;-0.9999999999999998;baseline_max
Case4;0;1;1;0.58;0.9999999999999998;0.9999999999999998;-0.9999999999999998;baseline_max
Case45;1;1;1;0.58;0.9999999999999998;0.9999999999999998;-0.9999999999999998;baseline_max
