Case ID;Actual;Prefix Length;Prediction;Prediction Probability;MAPE Correctness;RMSE Correctness;R2 Correctness;Mode
Case101_12;0;12;0;1.0;;;;baseline_min
Case102_12;1;12;1;0.75;0.6306853245609461;0.6306853245609461;-0.6312749656478843;baseline_min
Case239_12;0;12;0;1.0;0.5004664905384133;0.5004664905384133;-0.5004664905384133;baseline_min
Case245_12;1;12;1;1.0;;;;baseline_min
Case249_12;1;12;1;0.75;0.6306853245609461;0.6306853245609461;-0.6312749656478843;baseline_min
Case34_12;0;12;0;1.0;0.5004664905384133;0.5004664905384133;-0.5004664905384133;baseline_min
Case61_12;1;12;1;0.75;0.6306853245609461;0.6306853245609461;-0.6312749656478843;baseline_min
Case83_12;0;12;1;1.0;;;;baseline_min
