Case ID;Actual;Prefix Length;Prediction;Prediction Probability;MAPE Correctness;RMSE Correctness;R2 Correctness;Mode
Case122_2;0;2;0;0.75;;;;baseline_min
Case185_2;0;2;0;0.75;;;;baseline_min
Case187_2;1;2;1;1.0;0.7002989877451302;0.7002989877451302;-0.7002989877451302;baseline_min
Case1_2;1;2;1;1.0;1.0;1.0;-1.0;baseline_min
Case208_2;1;2;1;0.5507246376811594;0.5662189414569802;0.5662189414569802;-0.5662189414569802;baseline_min
Case219_2;1;2;1;1.0;0.7002989877451302;0.7002989877451302;-0.7002989877451302;baseline_min
Case36_2;0;2;1;0.5507246376811594;0.5662189414569802;0.5662189414569802;-0.5662189414569802;baseline_min
Case7_2;0;2;1;0.5507246376811594;0.5662189414569802;0.5662189414569802;-0.5662189414569802;baseline_min
