Case ID;Actual;Prefix Length;Prediction;Prediction Probability;MAPE Correctness;RMSE Correctness;R2 Correctness;Mode
Case101_14;0;14;1;0.8125;1.0;1.0;-1.0;baseline_max
Case102_14;1;14;1;0.8125;1.0;1.0;-1.0;baseline_max
Case178_14;0;14;0;1.0;0.7055710573238233;0.7055710573238233;-0.7055710573238233;baseline_max
Case17_14;1;14;1;0.8125;1.0;1.0;-1.0;baseline_max
Case245_14;1;14;1;0.625;;;;baseline_max
Case265_14;0;14;1;0.625;;;;baseline_max
Case78_14;1;14;1;0.8125;1.0;1.0;-1.0;baseline_max
Case83_14;0;14;0;1.0;0.7055710573238233;0.7055710573238233;-0.7055710573238233;baseline_max
