Case ID;Actual;Prefix Length;Prediction;Prediction Probability;MAPE Correctness;RMSE Correctness;R2 Correctness;Mode
Case119_4;0;4;0;0.603448275862069;0.39989429950097316;0.39989429950097316;-0.39989429950097316;baseline_min
Case198_4;1;4;1;0.8571428571428571;;;;baseline_min
Case248_4;1;4;0;0.603448275862069;0.39989429950097316;0.39989429950097316;-0.39989429950097316;baseline_min
Case249_4;1;4;0;0.7619047619047619;0.7033656763898605;0.7033656763898605;-0.7033656763898605;baseline_min
Case55_4;1;4;0;0.603448275862069;0.39989429950097316;0.39989429950097316;-0.39989429950097316;baseline_min
Case65_4;0;4;0;0.603448275862069;0.39989429950097316;0.39989429950097316;-0.39989429950097316;baseline_min
Case71_4;0;4;0;0.603448275862069;0.39989429950097316;0.39989429950097316;-0.39989429950097316;baseline_min
Case86_4;0;4;1;0.7692307692307693;0.5633352545672224;0.5633352545672224;-0.5633352545672224;baseline_min
