Case ID;Actual;Prefix Length;Prediction;Prediction Probability;MAPE Correctness;RMSE Correctness;R2 Correctness;Mode
Case114_3;1;3;1;0.5555555555555556;0.619372950577263;0.619372950577263;-0.6187348206734272;baseline_min
Case153_3;0;3;0;1.0;;;;baseline_min
Case194_3;1;3;1;0.6;0.5805674825658058;0.5805674825658058;-0.5805674825658058;baseline_min
Case250_3;0;3;0;0.875;0.559134492779952;0.559134492779952;-0.560824438510199;baseline_min
Case46_3;0;3;1;0.6;0.5805674825658058;0.5805674825658058;-0.5805674825658058;baseline_min
Case69_3;0;3;0;1.0;;;;baseline_min
Case82_3;1;3;1;0.75;0.6994252265641001;0.6994252265641001;-0.6984810262964549;baseline_min
Case92_3;1;3;1;0.5555555555555556;0.6168805040960668;0.6168805040960668;-0.6187348206734272;baseline_min
