Case ID;Actual;Prefix Length;Prediction;Prediction Probability;MAPE Correctness;RMSE Correctness;R2 Correctness;Mode
Case110_7;1;7;1;0.6714285714285714;0.9987608426270137;0.9987608426270137;-0.999070199705967;baseline_max
Case174_7;1;7;1;0.6714285714285714;0.9987608426270137;0.9987608426270137;-0.999070199705967;baseline_max
Case201_7;1;7;1;0.6714285714285714;0.9987608426270137;0.9987608426270137;-0.999070199705967;baseline_max
Case256_7;1;7;1;0.6714285714285714;0.9987608426270137;0.9987608426270137;-0.999070199705967;baseline_max
Case43_7;0;7;0;0.9333333333333332;;;;baseline_max
Case4_7;0;7;1;0.6714285714285714;0.9987608426270137;0.9987608426270137;-0.999070199705967;baseline_max
Case58_7;0;7;0;1.0;0.7074349811490729;0.7074349811490729;-0.7074349811490729;baseline_max
Case99_7;0;7;0;1.0;0.7074349811490729;0.7074349811490729;-0.7074349811490729;baseline_max
