Case ID;Actual;Prefix Length;Prediction;Prediction Probability;MAPE Correctness;RMSE Correctness;R2 Correctness;Mode
Case21_13;1;13;1;0.7777777777777778;0.8633479584402521;0.8633479584402521;-0.8633479584402521;baseline_min
Case223_13;0;13;0;1.0;0.5776954711751408;0.5776954711751408;-0.5776954711751408;baseline_min
Case225_13;1;13;1;1.0;;;;baseline_min
Case258_13;1;13;1;0.7777777777777778;0.8633479584402521;0.8633479584402521;-0.8633479584402521;baseline_min
Case27_13;0;13;0;1.0;0.500448631763652;0.500448631763652;-0.500448631763652;baseline_min
Case34_13;0;13;0;1.0;0.5776954711751408;0.5776954711751408;-0.5776954711751408;baseline_min
Case75_13;1;13;0;1.0;0.500448631763652;0.500448631763652;-0.500448631763652;baseline_min
Case90_13;0;13;0;1.0;0.5776954711751408;0.5776954711751408;-0.5776954711751408;baseline_min
