Case ID;Actual;Prefix Length;Prediction;Prediction Probability;MAPE Correctness;RMSE Correctness;R2 Correctness;Mode
Case101_12;0;12;0;1.0;0.49673630551576675;0.49673630551576675;-0.49673630551576675;baseline_mean
Case102_12;1;12;1;0.75;;;;baseline_mean
Case239_12;0;12;0;1.0;0.49673630551576675;0.49673630551576675;-0.49673630551576675;baseline_mean
Case245_12;1;12;1;1.0;0.44777017766369986;0.44777017766369986;-0.44777017766369986;baseline_mean
Case249_12;1;12;1;0.75;;;;baseline_mean
Case34_12;0;12;0;1.0;0.49673630551576675;0.49673630551576675;-0.49673630551576675;baseline_mean
Case61_12;1;12;1;0.75;;;;baseline_mean
Case83_12;0;12;1;1.0;0.44777017766369986;0.44777017766369986;-0.44777017766369986;baseline_mean
