Case ID;Actual;Prefix Length;Prediction;Prediction Probability;MAPE Correctness;RMSE Correctness;R2 Correctness;Mode
Case195_8;0;8;1;0.6349206349206349;1.0;1.0;-1.0;baseline_max
Case209_8;0;8;1;0.6349206349206349;1.0;1.0;-1.0;baseline_max
Case229_8;0;8;0;0.8888888888888888;0.7074015932824028;0.7074015932824028;-0.7074015932824028;baseline_max
Case248_8;1;8;0;0.8888888888888888;0.7074015932824028;0.7074015932824028;-0.7074015932824028;baseline_max
Case277_8;1;8;1;0.6349206349206349;1.0;1.0;-1.0;baseline_max
Case4_8;0;8;1;0.6349206349206349;1.0;1.0;-1.0;baseline_max
Case59_8;1;8;1;0.6349206349206349;1.0;1.0;-1.0;baseline_max
Case95_8;1;8;1;0.6349206349206349;1.0;1.0;-1.0;baseline_max
