Case ID;Actual;Prefix Length;Prediction;Prediction Probability;MAPE Correctness;RMSE Correctness;R2 Correctness;Mode
Case114_3;1;3;1;0.5555555555555556;0.7756165467987285;0.7756165467987285;-0.7745966692414835;baseline_max
Case153_3;0;3;0;1.0;0.9884378822042607;0.9884378822042607;-0.9950371902099893;baseline_max
Case194_3;1;3;1;0.6;0.7825151857856494;0.7825151857856494;-0.7825151857856494;baseline_max
Case250_3;0;3;0;0.875;0.8177083004876914;0.8177083004876914;-0.8156877678704427;baseline_max
Case46_3;0;3;1;0.6;0.782747382790191;0.782747382790191;-0.782747382790191;baseline_max
Case69_3;0;3;0;1.0;0.9054580516888208;0.9054580516888208;-0.9101553923829867;baseline_max
Case82_3;1;3;1;0.75;0.696173993770586;0.696173993770586;-0.7003461291704106;baseline_max
Case92_3;1;3;1;0.5555555555555556;0.7756165467987285;0.7756165467987285;-0.7745966692414835;baseline_max
