Case ID;Actual;Prefix Length;Prediction;Prediction Probability;MAPE Correctness;RMSE Correctness;R2 Correctness;Mode
Case129_5;0;5;0;0.7321428571428571;;;;baseline_0
Case248_5;1;5;0;0.7321428571428571;;;;baseline_0
Case250_5;0;5;1;0.6222222222222222;0.5724040004310574;0.5724040004310574;-0.5724040004310574;baseline_0
Case256_5;1;5;0;0.7321428571428571;;;;baseline_0
Case263_5;0;5;0;0.7321428571428571;;;;baseline_0
Case27_5;0;5;1;0.6222222222222222;0.5724040004310574;0.5724040004310574;-0.5724040004310574;baseline_0
Case37_5;1;5;1;0.6222222222222222;0.5724040004310574;0.5724040004310574;-0.5724040004310574;baseline_0
Case54_5;1;5;1;0.9090909090909092;1.0;1.0;-1.0;baseline_0
