Case ID;Actual;Prefix Length;Prediction;Prediction Probability;MAPE Correctness;RMSE Correctness;R2 Correctness;Mode
Case119_4;0;4;0;0.603448275862069;0.9918822932521563;0.9918822932521563;-0.9918822932521563;permutation
Case198_4;1;4;1;0.8571428571428571;0.9927051671732523;0.9927051671732523;-0.9969558529064247;permutation
Case248_4;1;4;0;0.603448275862069;0.9918822932521563;0.9918822932521563;-0.9918822932521563;permutation
Case249_4;1;4;0;0.7619047619047619;1.0;1.0;-1.0;permutation
Case55_4;1;4;0;0.603448275862069;0.9918822932521563;0.9918822932521563;-0.9918822932521563;permutation
Case65_4;0;4;0;0.603448275862069;0.9918822932521563;0.9918822932521563;-0.9918822932521563;permutation
Case71_4;0;4;0;0.603448275862069;0.9918822932521563;0.9918822932521563;-0.9918822932521563;permutation
Case86_4;0;4;1;0.7692307692307693;0.9939117199391172;0.9928970065956368;-0.9928970065956368;permutation
