Case ID;Actual;Prefix Length;Prediction;Prediction Probability;MAPE Correctness;RMSE Correctness;R2 Correctness;Mode
Case11_11;1;11;0;0.5849056603773585;0.9999999999999999;0.9999999999999999;-0.9999999999999999;permutation
Case192_11;0;11;0;0.5849056603773585;0.9999999999999999;0.9999999999999999;-0.9999999999999999;permutation
Case19_11;1;11;0;0.5849056603773585;0.9999999999999999;0.9999999999999999;-0.9999999999999999;permutation
Case258_11;1;11;1;0.8461538461538461;0.9999999999999999;0.9999999999999999;-0.9999999999999999;permutation
Case263_11;0;11;0;0.5849056603773585;0.9999999999999999;0.9999999999999999;-0.9999999999999999;permutation
Case27_11;0;11;0;0.5849056603773585;0.9999999999999999;0.9999999999999999;-0.9999999999999999;permutation
Case34_11;0;11;0;0.5849056603773585;0.9999999999999999;0.9999999999999999;-0.9999999999999999;permutation
Case37_11;1;11;0;0.5849056603773585;0.9999999999999999;0.9999999999999999;-0.9999999999999999;permutation
