Case ID;Actual;Prefix Length;Prediction;Prediction Probability;MAPE Correctness;RMSE Correctness;R2 Correctness;Mode
Case188_9;1;9;1;1.0;0.8162822567333606;0.8162822567333606;-0.8159592989953778;permutation
Case192_9;0;9;0;1.0;0.7833440479347974;0.7833440479347974;-0.7835821133019326;permutation
Case215_9;0;9;0;1.0;0.8142473421065306;0.8142473421065306;-0.8139249381531505;permutation
Case245_9;1;9;0;1.0;0.6990244568821016;0.6990244568821016;-0.7006912712205206;permutation
Case264_9;1;9;1;1.0;0.8162822567333606;0.8162822567333606;-0.8159592989953778;permutation
Case265_9;0;9;0;1.0;0.9984264358772621;0.9984264358772621;-0.9996065315606091;permutation
Case6_9;1;9;0;1.0;0.7833440479347974;0.7833440479347974;-0.7835821133019326;permutation
Case84_9;0;9;0;1.0;0.7051604151539278;0.7051604151539278;-0.7051604151539278;permutation
