Case ID;Actual;Prefix Length;Prediction;Prediction Probability;MAPE Correctness;RMSE Correctness;R2 Correctness;Mode
Case195_8;0;8;1;0.6349206349206349;0.9983319432860718;0.9983319432860718;-0.9983319432860718;permutation
Case209_8;0;8;1;0.6349206349206349;0.9983319432860718;0.9983319432860718;-0.9983319432860718;permutation
Case229_8;0;8;0;0.8888888888888888;0.9983319432860718;0.9983319432860718;-0.9983319432860718;permutation
Case248_8;1;8;0;0.8888888888888888;0.9983319432860718;0.9983319432860718;-0.9983319432860718;permutation
Case277_8;1;8;1;0.6349206349206349;0.9983319432860718;0.9983319432860718;-0.9983319432860718;permutation
Case4_8;0;8;1;0.6349206349206349;0.9983319432860718;0.9983319432860718;-0.9983319432860718;permutation
Case59_8;1;8;1;0.6349206349206349;0.9983319432860718;0.9983319432860718;-0.9983319432860718;permutation
Case95_8;1;8;1;0.6349206349206349;0.9983319432860718;0.9983319432860718;-0.9983319432860718;permutation
