Case ID;Actual;Prefix Length;Prediction;Prediction Probability;MAPE Correctness;RMSE Correctness;R2 Correctness;Mode
Case101_14;0;14;1;0.8125;1.0;1.0;-1.0;permutation
Case102_14;1;14;1;0.8125;1.0;1.0;-1.0;permutation
Case178_14;0;14;0;1.0;0.9987585350713843;0.9987585350713843;-0.9996895855892931;permutation
Case17_14;1;14;1;0.8125;1.0;1.0;-1.0;permutation
Case245_14;1;14;1;0.625;0.9987585350713843;0.9987585350713843;-0.9996895855892931;permutation
Case265_14;0;14;1;0.625;0.9987585350713843;0.9987585350713843;-0.9996895855892931;permutation
Case78_14;1;14;1;0.8125;1.0;1.0;-1.0;permutation
Case83_14;0;14;0;1.0;0.9987585350713843;0.9987585350713843;-0.9996895855892931;permutation
