Case ID;Actual;Prefix Length;Prediction;Prediction Probability;MAPE Correctness;RMSE Correctness;R2 Correctness;Mode
Case110_7;1;7;1;0.6714285714285714;0.9962825278810411;0.9987608426270137;-0.999070199705967;permutation
Case174_7;1;7;1;0.6714285714285714;0.9975216852540274;0.9987608426270137;-0.999070199705967;permutation
Case201_7;1;7;1;0.6714285714285714;0.9975216852540274;0.9987608426270137;-0.999070199705967;permutation
Case256_7;1;7;1;0.6714285714285714;0.9975216852540274;0.9987608426270137;-0.999070199705967;permutation
Case43_7;0;7;0;0.9333333333333332;0.9999999999999999;0.9999999999999999;-0.9999999999999999;permutation
Case4_7;0;7;1;0.6714285714285714;0.9962825278810411;0.9987608426270137;-0.999070199705967;permutation
Case58_7;0;7;0;1.0;0.998142989786444;0.998142989786444;-0.999535639631335;permutation
Case99_7;0;7;0;1.0;0.998142989786444;0.998142989786444;-0.999535639631335;permutation
