Case ID;Actual;Prefix Length;Prediction;Prediction Probability;MAPE Correctness;RMSE Correctness;R2 Correctness;Mode
Case122_2;0;2;0;0.75;0.996316758747698;0.996316758747698;-0.9972337429718006;permutation
Case185_2;0;2;0;0.75;0.9999999999999999;0.9999999999999999;-0.9972337429718006;permutation
Case187_2;1;2;1;1.0;0.7002989877451302;0.7002989877451302;-0.7002989877451302;permutation
Case1_2;1;2;1;1.0;1.0;1.0;-1.0;permutation
Case208_2;1;2;1;0.5507246376811594;0.9999999999999999;0.9999999999999999;-0.9999999999999999;permutation
Case219_2;1;2;1;1.0;0.7002989877451302;0.7002989877451302;-0.7002989877451302;permutation
Case36_2;0;2;1;0.5507246376811594;0.9999999999999999;0.9999999999999999;-0.9999999999999999;permutation
Case7_2;0;2;1;0.5507246376811594;0.996316758747698;0.996316758747698;-0.996316758747698;permutation
