Case ID;Actual;Prefix Length;Prediction;Prediction Probability;MAPE Correctness;RMSE Correctness;R2 Correctness;Mode
Case21_13;1;13;1;0.7777777777777778;0.997606223818073;0.997606223818073;-0.997606223818073;permutation
Case223_13;0;13;0;1.0;0.9984051036682614;0.9984051036682614;-0.999401734915042;permutation
Case225_13;1;13;1;1.0;1.0;1.0;-1.0;permutation
Case258_13;1;13;1;0.7777777777777778;0.997606223818073;0.997606223818073;-0.997606223818073;permutation
Case27_13;0;13;0;1.0;0.8642120479455135;0.8642120479455135;-0.8650750006066309;permutation
Case34_13;0;13;0;1.0;0.8167407120681577;0.8167407120681577;-0.816496580927726;permutation
Case75_13;1;13;0;1.0;0.8642120479455135;0.8642120479455135;-0.8650750006066309;permutation
Case90_13;0;13;0;1.0;0.9984051036682614;0.9984051036682614;-0.999401734915042;permutation
