Case ID;Actual;Prefix Length;Prediction;Prediction Probability;MAPE Correctness;RMSE Correctness;R2 Correctness;Mode
Case100;0;1;1;0.58;0.9999999999999998;0.9999999999999998;-0.9999999999999998;permutation
Case135;1;1;0;0.6739130434782609;0.9999999999999998;0.9999999999999998;-0.9999999999999998;permutation
Case185;0;1;1;0.58;0.9999999999999998;0.9999999999999998;-0.9999999999999998;permutation
Case196;1;1;1;0.58;0.9999999999999998;0.9999999999999998;-0.9999999999999998;permutation
Case210;0;1;1;0.58;0.9999999999999998;0.9999999999999998;-0.9999999999999998;permutation
Case237;1;1;1;0.58;0.9999999999999998;0.9999999999999998;-0.9999999999999998;permutation
Case4;0;1;1;0.58;0.9999999999999998;0.9999999999999998;-0.9999999999999998;permutation
Case45;1;1;1;0.58;0.9999999999999998;0.9999999999999998;-0.9999999999999998;permutation
