Case ID;Actual;Prefix Length;Prediction;Prediction Probability;MAPE Correctness;RMSE Correctness;R2 Correctness;Mode
Case114_3;1;3;1;0.5555555555555556;0.9905138339920951;0.9905138339920951;-0.9960395884000189;permutation
Case153_3;0;3;0;1.0;0.9894389438943895;0.9881188118811881;-0.9950371902099893;permutation
Case194_3;1;3;1;0.6;0.9803636363636363;0.9796363636363635;-0.9796363636363635;permutation
Case250_3;0;3;0;0.875;0.9947194719471948;0.9973597359735973;-0.9950371902099893;permutation
Case46_3;0;3;1;0.6;0.9803636363636363;0.9789090909090908;-0.9789090909090908;permutation
Case69_3;0;3;0;1.0;0.9079955048831667;0.9051060999352488;-0.9101553923829867;permutation
Case82_3;1;3;1;0.75;0.9907590759075908;0.9920792079207922;-0.9950371902099893;permutation
Case92_3;1;3;1;0.5555555555555556;0.9936758893280634;0.9936758893280634;-0.9960395884000189;permutation
