Case ID,Actual,Prefix Length,Prediction,Prediction Probability;SHAP Precision;SHAP Recall;SHAP Correlation
Case110_7,1,7,1,0.6714285714285714;1.0;0.3333333333333333;1.0
Case174_7,1,7,1,0.6714285714285714;1.0;0.3333333333333333;1.0
Case201_7,1,7,1,0.6714285714285714;1.0;0.3333333333333333;1.0
Case256_7,1,7,1,0.6714285714285714;1.0;0.3333333333333333;1.0
Case43_7,0,7,0,0.9333333333333333;1.0;1.0;0.5778865909673164
Case4_7,0,7,1,0.6714285714285714;1.0;0.3333333333333333;1.0
Case58_7,0,7,0,1.0;1.0;0.5;0.8153589588243236
Case99_7,0,7,0,1.0;1.0;0.5;0.8138420119241855
