Case ID,Actual,Prefix Length,Prediction,Prediction Probability;SHAP Precision;SHAP Recall;SHAP Correlation;LIME Precision;LIME Recall;LIME Correlation
Case114_3,1,3,1,0.5555555555555556;1.0;0.2;0.4995550373511326;1.0;0.2;0.1966629935405228
Case153_3,0,3,0,1.0;1.0;0.16666666666666666;0.5444768148559406;1.0;0.16666666666666666;0.1885272443534949
Case194_3,1,3,1,0.6;1.0;0.09090909090909093;0.7304246456225243;1.0;0.09090909090909091;0.2625423299845916
Case250_3,0,3,0,0.875;1.0;0.16666666666666666;0.5474100232861409;1.0;0.16666666666666666;0.21527677034478324
Case46_3,0,3,1,0.6;1.0;0.09090909090909093;0.7233489970434686;1.0;0.09090909090909091;0.25852921311435245
Case69_3,0,3,0,1.0;1.0;0.16666666666666666;0.5466767211785909;1.0;0.16666666666666666;0.18710439722629874
Case82_3,1,3,1,0.75;1.0;0.16666666666666666;0.5437435127483905;1.0;0.16666666666666666;0.1421424280068992
Case92_3,1,3,1,0.5555555555555556;1.0;0.2;0.5019625315070416;1.0;0.2;0.1966629935405228
