Case ID,Actual,Prefix Length,Prediction,Prediction Probability
Case195_8,0,8,1,0.6349206349206349
Case209_8,0,8,1,0.6349206349206349
Case229_8,0,8,0,0.8888888888888888
Case248_8,1,8,0,0.8888888888888888
Case277_8,1,8,1,0.6349206349206349
Case4_8,0,8,1,0.6349206349206349
Case59_8,1,8,1,0.6349206349206349
Case95_8,1,8,1,0.6349206349206349
