Case ID;Actual;Prefix Length;Prediction;Prediction Probability;SHAP Precision;SHAP Recall;SHAP Correlation;LIME Precision;LIME Recall;LIME Correlation
Case122_2;0;2;0;0.75;1.0;0.3333333333333333;0.992633517495396;1.0;0.6666666666666666;0.1806873201082678
Case185_2;0;2;0;0.75;1.0;0.3333333333333333;0.992633517495396;1.0;0.6666666666666666;0.1806873201082678
Case187_2;1;2;1;1.0;1.0;0.5;0.8086139348567658;1.0;1.0;0.1477342100713197
Case1_2;1;2;1;1.0;1.0;1.0;0.5789429626133168;0.5;1.0;0.1046076524101413
Case208_2;1;2;1;0.5507246376811594;1.0;0.3333333333333333;0.992633517495396;1.0;0.6666666666666666;0.1806873201082678
Case219_2;1;2;1;1.0;1.0;0.5;0.8086139348567658;1.0;1.0;0.1477342100713197
Case36_2;0;2;1;0.5507246376811594;1.0;0.3333333333333333;0.992633517495396;1.0;0.6666666666666666;0.1806873201082678
Case7_2;0;2;1;0.5507246376811594;1.0;0.3333333333333333;0.992633517495396;1.0;0.6666666666666666;0.1806873201082678
