Case ID,Actual,Prefix Length,Prediction,Prediction Probability;SHAP Precision;SHAP Recall;SHAP Correlation
Case11_11,1,11,0,0.5849056603773585;1.0;1.0;0.9999999999999999
Case192_11,0,11,0,0.5849056603773585;1.0;1.0;0.9999999999999999
Case19_11,1,11,0,0.5849056603773585;1.0;1.0;0.9999999999999999
Case258_11,1,11,1,0.8461538461538461;1.0;1.0;0.9999999999999999
Case263_11,0,11,0,0.5849056603773585;1.0;1.0;0.9999999999999999
Case27_11,0,11,0,0.5849056603773585;1.0;1.0;0.9999999999999999
Case34_11,0,11,0,0.5849056603773585;1.0;1.0;0.9999999999999999
Case37_11,1,11,0,0.5849056603773585;1.0;1.0;0.9999999999999999
