Case ID,Actual,Prefix Length,Prediction,Prediction Probability;SHAP Precision;SHAP Recall;SHAP Correlation;LIME Precision;LIME Recall;LIME Correlation
Case195_8,0,8,1,0.6349206349206349;1.0;0.5;1.0;1.0;0.5;0.08158232432745219
Case209_8,0,8,1,0.6349206349206349;1.0;0.5;1.0;1.0;0.5;0.08158232432745219
Case229_8,0,8,0,0.8888888888888888;1.0;0.5;0.9983319432860718;1.0;0.5;0.08158232432745219
Case248_8,1,8,0,0.8888888888888888;1.0;0.5;0.9983319432860718;1.0;0.5;0.08158232432745219
Case277_8,1,8,1,0.6349206349206349;1.0;0.5;1.0;1.0;0.5;0.08158232432745219
Case4_8,0,8,1,0.6349206349206349;1.0;0.5;1.0;1.0;0.5;0.08158232432745219
Case59_8,1,8,1,0.6349206349206349;1.0;0.5;1.0;1.0;0.5;0.08158232432745219
Case95_8,1,8,1,0.6349206349206349;1.0;0.5;1.0;1.0;0.5;0.08158232432745219
