Case ID;Actual;Prefix Length;Prediction;Prediction Probability;SHAP Precision;SHAP Recall;SHAP Correlation;LIME Precision;LIME Recall;LIME Correlation
Case129_5;0;5;0;0.7321428571428571;1.0;0.3333333333333333;0.996732026143791;1.0;0.3333333333333333;0.12067377834407818
Case248_5;1;5;0;0.7321428571428571;1.0;0.3333333333333333;0.996732026143791;1.0;0.3333333333333333;0.12067377834407818
Case250_5;0;5;1;0.6222222222222222;1.0;0.3333333333333333;0.996732026143791;1.0;0.3333333333333333;0.12067377834407818
Case256_5;1;5;0;0.7321428571428571;1.0;0.3333333333333333;0.996732026143791;1.0;0.3333333333333333;0.12067377834407818
Case263_5;0;5;0;0.7321428571428571;1.0;0.3333333333333333;0.996732026143791;1.0;0.3333333333333333;0.12067377834407818
Case27_5;0;5;1;0.6222222222222222;1.0;0.3333333333333333;0.996732026143791;1.0;0.3333333333333333;0.12067377834407818
Case37_5;1;5;1;0.6222222222222222;1.0;0.3333333333333333;0.996732026143791;1.0;0.3333333333333333;0.12067377834407818
Case54_5;1;5;1;0.9090909090909091;1.0;1.0;0.5780573732748211;0.0;0.0;0.06952886966616381
