Case ID,Actual,Prefix Length,Prediction,Prediction Probability;SHAP Precision;SHAP Recall;SHAP Correlation
Case101_12,0,12,0,1.0;0.0;0.0;0.6647977322897615
Case102_12,1,12,1,0.75;1.0;0.2;0.7444271996251336
Case239_12,0,12,0,1.0;1.0;0.25;0.6652132308724426
Case245_12,1,12,1,1.0;1.0;0.2;0.7451706974524746
Case249_12,1,12,1,0.75;1.0;0.2;0.7414532083157698
Case34_12,0,12,0,1.0;1.0;0.25;0.666875225203167
Case61_12,1,12,1,0.75;1.0;0.2;0.7444271996251336
Case83_12,0,12,1,1.0;1.0;0.2;0.7451706974524746
