Case ID,Actual,Prefix Length,Prediction,Prediction Probability;SHAP Precision;SHAP Recall;SHAP Correlation
Case114_3,1,3,1,0.5555555555555556;1.0;0.2;0.49955503735113255
Case153_3,0,3,0,1.0;1.0;0.16666666666666666;0.5444768148559406
Case194_3,1,3,1,0.6;1.0;0.09090909090909091;0.7304246456225243
Case250_3,0,3,0,0.875;1.0;0.16666666666666666;0.5474100232861409
Case46_3,0,3,1,0.6;1.0;0.09090909090909091;0.7233489970434686
Case69_3,0,3,0,1.0;1.0;0.16666666666666666;0.5466767211785909
Case82_3,1,3,1,0.75;1.0;0.16666666666666666;0.5437435127483905
Case92_3,1,3,1,0.5555555555555556;1.0;0.2;0.5019625315070416
