Case ID,Actual,Prefix Length,Prediction,Prediction Probability;SHAP Precision;SHAP Recall;SHAP Correlation
Case129_5,0,5,0,0.7321428571428571;1.0;0.3333333333333333;0.996732026143791
Case248_5,1,5,0,0.7321428571428571;1.0;0.3333333333333333;0.996732026143791
Case250_5,0,5,1,0.6222222222222222;1.0;0.3333333333333333;0.996732026143791
Case256_5,1,5,0,0.7321428571428571;1.0;0.3333333333333333;0.996732026143791
Case263_5,0,5,0,0.7321428571428571;1.0;0.3333333333333333;0.996732026143791
Case27_5,0,5,1,0.6222222222222222;1.0;0.3333333333333333;0.996732026143791
Case37_5,1,5,1,0.6222222222222222;1.0;0.3333333333333333;0.996732026143791
Case54_5,1,5,1,0.9090909090909091;1.0;1.0;0.578057373274821
