Case ID,Actual,Prefix Length,Prediction,Prediction Probability
Case102_10,1,10,0,0.7666666666666667
Case178_10,0,10,1,0.6904761904761905
Case18_10,1,10,1,0.6904761904761905
Case206_10,1,10,0,0.7666666666666667
Case252_10,0,10,0,0.7666666666666667
Case256_10,1,10,1,0.6904761904761905
Case265_10,0,10,0,0.7666666666666667
Case40_10,0,10,1,0.6904761904761905
