Case ID,Actual,Prefix Length,Prediction,Prediction Probability
Case11_11,1,11,0,0.5849056603773585
Case192_11,0,11,0,0.5849056603773585
Case19_11,1,11,0,0.5849056603773585
Case258_11,1,11,1,0.8461538461538461
Case263_11,0,11,0,0.5849056603773585
Case27_11,0,11,0,0.5849056603773585
Case34_11,0,11,0,0.5849056603773585
Case37_11,1,11,0,0.5849056603773585
