Case ID,Actual,Prefix Length,Prediction,Prediction Probability
Case119_4,0,4,0,0.603448275862069
Case198_4,1,4,1,0.8571428571428571
Case248_4,1,4,0,0.603448275862069
Case249_4,1,4,0,0.7619047619047619
Case55_4,1,4,0,0.603448275862069
Case65_4,0,4,0,0.603448275862069
Case71_4,0,4,0,0.603448275862069
Case86_4,0,4,1,0.7692307692307693
