Case ID,Actual,Prefix Length,Prediction,Prediction Probability;SHAP Precision;SHAP Recall;SHAP Correlation;LIME Precision;LIME Recall;LIME Correlation
Case110_7,1,7,1,0.6714285714285714;1.0;0.3333333333333333;1.0;1.0;0.3333333333333333;0.10522432174533938
Case174_7,1,7,1,0.6714285714285714;1.0;0.3333333333333333;1.0;1.0;0.3333333333333333;0.10522432174533938
Case201_7,1,7,1,0.6714285714285714;1.0;0.3333333333333333;1.0;1.0;0.3333333333333333;0.10522432174533938
Case256_7,1,7,1,0.6714285714285714;1.0;0.3333333333333333;1.0;1.0;0.3333333333333333;0.10522432174533938
Case43_7,0,7,0,0.9333333333333333;1.0;1.0;0.5778865909673164;0.0;0.0;0.060657256836200345
Case4_7,0,7,1,0.6714285714285714;1.0;0.3333333333333333;1.0;1.0;0.3333333333333333;0.10522432174533938
Case58_7,0,7,0,1.0;1.0;0.5;0.8153589588243236;1.0;0.5;0.0859020395669595
Case99_7,0,7,0,1.0;1.0;0.5;0.8138420119241855;1.0;0.5;0.0859020395669595
