Case ID;Actual;Prefix Length;Prediction;Prediction Probability;SHAP Precision;SHAP Recall;SHAP Correlation;LIME Precision;LIME Recall;LIME Correlation
Case188_9;1;9;1;1.0;1.0;0.16666666666666666;0.7064558138407826;1.0;0.16666666666666666;0.13645197485480726
Case192_9;0;9;0;1.0;1.0;0.125;0.8128607010223673;1.0;0.25;0.12610482258805492
Case215_9;0;9;0;1.0;1.0;0.3333333333333333;0.5012543214355387;0.5;0.3333333333333333;0.09620662156678694
Case245_9;1;9;0;1.0;1.0;0.16666666666666666;0.7043116653133517;1.0;0.3333333333333333;0.13336930641657302
Case264_9;1;9;1;1.0;1.0;0.16666666666666666;0.7064558138407826;1.0;0.16666666666666666;0.13645197485480726
Case265_9;0;9;0;1.0;1.0;0.5;0.4098638420491577;1.0;0.5;0.07875009228618628
Case6_9;1;9;0;1.0;1.0;0.125;0.8125374317040049;1.0;0.25;0.13648073364114888
Case84_9;0;9;0;1.0;1.0;0.5;0.4092188950121016;0.5;0.5;0.07887479552021032
