Case ID,Actual,Prefix Length,Prediction,Prediction Probability
Case129_5,0,5,0,0.7321428571428571
Case248_5,1,5,0,0.7321428571428571
Case250_5,0,5,1,0.6222222222222222
Case256_5,1,5,0,0.7321428571428571
Case263_5,0,5,0,0.7321428571428571
Case27_5,0,5,1,0.6222222222222222
Case37_5,1,5,1,0.6222222222222222
Case54_5,1,5,1,0.9090909090909091
