Case ID,Actual,Prefix Length,Prediction,Prediction Probability;SHAP Precision;SHAP Recall;SHAP Correlation
Case100,0,1,1,0.58;1.0;1.0;0.9999999999999998
Case135,1,1,0,0.6739130434782609;1.0;1.0;0.9999999999999998
Case185,0,1,1,0.58;1.0;1.0;0.9999999999999998
Case196,1,1,1,0.58;1.0;1.0;0.9999999999999998
Case210,0,1,1,0.58;1.0;1.0;0.9999999999999998
Case237,1,1,1,0.58;1.0;1.0;0.9999999999999998
Case4,0,1,1,0.58;1.0;1.0;0.9999999999999998
Case45,1,1,1,0.58;1.0;1.0;0.9999999999999998
