Case ID,Actual,Prefix Length,Prediction,Prediction Probability;SHAP Precision;SHAP Recall;SHAP Correlation;LIME Precision;LIME Recall;LIME Correlation
Case119_4,0,4,0,0.603448275862069;1.0;0.16666666666666666;0.990867579908676;1.0;0.16666666666666666;0.18889876347743279
Case198_4,1,4,1,0.8571428571428571;1.0;0.2;0.9046796493429112;1.0;0.2;0.17246694673696653
Case248_4,1,4,0,0.603448275862069;1.0;0.16666666666666666;0.990867579908676;1.0;0.16666666666666666;0.18889876347743279
Case249_4,1,4,0,0.7619047619047619;0.0;0.0;0.572096300516946;1.0;0.5;0.10873026405633357
Case55_4,1,4,0,0.603448275862069;1.0;0.16666666666666666;0.990867579908676;1.0;0.16666666666666666;0.18889876347743279
Case65_4,0,4,0,0.603448275862069;1.0;0.16666666666666666;0.990867579908676;1.0;0.16666666666666666;0.18889876347743279
Case71_4,0,4,0,0.603448275862069;1.0;0.16666666666666666;0.990867579908676;1.0;0.16666666666666666;0.18889876347743279
Case86_4,0,4,1,0.7692307692307693;1.0;0.16666666666666666;0.9898528665651952;1.0;0.16666666666666666;0.18889876347743279
