Case ID,Actual,Prefix Length,Prediction,Prediction Probability;SHAP Precision;SHAP Recall;SHAP Correlation
Case21_13,1,13,1,0.7777777777777778;1.0;0.5;0.997606223818073
Case223_13,0,13,0,1.0;1.0;0.3333333333333333;0.8649028649302821
Case225_13,1,13,1,1.0;1.0;1.0;0.500448631763652
Case258_13,1,13,1,0.7777777777777778;1.0;0.5;0.997606223818073
Case27_13,0,13,0,1.0;1.0;0.25;0.9982046678635548
Case34_13,0,13,0,1.0;1.0;0.3333333333333333;0.8662844988998194
Case75_13,1,13,0,1.0;1.0;0.25;0.9982046678635548
Case90_13,0,13,0,1.0;1.0;0.3333333333333333;0.8649028649302821
