Case ID,Actual,Prefix Length,Prediction,Prediction Probability;SHAP Precision;SHAP Recall;SHAP Correlation
Case11_6,1,6,1,0.5443037974683544;1.0;0.5;0.9979317476732161
Case12_6,0,6,1,0.5443037974683544;1.0;0.5;0.9979317476732161
Case177_6,1,6,1,0.5443037974683544;1.0;0.5;0.9979317476732161
Case178_6,0,6,1,0.5443037974683544;1.0;0.5;0.9979317476732161
Case259_6,1,6,1,0.5443037974683544;1.0;0.5;0.9979317476732161
Case30_6,0,6,1,0.5443037974683544;1.0;0.5;0.9979317476732161
Case59_6,1,6,1,0.5443037974683544;1.0;0.5;0.9979317476732161
Case62_6,0,6,0,0.6956521739130435;1.0;0.5;0.9979317476732161
