Case ID,Actual,Prefix Length,Prediction,Prediction Probability;SHAP Precision;SHAP Recall;SHAP Correlation;LIME Precision;LIME Recall;LIME Correlation
Case101_14,0,14,1,0.8125;1.0;1.0;0.7073262092077135;1.0;1.0;0.04981600205337065
Case102_14,1,14,1,0.8125;1.0;1.0;0.7073262092077135;1.0;1.0;0.04981600205337065
Case178_14,0,14,0,1.0;1.0;0.5;1.0;1.0;0.5;0.07042861045566275
Case17_14,1,14,1,0.8125;1.0;1.0;0.7073262092077135;1.0;1.0;0.04981600205337065
Case245_14,1,14,1,0.625;1.0;0.5;0.9987585350713843;1.0;0.5;0.07042861045566275
Case265_14,0,14,1,0.625;1.0;0.5;0.9987585350713843;1.0;0.5;0.07042861045566275
Case78_14,1,14,1,0.8125;1.0;1.0;0.7073262092077135;1.0;1.0;0.04981600205337065
Case83_14,0,14,0,1.0;1.0;0.5;1.0;1.0;0.5;0.07042861045566275
