"Case ID;Actual;Prefix Length;Prediction;Prediction Probability;SHAP Subset Stability;SHAP Weight Stability;SHAP Adjusted Weight Stability;LIME Subset Stability;LIME Weight Stability;LIME Adjusted Weight Stability;ACV Subset Stability;ACV Weight Stability;ACV Adjusted Weight Stability;LINDA Subset Stability;LINDA Weight Stability;LINDA Adjusted Weight Stability";MAPE Correctness;RMSE Correctness;R2 Correctness;Mode
"206904_3;1;3;0;0.5287122112207321;1.0;1.0;1.0;1.0;0.9999886411250104;0.9999886411250104;;1.0;1.0;;1.0;1.0";0.8326359832635983;0.8326359832635983;-0.6936652997787585;baseline_mean
"209781_3;0;3;0;0.5265321585051381;1.0;1.0;1.0;1.0;0.9999910098329364;0.9999910098329364;;1.0;1.0;;1.0;1.0";0.7573221757322175;0.7573221757322175;-0.7573221757322175;baseline_mean
"210107_3;0;3;0;0.5268358118165335;1.0;1.0;1.0;1.0;0.9999851703590598;0.9999851703590598;;1.0;1.0;;1.0;1.0";0.7573221757322175;0.7573221757322175;-0.7573221757322175;baseline_mean
"211029_3;1;3;0;0.5305544800415367;1.0;1.0;1.0;1.0;0.9999916553565159;0.9999916553565159;;1.0;1.0;;1.0;1.0";0.8242677824267781;0.8242677824267781;-0.8242677824267781;baseline_mean
"211507_3;1;3;0;0.5277646578877186;1.0;1.0;1.0;1.0;0.9999897921588686;0.9999897921588686;;1.0;1.0;;1.0;1.0";0.8786610878661086;0.8786610878661086;-0.8786610878661086;baseline_mean
"212671_3;0;3;0;0.5249422518454373;1.0;1.0;1.0;1.0;0.9999911447397272;0.9999911447397272;;1.0;1.0;;1.0;1.0";0.7949790794979079;0.7949790794979079;-0.6936652997787585;baseline_mean
"212698_3;0;3;0;0.5246323940470363;1.0;1.0;1.0;1.0;0.9999920621928321;0.9999920621928321;;1.0;1.0;;1.0;1.0";0.7866108786610878;0.7866108786610878;-0.6936652997787585;baseline_mean
"213192_3;1;3;0;0.5305946624965696;1.0;1.0;1.0;1.0;0.9999885924189588;0.9999885924189588;;1.0;1.0;;1.0;1.0";0.8200836820083681;0.8200836820083681;-0.8200836820083681;baseline_mean
