"Case ID;Actual;Prefix Length;Prediction;Prediction Probability;SHAP Subset Stability;SHAP Weight Stability;SHAP Adjusted Weight Stability;LIME Subset Stability;LIME Weight Stability;LIME Adjusted Weight Stability;ACV Subset Stability;ACV Weight Stability;ACV Adjusted Weight Stability;LINDA Subset Stability;LINDA Weight Stability;LINDA Adjusted Weight Stability";MAPE Correctness;RMSE Correctness;R2 Correctness;Mode
"205745_6;1;6;0;0.5334909367194143;1.0;1.0;1.0;1.0;0.9999924136955932;0.9999924136955932;;1.0;1.0;;1.0;1.0";0.3012610826189345;0.3012610826189345;-0.3012610826189345;baseline_0
"205837_6;1;6;0;0.5336405904550898;1.0;1.0;1.0;1.0;0.9999964255103828;0.9999964255103828;;1.0;1.0;;1.0;1.0";0.3023923140955604;0.3023923140955604;-0.3023923140955604;baseline_0
"206606_6;0;6;0;0.5287167768282569;1.0;1.0;1.0;1.0;0.9999957545424708;0.9999957545424708;;1.0;1.0;;1.0;1.0";0.3197142569882021;0.3197142569882021;-0.2731497661682934;baseline_0
"206751_6;0;6;0;0.5346601478234252;1.0;1.0;1.0;1.0;0.9999963839627308;0.9999963839627308;;1.0;1.0;;1.0;1.0";0.19758555011737503;0.19758555011737503;-0.1623455236919825;baseline_0
"211257_6;1;6;0;0.530076046792886;1.0;1.0;1.0;1.0;0.9999968698696412;0.9999968698696412;;1.0;1.0;;1.0;1.0";0.2425117519783118;0.2425117519783118;-0.2425117519783118;baseline_0
"212737_6;0;6;0;0.5270347787060987;1.0;1.0;1.0;1.0;0.9999939665441006;0.9999939665441006;;1.0;1.0;;1.0;1.0";0.3290128412683052;0.3290128412683052;-0.3290128412683052;baseline_0
"212947_6;0;6;0;0.533667468726045;1.0;1.0;1.0;1.0;0.9999889375108748;0.9999889375108748;;1.0;1.0;;1.0;1.0";0.2699811227816861;0.2699811227816861;-0.23195074312718952;baseline_0
"213675_6;1;6;0;0.5295365363008433;1.0;1.0;1.0;1.0;0.9999972503967338;0.9999972503967338;;1.0;1.0;;1.0;1.0";0.304547239918889;0.304547239918889;-0.304547239918889;baseline_0
