"Case ID;Actual;Prefix Length;Prediction;Prediction Probability;SHAP Subset Stability;SHAP Weight Stability;SHAP Adjusted Weight Stability;LIME Subset Stability;LIME Weight Stability;LIME Adjusted Weight Stability;ACV Subset Stability;ACV Weight Stability;ACV Adjusted Weight Stability;LINDA Subset Stability;LINDA Weight Stability;LINDA Adjusted Weight Stability";MAPE Correctness;RMSE Correctness;R2 Correctness;Mode
"205745_6;1;6;0;0.5334909367194143;1.0;1.0;1.0;1.0;0.9999924136955932;0.9999924136955932;;1.0;1.0;;1.0;1.0";0.7234688865869132;0.7234688865869132;-0.7234688865869132;baseline_max
"205837_6;1;6;0;0.5336405904550898;1.0;1.0;1.0;1.0;0.9999964255103828;0.9999964255103828;;1.0;1.0;;1.0;1.0";0.7840122765327437;0.7840122765327437;-0.7840122765327437;baseline_max
"206606_6;0;6;0;0.5287167768282569;1.0;1.0;1.0;1.0;0.9999957545424708;0.9999957545424708;;1.0;1.0;;1.0;1.0";0.6588315731775293;0.6588315731775293;-0.05669536886286504;baseline_max
"206751_6;0;6;0;0.5346601478234252;1.0;1.0;1.0;1.0;0.9999963839627308;0.9999963839627308;;1.0;1.0;;1.0;1.0";0.7992454421724349;0.7992454421724349;-0.22526769121198545;baseline_max
"211257_6;1;6;0;0.530076046792886;1.0;1.0;1.0;1.0;0.9999968698696412;0.9999968698696412;;1.0;1.0;;1.0;1.0";0.7284322069487505;0.7284322069487505;-0.7284322069487505;baseline_max
"212737_6;0;6;0;0.5270347787060987;1.0;1.0;1.0;1.0;0.9999939665441006;0.9999939665441006;;1.0;1.0;;1.0;1.0";0.7305279841564701;0.7305279841564701;-0.7305279841564701;baseline_max
"212947_6;0;6;0;0.533667468726045;1.0;1.0;1.0;1.0;0.9999889375108748;0.9999889375108748;;1.0;1.0;;1.0;1.0";0.7219282286887175;0.7219282286887175;-0.11481084591304842;baseline_max
"213675_6;1;6;0;0.5295365363008433;1.0;1.0;1.0;1.0;0.9999972503967338;0.9999972503967338;;1.0;1.0;;1.0;1.0";0.770907569215335;0.770907569215335;-0.770907569215335;baseline_max
