"Case ID;Actual;Prefix Length;Prediction;Prediction Probability;SHAP Subset Stability;SHAP Weight Stability;SHAP Adjusted Weight Stability;LIME Subset Stability;LIME Weight Stability;LIME Adjusted Weight Stability;ACV Subset Stability;ACV Weight Stability;ACV Adjusted Weight Stability;LINDA Subset Stability;LINDA Weight Stability;LINDA Adjusted Weight Stability";MAPE Correctness;RMSE Correctness;R2 Correctness;Mode
"205499_8;0;8;0;0.7829885928075256;1.0;1.0;1.0;0.8244513043183284;0.9866887903653424;0.9866887903653424;;1.0;1.0;;1.0;1.0";0.8089340281677369;0.8089340281677369;-0.8089340281677369;baseline_max
"205508_8;1;8;0;0.7176304438446199;1.0;1.0;1.0;0.7843340234644582;0.871588292602743;0.871588292602743;;1.0;1.0;;1.0;1.0";0.827096204886769;0.827096204886769;-0.827096204886769;baseline_max
"206913_8;0;8;1;0.5390713820737686;1.0;1.0;1.0;0.7632974865427515;0.9786691883332548;0.9786691883332548;;1.0;1.0;1.0;1.0;1.0";0.877581680254786;0.8776635695650272;-0.8776635695650272;baseline_max
"207242_8;0;8;0;0.6039096312968797;1.0;1.0;1.0;0.7425933711986125;0.9554025216462032;0.9554025216462032;;1.0;1.0;1.0;1.0;1.0";0.8453787478244593;0.8453787478244593;-0.8453787478244593;baseline_max
"207377_8;1;8;1;0.5593246016170862;1.0;1.0;1.0;0.7258527272114915;0.97638060915179;0.97638060915179;;1.0;1.0;1.0;1.0;1.0";0.8734454296584222;0.8734306163344213;;baseline_max
"210467_8;1;8;0;0.5173969702663658;1.0;1.0;1.0;0.6910164835164836;0.9816978405408948;0.9816978405408948;;1.0;1.0;1.0;1.0;1.0";0.8746605527203564;0.8746605527203564;-0.8746605527203564;baseline_max
"212012_8;1;8;0;0.7328914923185912;1.0;1.0;1.0;0.7807017543859649;0.9889122730723544;0.9889122730723544;;1.0;1.0;;1.0;1.0";0.8337588418946836;0.8337376393353482;-0.8337376393353482;baseline_max
"212608_8;0;8;1;0.6120838331474603;1.0;1.0;1.0;0.8434509273315293;0.9900805452679214;0.9900805452679214;;1.0;1.0;1.0;1.0;1.0";0.875171872821999;0.8751644482776888;-0.8751644482776888;baseline_max
