"Case ID;Actual;Prefix Length;Prediction;Prediction Probability;SHAP Subset Stability;SHAP Weight Stability;SHAP Adjusted Weight Stability;LIME Subset Stability;LIME Weight Stability;LIME Adjusted Weight Stability;ACV Subset Stability;ACV Weight Stability;ACV Adjusted Weight Stability";MAPE Correctness;RMSE Correctness;R2 Correctness;Mode
"205256_12;0;12;0;0.9652450570496852;1.0;1.0;1.0;-0.09471054743066798;0.9875656941209496;0.9875656941209496;;1.0;1.0";-0.09524595448645687;-0.09524595448645687;0.1196021599362618;baseline_min
"206910_12;1;12;0;0.5438667713685986;1.0;1.0;1.0;-0.05989772933502713;0.9911177882268516;0.9911177882268516;;1.0;1.0";-0.11576683522611576;-0.11576354154549943;;baseline_min
"208136_12;0;12;1;0.9725198977259925;1.0;1.0;1.0;-0.14648435168024898;0.9905561832957308;0.9905561832957308;;1.0;1.0";-0.05929602618812933;-0.05929602618812933;0.05929602618812933;baseline_min
"208997_12;1;12;0;0.8062764147661601;1.0;1.0;1.0;0.1656913155243448;0.9935964278450832;0.9935964278450832;;1.0;1.0";-0.04711381566129919;-0.04711381566129919;0.047112994412431525;baseline_min
"209437_12;0;12;0;0.9648897571940168;1.0;1.0;1.0;0.10997930117547794;0.9840034563039474;0.9840034563039474;;1.0;1.0";-0.08211848418102735;-0.08211848418102735;0.08211848418102735;baseline_min
"211323_12;1;12;1;0.5602015666146221;1.0;1.0;1.0;-0.0633971899183372;0.9891295980075991;0.9891295980075991;;1.0;1.0";-0.0952420331117195;-0.0952420331117195;;baseline_min
"212012_12;1;12;0;0.8126777085164676;1.0;1.0;1.0;-0.052418731156118385;0.9881436036111779;0.9881436036111779;;1.0;1.0";-0.09431229632654957;-0.09431229632654957;0.09431229632654957;baseline_min
"213076_12;0;12;1;0.8059820355897968;1.0;1.0;1.0;-0.07284098358046331;0.9841538840735332;0.9841538840735332;;1.0;1.0";-0.10725950619902393;-0.10725950619902393;0.10725950619902393;baseline_min
