"Case ID;Actual;Prefix Length;Prediction;Prediction Probability;SHAP Subset Stability;SHAP Weight Stability;SHAP Adjusted Weight Stability;LIME Subset Stability;LIME Weight Stability;LIME Adjusted Weight Stability;ACV Subset Stability;ACV Weight Stability;ACV Adjusted Weight Stability";MAPE Correctness;RMSE Correctness;R2 Correctness;Mode
"204721_11;0;11;0;0.7407942005124794;1.0;1.0;1.0;-0.002575423105224628;0.9886708060584468;0.9886708060584468;;1.0;1.0";0.7904530491678703;0.790487899172005;-0.7904557297737781;baseline_max
"205415_11;1;11;1;0.5475284173279967;1.0;1.0;1.0;0.046500920810312985;0.9813158634183996;0.9813158634183996;;1.0;1.0";0.861761295733423;0.8617525418665272;-0.8617496239701765;baseline_max
"207071_11;0;11;1;0.5165031555483262;1.0;1.0;1.0;-0.0040530582166542475;0.9841389282615348;0.9841389282615348;;1.0;1.0";0.8967049883820647;0.8966989128774633;-0.8966897998521028;baseline_max
"207328_11;1;11;1;0.6784879639855461;1.0;1.0;1.0;0.07723802487378406;0.9830625575073844;0.9830625575073844;;1.0;1.0";0.8282138477993917;0.8281997780114226;;baseline_max
"207726_11;0;11;0;0.8677513978366136;1.0;1.0;1.0;0.037427816685096316;0.9765663760032096;0.9765663760032096;;1.0;1.0";0.7766689017614681;0.7767978376334717;-0.1924696914027676;baseline_max
"208181_11;1;11;0;0.6853846614276412;1.0;1.0;1.0;0.041585717156830015;0.9580413336610072;0.9580413336610072;;1.0;1.0";0.7996622381248331;0.7996649473519135;-0.7996649473519135;baseline_max
"212674_11;1;11;1;0.6298681079267939;1.0;1.0;1.0;0.0338523939187656;0.9824510096347716;0.9824510096347716;;1.0;1.0";0.8375133348848735;0.8375332009779995;-0.8375104969869688;baseline_max
"213076_11;0;11;1;0.7659405497982531;1.0;1.0;1.0;0.027982779827798288;0.9837655400691272;0.9837655400691272;;1.0;1.0";0.8053212358850106;0.8053212358850106;-0.8053212358850106;baseline_max
