"Case ID;Actual;Prefix Length;Prediction;Prediction Probability;SHAP Subset Stability;SHAP Weight Stability;SHAP Adjusted Weight Stability;LIME Subset Stability;LIME Weight Stability;LIME Adjusted Weight Stability;ACV Subset Stability;ACV Weight Stability;ACV Adjusted Weight Stability";MAPE Correctness;RMSE Correctness;R2 Correctness;Mode
"204586_13;0;13;1;0.7910562720959963;1.0;1.0;1.0;0.8142121904498142;0.9733690068088596;0.9733690068088596;;1.0;1.0";-0.10954458790311099;-0.10954458790311099;0.10954458790311099;baseline_0
"206261_13;1;13;0;0.5364460565470619;1.0;1.0;1.0;0.8444631259596744;0.971508336982994;0.971508336982994;;1.0;1.0";-0.07424401267578865;-0.07424401267578865;;baseline_0
"206357_13;0;13;1;0.538836408962416;1.0;1.0;1.0;0.8484220238405795;0.9756028276203949;0.9756028276203949;;1.0;1.0";-0.06392266996946311;-0.0639217903581991;0.0639217903581991;baseline_0
"208790_13;1;13;0;0.8354686811496836;1.0;1.0;1.0;0.8246651117007617;0.9800844548544284;0.9800844548544284;;1.0;1.0";-0.08711234652392044;-0.08711234652392044;0.08711234652392044;baseline_0
"210197_13;1;13;1;0.5470472941103796;1.0;1.0;1.0;0.8288934217754899;0.9827423907396224;0.9827423907396224;;1.0;1.0";-0.09863859975053908;-0.09863791567948352;;baseline_0
"212298_13;0;13;1;0.5781728830899466;1.0;1.0;1.0;0.8892621758110074;0.961902778133902;0.961902778133902;;1.0;1.0";-0.09338529719458648;-0.09338660292655049;;baseline_0
"212428_13;0;13;1;0.8800706093910184;1.0;1.0;1.0;0.872996339770289;0.9530920499764821;0.9530920499764821;;1.0;1.0";-0.10057528622094936;-0.10057528622094936;0.10057528622094936;baseline_0
"212851_13;1;13;0;0.6881004123624797;1.0;1.0;1.0;0.8649710232848105;0.9753466288540412;0.9753466288540412;;1.0;1.0";-0.08850369948766984;-0.08850501142131238;0.08850501142131238;baseline_0
