"Case ID;Actual;Prefix Length;Prediction;Prediction Probability;SHAP Subset Stability;SHAP Weight Stability;SHAP Adjusted Weight Stability;LIME Subset Stability;LIME Weight Stability;LIME Adjusted Weight Stability;ACV Subset Stability;ACV Weight Stability;ACV Adjusted Weight Stability;LINDA Subset Stability;LINDA Weight Stability;LINDA Adjusted Weight Stability";MAPE Correctness;RMSE Correctness;R2 Correctness;Mode
"205876_2;0;2;0;0.535089710950508;1.0;1.0;1.0;0.8784722222222222;0.9998281889952392;0.9998281889952392;;1.0;1.0;1.0;1.0;1.0";0.8435754189944134;0.8435754189944134;-0.8435754189944134;baseline_max
"205924_2;0;2;0;0.533091553215443;1.0;1.0;1.0;1.0;0.9998110123966538;0.9998110123966538;;1.0;1.0;1.0;1.0;1.0";0.8435754189944134;0.8435754189944134;-0.7622372246172309;baseline_max
"206360_2;1;2;0;0.5187590741305579;1.0;1.0;1.0;0.7699610516066212;0.9999779130524142;0.9999779130524142;;1.0;1.0;1.0;1.0;1.0";0.6629552182110016;0.6629552182110016;-0.6629552182110016;baseline_max
"207044_2;0;2;0;0.5513228294882281;1.0;1.0;1.0;1.0;0.9999704604319268;0.9999704604319268;;1.0;1.0;;1.0;1.0";0.8435754189944134;0.8435754189944134;-0.8435754189944134;baseline_max
"208601_2;1;2;0;0.5145824758316073;1.0;1.0;1.0;1.0;0.9999577777168442;0.9999577777168442;;1.0;1.0;1.0;1.0;1.0";0.7435041607988033;0.7435041607988033;-0.7435041607988033;baseline_max
"212012_2;1;2;0;0.5617326507077299;1.0;1.0;1.0;1.0;0.99996327016645;0.99996327016645;;1.0;1.0;;1.0;1.0";0.8435754189944134;0.8435754189944134;-0.8435754189944134;baseline_max
"212274_2;1;2;0;0.5217960146241576;1.0;1.0;1.0;1.0;0.9998830823233368;0.9998830823233368;;1.0;1.0;1.0;1.0;1.0";0.7988826815642458;0.7988826815642458;-0.7988826815642458;baseline_max
"212947_2;0;2;0;0.5089462739070683;1.0;1.0;1.0;1.0;0.9998092825832484;0.9998092825832484;;1.0;1.0;1.0;1.0;1.0";0.7435041607988033;0.7435041607988033;-0.7435041607988033;baseline_max
