"Case ID;Actual;Prefix Length;Prediction;Prediction Probability;SHAP Subset Stability;SHAP Weight Stability;SHAP Adjusted Weight Stability;LIME Subset Stability;LIME Weight Stability;LIME Adjusted Weight Stability;ACV Subset Stability;ACV Weight Stability;ACV Adjusted Weight Stability;LINDA Subset Stability;LINDA Weight Stability;LINDA Adjusted Weight Stability";MAPE Correctness;RMSE Correctness;R2 Correctness;Mode
"204718_10;1;10;0;0.6704593660652562;1.0;1.0;1.0;0.7405474640571744;0.9635906272059412;0.9635906272059412;;1.0;1.0;1.0;1.0;1.0";0.26427184448082963;0.26427184448082963;-0.26427184448082963;baseline_mean
"206216_10;0;10;0;0.7813029021421074;1.0;1.0;1.0;0.786445631149609;0.9755227716012354;0.9755227716012354;;1.0;1.0;;1.0;1.0";0.27485606501795673;0.27485606501795673;-0.27485606501795673;baseline_mean
"209287_10;1;10;0;0.5203586188086146;1.0;1.0;1.0;0.7421464832179118;0.9760202297488332;0.9760202297488332;;1.0;1.0;1.0;1.0;1.0";0.2749925346678354;0.2749925346678354;-0.2749925346678354;baseline_mean
"209404_10;0;10;0;0.649758919091266;1.0;1.0;1.0;0.7735050058158857;0.9556808384489328;0.9556808384489328;;1.0;1.0;;1.0;1.0";0.26058755733067346;0.26058755733067346;-0.26058755733067346;baseline_mean
"209781_10;0;10;0;0.8515151532792167;1.0;1.0;1.0;0.7029199764636658;0.9635314836132473;0.9635314836132473;;1.0;1.0;;1.0;1.0";0.27828342143596557;0.27828342143596557;-0.27828342143596557;baseline_mean
"210266_10;0;10;1;0.6398813164005309;1.0;1.0;1.0;0.7068323997219609;0.9691797708728108;0.9691797708728108;;1.0;1.0;1.0;1.0;1.0";0.261630564747433;0.261630564747433;-0.261630564747433;baseline_mean
"211402_10;1;10;0;0.6170012243350077;1.0;1.0;1.0;0.7414379327398615;0.9738646890770712;0.9738646890770712;;1.0;1.0;1.0;1.0;1.0";0.254980468258415;0.254980468258415;-0.254980468258415;baseline_mean
"213906_10;1;10;1;0.5061611678556033;1.0;1.0;1.0;0.7789280167114386;0.9530394712722644;0.9530394712722644;;1.0;1.0;1.0;1.0;1.0";0.27290186736943306;0.27290186736943306;-0.27290186736943306;baseline_mean
