"Case ID;Actual;Prefix Length;Prediction;Prediction Probability;SHAP Subset Stability;SHAP Weight Stability;SHAP Adjusted Weight Stability;LIME Subset Stability;LIME Weight Stability;LIME Adjusted Weight Stability;ACV Subset Stability;ACV Weight Stability;ACV Adjusted Weight Stability";MAPE Correctness;RMSE Correctness;R2 Correctness;Mode
"204721_11;0;11;0;0.7407942005124794;1.0;1.0;1.0;-0.002575423105224628;0.9886708060584468;0.9886708060584468;;1.0;1.0";0.24493175344315896;0.24493175344315896;-0.24493175344315896;baseline_mean
"205415_11;1;11;1;0.5475284173279967;1.0;1.0;1.0;0.046500920810312985;0.9813158634183996;0.9813158634183996;;1.0;1.0";0.26397026964166787;0.26397026964166787;-0.26397026964166787;baseline_mean
"207071_11;0;11;1;0.5165031555483262;1.0;1.0;1.0;-0.0040530582166542475;0.9841389282615348;0.9841389282615348;;1.0;1.0";0.2527286875058991;0.25272783359323864;-0.25272783359323864;baseline_mean
"207328_11;1;11;1;0.6784879639855461;1.0;1.0;1.0;0.07723802487378406;0.9830625575073844;0.9830625575073844;;1.0;1.0";0.2486188442272524;0.2486188442272524;;baseline_mean
"207726_11;0;11;0;0.8677513978366136;1.0;1.0;1.0;0.037427816685096316;0.9765663760032096;0.9765663760032096;;1.0;1.0";0.24717475947175527;0.24717475947175527;-0.21620858922375663;baseline_mean
"208181_11;1;11;0;0.6853846614276412;1.0;1.0;1.0;0.041585717156830015;0.9580413336610072;0.9580413336610072;;1.0;1.0";0.26623455660859546;0.26623455660859546;-0.26623455660859546;baseline_mean
"212674_11;1;11;1;0.6298681079267939;1.0;1.0;1.0;0.0338523939187656;0.9824510096347716;0.9824510096347716;;1.0;1.0";0.2458406029788175;0.24584143348071175;-0.24584143348071175;baseline_mean
"213076_11;0;11;1;0.7659405497982531;1.0;1.0;1.0;0.027982779827798288;0.9837655400691272;0.9837655400691272;;1.0;1.0";0.228589002606899;0.228589002606899;-0.228589002606899;baseline_mean
