"Case ID;Actual;Prefix Length;Prediction;Prediction Probability;SHAP Subset Stability;SHAP Weight Stability;SHAP Adjusted Weight Stability;LIME Subset Stability;LIME Weight Stability;LIME Adjusted Weight Stability;ACV Subset Stability;ACV Weight Stability;ACV Adjusted Weight Stability;LINDA Subset Stability;LINDA Weight Stability;LINDA Adjusted Weight Stability";MAPE Correctness;RMSE Correctness;R2 Correctness;Mode
"205745_6;1;6;0;0.5334909367194143;1.0;1.0;1.0;1.0;0.9999924136955932;0.9999924136955932;;1.0;1.0;;1.0;1.0";0.7000989037824494;0.7000989037824494;-0.7000989037824494;baseline_mean
"205837_6;1;6;0;0.5336405904550898;1.0;1.0;1.0;1.0;0.9999964255103828;0.9999964255103828;;1.0;1.0;;1.0;1.0";0.7048642337638877;0.7048642337638877;-0.7048642337638877;baseline_mean
"206606_6;0;6;0;0.5287167768282569;1.0;1.0;1.0;1.0;0.9999957545424708;0.9999957545424708;;1.0;1.0;;1.0;1.0";0.714574717499649;0.714574717499649;-0.34102169550964284;baseline_mean
"206751_6;0;6;0;0.5346601478234252;1.0;1.0;1.0;1.0;0.9999963839627308;0.9999963839627308;;1.0;1.0;;1.0;1.0";0.6976712828485092;0.6976712828485092;-0.34102169550964284;baseline_mean
"211257_6;1;6;0;0.530076046792886;1.0;1.0;1.0;1.0;0.9999968698696412;0.9999968698696412;;1.0;1.0;;1.0;1.0";0.7254540557591592;0.7254540557591592;-0.7254540557591592;baseline_mean
"212737_6;0;6;0;0.5270347787060987;1.0;1.0;1.0;1.0;0.9999939665441006;0.9999939665441006;;1.0;1.0;;1.0;1.0";0.7028861722621587;0.7028861722621587;-0.7028861722621587;baseline_mean
"212947_6;0;6;0;0.533667468726045;1.0;1.0;1.0;1.0;0.9999889375108748;0.9999889375108748;;1.0;1.0;;1.0;1.0";0.7057924432541126;0.7057924432541126;-0.34102169550964284;baseline_mean
"213675_6;1;6;0;0.5295365363008433;1.0;1.0;1.0;1.0;0.9999972503967338;0.9999972503967338;;1.0;1.0;;1.0;1.0";0.7134058629758999;0.7134058629758999;-0.7134058629758999;baseline_mean
