"Case ID;Actual;Prefix Length;Prediction;Prediction Probability;SHAP Subset Stability;SHAP Weight Stability;SHAP Adjusted Weight Stability;LIME Subset Stability;LIME Weight Stability;LIME Adjusted Weight Stability;ACV Subset Stability;ACV Weight Stability;ACV Adjusted Weight Stability";MAPE Correctness;RMSE Correctness;R2 Correctness;Mode
"204721_11;0;11;0;0.7407942005124794;1.0;1.0;1.0;-0.002575423105224628;0.9886708060584468;0.9886708060584468;;1.0;1.0";0.8729384759897814;0.8629585415908073;-0.8629585415908073;permutation
"205415_11;1;11;1;0.5475284173279967;1.0;1.0;1.0;0.046500920810312985;0.9813158634183996;0.9813158634183996;;1.0;1.0";0.934426415897935;0.9148359418584209;-0.9148359418584209;permutation
"207071_11;0;11;1;0.5165031555483262;1.0;1.0;1.0;-0.0040530582166542475;0.9841389282615348;0.9841389282615348;;1.0;1.0";0.9484347745535686;0.9306170068903276;-0.9306170068903276;permutation
"207328_11;1;11;1;0.6784879639855461;1.0;1.0;1.0;0.07723802487378406;0.9830625575073844;0.9830625575073844;;1.0;1.0";0.8961131650260926;0.8845904170910449;;permutation
"207726_11;0;11;0;0.8677513978366136;1.0;1.0;1.0;0.037427816685096316;0.9765663760032096;0.9765663760032096;;1.0;1.0";0.83405512984015;0.8260068531495095;-0.21620858922375663;permutation
"208181_11;1;11;0;0.6853846614276412;1.0;1.0;1.0;0.041585717156830015;0.9580413336610072;0.9580413336610072;;1.0;1.0";0.8879330088560115;0.8749917813912832;-0.8749917813912832;permutation
"212674_11;1;11;1;0.6298681079267939;1.0;1.0;1.0;0.0338523939187656;0.9824510096347716;0.9824510096347716;;1.0;1.0";0.9122484675580063;0.8980614192721236;-0.8980583885930877;permutation
"213076_11;0;11;1;0.7659405497982531;1.0;1.0;1.0;0.027982779827798288;0.9837655400691272;0.9837655400691272;;1.0;1.0";0.8726489057492136;0.8626661264713704;-0.8626661264713704;permutation
