Case ID;Actual;Prefix Length;Prediction;Prediction Probability;SHAP Subset Stability;SHAP Weight Stability;SHAP Adjusted Weight Stability;LIME Subset Stability;LIME Weight Stability;LIME Adjusted Weight Stability;ACV Subset Stability;ACV Weight Stability;ACV Adjusted Weight Stability;LINDA Subset Stability;LINDA Weight Stability;LINDA Adjusted Weight Stability;MAPE Correctness;RMSE Correctness;R2 Correctness;Mode
206904_3;1;3;0;0.5287122112207321;1.0;1.0;1.0;1.0;0.9999886411250104;0.9999886411250104;;1.0;1.0;;1.0;1.0;0.9323747427109496;0.9365371299551948;-0.6936652997787585;permutation
209781_3;0;3;0;0.5265321585051381;1.0;1.0;1.0;1.0;0.9999910098329364;0.9999910098329364;;1.0;1.0;;1.0;1.0;0.8657765468030246;0.8741013212915152;-0.8741013212915152;permutation
210107_3;0;3;0;0.5268358118165335;1.0;1.0;1.0;1.0;0.9999851703590598;0.9999851703590598;;1.0;1.0;;1.0;1.0;0.9365371299551948;0.9282123554667042;-0.9282123554667042;permutation
211029_3;1;3;0;0.5305544800415367;1.0;1.0;1.0;1.0;0.9999916553565159;0.9999916553565159;;1.0;1.0;;1.0;1.0;0.9656738406649121;0.9698362279091574;-0.9698362279091574;permutation
211507_3;1;3;0;0.5277646578877186;1.0;1.0;1.0;1.0;0.9999897921588686;0.9999897921588686;;1.0;1.0;;1.0;1.0;0.9323747427109496;0.9323747427109496;-0.9323747427109496;permutation
212671_3;0;3;0;0.5249422518454373;1.0;1.0;1.0;1.0;0.9999911447397272;0.9999911447397272;;1.0;1.0;;1.0;1.0;0.978161002397648;0.9698362279091574;-0.6936652997787585;permutation
212698_3;0;3;0;0.5246323940470363;1.0;1.0;1.0;1.0;0.9999920621928321;0.9999920621928321;;1.0;1.0;;1.0;1.0;0.9698362279091574;0.9656738406649121;-0.6936652997787585;permutation
213192_3;1;3;0;0.5305946624965696;1.0;1.0;1.0;1.0;0.9999885924189588;0.9999885924189588;;1.0;1.0;;1.0;1.0;0.9656738406649121;0.9656738406649121;-0.9656738406649121;permutation
