Case ID;Actual;Prefix Length;Prediction;Prediction Probability;SHAP Subset Stability;SHAP Weight Stability;SHAP Adjusted Weight Stability;LIME Subset Stability;LIME Weight Stability;LIME Adjusted Weight Stability;ACV Subset Stability;ACV Weight Stability;ACV Adjusted Weight Stability;LINDA Subset Stability;LINDA Weight Stability;LINDA Adjusted Weight Stability;MAPE Correctness;RMSE Correctness;R2 Correctness;Mode
205388_7;0;7;1;0.6403138650283869;1.0;1.0;1.0;0.8315524363513741;0.9835599888951286;0.9835599888951286;;1.0;1.0;1.0;1.0;1.0;0.9339015525206942;0.9203561768844464;-0.9203561768844464;permutation
205562_7;1;7;0;0.5683292442501584;1.0;1.0;1.0;0.7412596879547838;0.7303961691440845;0.7303961691440845;;1.0;1.0;;1.0;1.0;0.9359090011423088;0.9166333913219552;-0.29969393780362247;permutation
205721_7;1;7;1;0.7743319856753487;1.0;1.0;1.0;0.8570887445887445;0.9910694288477638;0.9910694288477638;;1.0;1.0;1.0;1.0;1.0;0.902150635835311;0.8906894624286142;-0.8906894624286142;permutation
206519_7;1;7;0;0.7041406383132557;1.0;1.0;1.0;0.7337010159651669;0.9683279776075412;0.9683279776075412;;1.0;1.0;;1.0;1.0;0.8900643075155217;0.8769881505833358;-0.8769881505833358;permutation
207413_7;1;7;0;0.5226289365170178;1.0;1.0;1.0;0.7903599920949439;0.9906989067018822;0.9906989067018822;;1.0;1.0;1.0;1.0;1.0;0.9427336089435693;0.9242915390073388;-0.9242915390073388;permutation
208418_7;0;7;0;0.50175784399012;1.0;1.0;1.0;0.8022572078907435;0.9868095656143852;0.9868095656143852;;1.0;1.0;1.0;1.0;1.0;0.9479432332193406;0.9298258400485665;;permutation
209078_7;0;7;0;0.6012626415120861;1.0;1.0;1.0;0.7656381723149552;0.9559279312129388;0.9559279312129388;;1.0;1.0;;1.0;1.0;0.9416395878456572;0.9256059894746124;-0.9256059894746124;permutation
211086_7;0;7;0;0.8485994980038339;1.0;1.0;1.0;0.7216309621898747;0.9932090440141921;0.9932090440141921;;1.0;1.0;;1.0;1.0;0.8513567991465412;0.84067706938121;-0.29969393780362247;permutation
