Case ID;Actual;Prefix Length;Prediction;Prediction Probability;SHAP Subset Stability;SHAP Weight Stability;SHAP Adjusted Weight Stability;LIME Subset Stability;LIME Weight Stability;LIME Adjusted Weight Stability;ACV Subset Stability;ACV Weight Stability;ACV Adjusted Weight Stability;MAPE Correctness;RMSE Correctness;R2 Correctness;Mode
204586_13;0;13;1;0.7910562720959963;1.0;1.0;1.0;0.8142121904498142;0.9733690068088596;0.9733690068088596;;1.0;1.0;0.883247027044204;0.8697171413947432;-0.8697153113648295;permutation
206261_13;1;13;0;0.5364460565470619;1.0;1.0;1.0;0.8444631259596744;0.971508336982994;0.971508336982994;;1.0;1.0;0.9407984085665606;0.9201317929718658;;permutation
206357_13;0;13;1;0.538836408962416;1.0;1.0;1.0;0.8484220238405795;0.9756028276203949;0.9756028276203949;;1.0;1.0;0.9513655194581615;0.9299766477518976;-0.9299766477518976;permutation
208790_13;1;13;0;0.8354686811496836;1.0;1.0;1.0;0.8246651117007617;0.9800844548544284;0.9800844548544284;;1.0;1.0;0.8752230633935364;0.8631801193552324;-0.8631801193552324;permutation
210197_13;1;13;1;0.5470472941103796;1.0;1.0;1.0;0.8288934217754899;0.9827423907396224;0.9827423907396224;;1.0;1.0;0.9415058232812934;0.9204453290646778;;permutation
212298_13;0;13;1;0.5781728830899466;1.0;1.0;1.0;0.8892621758110074;0.961902778133902;0.961902778133902;;1.0;1.0;0.933147097726022;0.9105920319480931;;permutation
212428_13;0;13;1;0.8800706093910184;1.0;1.0;1.0;0.872996339770289;0.9530920499764821;0.9530920499764821;;1.0;1.0;0.8597356689274938;0.8482653963539483;-0.8482653963539483;permutation
212851_13;1;13;0;0.6881004123624797;1.0;1.0;1.0;0.8649710232848105;0.9753466288540412;0.9753466288540412;;1.0;1.0;0.9046417525930313;0.8871920794792495;-0.8871920794792495;permutation
