Case ID;Actual;Prefix Length;Prediction;Prediction Probability;SHAP Subset Stability;SHAP Weight Stability;SHAP Adjusted Weight Stability;LIME Subset Stability;LIME Weight Stability;LIME Adjusted Weight Stability;ACV Subset Stability;ACV Weight Stability;ACV Adjusted Weight Stability;MAPE Correctness;RMSE Correctness;R2 Correctness;Mode
205256_12;0;12;0;0.9652450570496852;1.0;1.0;1.0;-0.09471054743066798;0.9875656941209496;0.9875656941209496;;1.0;1.0;0.824051848248466;0.817721621864183;-0.20393445060721965;permutation
206910_12;1;12;0;0.5438667713685986;1.0;1.0;1.0;-0.05989772933502713;0.9911177882268516;0.9911177882268516;;1.0;1.0;0.9511244935154861;0.9308727175752086;;permutation
208136_12;0;12;1;0.9725198977259925;1.0;1.0;1.0;-0.14648435168024898;0.9905561832957308;0.9905561832957308;;1.0;1.0;0.8249264418338466;0.8147661355052789;-0.8147661355052789;permutation
208997_12;1;12;0;0.8062764147661601;1.0;1.0;1.0;0.1656913155243448;0.9935964278450832;0.9935964278450832;;1.0;1.0;0.8660593660832099;0.8546626263242623;-0.8546626263242623;permutation
209437_12;0;12;0;0.9648897571940168;1.0;1.0;1.0;0.10997930117547794;0.9840034563039474;0.9840034563039474;;1.0;1.0;0.8295672788183452;0.8232307560048577;-0.8232307560048577;permutation
211323_12;1;12;1;0.5602015666146221;1.0;1.0;1.0;-0.0633971899183372;0.9891295980075991;0.9891295980075991;;1.0;1.0;0.9360408285307699;0.9131905458451197;;permutation
212012_12;1;12;0;0.8126777085164676;1.0;1.0;1.0;-0.052418731156118385;0.9881436036111779;0.9881436036111779;;1.0;1.0;0.8491303129306966;0.838331662749025;-0.838331662749025;permutation
213076_12;0;12;1;0.8059820355897968;1.0;1.0;1.0;-0.07284098358046331;0.9841538840735332;0.9841538840735332;;1.0;1.0;0.8723979463763277;0.8606098632223453;-0.8606098632223453;permutation
