Case ID;Actual;Prefix Length;Prediction;Prediction Probability;SHAP Subset Stability;SHAP Weight Stability;SHAP Adjusted Weight Stability;LIME Subset Stability;LIME Weight Stability;LIME Adjusted Weight Stability;ACV Subset Stability;ACV Weight Stability;ACV Adjusted Weight Stability;LINDA Subset Stability;LINDA Weight Stability;LINDA Adjusted Weight Stability;SHAP Precision;SHAP Recall;SHAP Correlation
206904_3;1;3;0;0.5287122112207321;1.0;1.0;1.0;1.0;0.9999886411250104;0.9999886411250104;;1.0;1.0;;1.0;1.0;1.0;1.0;0.8245703838918977
209781_3;0;3;0;0.5265321585051381;1.0;1.0;1.0;1.0;0.9999910098329364;0.9999910098329364;;1.0;1.0;;1.0;1.0;1.0;1.0;0.7442276285383282
210107_3;0;3;0;0.5268358118165335;1.0;1.0;1.0;1.0;0.9999851703590598;0.9999851703590598;;1.0;1.0;;1.0;1.0;1.0;1.0;0.7442276285383282
211029_3;1;3;0;0.5305544800415367;1.0;1.0;1.0;1.0;0.999991655356516;0.999991655356516;;1.0;1.0;;1.0;1.0;1.0;1.0;0.8203418178206572
211507_3;1;3;0;0.5277646578877186;1.0;1.0;1.0;1.0;0.9999897921588686;0.9999897921588686;;1.0;1.0;;1.0;1.0;1.0;1.0;0.8583989124618218
212671_3;0;3;0;0.5249422518454373;1.0;1.0;1.0;1.0;0.9999911447397272;0.9999911447397272;;1.0;1.0;;1.0;1.0;1.0;1.0;0.7061705338971637
212698_3;0;3;0;0.5246323940470363;1.0;1.0;1.0;1.0;0.999992062192832;0.999992062192832;;1.0;1.0;;1.0;1.0;1.0;1.0;0.7738275910370117
213192_3;1;3;0;0.5305946624965696;1.0;1.0;1.0;1.0;0.9999885924189588;0.9999885924189588;;1.0;1.0;;1.0;1.0;1.0;1.0;0.7991989874644547
