Case ID;Actual;Prefix Length;Prediction;Prediction Probability;SHAP Subset Stability;SHAP Weight Stability;SHAP Adjusted Weight Stability;LIME Subset Stability;LIME Weight Stability;LIME Adjusted Weight Stability;ACV Subset Stability;ACV Weight Stability;ACV Adjusted Weight Stability;SHAP Precision;SHAP Recall;SHAP Correlation
204721_11;0;11;0;0.7407942005124794;1.0;1.0;1.0;-0.0025754231052246;0.9886708060584468;0.9886708060584468;;1.0;1.0;0.0;0.0;0.15380478398227737
205415_11;1;11;1;0.5475284173279967;1.0;1.0;1.0;0.0465009208103129;0.9813158634183996;0.9813158634183996;;1.0;1.0;0.0;0.0;0.16325082110903724
207071_11;0;11;1;0.5165031555483262;1.0;1.0;1.0;-0.0040530582166542;0.9841389282615348;0.9841389282615348;;1.0;1.0;0.0;0.0;0.17511341595167945
207328_11;1;11;1;0.6784879639855461;1.0;1.0;1.0;0.077238024873784;0.9830625575073844;0.9830625575073844;;1.0;1.0;0.0;0.0;0.14879480662195413
207726_11;0;11;0;0.8677513978366136;1.0;1.0;1.0;0.0374278166850963;0.9765663760032096;0.9765663760032096;;1.0;1.0;0.0;0.0;0.14941947024275504
208181_11;1;11;0;0.6853846614276412;1.0;1.0;1.0;0.04158571715683;0.9580413336610072;0.9580413336610072;;1.0;1.0;0.0;0.0;0.16840051027371947
212674_11;1;11;1;0.6298681079267939;1.0;1.0;1.0;0.0338523939187656;0.9824510096347716;0.9824510096347716;;1.0;1.0;0.0;0.0;0.1511982381405201
213076_11;0;11;1;0.7659405497982531;1.0;1.0;1.0;0.0279827798277982;0.9837655400691272;0.9837655400691272;;1.0;1.0;0.0;0.0;0.14133774270809762
