Case ID;Actual;Prefix Length;Prediction;Prediction Probability;SHAP Subset Stability;SHAP Weight Stability;SHAP Adjusted Weight Stability;LIME Subset Stability;LIME Weight Stability;LIME Adjusted Weight Stability;ACV Subset Stability;ACV Weight Stability;ACV Adjusted Weight Stability;SHAP Precision;SHAP Recall;SHAP Correlation
205256_12;0;12;0;0.9652450570496852;1.0;1.0;1.0;-0.0947105474306679;0.9875656941209496;0.9875656941209496;;1.0;1.0;0.0;0.0;0.1833488506463926
206910_12;1;12;0;0.5438667713685986;1.0;1.0;1.0;-0.0598977293350271;0.9911177882268516;0.9911177882268516;;1.0;1.0;0.0;0.0;0.16243921743305587
208136_12;0;12;1;0.9725198977259925;1.0;1.0;1.0;-0.1464843516802489;0.9905561832957308;0.9905561832957308;;1.0;1.0;0.0;0.0;0.19920225885446521
208997_12;1;12;0;0.8062764147661601;1.0;1.0;1.0;0.1656913155243448;0.9935964278450832;0.9935964278450832;;1.0;1.0;0.0;0.0;0.19386145984713957
209437_12;0;12;0;0.9648897571940168;1.0;1.0;1.0;0.1099793011754779;0.9840034563039474;0.9840034563039474;;1.0;1.0;0.0;0.0;0.17893690688084915
211323_12;1;12;1;0.5602015666146221;1.0;1.0;1.0;-0.0633971899183372;0.9891295980075993;0.9891295980075993;;1.0;1.0;0.0;0.0;0.16953355853433816
212012_12;1;12;0;0.8126777085164676;1.0;1.0;1.0;-0.0524187311561183;0.988143603611178;0.988143603611178;;1.0;1.0;0.0;0.0;0.14629527172751253
213076_12;0;12;1;0.8059820355897968;1.0;1.0;1.0;-0.0728409835804633;0.9841538840735332;0.9841538840735332;;1.0;1.0;0.0;0.0;0.1703011001529141
