Case ID;Actual;Prefix Length;Prediction;Prediction Probability;SHAP Subset Stability;SHAP Weight Stability;SHAP Adjusted Weight Stability;LIME Subset Stability;LIME Weight Stability;LIME Adjusted Weight Stability;ACV Subset Stability;ACV Weight Stability;ACV Adjusted Weight Stability;LINDA Subset Stability;LINDA Weight Stability;LINDA Adjusted Weight Stability;SHAP Precision;SHAP Recall;SHAP Correlation;LIME Precision;LIME Recall;LIME Correlation
205876_2;0;2;0;0.535089710950508;1.0;1.0;1.0;0.8784722222222222;0.9998281889952392;0.9998281889952392;;1.0;1.0;1.0;1.0;1.0;0.0;0.0;0.9106145251396648;0.0;0.0;0.8698361302489118
205924_2;0;2;0;0.533091553215443;1.0;1.0;1.0;1.0;0.9998110123966538;0.9998110123966538;;1.0;1.0;1.0;1.0;1.0;0.0;0.0;0.6424581005586593;1.0;1.0;0.8365939851438579
206360_2;1;2;0;0.5187590741305579;1.0;1.0;1.0;0.7699610516066212;0.9999779130524142;0.9999779130524142;;1.0;1.0;1.0;1.0;1.0;0.0;0.0;0.8882681564245809;0.6666666666666666;1.0;0.9030782753539658
207044_2;0;2;0;0.5513228294882281;1.0;1.0;1.0;1.0;0.9999704604319268;0.9999704604319268;;1.0;1.0;;1.0;1.0;0.0;0.0;0.8882681564245809;0.6666666666666666;1.0;0.9141589903889837
208601_2;1;2;0;0.5145824758316073;1.0;1.0;1.0;1.0;0.9999577777168442;0.9999577777168442;;1.0;1.0;1.0;1.0;1.0;0.0;0.0;0.6201117318435754;0.0;0.0;0.8587554152138939
212012_2;1;2;0;0.5617326507077299;1.0;1.0;1.0;1.0;0.99996327016645;0.99996327016645;;1.0;1.0;;1.0;1.0;0.6666666666666666;1.0;0.9329608938547486;0.6666666666666666;1.0;0.9363204204590198
212274_2;1;2;0;0.5217960146241576;1.0;1.0;1.0;1.0;0.9998830823233368;0.9998830823233368;;1.0;1.0;1.0;1.0;1.0;0.6666666666666666;1.0;0.9106145251396648;1.0;1.0;0.9030782753539658
212947_2;0;2;0;0.5089462739070683;1.0;1.0;1.0;1.0;0.9998092825832484;0.9998092825832484;;1.0;1.0;1.0;1.0;1.0;0.0;0.0;0.6201117318435754;0.0;0.0;0.6814639746536061
