Case ID;Actual;Prefix Length;Prediction;Prediction Probability;SHAP Subset Stability;SHAP Weight Stability;SHAP Adjusted Weight Stability;LIME Subset Stability;LIME Weight Stability;LIME Adjusted Weight Stability;ACV Subset Stability;ACV Weight Stability;ACV Adjusted Weight Stability;SHAP Precision;SHAP Recall;SHAP Correlation;LIME Precision;LIME Recall;LIME Correlation
205319_14;0;14;0;0.6214001233275223;1.0;1.0;1.0;-0.0088823350164779;0.9525170162242012;0.9525170162242012;;1.0;1.0;0.0;0.0;0.2347643199207617;1.0;1.0;0.6903134240228871
206198_14;1;14;0;0.9744707901992936;1.0;1.0;1.0;0.0045827633378934;0.9476451956820379;0.9476451956820379;;1.0;1.0;0.0;0.0;0.21680570830633608;1.0;1.0;0.6886299306282259
206438_14;1;14;1;0.5148466215321762;1.0;1.0;1.0;-0.1098368185011078;0.9626353757219503;0.9626353757219503;;1.0;1.0;0.0;0.0;0.23062813227353726;1.0;1.0;0.6800907653372334
206727_14;0;14;0;0.6456078599473332;1.0;1.0;1.0;0.1422575148061236;0.917938831847256;0.917938831847256;;1.0;1.0;0.0;0.0;0.2180376789188506;1.0;1.0;0.6962563585365706
206763_14;0;14;1;0.7016279526143493;1.0;1.0;1.0;-0.1186616738520101;0.9345480305172262;0.9345480305172262;;1.0;1.0;0.0;0.0;0.23035249290812254;1.0;1.0;0.695147551642095
207275_14;1;14;0;0.5534232647170995;1.0;1.0;1.0;0.1788856304985341;0.9286433744145156;0.9286433744145156;;1.0;1.0;0.0;0.0;0.21177926820727694;1.0;1.0;0.6924093394941521
210969_14;1;14;0;0.803794031874797;1.0;1.0;1.0;-0.0526954874869838;0.965365111112277;0.965365111112277;;1.0;1.0;0.0;0.0;0.21019037616363032;1.0;1.0;0.6895764730991197
213792_14;0;14;1;0.7155546731542175;1.0;1.0;1.0;-0.0664474410201525;0.773407967261734;0.773407967261734;;1.0;1.0;0.0;0.0;0.2349191962263349;1.0;1.0;0.6910638969819529
