Case ID;Actual;Prefix Length;Prediction;Prediction Probability;SHAP Subset Stability;SHAP Weight Stability;SHAP Adjusted Weight Stability;LIME Subset Stability;LIME Weight Stability;LIME Adjusted Weight Stability;ACV Subset Stability;ACV Weight Stability;ACV Adjusted Weight Stability;SHAP Precision;SHAP Recall;SHAP Correlation;LIME Precision;LIME Recall;LIME Correlation
204586_13;0;13;1;0.7910562720959963;1.0;1.0;1.0;0.8142121904498142;0.9733690068088596;0.9733690068088596;;1.0;1.0;0.0;0.0;0.18498903322515967;0.6666666666666666;1.0;0.7294640491608465
206261_13;1;13;0;0.5364460565470619;1.0;1.0;1.0;0.8444631259596744;0.9715083369829941;0.9715083369829941;;1.0;1.0;0.0;0.0;0.1936461554696869;1.0;1.0;0.734011830015964
206357_13;0;13;1;0.538836408962416;1.0;1.0;1.0;0.8484220238405795;0.9756028276203949;0.9756028276203949;;1.0;1.0;0.0;0.0;0.18839629675178166;0.6666666666666666;1.0;0.7446738495762949
208790_13;1;13;0;0.8354686811496836;1.0;1.0;1.0;0.8246651117007617;0.9800844548544284;0.9800844548544284;;1.0;1.0;0.0;0.0;0.17415010588054422;0.6666666666666666;1.0;0.7239814466855103
210197_13;1;13;1;0.5470472941103796;1.0;1.0;1.0;0.8288934217754899;0.9827423907396224;0.9827423907396224;;1.0;1.0;0.0;0.0;0.18860991143177824;1.0;1.0;0.7348540116558006
212298_13;0;13;1;0.5781728830899466;1.0;1.0;1.0;0.8892621758110074;0.9619027781339019;0.9619027781339019;;1.0;1.0;0.0;0.0;0.19830881841216846;1.0;1.0;0.7291945510360988
212428_13;0;13;1;0.8800706093910184;1.0;1.0;1.0;0.872996339770289;0.9530920499764821;0.9530920499764821;;1.0;1.0;0.0;0.0;0.194469808800644;0.6666666666666666;1.0;0.7319484849983643
212851_13;1;13;0;0.6881004123624797;1.0;1.0;1.0;0.8649710232848105;0.9753466288540412;0.9753466288540412;;1.0;1.0;0.0;0.0;0.181032786095406;0.6666666666666666;1.0;0.7417346356532654
