Case ID;Actual;Prefix Length;Prediction;Prediction Probability;SHAP Subset Stability;SHAP Weight Stability;SHAP Adjusted Weight Stability;LIME Subset Stability;LIME Weight Stability;LIME Adjusted Weight Stability;ACV Subset Stability;ACV Weight Stability;ACV Adjusted Weight Stability;LINDA Subset Stability;LINDA Weight Stability;LINDA Adjusted Weight Stability;SHAP Precision;SHAP Recall;SHAP Correlation;LIME Precision;LIME Recall;LIME Correlation
204793_9;0;9;1;0.5473183193272962;1.0;1.0;1.0;0.7754843565382064;0.9616135194401386;0.9616135194401386;;1.0;1.0;1.0;1.0;1.0;0.0;0.0;0.17135877924512682;1.0;0.3333333333333333;0.7400821291801606
205643_9;0;9;1;0.52057517312904;1.0;1.0;1.0;0.8055496416152154;0.9594126420362808;0.9594126420362808;;1.0;1.0;1.0;1.0;1.0;0.0;0.0;0.1738350926030898;1.0;0.3333333333333333;0.730736276644323
206706_9;0;9;1;0.6322345859009276;1.0;1.0;1.0;0.7010909090909091;0.9836329052054412;0.9836329052054412;;1.0;1.0;1.0;1.0;1.0;0.0;0.0;0.15587104531694002;1.0;0.3333333333333333;0.7519011844226829
206928_9;1;9;0;0.6241442499072614;1.0;1.0;1.0;0.7909333224815349;0.9732304556334528;0.9732304556334528;;1.0;1.0;1.0;1.0;1.0;0.0;0.0;0.11481651443780175;1.0;0.3333333333333333;0.7571091785838749
207284_9;1;9;0;0.7346239288023544;1.0;1.0;1.0;0.8342235318093815;0.9579472367537908;0.9579472367537908;;1.0;1.0;1.0;1.0;1.0;0.0;0.0;0.14547044359127467;1.0;0.3333333333333333;0.7452663425460959
212602_9;1;9;1;0.5600773061134815;1.0;1.0;1.0;0.8382360064911474;0.9713319969194999;0.9713319969194999;;1.0;1.0;1.0;1.0;1.0;0.0;0.0;0.12872162864307188;1.0;0.3333333333333333;0.7588927382281189
212875_9;1;9;1;0.6544243208255864;1.0;1.0;1.0;0.7789371772805508;0.9788240083083752;0.9788240083083752;;1.0;1.0;1.0;1.0;1.0;0.0;0.0;0.1316521674038254;1.0;0.3333333333333333;0.7501176247784391
213804_9;0;9;0;0.8321601093978572;1.0;1.0;1.0;0.8288355822088955;0.9746776478357712;0.9746776478357712;;1.0;1.0;1.0;1.0;1.0;0.0;0.0;0.15201269493689934;1.0;0.3333333333333333;0.7537798672479531
