"Case ID;Actual;Prefix Length;Prediction;Prediction Probability;SHAP Subset Stability;SHAP Weight Stability;SHAP Adjusted Weight Stability;LIME Subset Stability;LIME Weight Stability;LIME Adjusted Weight Stability;ACV Subset Stability;ACV Weight Stability;ACV Adjusted Weight Stability";MAPE Correctness;RMSE Correctness;R2 Correctness;Mode
"BAA_10;0;10;0;0.8319690787009981;1.0;0.8989969302369073;0.8989969302369073;0.14855630216310955;0.7699657788558341;0.7699657788558341;1.0;1.0;1.0";0.2752184597133868;0.2752184597133868;-0.2752184597133868;baseline_mean
"FO_10;0;10;0;0.99995971646237;1.0;0.9524151062938996;0.9524151062938996;0.30663321733188964;0.924367324784488;0.924367324784488;1.0;1.0;1.0";0.42317137045578207;0.42317137045578207;-0.42317137045578207;baseline_mean
"GE_10;0;10;0;0.9999909543108026;1.0;0.8152110973977096;0.8152110973977096;0.2657903721406626;0.9030837140184128;0.9030837140184128;1.0;1.0;1.0";0.25752276303712607;0.25752276303712607;-0.25752276303712607;baseline_mean
"LC_10;1;10;1;0.9999999999797068;1.0;0.8515382194940184;0.8515382194940184;0.3387264584256606;0.9268389889979384;0.9268389889979384;;1.0;1.0";0.39367585365326124;0.39367585365326124;-0.5594736485714066;baseline_mean
"NMA_10;0;10;0;0.9999999999984936;1.0;0.7622486142472631;0.7622486142472631;0.672971599920698;0.9527376351910553;0.9527376351910553;1.0;1.0;1.0";0.23320927691307644;0.23320927691307644;-0.2164572221784819;baseline_mean
"PGA_10;1;10;1;1.0;1.0;0.9417744138891071;0.9417744138891071;0.046374126345422366;0.7129667955414489;0.7129667955414489;;1.0;1.0";0.07236814798276808;0.07236814798276808;-0.07236814798276808;baseline_mean
"TCA_10;1;10;1;1.0;1.0;0.8840973863773336;0.8840973863773336;0.33987815566762936;0.8989583236774925;0.8989583236774925;;1.0;1.0";0.07237252148799692;0.07237252148799692;-0.07237252148799692;baseline_mean
"YIA_10;1;10;1;1.0;1.0;0.9427250795392508;0.9427250795392508;0.007372471215958409;0.9196505823214671;0.9196505823214671;;1.0;1.0";0.07237154952942168;0.07237154952942168;-0.07237154952942168;baseline_mean
