"Case ID;Actual;Prefix Length;Prediction;Prediction Probability;SHAP Subset Stability;SHAP Weight Stability;SHAP Adjusted Weight Stability;LIME Subset Stability;LIME Weight Stability;LIME Adjusted Weight Stability;ACV Subset Stability;ACV Weight Stability;ACV Adjusted Weight Stability;LINDA Subset Stability;LINDA Weight Stability;LINDA Adjusted Weight Stability";MAPE Correctness;RMSE Correctness;R2 Correctness;Mode
"BM_3;0;3;1;0.9999468013317564;0.8108818770226538;0.8901317908711088;0.8901317908711088;0.5904511607533949;0.9150302962009113;0.9150302962009113;;1.0;1.0;;1.0;1.0";0.39704810394781165;0.39704810394781165;-0.39704810394781165;baseline_max
"CE_3;0;3;1;0.9956399846407106;0.7195224382049437;0.9206417219226825;0.9206417219226825;0.019173359704982573;0.9428466910551662;0.9428466910551662;;1.0;1.0;;1.0;1.0";0.44993324761215836;0.44993324761215836;-0.44993324761215836;baseline_max
"HAA_3;0;3;1;0.7421237578935744;0.8439846487568831;0.9672082293530708;0.9672082293530708;0.5665562913907287;0.9406517728274536;0.9406517728274536;;1.0;1.0;;1.0;1.0";0.486965088100344;0.486965088100344;-0.486965088100344;baseline_max
"HS_3;1;3;1;1.0;0.6967567567567567;0.9235124650006934;0.9235124650006934;1.0;0.9520738955005632;0.9520738955005632;;1.0;1.0;;1.0;1.0";0.2558371244628567;0.2558371244628567;-0.25869005532448;baseline_max
"KW_3;1;3;1;0.8563881963547836;0.7195224382049435;0.8903355198777931;0.8903355198777931;0.975753583801838;0.9558027773165064;0.9558027773165064;;1.0;1.0;;1.0;1.0";0.4397023307764562;0.4397023307764562;-0.4397023307764562;baseline_max
"LKA_3;1;3;1;0.541287441653305;0.6634269258459322;0.9441630272090106;0.9441630272090106;0.7275180767671305;0.971505985941066;0.971505985941066;;1.0;1.0;;1.0;1.0";0.4986891087445105;0.4986891087445105;-0.21050109818035442;baseline_max
"SF_3;0;3;1;0.9999999946614082;0.6848031283710896;0.9376083731034924;0.9376083731034924;0.052023053399200436;0.9222814573226474;0.9222814573226474;;1.0;1.0;;1.0;1.0";0.447832755764935;0.447832755764935;-0.4518285922559096;baseline_max
"SJA_3;1;3;1;0.9926655707758392;0.6848031283710896;0.942202316410598;0.942202316410598;0.2153477893551116;0.9471897481500218;0.9471897481500218;;1.0;1.0;;1.0;1.0";0.45713609213059747;0.45713609213059747;-0.45713609213059747;baseline_max
