Case ID;Actual;Prefix Length;Prediction;Prediction Probability;SHAP Subset Stability;SHAP Weight Stability;SHAP Adjusted Weight Stability;LIME Subset Stability;LIME Weight Stability;LIME Adjusted Weight Stability;ACV Subset Stability;ACV Weight Stability;ACV Adjusted Weight Stability;LINDA Subset Stability;LINDA Weight Stability;LINDA Adjusted Weight Stability;MAPE Correctness;RMSE Correctness;R2 Correctness;Mode
ALA_2;0;2;1;1.0;1.0;0.9968196680366148;0.9968196680366148;0.002723553674827905;0.9421387446567784;0.9421387446567784;;1.0;1.0;;1.0;1.0;0.4010896098159473;0.4009558909891552;-0.400602334908681;baseline_max
CR_2;0;2;1;0.9999999921687674;1.0;0.9975931813864504;0.9975931813864504;0.6923366488583877;0.9460941359750972;0.9460941359750972;;1.0;1.0;;1.0;1.0;0.5163901247281933;0.5163901247281933;-0.4772220077408038;baseline_max
EAA_2;0;2;0;0.9999999999999004;1.0;0.9787808491733562;0.9787808491733562;0.6830482162425421;0.5555312051515385;0.5555312051515385;1.0;1.0;1.0;1.0;1.0;1.0;0.3523919446603108;0.3523919446603108;-0.1368810967123654;baseline_max
FE_2;1;2;1;0.990170154648478;1.0;-2.9495543548734652e+88;-2.9495543548734652e+88;0.7467158652870765;0.9734259229660552;0.9734259229660552;;1.0;1.0;;1.0;1.0;0.4550841632000748;0.4550841632000748;-0.45607025202300544;baseline_max
IG_2;0;2;0;0.9999999999999574;0.8876998282467962;0.9427367562229858;0.9427367562229858;0.6738768477898915;-3.9528076615223777;-3.9528076615223777;1.0;1.0;1.0;1.0;1.0;1.0;0.3768270739163399;0.3768270739163399;-0.11296534156396146;baseline_max
KV_2;1;2;1;1.0;1.0;0.9798297571556688;0.9798297571556688;0.907899013977679;0.9654040929111936;0.9654040929111936;;1.0;1.0;;1.0;1.0;0.3129045599143187;0.3129045599143187;-0.30858414647068316;baseline_max
WA_2;1;2;0;0.9999999999999716;1.0;0.8484007094062704;0.8484007094062704;0.7223333333333334;0.9731931339463674;0.9731931339463674;1.0;1.0;1.0;1.0;1.0;1.0;0.42810511052764677;0.42810511052764677;-0.41741254427331237;baseline_max
WC_2;1;2;0;1.0;1.0;0.9798165228307506;0.9798165228307506;0.7514619883040935;0.9611632826218588;0.9611632826218588;1.0;1.0;1.0;;1.0;1.0;0.1130812681726582;0.1130812681726582;-0.1130812681726582;baseline_max
