"Case ID;Actual;Prefix Length;Prediction;Prediction Probability;SHAP Subset Stability;SHAP Weight Stability;SHAP Adjusted Weight Stability;LIME Subset Stability;LIME Weight Stability;LIME Adjusted Weight Stability;ACV Subset Stability;ACV Weight Stability;ACV Adjusted Weight Stability";MAPE Correctness;RMSE Correctness;R2 Correctness;Mode
"FY_8;1;8;1;1.0;0.8836731735601082;0.9483200212647162;0.9483200212647162;0.5530492898913951;0.8056085053787961;0.8056085053787961;;1.0;1.0";0.4163492008690067;0.4163492008690067;-0.4123834258012041;baseline_max
"HJ_8;0;8;1;1.0;0.9084635565187636;0.916602858159679;0.916602858159679;0.4122724419334589;0.9648293423691106;0.9648293423691106;;1.0;1.0";0.4397804893369231;0.4397804893369231;-0.43634137612089485;baseline_max
"OMA_8;0;8;0;1.0;1.0;0.7710174291153893;0.7710174291153893;0.4122724419334589;0.9640164726271132;0.9640164726271132;1.0;1.0;1.0";0.06876719394799923;0.06876719394799923;-0.06876719394799923;baseline_max
"OU_8;1;8;1;1.0;1.0;0.9536133563716408;0.9536133563716408;0.09038456286018637;0.9743366498718056;0.9743366498718056;;1.0;1.0";;;;baseline_max
"PJ_8;0;8;1;1.0;0.9084635565187636;0.920986539257768;0.920986539257768;0.7130341498301448;0.9753781433484018;0.9753781433484018;;1.0;1.0";0.43278697383560955;0.43278697383560955;-0.4316552100078849;baseline_max
"TAA_8;0;8;1;1.0;0.7253906695562906;0.9248926151410144;0.9248926151410144;0.8327079424640401;0.9758525022229516;0.9758525022229516;;1.0;1.0";0.44149810231399167;0.44149810231399167;-0.43806846328621213;baseline_max
"XM_8;1;8;1;1.0;0.9084635565187636;0.9546625946672782;0.9546625946672782;1.0;0.9796691758186922;0.9796691758186922;;1.0;1.0";0.4250443184207164;0.4250443184207164;-0.4250443184207164;baseline_max
"YL_8;1;8;1;1.0;0.8836731735601082;0.9641596732392498;0.9641596732392498;0.4122724419334589;0.9736835336689228;0.9736835336689228;;1.0;1.0";0.4309873422747134;0.4309873422747134;-0.4242455074296743;baseline_max
