"Case ID;Actual;Prefix Length;Prediction;Prediction Probability;SHAP Subset Stability;SHAP Weight Stability;SHAP Adjusted Weight Stability;LIME Subset Stability;LIME Weight Stability;LIME Adjusted Weight Stability;ACV Subset Stability;ACV Weight Stability;ACV Adjusted Weight Stability;LINDA Subset Stability;LINDA Weight Stability;LINDA Adjusted Weight Stability";MAPE Correctness;RMSE Correctness;R2 Correctness;Mode
"D_5;1;5;1;1.0;1.0;0.9924088292312464;0.9924088292312464;0.7135953987106978;0.926336420422345;0.926336420422345;;1.0;1.0;1.0;1.0;1.0";0.4287972288205916;0.4287972288205916;-0.41957393548385646;baseline_max
"FU_5;0;5;1;1.0;1.0;0.9911132144829964;0.9911132144829964;-0.118128488244172;0.9682412268955912;0.9682412268955912;;1.0;1.0;;1.0;1.0";0.28589067343883784;0.28589067343883784;-0.28802351692174294;baseline_max
"OKA_5;0;5;1;1.0;1.0;0.9935949836778916;0.9935949836778916;0.7139671034290493;0.9405221011251012;0.9405221011251012;;1.0;1.0;1.0;1.0;1.0";0.45693937005942686;0.45693937005942686;-0.42031389124480106;baseline_max
"OLA_5;1;5;1;1.0;1.0;0.9933822881460348;0.9933822881460348;-0.1416217430368376;0.9579936707128468;0.9579936707128468;;1.0;1.0;;1.0;1.0";0.28759787700388595;0.28759787700388595;-0.28795529723416313;baseline_max
"O_5;1;5;1;1.0;1.0;0.9936874237541858;0.9936874237541858;0.7913022252959604;0.9722737561164498;0.9722737561164498;;1.0;1.0;1.0;1.0;1.0";0.4414662259806349;0.4414662259806349;-0.4073398531880384;baseline_max
"SJA_5;1;5;1;0.9999999999999432;1.0;0.9933187020687942;0.9933187020687942;0.75311004784689;0.9578162818400012;0.9578162818400012;;1.0;1.0;1.0;1.0;1.0";0.4519621733473972;0.4519621733473972;-0.43781635400377744;baseline_max
"TF_5;0;5;0;1.0;1.0;0.9944231537486908;0.9944231537486908;0.7951135348306988;0.9418483857698308;0.9418483857698308;1.0;1.0;1.0;;1.0;1.0";0.15337554415766;0.15337554415766;-0.1531188114078109;baseline_max
"XGA_5;0;5;0;1.0;1.0;0.9951440881467144;0.9951440881467144;0.7671251532071358;0.9627938202674288;0.9627938202674288;1.0;1.0;1.0;;1.0;1.0";;;;baseline_max
