"Case ID;Actual;Prefix Length;Prediction;Prediction Probability;SHAP Subset Stability;SHAP Weight Stability;SHAP Adjusted Weight Stability;LIME Subset Stability;LIME Weight Stability;LIME Adjusted Weight Stability;ACV Subset Stability;ACV Weight Stability;ACV Adjusted Weight Stability";MAPE Correctness;RMSE Correctness;R2 Correctness;Mode
"HLA_9;0;9;0;0.9999967683834178;1.0;0.9675667924755662;0.9675667924755662;0.7895882352941178;0.9521977310144016;0.9521977310144016;1.0;1.0;1.0";0.5071363515782458;0.5070439337405263;-0.5070439337405263;baseline_mean
"KBA_9;0;9;1;1.0;1.0;0.9753695862051464;0.9753695862051464;-0.1768616181393292;0.9653346980622264;0.9653346980622264;;1.0;1.0";;;;baseline_mean
"KX_9;1;9;0;1.0;1.0;0.9808947108123276;0.9808947108123276;0.7279447702834797;0.931040668881378;0.931040668881378;1.0;1.0;1.0";;;;baseline_mean
"NIA_9;1;9;1;0.9731962497564599;1.0;0.9728656303984844;0.9728656303984844;0.7726290363590134;0.9498804863395721;0.9498804863395721;;1.0;1.0";0.5676626553314956;0.5676626553314956;-0.5676626553314956;baseline_mean
"PG_9;1;9;0;1.0;1.0;0.9411424664458512;0.9411424664458512;0.7233065082833571;0.8941563869172223;0.8941563869172223;1.0;1.0;1.0";0.3620110466613449;0.36198980322641205;-0.3631397757313509;baseline_mean
"QQ_9;0;9;0;0.9987257010449426;1.0;0.8188539291111558;0.8188539291111558;0.7422703160719166;0.966123571917582;0.966123571917582;1.0;1.0;1.0";0.5901653242043207;0.5901653242043207;-0.5901653242043207;baseline_mean
"RLA_9;1;9;0;1.0;1.0;0.9724479381317356;0.9724479381317356;0.6780169371912491;0.9629752433889984;0.9629752433889984;1.0;1.0;1.0";0.3445532427928166;0.3445532427928166;-0.34312261618743484;baseline_mean
"YLA_9;0;9;0;1.0;1.0;0.9639269923486824;0.9639269923486824;0.7393036933413459;0.9598201034341384;0.9598201034341384;1.0;1.0;1.0";;;;baseline_mean
