"Case ID;Actual;Prefix Length;Prediction;Prediction Probability;SHAP Subset Stability;SHAP Weight Stability;SHAP Adjusted Weight Stability;LIME Subset Stability;LIME Weight Stability;LIME Adjusted Weight Stability;ACV Subset Stability;ACV Weight Stability;ACV Adjusted Weight Stability;LINDA Subset Stability;LINDA Weight Stability;LINDA Adjusted Weight Stability";MAPE Correctness;RMSE Correctness;R2 Correctness;Mode
"GO_4;0;4;1;0.9974764802351797;1.0;0.9899926172898844;0.9899926172898844;0.9623621551977762;0.970447285825517;0.970447285825517;;1.0;1.0;;1.0;1.0";0.28166760169247207;0.28166760169247207;-0.28166760169247207;baseline_mean
"HS_4;1;4;0;0.9995994137635474;1.0;0.9522181403726888;0.9522181403726888;0.9015063133007774;0.7923937119640778;0.7923937119640778;1.0;1.0;1.0;1.0;1.0;1.0";0.23315091392323894;0.23315091392323894;-0.23315091392323894;baseline_mean
"MKA_4;0;4;1;0.999999999973184;1.0;0.9966888801814092;0.9966888801814092;0.8602320675105485;0.9397747176391712;0.9397747176391712;;1.0;1.0;;1.0;1.0";0.21033024037571307;0.21033024037571307;-0.5401789639276124;baseline_mean
"MK_4;0;4;1;0.559873209875102;1.0;0.9897794025564652;0.9897794025564652;0.9503125;0.9460857049499632;0.9460857049499632;;1.0;1.0;1.0;1.0;1.0";0.19418414741281753;0.19418414741281753;-0.19418414741281753;baseline_mean
"PZ_4;1;4;1;0.9999999999402718;1.0;0.9927620542123596;0.9927620542123596;0.9026409059474412;0.952896826965206;0.952896826965206;;1.0;1.0;;1.0;1.0";0.20398409818248314;0.20398409818248314;-0.527349605619891;baseline_mean
"SFA_4;0;4;1;0.9999821120053616;1.0;0.9966944318487914;0.9966944318487914;0.9108672573813053;0.9538476250222568;0.9538476250222568;;1.0;1.0;;1.0;1.0";0.24254753549119962;0.24254753549119962;-0.24254753549119962;baseline_mean
"SM_4;1;4;1;1.0;1.0;0.9962960095165682;0.9962960095165682;0.9193474754238059;0.9645895737899586;0.9645895737899586;;1.0;1.0;;1.0;1.0";0.16504682049928893;0.16504682049928893;-0.16337413391456496;baseline_mean
"YGA_4;1;4;1;0.999999999754806;1.0;0.997201255108258;0.997201255108258;0.08444091961567246;0.9631804724536251;0.9631804724536251;;1.0;1.0;;1.0;1.0";0.2228408764495784;0.2228408764495784;-0.5401789639276124;baseline_mean
