Case ID;Actual;Prefix Length;Prediction;Prediction Probability;SHAP Subset Stability;SHAP Weight Stability;SHAP Adjusted Weight Stability;LIME Subset Stability;LIME Weight Stability;LIME Adjusted Weight Stability;ACV Subset Stability;ACV Weight Stability;ACV Adjusted Weight Stability;MAPE Correctness;RMSE Correctness;R2 Correctness;Mode
BH_13;0;13;1;1.0;1.0;0.920240584715326;0.920240584715326;-0.18545236110960814;0.6785733712509084;0.6785733712509084;;1.0;1.0;0.2557446807543954;0.2557446807543954;-0.2557446807543954;baseline_max
FX_13;1;13;1;1.0;1.0;0.9143463352315696;0.9143463352315696;-0.1780705520720922;0.9217330062982599;0.9217330062982599;;1.0;1.0;0.2548316170169247;0.2548316170169247;-0.2548316170169247;baseline_max
JAA_13;0;13;1;1.0;1.0;0.8700488430136133;0.8700488430136133;0.20406732117812046;0.9210567722039481;0.9210567722039481;;1.0;1.0;0.05967783268083605;0.05967783268083605;-0.05967783268083605;baseline_max
JY_13;1;13;0;1.0;1.0;0.9468696738640178;0.9468696738640178;0.8677857578971047;0.9410606612339404;0.9410606612339404;1.0;1.0;1.0;0.40379960082947897;0.40379960082947897;-0.403098717048389;baseline_max
PB_13;1;13;0;1.0;1.0;0.9373091571409912;0.9373091571409912;0.7908682193396224;0.8975911457160664;0.8975911457160664;1.0;1.0;1.0;0.4143885802828432;0.4143885802828432;-0.4133611829344314;baseline_max
PKA_13;0;13;1;1.0;1.0;0.8660605340786562;0.8660605340786562;0.15031084204016532;0.9278156170677316;0.9278156170677316;;1.0;1.0;0.25523003462445765;0.25523003462445765;-0.2538180134040869;baseline_max
PR_13;0;13;1;1.0;1.0;0.9490616308659842;0.9490616308659842;0.8246930693069306;0.8841202991673314;0.8841202991673314;;1.0;1.0;0.26584175268287624;0.26584175268287624;-0.26584175268287624;baseline_max
YL_13;1;13;0;1.0;1.0;0.9453960305069754;0.9453960305069754;0.6939661866169723;0.9194615461782526;0.9194615461782526;1.0;1.0;1.0;0.41575700236907154;0.41575700236907154;-0.414667527884026;baseline_max
