Case ID;Actual;Prefix Length;Prediction;Prediction Probability;SHAP Subset Stability;SHAP Weight Stability;SHAP Adjusted Weight Stability;LIME Subset Stability;LIME Weight Stability;LIME Adjusted Weight Stability;ACV Subset Stability;ACV Weight Stability;ACV Adjusted Weight Stability;MAPE Correctness;RMSE Correctness;R2 Correctness;Mode
BH_13;0;13;1;1.0;1.0;0.920240584715326;0.920240584715326;-0.18545236110960814;0.6785733712509084;0.6785733712509084;;1.0;1.0;0.06739834866844234;0.06739834866844234;-0.06739834866844234;baseline_mean
FX_13;1;13;1;1.0;1.0;0.9143463352315696;0.9143463352315696;-0.1780705520720922;0.9217330062982599;0.9217330062982599;;1.0;1.0;0.0674095029425281;0.0674095029425281;-0.0674095029425281;baseline_mean
JAA_13;0;13;1;1.0;1.0;0.8700488430136133;0.8700488430136133;0.20406732117812046;0.9210567722039481;0.9210567722039481;;1.0;1.0;;;;baseline_mean
JY_13;1;13;0;1.0;1.0;0.9468696738640178;0.9468696738640178;0.8677857578971047;0.9410606612339404;0.9410606612339404;1.0;1.0;1.0;0.2475910664023774;0.2475910664023774;-0.24814075407883854;baseline_mean
PB_13;1;13;0;1.0;1.0;0.9373091571409912;0.9373091571409912;0.7908682193396224;0.8975911457160664;0.8975911457160664;1.0;1.0;1.0;0.2475848559916267;0.2475848559916267;-0.24813452988008522;baseline_mean
PKA_13;0;13;1;1.0;1.0;0.8660605340786562;0.8660605340786562;0.15031084204016532;0.9278156170677316;0.9278156170677316;;1.0;1.0;;;;baseline_mean
PR_13;0;13;1;1.0;1.0;0.9490616308659842;0.9490616308659842;0.8246930693069306;0.8841202991673314;0.8841202991673314;;1.0;1.0;0.2084877426038695;0.2084877426038695;-0.208859145419528;baseline_mean
YL_13;1;13;0;1.0;1.0;0.9453960305069754;0.9453960305069754;0.6939661866169723;0.9194615461782526;0.9194615461782526;1.0;1.0;1.0;0.2455356759834193;0.2455356759834193;-0.24607654207302293;baseline_mean
