"Case ID;Actual;Prefix Length;Prediction;Prediction Probability;SHAP Subset Stability;SHAP Weight Stability;SHAP Adjusted Weight Stability;LIME Subset Stability;LIME Weight Stability;LIME Adjusted Weight Stability;ACV Subset Stability;ACV Weight Stability;ACV Adjusted Weight Stability";MAPE Correctness;RMSE Correctness;R2 Correctness;Mode
"BAA_10;0;10;0;0.8319690787009981;1.0;0.8989969302369073;0.8989969302369073;0.14855630216310955;0.7699657788558341;0.7699657788558341;1.0;1.0;1.0";0.5606057983726218;0.5606057983726218;-0.5606057983726218;baseline_max
"FO_10;0;10;0;0.99995971646237;1.0;0.9524151062938996;0.9524151062938996;0.30663321733188964;0.924367324784488;0.924367324784488;1.0;1.0;1.0";0.4140877109726492;0.4140877109726492;-0.4140877109726492;baseline_max
"GE_10;0;10;0;0.9999909543108026;1.0;0.8152110973977096;0.8152110973977096;0.2657903721406626;0.9030837140184128;0.9030837140184128;1.0;1.0;1.0";0.5746928209339978;0.5746928209339978;-0.5746928209339978;baseline_max
"LC_10;1;10;1;0.9999999999797068;1.0;0.8515382194940184;0.8515382194940184;0.3387264584256606;0.9268389889979384;0.9268389889979384;;1.0;1.0";0.43824493816026877;0.43824493816026877;-0.24122829687877995;baseline_max
"NMA_10;0;10;0;0.9999999999984936;1.0;0.7622486142472631;0.7622486142472631;0.672971599920698;0.9527376351910553;0.9527376351910553;1.0;1.0;1.0";0.47376775207489413;0.4737888879648164;-0.21105929688056002;baseline_max
"PGA_10;1;10;1;1.0;1.0;0.9417744138891071;0.9417744138891071;0.046374126345422366;0.7129667955414489;0.7129667955414489;;1.0;1.0";0.26491806710634347;0.26491806710634347;-0.2681791623024321;baseline_max
"TCA_10;1;10;1;1.0;1.0;0.8840973863773336;0.8840973863773336;0.33987815566762936;0.8989583236774925;0.8989583236774925;;1.0;1.0";0.29906553792108487;0.29906553792108487;-0.30310836844258154;baseline_max
"YIA_10;1;10;1;1.0;1.0;0.9427250795392508;0.9427250795392508;0.007372471215958409;0.9196505823214671;0.9196505823214671;;1.0;1.0";0.266745015639163;0.266745015639163;-0.2708243128149631;baseline_max
