Case ID;Actual;Prefix Length;Prediction;Prediction Probability;SHAP Subset Stability;SHAP Weight Stability;SHAP Adjusted Weight Stability;LIME Subset Stability;LIME Weight Stability;LIME Adjusted Weight Stability;ACV Subset Stability;ACV Weight Stability;ACV Adjusted Weight Stability;LINDA Subset Stability;LINDA Weight Stability;LINDA Adjusted Weight Stability;MAPE Correctness;RMSE Correctness;R2 Correctness;Mode
B;0;1;0;0.9999999999841124;1.0;0.9930765804278175;0.9930765804278175;0.7913396127681841;0.9233971163816026;0.9233971163816026;1.0;1.0;1.0;1.0;1.0;1.0;-0.017998968060467937;-0.017998968060467937;0.05539835394749287;baseline_min
MC;1;1;0;0.8634221802733238;0.8319228960977902;0.9336298247990016;0.9336298247990016;0.8398858900961951;0.9657921591843308;0.9657921591843308;1.0;1.0;1.0;1.0;1.0;1.0;-0.022784703018014094;-0.022784703018014094;0.022784703018014094;baseline_min
MO;0;1;0;1.0;1.0;0.9958987358518128;0.9958987358518128;0.7387043189368772;0.9709899097027842;0.9709899097027842;1.0;1.0;1.0;;1.0;1.0;0.12157667924051657;0.12157667924051657;-0.12157667924051657;baseline_min
OGA;0;1;1;0.999686705092923;0.8319228960977902;0.9979567580889201;0.9979567580889201;0.7512859973858413;0.9733198520972584;0.9733198520972584;;1.0;1.0;;1.0;1.0;-0.040392269292838366;-0.040392269292838366;0.040392269292838366;baseline_min
PGA;1;1;1;0.9999949331087992;0.8103783592644979;0.9954615824134578;0.9954615824134578;0.8012416604892513;0.9699888217490008;0.9699888217490008;;1.0;1.0;;1.0;1.0;-0.017501293622532565;-0.017501293622532565;0.017501293622532565;baseline_min
PV;0;1;1;0.8917968785463101;0.8874724582939879;0.9931696687940176;0.9931696687940176;0.8092967183032475;0.9705947692029816;0.9705947692029816;;1.0;1.0;;1.0;1.0;-0.04237495198977887;-0.04237495198977887;0.04237495198977887;baseline_min
RI;1;1;0;0.7814714565242031;0.8319228960977902;0.9544118548308356;0.9544118548308356;0.8159645004530104;0.9737729599766288;0.9737729599766288;1.0;1.0;1.0;1.0;1.0;1.0;0.008043849007250112;0.008043849007250112;0.02627362021994008;baseline_min
SCA;1;1;0;0.5377135396999994;0.5798072402444759;0.9635550671983628;0.9635550671983628;0.846847373135491;0.8904182179327257;0.8904182179327257;1.0;1.0;1.0;1.0;1.0;1.0;0.03728243717371533;0.03728243717371533;-0.01187204753683229;baseline_min
