Case ID;Actual;Prefix Length;Prediction;Prediction Probability;SHAP Subset Stability;SHAP Weight Stability;SHAP Adjusted Weight Stability;LIME Subset Stability;LIME Weight Stability;LIME Adjusted Weight Stability;ACV Subset Stability;ACV Weight Stability;ACV Adjusted Weight Stability;LINDA Subset Stability;LINDA Weight Stability;LINDA Adjusted Weight Stability;MAPE Correctness;RMSE Correctness;R2 Correctness;Mode
B;0;1;0;0.9999999999841124;1.0;0.9930765804278175;0.9930765804278175;0.7913396127681841;0.9233971163816026;0.9233971163816026;1.0;1.0;1.0;1.0;1.0;1.0;0.552773943705801;0.5508750689040202;-0.20951619246219225;permutation
MC;1;1;0;0.8634221802733238;0.8319228960977902;0.9336298247990016;0.9336298247990016;0.8398858900961951;0.9657921591843308;0.9657921591843308;1.0;1.0;1.0;1.0;1.0;1.0;0.5230318866175471;0.5280827464788042;-0.5281059250985088;permutation
MO;0;1;0;1.0;1.0;0.9958987358518128;0.9958987358518128;0.7387043189368772;0.9709899097027842;0.9709899097027842;1.0;1.0;1.0;;1.0;1.0;0.42856906061173594;0.42856906061173594;-0.4558356706489979;permutation
OGA;0;1;1;0.999686705092923;0.8319228960977902;0.9979567580889201;0.9979567580889201;0.7512859973858413;0.9733198520972584;0.9733198520972584;;1.0;1.0;;1.0;1.0;0.4852612620401683;0.48579358339510814;-0.48579358339510814;permutation
PGA;1;1;1;0.9999949331087992;0.8103783592644979;0.9954615824134578;0.9954615824134578;0.8012416604892513;0.9699888217490008;0.9699888217490008;;1.0;1.0;;1.0;1.0;0.4635088719947984;0.46378115816868387;-0.46378115816868387;permutation
PV;0;1;1;0.8917968785463101;0.8874724582939879;0.9931696687940176;0.9931696687940176;0.8092967183032475;0.9705947692029816;0.9705947692029816;;1.0;1.0;;1.0;1.0;0.44718175999548215;0.461760256090706;-0.46173745480406686;permutation
RI;1;1;0;0.7814714565242031;0.8319228960977902;0.9544118548308356;0.9544118548308356;0.8159645004530104;0.9737729599766288;0.9737729599766288;1.0;1.0;1.0;1.0;1.0;1.0;0.5624788627872194;0.5607086507845069;-0.27226448115607743;permutation
SCA;1;1;0;0.5377135396999994;0.5798072402444759;0.9635550671983628;0.9635550671983628;0.846847373135491;0.8904182179327257;0.8904182179327257;1.0;1.0;1.0;1.0;1.0;1.0;0.5782148611467215;0.5804457848480943;-0.2584701168322598;permutation
