"Case ID;Actual;Prefix Length;Prediction;Prediction Probability;SHAP Subset Stability;SHAP Weight Stability;SHAP Adjusted Weight Stability;LIME Subset Stability;LIME Weight Stability;LIME Adjusted Weight Stability;ACV Subset Stability;ACV Weight Stability;ACV Adjusted Weight Stability";MAPE Correctness;RMSE Correctness;R2 Correctness;Mode
"BGA_12;0;12;0;1.0;1.0;0.9687045521435496;0.9687045521435496;0.8219122210255809;0.929226207253346;0.929226207253346;1.0;1.0;1.0";0.3234899124091313;0.3234899124091313;-0.3320219204217509;permutation
"CKA_12;0;12;1;1.0;1.0;0.9617199753803866;0.9617199753803866;0.1363160075775518;0.8975027725975532;0.8975027725975532;;1.0;1.0";0.4140634573790892;0.41359415730272164;-0.38878177791020124;permutation
"DG_12;0;12;1;1.0;1.0;0.9754854176851191;0.9754854176851191;0.26900628278776795;0.9462002023335628;0.9462002023335628;;1.0;1.0";0.4062734873345568;0.406243501838407;-0.3737260668334651;permutation
"JE_12;1;12;1;1.0;1.0;0.9670085337271814;0.9670085337271814;0.7511317442719881;0.7612703945337512;0.7612703945337512;;1.0;1.0";0.37183986781028067;0.37218685923651246;-0.3637304332662913;permutation
"ND_12;0;12;1;1.0;1.0;0.9650921568322152;0.9650921568322152;0.02778164562249696;0.9554353925412258;0.9554353925412258;;1.0;1.0";0.345223181805423;0.345192130827244;-0.35327913477121003;permutation
"OT_12;1;12;1;0.9999999999999432;1.0;0.9793026078886824;0.9793026078886824;0.4610215588063818;0.9478136158098274;0.9478136158098274;;1.0;1.0";0.4462135968879101;0.44535927195643826;-0.3946007308789917;permutation
"TCA_12;1;12;1;1.0;1.0;0.970940546303718;0.970940546303718;-0.14785887061754033;0.9378374806730296;0.9378374806730296;;1.0;1.0";0.23473505002387696;0.23535910826549;-0.23697587628015032;permutation
"XCA_12;1;12;1;1.0;1.0;-6.778333735003828e+178;-6.778333735003828e+178;-0.1040358930040728;0.9367052852111151;0.9367052852111151;;1.0;1.0";0.09020964613698297;0.09020964613698297;-0.0903751695141329;permutation
