"Case ID;Actual;Prefix Length;Prediction;Prediction Probability;SHAP Subset Stability;SHAP Weight Stability;SHAP Adjusted Weight Stability;LIME Subset Stability;LIME Weight Stability;LIME Adjusted Weight Stability;ACV Subset Stability;ACV Weight Stability;ACV Adjusted Weight Stability";MAPE Correctness;RMSE Correctness;R2 Correctness;Mode
"AE_14;0;14;1;1.0;1.0;0.9689566418109502;0.9689566418109502;0.5402552362989215;0.8688926574194217;0.8688926574194217;;1.0;1.0";0.05395887108248823;0.05395887108248823;-0.05395887108248823;permutation
"CBA_14;0;14;0;1.0;1.0;0.973897381798866;0.973897381798866;0.7415822164105916;0.8829296433314235;0.8829296433314235;1.0;1.0;1.0";0.4389600022904682;0.4389972196377309;-0.44513183558865377;permutation
"GJA_14;1;14;1;1.0;1.0;0.9562124452325408;0.9562124452325408;0.4992307692307693;0.8732974872095618;0.8732974872095618;;1.0;1.0";0.07003393798468355;0.07003393798468355;-0.07007174308216545;permutation
"HS_14;1;14;1;1.0;1.0;0.9433339665735916;0.9433339665735916;0.5756202181220814;0.8548051889742524;0.8548051889742524;;1.0;1.0";;;;permutation
"JV_14;0;14;0;1.0;1.0;0.9702024291280212;0.9702024291280212;0.7613633991385249;0.8230349925685434;0.8230349925685434;1.0;1.0;1.0";0.43762637512139224;0.43762637512139224;-0.4441586491984389;permutation
"OT_14;1;14;0;1.0;1.0;0.8661292535924321;0.8661292535924321;0.8616367921159751;0.9009310047489578;0.9009310047489578;1.0;1.0;1.0";0.44935393851963107;0.44935393851963107;-0.45515018733679924;permutation
"QHA_14;0;14;1;1.0;1.0;0.9185262406740398;0.9185262406740398;0.35792695556118115;0.7796799863088508;0.7796799863088508;;1.0;1.0";0.26226324607782514;0.26226324607782514;-0.2640937202024943;permutation
"XCA_14;1;14;1;1.0;1.0;0.9439090136708048;0.9439090136708048;0.6234780482000979;0.8707778011967859;0.8707778011967859;;1.0;1.0";;;;permutation
