Case ID;Actual;Prefix Length;Prediction;Prediction Probability;SHAP Subset Stability;SHAP Weight Stability;SHAP Adjusted Weight Stability;LIME Subset Stability;LIME Weight Stability;LIME Adjusted Weight Stability;ACV Subset Stability;ACV Weight Stability;ACV Adjusted Weight Stability;LINDA Subset Stability;LINDA Weight Stability;LINDA Adjusted Weight Stability;MAPE Correctness;RMSE Correctness;R2 Correctness;Mode
HEA_6;1;6;1;1.0;1.0;0.9899808058652164;0.9899808058652164;0.9083151139008392;0.9585909611059906;0.9585909611059906;;1.0;1.0;;1.0;1.0;0.09407781720074367;0.09407781720074367;-0.09441101327329107;permutation
JMA_6;0;6;0;1.0;1.0;0.9834163156266807;0.9834163156266807;0.7228302584074819;0.9504201553469184;0.9504201553469184;1.0;1.0;1.0;1.0;1.0;1.0;0.20662940797882476;0.20677220646395178;-0.2149680678015375;permutation
OX_6;1;6;1;1.0;1.0;0.955325340940885;0.955325340940885;0.7166709308165375;0.9713576334757534;0.9713576334757534;;1.0;1.0;1.0;1.0;1.0;0.4352728746141225;0.4355723742984901;-0.4374869268538095;permutation
PLA_6;1;6;1;1.0;1.0;0.9809106862222804;0.9809106862222804;0.3292649810653749;0.9433496193706999;0.9433496193706999;;1.0;1.0;1.0;1.0;1.0;0.4236186731583237;0.4236186731583237;-0.4385096723451134;permutation
UC_6;0;6;1;1.0;1.0;0.9944936147343708;0.9944936147343708;0.7166709308165375;0.9585292167559434;0.9585292167559434;;1.0;1.0;1.0;1.0;1.0;0.43016029055046967;0.4312494292766879;-0.4369579946230749;permutation
VB_6;0;6;0;1.0;1.0;0.9941286477346136;0.9941286477346136;0.6736680327868853;0.961561325864976;0.961561325864976;1.0;1.0;1.0;;1.0;1.0;0.336717613376519;0.336717613376519;-0.34305884496120814;permutation
WHA_6;0;6;1;1.0;1.0;0.9859586641087922;0.9859586641087922;1.0;0.8849703972672507;0.8849703972672507;;1.0;1.0;;1.0;1.0;0.12491928807437089;0.12491928807437089;-0.1257562095783291;permutation
YT_6;1;6;1;1.0;1.0;0.9898167898456712;0.9898167898456712;0.6479166666666665;0.9664344152140124;0.9664344152140124;;1.0;1.0;1.0;1.0;1.0;0.4113427862844926;0.41155797999952504;-0.4228225207122337;permutation
