Case ID;Actual;Prefix Length;Prediction;Prediction Probability;SHAP Subset Stability;SHAP Weight Stability;SHAP Adjusted Weight Stability;LIME Subset Stability;LIME Weight Stability;LIME Adjusted Weight Stability;ACV Subset Stability;ACV Weight Stability;ACV Adjusted Weight Stability;LINDA Subset Stability;LINDA Weight Stability;LINDA Adjusted Weight Stability;MAPE Correctness;RMSE Correctness;R2 Correctness;Mode
GO_4;0;4;1;0.9974764802351797;1.0;0.9899926172898844;0.9899926172898844;0.9623621551977762;0.970447285825517;0.970447285825517;;1.0;1.0;;1.0;1.0;0.5927358501659569;0.5926898160054904;-0.5926625439559646;permutation
HS_4;1;4;0;0.9995994137635474;1.0;0.9522181403726888;0.9522181403726888;0.9015063133007774;0.7923937119640778;0.7923937119640778;1.0;1.0;1.0;1.0;1.0;1.0;0.6403573442918976;0.6456104536001248;-0.6456104536001248;permutation
MKA_4;0;4;1;0.999999999973184;1.0;0.9966888801814092;0.9966888801814092;0.8602320675105485;0.9397747176391712;0.9397747176391712;;1.0;1.0;;1.0;1.0;0.5654310476547468;0.5662887425445776;-0.3302603583779915;permutation
MK_4;0;4;1;0.559873209875102;1.0;0.9897794025564652;0.9897794025564652;0.9503125;0.9460857049499632;0.9460857049499632;;1.0;1.0;1.0;1.0;1.0;0.6523124467625838;0.6661464162643975;-0.6661619810851085;permutation
PZ_4;1;4;1;0.9999999999402718;1.0;0.9927620542123596;0.9927620542123596;0.9026409059474412;0.952896826965206;0.952896826965206;;1.0;1.0;;1.0;1.0;0.6079111541303382;0.6100694976123644;-0.3302603583779915;permutation
SFA_4;0;4;1;0.9999821120053616;1.0;0.9966944318487914;0.9966944318487914;0.9108672573813053;0.9538476250222568;0.9538476250222568;;1.0;1.0;;1.0;1.0;0.5891531968460428;0.5924217305317352;-0.5923819693497359;permutation
SM_4;1;4;1;1.0;1.0;0.9962960095165682;0.9962960095165682;0.9193474754238059;0.9645895737899586;0.9645895737899586;;1.0;1.0;;1.0;1.0;0.3296485053513916;0.3281393848690962;0.019672352284218157;permutation
YGA_4;1;4;1;0.999999999754806;1.0;0.997201255108258;0.997201255108258;0.08444091961567246;0.9631804724536251;0.9631804724536251;;1.0;1.0;;1.0;1.0;0.6255228189140976;0.6254460105890557;-0.15122740913296231;permutation
