"Case ID;Actual;Prefix Length;Prediction;Prediction Probability;SHAP Subset Stability;SHAP Weight Stability;SHAP Adjusted Weight Stability;LIME Subset Stability;LIME Weight Stability;LIME Adjusted Weight Stability;ACV Subset Stability;ACV Weight Stability;ACV Adjusted Weight Stability";MAPE Correctness;RMSE Correctness;R2 Correctness;Mode
"BAA_10;0;10;0;0.8319690787009981;1.0;0.8989969302369073;0.8989969302369073;0.14855630216310955;0.7699657788558341;0.7699657788558341;1.0;1.0;1.0";0.6072676851473255;0.6046358994243846;-0.6046318000172959;permutation
"FO_10;0;10;0;0.99995971646237;1.0;0.9524151062938996;0.9524151062938996;0.30663321733188964;0.924367324784488;0.924367324784488;1.0;1.0;1.0";0.5430993868571835;0.5258091771973056;-0.5258288547187122;permutation
"GE_10;0;10;0;0.9999909543108026;1.0;0.8152110973977096;0.8152110973977096;0.2657903721406626;0.9030837140184128;0.9030837140184128;1.0;1.0;1.0";0.6659003502608679;0.6631522714897449;-0.6631522714897449;permutation
"LC_10;1;10;1;0.9999999999797068;1.0;0.8515382194940184;0.8515382194940184;0.3387264584256606;0.9268389889979384;0.9268389889979384;;1.0;1.0";0.5328717095074337;0.5384799014189574;-0.36936102416755406;permutation
"NMA_10;0;10;0;0.9999999999984936;1.0;0.7622486142472631;0.7622486142472631;0.672971599920698;0.9527376351910553;0.9527376351910553;1.0;1.0;1.0";0.6193408089773311;0.6161845173535426;-0.3693808700168641;permutation
"PGA_10;1;10;1;1.0;1.0;0.9417744138891071;0.9417744138891071;0.046374126345422366;0.7129667955414489;0.7129667955414489;;1.0;1.0";0.2712050558719751;0.27133163932862475;-0.27744235002660705;permutation
"TCA_10;1;10;1;1.0;1.0;0.8840973863773336;0.8840973863773336;0.33987815566762936;0.8989583236774925;0.8989583236774925;;1.0;1.0";0.30682862128076865;0.30678320332437253;-0.3120465175484855;permutation
"YIA_10;1;10;1;1.0;1.0;0.9427250795392508;0.9427250795392508;0.007372471215958409;0.9196505823214671;0.9196505823214671;;1.0;1.0";0.27657941789397056;0.27537427881817983;-0.2802646281302366;permutation
