"Case ID;Actual;Prefix Length;Prediction;Prediction Probability;SHAP Subset Stability;SHAP Weight Stability;SHAP Adjusted Weight Stability;LIME Subset Stability;LIME Weight Stability;LIME Adjusted Weight Stability;ACV Subset Stability;ACV Weight Stability;ACV Adjusted Weight Stability";MAPE Correctness;RMSE Correctness;R2 Correctness;Mode
"HL_11;0;11;1;1.0;1.0;0.9596930856448196;0.9596930856448196;0.7343163772794694;0.9341485238031244;0.9341485238031244;;1.0;1.0";0.38332913609799624;0.38332913609799624;-0.3847642416844223;permutation
"IB_11;0;11;0;1.0;1.0;0.9735180577081772;0.9735180577081772;0.7431823633597419;0.9529224529576796;0.9529224529576796;1.0;1.0;1.0";;;;permutation
"IGA_11;1;11;1;1.0;1.0;0.9758567966215882;0.9758567966215882;0.7065692005601671;0.9243423882213478;0.9243423882213478;;1.0;1.0";0.37469620925647223;0.3748864707400681;-0.3729390214578694;permutation
"IP_11;1;11;1;1.0;1.0;0.9809458487233976;0.9809458487233976;0.21595018784892486;0.926089042912061;0.926089042912061;;1.0;1.0";;;;permutation
"KZ_11;0;11;1;1.0;1.0;0.984954510226372;0.984954510226372;0.10705835109504848;0.949807864292242;0.949807864292242;;1.0;1.0";0.37550216858620394;0.37554763164917215;-0.3730464754958344;permutation
"PG_11;1;11;1;0.9463979877359636;1.0;0.977340100184776;0.977340100184776;0.7828877005347594;0.9465708048241316;0.9465708048241316;;1.0;1.0";0.5380031970510919;0.5445906860543867;-0.5445873492958887;permutation
"PLA_11;1;11;1;1.0;1.0;0.975371449271096;0.975371449271096;0.8257283575350784;0.956386315772608;0.956386315772608;;1.0;1.0";0.4125155324794417;0.4126878987313918;-0.4095603125758785;permutation
"RY_11;0;11;1;1.0;1.0;0.98162450316537;0.98162450316537;0.622020854021847;0.9341081527810882;0.9341081527810882;;1.0;1.0";0.25400264256358535;0.25400264256358535;-0.2570820215274851;permutation
