Case ID;Actual;Prefix Length;Prediction;Prediction Probability;SHAP Subset Stability;SHAP Weight Stability;SHAP Adjusted Weight Stability;LIME Subset Stability;LIME Weight Stability;LIME Adjusted Weight Stability;ACV Subset Stability;ACV Weight Stability;ACV Adjusted Weight Stability;LINDA Subset Stability;LINDA Weight Stability;LINDA Adjusted Weight Stability;MAPE Correctness;RMSE Correctness;R2 Correctness;Mode
D_5;1;5;1;1.0;1.0;0.9924088292312464;0.9924088292312464;0.7135953987106978;0.926336420422345;0.926336420422345;;1.0;1.0;1.0;1.0;1.0;0.41020907909448723;0.41055862133518667;-0.41957393548385646;permutation
FU_5;0;5;1;1.0;1.0;0.9911132144829964;0.9911132144829964;-0.118128488244172;0.9682412268955912;0.9682412268955912;;1.0;1.0;;1.0;1.0;0.27128464067850927;0.27128464067850927;-0.27247699698377853;permutation
OKA_5;0;5;1;1.0;1.0;0.9935949836778916;0.9935949836778916;0.7139671034290493;0.9405221011251012;0.9405221011251012;;1.0;1.0;1.0;1.0;1.0;0.4449606819965012;0.44543693501195064;-0.42510244666895813;permutation
OLA_5;1;5;1;1.0;1.0;0.9933822881460348;0.9933822881460348;-0.1416217430368376;0.9579936707128468;0.9579936707128468;;1.0;1.0;;1.0;1.0;0.2521376093689954;0.2521376093689954;-0.2542850909435761;permutation
O_5;1;5;1;1.0;1.0;0.9936874237541858;0.9936874237541858;0.7913022252959604;0.9722737561164498;0.9722737561164498;;1.0;1.0;1.0;1.0;1.0;0.4260869936306941;0.4254082409526683;-0.411173030853271;permutation
SJA_5;1;5;1;0.9999999999999432;1.0;0.9933187020687942;0.9933187020687942;0.75311004784689;0.9578162818400012;0.9578162818400012;;1.0;1.0;1.0;1.0;1.0;0.4280576107464266;0.42688767384600235;-0.44437460588424627;permutation
TF_5;0;5;0;1.0;1.0;0.9944231537486908;0.9944231537486908;0.7951135348306988;0.9418483857698308;0.9418483857698308;1.0;1.0;1.0;;1.0;1.0;0.1797490570034554;0.1797490570034554;-0.1805598444890184;permutation
XGA_5;0;5;0;1.0;1.0;0.9951440881467144;0.9951440881467144;0.7671251532071358;0.9627938202674288;0.9627938202674288;1.0;1.0;1.0;;1.0;1.0;;;;permutation
