Case ID;Actual;Prefix Length;Prediction;Prediction Probability;SHAP Subset Stability;SHAP Weight Stability;SHAP Adjusted Weight Stability;LIME Subset Stability;LIME Weight Stability;LIME Adjusted Weight Stability;ACV Subset Stability;ACV Weight Stability;ACV Adjusted Weight Stability;SHAP Precision;SHAP Recall;SHAP Correlation;LIME Precision;LIME Recall;LIME Correlation
FY_8;1;8;1;1.0;0.8836731735601082;0.9483200212647162;0.9483200212647162;0.5530492898913951;0.8056085053787961;0.8056085053787961;;1.0;1.0;0.0;0.0;0.12576994802458338;0.0;0.0;0.3408295479360369
HJ_8;0;8;1;1.0;0.9084635565187636;0.916602858159679;0.916602858159679;0.4122724419334589;0.9648293423691106;0.9648293423691106;;1.0;1.0;1.0;0.07142857142857142;0.08017238041615668;0.0;0.0;0.36994963929352864
OMA_8;0;8;0;1.0;1.0;0.7710174291153893;0.7710174291153893;0.4122724419334589;0.9640164726271132;0.9640164726271132;1.0;1.0;1.0;1.0;1.0;0.2875307080204771;0.0;0.0;0.35966318296524147
OU_8;1;8;1;1.0;1.0;0.9536133563716408;0.9536133563716408;0.09038456286018637;0.9743366498718056;0.9743366498718056;;1.0;1.0;0.0;0.0;0.06856290803963504;0.0;0.0;0.3364849289341446
PJ_8;0;8;1;1.0;0.9084635565187636;0.920986539257768;0.920986539257768;0.7130341498301448;0.9753781433484018;0.9753781433484018;;1.0;1.0;0.0;0.0;0.1011972851596774;0.0;0.0;0.32813349276507414
TAA_8;0;8;1;1.0;0.7253906695562906;0.9248926151410144;0.9248926151410144;0.8327079424640401;0.9758525022229516;0.9758525022229516;;1.0;1.0;1.0;0.07142857142857142;0.0852683133354174;0.0;0.0;0.3189806425134266
XM_8;1;8;1;1.0;0.9084635565187636;0.9546625946672782;0.9546625946672782;1.0;0.9796691758186922;0.9796691758186922;;1.0;1.0;0.0;0.0;0.04103657550122889;0.0;0.0;0.3420371058128686
YL_8;1;8;1;1.0;0.8836731735601082;0.9641596732392498;0.9641596732392498;0.4122724419334589;0.9736835336689228;0.9736835336689228;;1.0;1.0;0.0;0.0;0.10811913570396893;0.0;0.0;0.3384376305996028
