Case ID;Actual;Prefix Length;Prediction;Prediction Probability;SHAP Subset Stability;SHAP Weight Stability;SHAP Adjusted Weight Stability;LIME Subset Stability;LIME Weight Stability;LIME Adjusted Weight Stability;ACV Subset Stability;ACV Weight Stability;ACV Adjusted Weight Stability;LINDA Subset Stability;LINDA Weight Stability;LINDA Adjusted Weight Stability;SHAP Precision;SHAP Recall;SHAP Correlation;LIME Precision;LIME Recall;LIME Correlation
D_5;1;5;1;1.0;1.0;0.9924088292312464;0.9924088292312464;0.7135953987106978;0.926336420422345;0.926336420422345;;1.0;1.0;1.0;1.0;1.0;0.0;0.0;0.1884647867717909;0.2;0.5;0.6733358576988924
FU_5;0;5;1;1.0;1.0;0.9911132144829964;0.9911132144829964;-0.118128488244172;0.9682412268955912;0.9682412268955912;;1.0;1.0;;1.0;1.0;1.0;1.0;0.118002154749052;0.0;0.0;0.6384604857301778
OKA_5;0;5;1;1.0;1.0;0.9935949836778916;0.9935949836778916;0.7139671034290493;0.9405221011251012;0.9405221011251012;;1.0;1.0;1.0;1.0;1.0;0.0;0.0;0.1652829146744538;0.16666666666666666;0.3333333333333333;0.6467665788017041
OLA_5;1;5;1;1.0;1.0;0.9933822881460348;0.9933822881460348;-0.1416217430368376;0.9579936707128468;0.9579936707128468;;1.0;1.0;;1.0;1.0;1.0;1.0;0.12284551019979607;0.0;0.0;0.6385436057049804
O_5;1;5;1;1.0;1.0;0.9936874237541858;0.9936874237541858;0.7913022252959604;0.9722737561164498;0.9722737561164498;;1.0;1.0;1.0;1.0;1.0;0.0;0.0;0.14451395082176874;0.25;0.3333333333333333;0.6641147550228095
SJA_5;1;5;1;0.9999999999999432;1.0;0.9933187020687942;0.9933187020687942;0.75311004784689;0.9578162818400012;0.9578162818400012;;1.0;1.0;1.0;1.0;1.0;1.0;0.5;0.1844981872856901;0.5;0.5;0.6366858818083592
TF_5;0;5;0;1.0;1.0;0.9944231537486908;0.9944231537486908;0.7951135348306988;0.9418483857698308;0.9418483857698308;1.0;1.0;1.0;;1.0;1.0;1.0;1.0;0.1170758670739084;0.25;1.0;0.5974880654970814
XGA_5;0;5;0;1.0;1.0;0.9951440881467144;0.9951440881467144;0.7671251532071358;0.9627938202674288;0.9627938202674288;1.0;1.0;1.0;;1.0;1.0;1.0;1.0;0.14928237018160448;0.0;0.0;0.5790244482745204
