Case ID;Actual;Prefix Length;Prediction;Prediction Probability;SHAP Subset Stability;SHAP Weight Stability;SHAP Adjusted Weight Stability;LIME Subset Stability;LIME Weight Stability;LIME Adjusted Weight Stability;ACV Subset Stability;ACV Weight Stability;ACV Adjusted Weight Stability;SHAP Precision;SHAP Recall;SHAP Correlation
BAA_10;0;10;0;0.8319690787009981;1.0;0.8989969302369073;0.8989969302369073;0.14855630216310955;0.7699657788558341;0.7699657788558341;1.0;1.0;1.0;1.0;1.0;0.3714608217112361
FO_10;0;10;0;0.99995971646237;1.0;0.9524151062938996;0.9524151062938996;0.30663321733188964;0.9243673247844879;0.9243673247844879;1.0;1.0;1.0;1.0;1.0;0.5255680184437541
GE_10;0;10;0;0.9999909543108026;1.0;0.8152110973977096;0.8152110973977096;0.2657903721406626;0.9030837140184128;0.9030837140184128;1.0;1.0;1.0;1.0;1.0;0.3832587054568275
LC_10;1;10;1;0.9999999999797068;1.0;0.8515382194940184;0.8515382194940184;0.3387264584256606;0.9268389889979384;0.9268389889979384;;1.0;1.0;1.0;1.0;0.4747619859665312
NMA_10;0;10;0;0.9999999999984936;1.0;0.7622486142472631;0.7622486142472631;0.672971599920698;0.9527376351910553;0.9527376351910553;1.0;1.0;1.0;0.5;1.0;0.396535506736556
PGA_10;1;10;1;1.0;1.0;0.9417744138891072;0.9417744138891072;0.046374126345422366;0.7129667955414489;0.7129667955414489;;1.0;1.0;1.0;1.0;0.5119937960361095
TCA_10;1;10;1;1.0;1.0;0.8840973863773336;0.8840973863773336;0.33987815566762936;0.8989583236774925;0.8989583236774925;;1.0;1.0;1.0;1.0;0.47005617712586506
YIA_10;1;10;1;1.0;1.0;0.9427250795392508;0.9427250795392508;0.007372471215958409;0.9196505823214672;0.9196505823214672;;1.0;1.0;1.0;1.0;0.5160882646164993
