Case ID;Actual;Prefix Length;Prediction;Prediction Probability;SHAP Subset Stability;SHAP Weight Stability;SHAP Adjusted Weight Stability;LIME Subset Stability;LIME Weight Stability;LIME Adjusted Weight Stability;ACV Subset Stability;ACV Weight Stability;ACV Adjusted Weight Stability;LINDA Subset Stability;LINDA Weight Stability;LINDA Adjusted Weight Stability;SHAP Precision;SHAP Recall;SHAP Correlation;LIME Precision;LIME Recall;LIME Correlation
ALA_2;0;2;1;1.0;1.0;0.9968196680366148;0.9968196680366148;0.002723553674827905;0.9421387446567784;0.9421387446567784;;1.0;1.0;;1.0;1.0;1.0;1.0;0.2421555683150224;0.0;0.0;0.6174438728218992
CR_2;0;2;1;0.9999999921687674;1.0;0.9975931813864504;0.9975931813864504;0.6923366488583877;0.9460941359750972;0.9460941359750972;;1.0;1.0;;1.0;1.0;1.0;1.0;0.2441220054534997;0.0;0.0;0.6399463050859681
EAA_2;0;2;0;0.9999999999999004;1.0;0.9787808491733562;0.9787808491733562;0.6830482162425421;0.5555312051515385;0.5555312051515385;1.0;1.0;1.0;1.0;1.0;1.0;1.0;1.0;0.26390523416084705;0.0;0.0;0.4877343774161669
FE_2;1;2;1;0.990170154648478;1.0;-2.9495543548734652e+88;-2.9495543548734652e+88;0.7467158652870765;0.9734259229660552;0.9734259229660552;;1.0;1.0;;1.0;1.0;0.0;0.0;0.2317831113465638;0.0;0.0;0.5957235332231392
IG_2;0;2;0;0.9999999999999574;0.8876998282467962;0.9427367562229858;0.9427367562229858;0.6738768477898915;-3.9528076615223777;-3.9528076615223777;1.0;1.0;1.0;1.0;1.0;1.0;1.0;1.0;0.2532432822764078;0.0;0.0;0.5248244441398298
KV_2;1;2;1;1.0;1.0;0.9798297571556688;0.9798297571556688;0.907899013977679;0.9654040929111936;0.9654040929111936;;1.0;1.0;;1.0;1.0;1.0;1.0;0.3204080862635248;1.0;1.0;0.5045467322577072
WA_2;1;2;0;0.9999999999999716;1.0;0.8484007094062704;0.8484007094062704;0.7223333333333334;0.9731931339463674;0.9731931339463674;1.0;1.0;1.0;1.0;1.0;1.0;1.0;1.0;0.24465510020891298;0.0;0.0;0.4932085419774112
WC_2;1;2;0;1.0;1.0;0.9798165228307506;0.9798165228307506;0.7514619883040935;0.9611632826218588;0.9611632826218588;1.0;1.0;1.0;;1.0;1.0;0.0;0.0;0.4828211957492703;0.0;0.0;0.3964357516348429
