Case ID;Actual;Prefix Length;Prediction;Prediction Probability;SHAP Subset Stability;SHAP Weight Stability;SHAP Adjusted Weight Stability;LIME Subset Stability;LIME Weight Stability;LIME Adjusted Weight Stability;ACV Subset Stability;ACV Weight Stability;ACV Adjusted Weight Stability;SHAP Precision;SHAP Recall;SHAP Correlation;LIME Precision;LIME Recall;LIME Correlation
BGA_12;0;12;0;1.0;1.0;0.9687045521435496;0.9687045521435496;0.8219122210255809;0.929226207253346;0.929226207253346;1.0;1.0;1.0;1.0;1.0;0.3673767125966619;0.0;0.0;0.4372728996267647
CKA_12;0;12;1;1.0;1.0;0.9617199753803866;0.9617199753803866;0.1363160075775518;0.8975027725975532;0.8975027725975532;;1.0;1.0;1.0;1.0;0.3139638822275818;0.0;0.0;0.4939797096429905
DG_12;0;12;1;1.0;1.0;0.9754854176851192;0.9754854176851192;0.26900628278776795;0.9462002023335628;0.9462002023335628;;1.0;1.0;1.0;1.0;0.3416729138887821;0.0;0.0;0.49743672516225207
JE_12;1;12;1;1.0;1.0;0.9670085337271814;0.9670085337271814;0.7511317442719881;0.7612703945337512;0.7612703945337512;;1.0;1.0;1.0;1.0;0.33341374102164584;0.0;0.0;0.4704953340861386
ND_12;0;12;1;1.0;1.0;0.9650921568322152;0.9650921568322152;0.02778164562249696;0.9554353925412258;0.9554353925412258;;1.0;1.0;1.0;1.0;0.30628721608305504;0.0;0.0;0.4732388901746211
OT_12;1;12;1;0.9999999999999432;1.0;0.9793026078886824;0.9793026078886824;0.4610215588063818;0.9478136158098274;0.9478136158098274;;1.0;1.0;1.0;1.0;0.2951041169602389;0.0;0.0;0.46117617724603044
TCA_12;1;12;1;1.0;1.0;0.970940546303718;0.970940546303718;-0.14785887061754033;0.9378374806730296;0.9378374806730296;;1.0;1.0;1.0;1.0;0.26719980973116503;0.0;0.0;0.5135800188424583
XCA_12;1;12;1;1.0;1.0;-6.778333735003833e+178;-6.778333735003833e+178;-0.1040358930040728;0.9367052852111152;0.9367052852111152;;1.0;1.0;1.0;1.0;0.2971591156345694;0.0;0.0;0.46906469587427974
