Case ID;Actual;Prefix Length;Prediction;Prediction Probability;SHAP Subset Stability;SHAP Weight Stability;SHAP Adjusted Weight Stability;LIME Subset Stability;LIME Weight Stability;LIME Adjusted Weight Stability;ACV Subset Stability;ACV Weight Stability;ACV Adjusted Weight Stability;LINDA Subset Stability;LINDA Weight Stability;LINDA Adjusted Weight Stability;SHAP Precision;SHAP Recall;SHAP Correlation;LIME Precision;LIME Recall;LIME Correlation
B;0;1;0;0.9999999999841124;1.0;0.9930765804278175;0.9930765804278175;0.7913396127681841;0.9233971163816026;0.9233971163816026;1.0;1.0;1.0;1.0;1.0;1.0;1.0;1.0;0.14319444916549626;0.0;0.0;0.5835782394670266
MC;1;1;0;0.8634221802733238;0.8319228960977902;0.9336298247990016;0.9336298247990016;0.8398858900961951;0.9657921591843308;0.9657921591843308;1.0;1.0;1.0;1.0;1.0;1.0;1.0;1.0;0.09567885170042854;0.0;0.0;0.5673677328151646
MO;0;1;0;1.0;1.0;0.9958987358518128;0.9958987358518128;0.7387043189368772;0.9709899097027842;0.9709899097027842;1.0;1.0;1.0;;1.0;1.0;1.0;1.0;0.14545649905113212;0.0;0.0;0.5943430560557575
OGA;0;1;1;0.999686705092923;0.8319228960977902;0.9979567580889201;0.9979567580889201;0.7512859973858413;0.9733198520972584;0.9733198520972584;;1.0;1.0;;1.0;1.0;0.0;0.0;0.20212456830490444;0.0;0.0;0.6044492667812986
PGA;1;1;1;0.9999949331087992;0.8103783592644979;0.9954615824134578;0.9954615824134578;0.8012416604892513;0.9699888217490008;0.9699888217490008;;1.0;1.0;;1.0;1.0;1.0;1.0;0.20771684485439496;0.0;0.0;0.5722308848107233
PV;0;1;1;0.8917968785463101;0.8874724582939879;0.9931696687940176;0.9931696687940176;0.8092967183032475;0.9705947692029816;0.9705947692029816;;1.0;1.0;;1.0;1.0;0.0;0.0;0.14778492192443518;0.0;0.0;0.5783866379894833
RI;1;1;0;0.7814714565242031;0.8319228960977902;0.9544118548308356;0.9544118548308356;0.8159645004530104;0.9737729599766288;0.9737729599766288;1.0;1.0;1.0;1.0;1.0;1.0;1.0;1.0;0.09316374497445892;0.0;0.0;0.5637203688184957
SCA;1;1;0;0.5377135396999994;0.5798072402444759;0.9635550671983628;0.9635550671983628;0.846847373135491;0.8904182179327257;0.8904182179327257;1.0;1.0;1.0;1.0;1.0;1.0;1.0;1.0;0.06759349326043418;0.0;0.0;0.5793229814709128
