"Case ID;Actual;Prefix Length;Prediction;Prediction Probability;SHAP Subset Stability;SHAP Weight Stability;SHAP Adjusted Weight Stability;LIME Subset Stability;LIME Weight Stability;LIME Adjusted Weight Stability;ACV Subset Stability;ACV Weight Stability;ACV Adjusted Weight Stability;LINDA Subset Stability;LINDA Weight Stability;LINDA Adjusted Weight Stability";MAPE Correctness;RMSE Correctness;R2 Correctness;Mode
"OJ_2;0;2;1;0.9999665758812096;1.0;1.0;1.0;0.9105293958764744;0.9372084833209962;0.9372084833209962;;1.0;1.0;;1.0;1.0";0.404964077117231;0.404964077117231;-0.404964077117231;baseline_mean
"OW_2;0;2;0;0.9234925709244683;1.0;1.0;1.0;0.9570363164721142;0.5302682319014734;0.5302682319014734;1.0;1.0;1.0;1.0;1.0;1.0";0.4383027410524198;0.4383027410524198;-0.4383027410524198;baseline_mean
"SJA_2;1;2;0;0.6095152764416273;1.0;1.0;1.0;0.9209615843474112;0.94920285103559;0.94920285103559;1.0;1.0;1.0;1.0;1.0;1.0";0.42775380935115986;0.42775380935115986;-0.42775380935115986;baseline_mean
"VA_2;0;2;1;0.606881047882082;1.0;1.0;1.0;0.8992991048809322;0.9782882274812622;0.9782882274812622;;1.0;1.0;;1.0;1.0";0.42773187248814504;0.42773187248814504;;baseline_mean
"WC_2;1;2;1;0.8807416004091217;1.0;1.0;1.0;0.7935064935064935;0.8511099912754045;0.8511099912754045;;1.0;1.0;;1.0;1.0";0.283280795151367;0.283280795151367;-0.283280795151367;baseline_mean
"XX_2;0;2;0;0.9999392302924012;1.0;1.0;1.0;0.7948387096774193;0.959412848668202;0.959412848668202;1.0;1.0;1.0;1.0;1.0;1.0";0.2975179631079012;0.2975179631079012;-0.2975179631079012;baseline_mean
"YIA_2;1;2;1;0.9617545542154948;1.0;1.0;1.0;0.8545234958278436;0.9313856622158728;0.9313856622158728;;1.0;1.0;;1.0;1.0";0.4232527773741382;0.4232527773741382;-0.4232527773741382;baseline_mean
"YMA_2;1;2;1;0.9724462722092984;1.0;1.0;1.0;0.8348051948051949;0.9658481287054608;0.9658481287054608;;1.0;1.0;;1.0;1.0";0.37606139903265445;0.37606139903265445;-0.37606139903265445;baseline_mean
