Case ID;Actual;Prefix Length;Prediction;Prediction Probability;SHAP Subset Stability;SHAP Weight Stability;SHAP Adjusted Weight Stability;LIME Subset Stability;LIME Weight Stability;LIME Adjusted Weight Stability;ACV Subset Stability;ACV Weight Stability;ACV Adjusted Weight Stability;MAPE Correctness;RMSE Correctness;R2 Correctness;Mode
AR_13;0;13;0;0.9877705008941192;1.0;1.0;1.0;0.7425976094403104;0.8873844456234121;0.8873844456234121;1.0;1.0;1.0;0.632167386862978;0.632167386862978;-0.632167386862978;baseline_max
FE_13;1;13;1;0.9999949476623872;1.0;1.0;1.0;0.7693927849691409;0.9190735014551948;0.9190735014551948;;1.0;1.0;0.6396383253107067;0.6396383253107067;-0.6396383253107067;baseline_max
FO_13;0;13;0;0.9370173730177724;1.0;1.0;1.0;0.6828241734161881;0.9224146494690592;0.9224146494690592;1.0;1.0;1.0;0.6442842184908083;0.6442908268267956;;baseline_max
GL_13;1;13;1;0.9996842266300326;1.0;1.0;1.0;0.6860220797720797;0.9288692554844066;0.9288692554844066;;1.0;1.0;0.6160471203516855;0.6160471203516855;-0.6160471203516855;baseline_max
HE_13;0;13;0;0.7328079251307525;1.0;1.0;1.0;0.6640553941847842;0.9255892904534128;0.9255892904534128;1.0;1.0;1.0;0.6397794421633339;0.6399677463570159;-0.6397762519991974;baseline_max
PB_13;1;13;1;0.979489722835273;1.0;1.0;1.0;0.751077798848787;0.8200701189165561;0.8200701189165561;;1.0;1.0;0.6091477541989667;0.609156866379564;-0.6091477541989667;baseline_max
RLA_13;1;13;1;0.9998644077004863;1.0;1.0;1.0;0.7243252807945791;0.9206893119452186;0.9206893119452186;;1.0;1.0;0.630700789684355;0.630700789684355;-0.630700789684355;baseline_max
RU_13;0;13;1;0.9999999851705528;1.0;1.0;1.0;0.7344619666048238;-9.384693468201231;-9.384693468201231;;1.0;1.0;0.6717639293666438;0.6717639293666438;-0.6717639293666438;baseline_max
