"Case ID;Actual;Prefix Length;Prediction;Prediction Probability;SHAP Subset Stability;SHAP Weight Stability;SHAP Adjusted Weight Stability;LIME Subset Stability;LIME Weight Stability;LIME Adjusted Weight Stability;ACV Subset Stability;ACV Weight Stability;ACV Adjusted Weight Stability;LINDA Subset Stability;LINDA Weight Stability;LINDA Adjusted Weight Stability";MAPE Correctness;RMSE Correctness;R2 Correctness;Mode
"CW_6;0;6;1;0.9847169135860034;1.0;1.0;1.0;0.7017932911280647;0.8887367637875446;0.8887367637875446;;1.0;1.0;;1.0;1.0";0.5321256014879407;0.5321256014879407;-0.5321256014879407;baseline_max
"FE_6;1;6;1;0.9933553434014716;1.0;1.0;1.0;0.7220868749210474;0.7079722085657145;0.7079722085657145;;1.0;1.0;;1.0;1.0";0.5537631815255074;0.553788404745431;-0.553788404745431;baseline_max
"GJA_6;1;6;1;0.9622799662348294;1.0;1.0;1.0;0.7067951700180786;0.9434032472048021;0.9434032472048021;;1.0;1.0;;1.0;1.0";0.5229526151093531;0.5229606058895583;;baseline_max
"MZ_6;1;6;1;0.8045275453782428;1.0;1.0;1.0;0.7016274864376131;0.9060150433343694;0.9060150433343694;;1.0;1.0;;1.0;1.0";0.5773511876634854;0.5773511876634854;-0.5769434867819061;baseline_max
"ND_6;0;6;1;0.8136346280049414;1.0;1.0;1.0;0.7843090263404431;0.16526069213692374;0.16526069213692374;;1.0;1.0;;1.0;1.0";0.5489959331756326;0.5489959331756326;;baseline_max
"QC_6;0;6;1;0.9999992123614152;1.0;1.0;1.0;0.7557050982166267;0.9020563733129324;0.9020563733129324;;1.0;1.0;;1.0;1.0";0.5599062077415571;0.5599062077415571;-0.5599062077415571;baseline_max
"WC_6;1;6;1;0.9999999999999958;1.0;1.0;1.0;0.7628446662507797;0.8740327902402236;0.8740327902402236;;1.0;1.0;;1.0;1.0";0.5513010543479124;0.5513010543479124;-0.5513010543479124;baseline_max
"WQ_6;0;6;1;0.9608551960518078;1.0;1.0;1.0;0.7305279679306012;0.9194647482504263;0.9194647482504263;;1.0;1.0;;1.0;1.0";0.5340142293850789;0.5337540736827391;-0.5340142293850789;baseline_max
