"Case ID;Actual;Prefix Length;Prediction;Prediction Probability;SHAP Subset Stability;SHAP Weight Stability;SHAP Adjusted Weight Stability;LIME Subset Stability;LIME Weight Stability;LIME Adjusted Weight Stability;ACV Subset Stability;ACV Weight Stability;ACV Adjusted Weight Stability;LINDA Subset Stability;LINDA Weight Stability;LINDA Adjusted Weight Stability";MAPE Correctness;RMSE Correctness;R2 Correctness;Mode
"AMA_5;0;5;1;0.9999929377435915;1.0;1.0;1.0;1.0;0.8938622769846873;0.8938622769846873;;1.0;1.0;;1.0;1.0";0.5486073086440787;0.5486073086440787;-0.5486073086440787;baseline_max
"BKA_5;1;5;1;0.9626134521301718;1.0;1.0;1.0;0.9082354770977524;0.9542017350270152;0.9542017350270152;;1.0;1.0;;1.0;1.0";0.5645441441298382;0.5645441441298382;-0.5645441441298382;baseline_max
"GG_5;1;5;0;0.9994553480134508;1.0;1.0;1.0;0.8737157534246576;0.8058732546666274;0.8058732546666274;1.0;1.0;1.0;1.0;1.0;1.0";0.5777532061066782;0.5777532061066782;-0.5777532061066782;baseline_max
"HNA_5;0;5;0;0.9998677001017814;1.0;1.0;1.0;0.9082354770977524;0.9518253005226824;0.9518253005226824;1.0;1.0;1.0;1.0;1.0;1.0";0.6004879488234229;0.6004879488234229;-0.6004879488234229;baseline_max
"SH_5;0;5;0;0.6542381245048701;1.0;1.0;1.0;1.0;-1.1119640071608514;-1.1119640071608514;1.0;1.0;1.0;1.0;1.0;1.0";0.6536419520107071;0.6530367978923027;;baseline_max
"SJA_5;1;5;1;0.9943737257214182;1.0;1.0;1.0;0.9082354770977524;0.9120308831722388;0.9120308831722388;;1.0;1.0;;1.0;1.0";0.5527252544200373;0.5527252544200373;-0.35354680174279823;baseline_max
"VI_5;0;5;0;0.7731075347835273;1.0;1.0;1.0;0.9082354770977524;0.9381739353551148;0.9381739353551148;1.0;1.0;1.0;1.0;1.0;1.0";0.5751320914762875;0.5748888552245643;;baseline_max
"ZEA_5;1;5;0;0.5818029243775822;1.0;1.0;1.0;0.9082354770977524;0.9363366428851444;0.9363366428851444;1.0;1.0;1.0;1.0;1.0;1.0";0.6203670163264831;0.6205009063006636;-0.6201359558272119;baseline_max
