Case ID;Actual;Prefix Length;Prediction;Prediction Probability;SHAP Subset Stability;SHAP Weight Stability;SHAP Adjusted Weight Stability;LIME Subset Stability;LIME Weight Stability;LIME Adjusted Weight Stability;ACV Subset Stability;ACV Weight Stability;ACV Adjusted Weight Stability;LINDA Subset Stability;LINDA Weight Stability;LINDA Adjusted Weight Stability;MAPE Correctness;RMSE Correctness;R2 Correctness;Mode
BMA_8;0;8;0;0.9997451530910186;1.0;1.0;1.0;0.4956816779765577;0.8491865381639477;0.8491865381639477;1.0;1.0;1.0;1.0;1.0;1.0;-0.057238544924849186;-0.057238544924849186;0.057238544924849186;baseline_min
FE_8;1;8;1;0.999999801979474;1.0;1.0;1.0;0.3329969510885901;0.8927586878321013;0.8927586878321013;;1.0;1.0;;1.0;1.0;-0.023535125195454042;-0.023535125195454042;0.023535125195454042;baseline_min
GG_8;1;8;0;0.999251074237638;1.0;1.0;1.0;0.5244673889333236;0.8969706531855111;0.8969706531855111;1.0;1.0;1.0;1.0;1.0;1.0;-0.05003942218565813;-0.05003942218565813;0.05003942218565813;baseline_min
KG_8;0;8;0;0.9999999814765296;1.0;1.0;1.0;0.3643505422760849;0.9507494386067212;0.9507494386067212;1.0;1.0;1.0;;1.0;1.0;-0.19418842075342366;-0.19418842075342366;0.19418842075342366;baseline_min
MC_8;1;8;1;0.9991305489821964;1.0;1.0;1.0;0.5266175108091413;0.9408823046930062;0.9408823046930062;;1.0;1.0;;1.0;1.0;-0.05439648857194582;-0.05439648857194582;0.05439648857194582;baseline_min
OGA_8;0;8;0;0.5906047771096619;1.0;1.0;1.0;0.4142457008858782;0.8815058843123217;0.8815058843123217;1.0;1.0;1.0;1.0;1.0;1.0;-0.0374115224073402;-0.03740575629118573;;baseline_min
VG_8;1;8;1;0.9999999930358454;1.0;1.0;1.0;0.3688233477455217;0.9520222341307896;0.9520222341307896;;1.0;1.0;;1.0;1.0;-0.03722991977735609;-0.03722991977735609;0.03722991977735609;baseline_min
YX_8;0;8;0;0.9989582422246288;1.0;1.0;1.0;0.3746713199789645;0.9462289962553287;0.9462289962553287;1.0;1.0;1.0;1.0;1.0;1.0;-0.08851764688542435;-0.08851764688542435;0.08851764688542435;baseline_min
