"Case ID;Actual;Prefix Length;Prediction;Prediction Probability;SHAP Subset Stability;SHAP Weight Stability;SHAP Adjusted Weight Stability;LIME Subset Stability;LIME Weight Stability;LIME Adjusted Weight Stability;ACV Subset Stability;ACV Weight Stability;ACV Adjusted Weight Stability";MAPE Correctness;RMSE Correctness;R2 Correctness;Mode
"AAA_10;1;10;1;0.9609499829395324;1.0;1.0;1.0;0.2052052052052056;0.9095839538668969;0.9095839538668969;;1.0;1.0";0.4469139353776084;0.4469139353776084;-0.4469139353776084;baseline_mean
"BBA_10;0;10;1;0.9989302208169252;1.0;1.0;1.0;-0.08169111441887278;0.9400062032119028;0.9400062032119028;;1.0;1.0";0.4745371792981165;0.4745371792981165;-0.4745371792981165;baseline_mean
"GT_10;1;10;1;0.9942368920611788;1.0;1.0;1.0;-0.12956295883125124;0.9595033237700564;0.9595033237700564;;1.0;1.0";0.4401677069500008;0.4401677069500008;-0.4401677069500008;baseline_mean
"JH_10;1;10;1;0.999993321222781;1.0;1.0;1.0;-0.03756102708253528;0.9653225761423414;0.9653225761423414;;1.0;1.0";0.4532830561265819;0.4532830561265819;-0.4532830561265819;baseline_mean
"VB_10;0;10;1;0.9999961070578672;1.0;1.0;1.0;0.24010179956144215;0.9728230075410158;0.9728230075410158;;1.0;1.0";0.44724377478637756;0.44724377478637756;-0.44724377478637756;baseline_mean
"WZ_10;0;10;0;0.9999996028474414;1.0;1.0;1.0;0.0103574187205957;0.9575198482894692;0.9575198482894692;1.0;1.0;1.0";0.4567303712263552;0.4567303712263552;-0.4567303712263552;baseline_mean
"XM_10;1;10;1;0.9979475747526012;1.0;1.0;1.0;0.01454831385252231;0.9709762309461816;0.9709762309461816;;1.0;1.0";0.44847494506623076;0.44847494506623076;-0.4701379681864702;baseline_mean
"ZJ_10;0;10;0;0.9999999591854674;1.0;1.0;1.0;0.2145694811185697;0.9091433404378904;0.9091433404378904;1.0;1.0;1.0";0.4521166713183879;0.4521166713183879;-0.4521166713183879;baseline_mean
