Case ID;Actual;Prefix Length;Prediction;Prediction Probability;SHAP Subset Stability;SHAP Weight Stability;SHAP Adjusted Weight Stability;LIME Subset Stability;LIME Weight Stability;LIME Adjusted Weight Stability;ACV Subset Stability;ACV Weight Stability;ACV Adjusted Weight Stability;MAPE Correctness;RMSE Correctness;R2 Correctness;Mode
FZ_14;1;14;1;0.99999915120939;1.0;1.0;1.0;0.059213409290096115;0.9934108840709158;0.9934108840709158;;1.0;1.0;0.5002022282896428;0.5002022282896428;-0.5002022282896428;baseline_max
JW_14;1;14;1;0.9923511786466164;1.0;1.0;1.0;-0.008366358432408738;0.9931850065771574;0.9931850065771574;;1.0;1.0;0.5364184589831419;0.5364184589831419;-0.5364184589831419;baseline_max
ND_14;0;14;0;0.9977663454344006;1.0;1.0;1.0;-0.005709266578831862;0.9887002580033422;0.9887002580033422;1.0;1.0;1.0;0.5373470162433195;0.5373470162433195;-0.5373470162433195;baseline_max
QCA_14;0;14;1;0.9471421573782579;1.0;1.0;1.0;-0.003505696757230892;0.9951648841794014;0.9951648841794014;;1.0;1.0;0.5281602684407313;0.5281498850752515;-0.5281498850752515;baseline_max
SCA_14;1;14;1;0.9973266882637104;1.0;1.0;1.0;-0.003505696757230892;0.990585890581544;0.990585890581544;;1.0;1.0;0.5306572185740032;0.5306572185740032;-0.5306572185740032;baseline_max
SK_14;1;14;1;0.9999950513241228;1.0;1.0;1.0;-0.003505696757230892;0.9858565588209892;0.9858565588209892;;1.0;1.0;0.5494353710913622;0.5494353710913622;-0.5494353710913622;baseline_max
VU_14;0;14;0;0.9890330701658456;1.0;1.0;1.0;-0.005709266578832084;0.9929528762802916;0.9929528762802916;1.0;1.0;1.0;0.5610951399076749;0.5610951399076749;;baseline_max
XJA_14;0;14;0;0.5351534299315935;1.0;1.0;1.0;0.03661837869476137;0.9929180123356636;0.9929180123356636;1.0;1.0;1.0;0.6535321670892879;0.6535289124065;-0.6535289124065;baseline_max
