"Case ID;Actual;Prefix Length;Prediction;Prediction Probability;SHAP Subset Stability;SHAP Weight Stability;SHAP Adjusted Weight Stability;LIME Subset Stability;LIME Weight Stability;LIME Adjusted Weight Stability;ACV Subset Stability;ACV Weight Stability;ACV Adjusted Weight Stability";MAPE Correctness;RMSE Correctness;R2 Correctness;Mode
"BV_12;0;12;0;0.9999999475323406;1.0;1.0;1.0;0.6283321941216677;0.9208325999271452;0.9208325999271452;1.0;1.0;1.0";0.39848491835829086;0.39848491835829086;-0.39848491835829086;baseline_mean
"HIA_12;0;12;0;0.9999999999721256;1.0;1.0;1.0;0.8039329315407201;0.17095580446526193;0.17095580446526193;1.0;1.0;1.0";0.3993097711706475;0.3993097711706475;-0.3993097711706475;baseline_mean
"IBA_12;0;12;1;1.0;1.0;1.0;1.0;0.7474454249883883;0.9369623945023132;0.9369623945023132;;1.0;1.0";;;;baseline_mean
"II_12;1;12;1;0.9999887221463792;1.0;1.0;1.0;0.7595834991378168;0.9350237589567988;0.9350237589567988;;1.0;1.0";0.4223758495139187;0.4223758495139187;-0.4223758495139187;baseline_mean
"KKA_12;0;12;0;0.8071117365306413;1.0;1.0;1.0;0.7610706962210722;0.8520689817537088;0.8520689817537088;1.0;1.0;1.0";0.4149982368209128;0.4149938104327347;-0.4149938104327347;baseline_mean
"NIA_12;1;12;1;0.9999997999093514;1.0;1.0;1.0;0.7759233503322516;0.8629135882909511;0.8629135882909511;;1.0;1.0";0.44096718234522114;0.44096718234522114;-0.44096718234522114;baseline_mean
"PG_12;1;12;1;0.9996373496295065;1.0;1.0;1.0;0.4733554160855417;0.9403195129180756;0.9403195129180756;;1.0;1.0";0.3966898931194065;0.3966898931194065;-0.3966898931194065;baseline_mean
"TV_12;1;12;1;0.9991754908579334;1.0;1.0;1.0;0.783625149224035;0.9151452818747104;0.9151452818747104;;1.0;1.0";0.43791136556950133;0.43791136556950133;-0.43791136556950133;baseline_mean
