"Case ID;Actual;Prefix Length;Prediction;Prediction Probability;SHAP Subset Stability;SHAP Weight Stability;SHAP Adjusted Weight Stability;LIME Subset Stability;LIME Weight Stability;LIME Adjusted Weight Stability;ACV Subset Stability;ACV Weight Stability;ACV Adjusted Weight Stability";MAPE Correctness;RMSE Correctness;R2 Correctness;Mode
"CBA_11;0;11;0;0.999999999992663;1.0;1.0;1.0;0.07103206072278234;0.9956149496633538;0.9956149496633538;1.0;1.0;1.0";0.07662423337959796;0.07662423337959796;-0.07662423337959796;baseline_min
"EI_11;1;11;1;0.9999999969917021;1.0;1.0;1.0;-0.003917727717923647;0.9939771857160574;0.9939771857160574;;1.0;1.0";0.060889833180168614;0.060889833180168614;-0.060889833180168614;baseline_min
"HH_11;0;11;0;0.9999997174607398;1.0;1.0;1.0;0.06824697573596261;0.9975782957736684;0.9975782957736684;1.0;1.0;1.0";0.0577216274586174;0.0577216274586174;-0.0577216274586174;baseline_min
"KX_11;1;11;0;0.9999989343351221;1.0;1.0;1.0;0.2258600506023185;0.9942118026581394;0.9942118026581394;1.0;1.0;1.0";-0.038794855704370475;-0.038794855704370475;0.038794855704370475;baseline_min
"PMA_11;0;11;0;0.9981002506968916;1.0;1.0;1.0;-0.00490196078431393;0.9992295208389624;0.9992295208389624;1.0;1.0;1.0";0.07313936718945709;0.07313936718945709;-0.006324587083898319;baseline_min
"SK_11;1;11;1;0.9994835687932588;1.0;1.0;1.0;0.0453431372549018;0.9976987266662812;0.9976987266662812;;1.0;1.0";0.08529004184069182;0.08529004184069182;-0.08529004184069182;baseline_min
"WJA_11;0;11;1;0.8479476347602489;1.0;1.0;1.0;-0.0029354207436400603;0.9956693463656268;0.9956693463656268;;1.0;1.0";-0.0484089052715218;-0.04838076443173887;0.04838076443173887;baseline_min
"XJ_11;1;11;1;0.9993707556455556;1.0;1.0;1.0;-0.00490196078431393;0.995455967707747;0.995455967707747;;1.0;1.0";0.10359927516145873;0.10359927516145873;-0.10359927516145873;baseline_min
