"Case ID;Actual;Prefix Length;Prediction;Prediction Probability;SHAP Subset Stability;SHAP Weight Stability;SHAP Adjusted Weight Stability;LIME Subset Stability;LIME Weight Stability;LIME Adjusted Weight Stability;ACV Subset Stability;ACV Weight Stability;ACV Adjusted Weight Stability";MAPE Correctness;RMSE Correctness;R2 Correctness;Mode
"BV_12;0;12;0;0.9999999475323406;1.0;1.0;1.0;0.6283321941216677;0.9208325999271452;0.9208325999271452;1.0;1.0;1.0";0.5364897460740332;0.5364897460740332;-0.5364897460740332;baseline_max
"HIA_12;0;12;0;0.9999999999721256;1.0;1.0;1.0;0.8039329315407201;0.17095580446526193;0.17095580446526193;1.0;1.0;1.0";0.5220406460173233;0.5220406460173233;-0.5220406460173233;baseline_max
"IBA_12;0;12;1;1.0;1.0;1.0;1.0;0.7474454249883883;0.9369623945023132;0.9369623945023132;;1.0;1.0";0.2221186327940749;0.2221186327940749;-0.22363519843467738;baseline_max
"II_12;1;12;1;0.9999887221463792;1.0;1.0;1.0;0.7595834991378168;0.9350237589567988;0.9350237589567988;;1.0;1.0";0.533035249543036;0.533035249543036;-0.533035249543036;baseline_max
"KKA_12;0;12;0;0.8071117365306413;1.0;1.0;1.0;0.7610706962210722;0.8520689817537088;0.8520689817537088;1.0;1.0;1.0";0.5464875434163188;0.546351479014438;-0.5463454340663123;baseline_max
"NIA_12;1;12;1;0.9999997999093514;1.0;1.0;1.0;0.7759233503322516;0.8629135882909511;0.8629135882909511;;1.0;1.0";0.5104405846018495;0.5104405846018495;-0.5104405846018495;baseline_max
"PG_12;1;12;1;0.9996373496295065;1.0;1.0;1.0;0.4733554160855417;0.9403195129180756;0.9403195129180756;;1.0;1.0";0.5540004764048353;0.5539943850402013;-0.5539943850402013;baseline_max
"TV_12;1;12;1;0.9991754908579334;1.0;1.0;1.0;0.783625149224035;0.9151452818747104;0.9151452818747104;;1.0;1.0";0.5600229703063173;0.5600260517492004;-0.5600260517492004;baseline_max
