"Case ID;Actual;Prefix Length;Prediction;Prediction Probability;SHAP Subset Stability;SHAP Weight Stability;SHAP Adjusted Weight Stability;LIME Subset Stability;LIME Weight Stability;LIME Adjusted Weight Stability;ACV Subset Stability;ACV Weight Stability;ACV Adjusted Weight Stability";MAPE Correctness;RMSE Correctness;R2 Correctness;Mode
"AR_13;0;13;0;0.9877705008941192;1.0;1.0;1.0;0.7425976094403104;0.8873844456234121;0.8873844456234121;1.0;1.0;1.0";0.15266028043338947;0.15266028043338947;-0.15266028043338947;baseline_min
"FE_13;1;13;1;0.9999949476623872;1.0;1.0;1.0;0.7693927849691409;0.9190735014551948;0.9190735014551948;;1.0;1.0";0.16248686296628234;0.16248686296628234;-0.16248686296628234;baseline_min
"FO_13;0;13;0;0.9370173730177724;1.0;1.0;1.0;0.6828241734161881;0.9224146494690592;0.9224146494690592;1.0;1.0;1.0";0.12721063640634836;0.12721063640634836;;baseline_min
"GL_13;1;13;1;0.9996842266300326;1.0;1.0;1.0;0.6860220797720797;0.9288692554844066;0.9288692554844066;;1.0;1.0";0.1566616524468891;0.1566616524468891;-0.1566616524468891;baseline_min
"HE_13;0;13;0;0.7328079251307525;1.0;1.0;1.0;0.6640553941847842;0.9255892904534128;0.9255892904534128;1.0;1.0;1.0";0.1765546451795131;0.1765546451795131;-0.1765546451795131;baseline_min
"PB_13;1;13;1;0.979489722835273;1.0;1.0;1.0;0.751077798848787;0.8200701189165561;0.8200701189165561;;1.0;1.0";0.1679021506918153;0.1679021506918153;-0.1679021506918153;baseline_min
"RLA_13;1;13;1;0.9998644077004863;1.0;1.0;1.0;0.7243252807945791;0.9206893119452186;0.9206893119452186;;1.0;1.0";0.1551469570637701;0.1551469570637701;-0.1551469570637701;baseline_min
"RU_13;0;13;1;0.9999999851705528;1.0;1.0;1.0;0.7344619666048238;-9.384693468201231;-9.384693468201231;;1.0;1.0";0.07839513056129502;0.07839513056129502;-0.07839513056129502;baseline_min
