Case ID;Actual;Prefix Length;Prediction;Prediction Probability;SHAP Subset Stability;SHAP Weight Stability;SHAP Adjusted Weight Stability;LIME Subset Stability;LIME Weight Stability;LIME Adjusted Weight Stability;ACV Subset Stability;ACV Weight Stability;ACV Adjusted Weight Stability;MAPE Correctness;RMSE Correctness;R2 Correctness;Mode
GT_9;1;9;1;0.9999999265923992;1.0;1.0;1.0;0.474192087280175;0.8239275517842659;0.8239275517842659;;1.0;1.0;0.06333021870734377;0.06333021870734377;-0.06333021870734377;baseline_0
IQ_9;1;9;1;0.9999995330766298;1.0;1.0;1.0;0.3170064395582396;0.9226317851710308;0.9226317851710308;;1.0;1.0;0.0903331100948854;0.0903331100948854;-0.0903331100948854;baseline_0
LU_9;1;9;1;0.9999999994418296;1.0;1.0;1.0;0.3062641723356008;-6.140594904707272;-6.140594904707272;;1.0;1.0;0.05061310947750235;0.05061310947750235;-0.05061310947750235;baseline_0
MU_9;0;9;0;1.0;1.0;1.0;1.0;0.4025378632828489;0.9410519676633524;0.9410519676633524;1.0;1.0;1.0;0.12237738097351616;0.12237738097351616;-0.10753130002128358;baseline_0
OU_9;1;9;0;1.0;1.0;1.0;1.0;0.5680310629348002;0.9377424678728336;0.9377424678728336;1.0;1.0;1.0;;;;baseline_0
QBA_9;0;9;0;0.947908751966033;1.0;1.0;1.0;0.6276039331719417;0.9290937667571108;0.9290937667571108;1.0;1.0;1.0;0.08760097149193376;0.08760097149193376;-0.08760097149193376;baseline_0
SBA_9;0;9;1;0.9999999654431838;1.0;1.0;1.0;0.4272025171624714;0.9455442050181516;0.9455442050181516;;1.0;1.0;0.046568736078552116;0.046568736078552116;-0.0018051549724372392;baseline_0
TW_9;0;9;0;0.9985060167649672;1.0;1.0;1.0;0.4937428896473265;0.8944023276503396;0.8944023276503396;1.0;1.0;1.0;0.06361664949905972;0.06361664949905972;-0.06361664949905972;baseline_0
