"Case ID;Actual;Prefix Length;Prediction;Prediction Probability;SHAP Subset Stability;SHAP Weight Stability;SHAP Adjusted Weight Stability;LIME Subset Stability;LIME Weight Stability;LIME Adjusted Weight Stability;ACV Subset Stability;ACV Weight Stability;ACV Adjusted Weight Stability;LINDA Subset Stability;LINDA Weight Stability;LINDA Adjusted Weight Stability";MAPE Correctness;RMSE Correctness;R2 Correctness;Mode
"BMA_8;0;8;0;0.9997451530910186;1.0;1.0;1.0;0.4956816779765577;0.8491865381639477;0.8491865381639477;1.0;1.0;1.0;1.0;1.0;1.0";-0.059992775555838054;-0.059992775555838054;0.059992775555838054;baseline_0
"FE_8;1;8;1;0.999999801979474;1.0;1.0;1.0;0.3329969510885901;0.8927586878321013;0.8927586878321013;;1.0;1.0;;1.0;1.0";-0.023173840378857162;-0.023173840378857162;0.023173840378857162;baseline_0
"GG_8;1;8;0;0.999251074237638;1.0;1.0;1.0;0.5244673889333236;0.8969706531855111;0.8969706531855111;1.0;1.0;1.0;1.0;1.0;1.0";-0.052524506701359476;-0.052524506701359476;0.052524506701359476;baseline_0
"KG_8;0;8;0;0.9999999814765296;1.0;1.0;1.0;0.3643505422760849;0.9507494386067212;0.9507494386067212;1.0;1.0;1.0;;1.0;1.0";-0.19784868586193982;-0.19784868586193982;0.19784868586193982;baseline_0
"MC_8;1;8;1;0.9991305489821964;1.0;1.0;1.0;0.5266175108091413;0.9408823046930062;0.9408823046930062;;1.0;1.0;;1.0;1.0";-0.057001136290089564;-0.057001136290089564;0.057001136290089564;baseline_0
"OGA_8;0;8;0;0.5906047771096619;1.0;1.0;1.0;0.4142457008858782;0.8815058843123217;0.8815058843123217;1.0;1.0;1.0;1.0;1.0;1.0";-0.04005345865951914;-0.04004723848075325;;baseline_0
"VG_8;1;8;1;0.9999999930358454;1.0;1.0;1.0;0.3688233477455217;0.9520222341307896;0.9520222341307896;;1.0;1.0;;1.0;1.0";-0.040065686641095215;-0.040065686641095215;0.040065686641095215;baseline_0
"YX_8;0;8;0;0.9989582422246288;1.0;1.0;1.0;0.3746713199789645;0.9462289962553287;0.9462289962553287;1.0;1.0;1.0;1.0;1.0;1.0";-0.0912784404960152;-0.0912784404960152;0.0912784404960152;baseline_0
