"Case ID;Actual;Prefix Length;Prediction;Prediction Probability;SHAP Subset Stability;SHAP Weight Stability;SHAP Adjusted Weight Stability;LIME Subset Stability;LIME Weight Stability;LIME Adjusted Weight Stability;ACV Subset Stability;ACV Weight Stability;ACV Adjusted Weight Stability";MAPE Correctness;RMSE Correctness;R2 Correctness;Mode
"AR_13;0;13;0;0.9877705008941192;1.0;1.0;1.0;0.7425976094403104;0.8873844456234121;0.8873844456234121;1.0;1.0;1.0";0.5862089048428271;0.5862089048428271;-0.5862089048428271;baseline_mean
"FE_13;1;13;1;0.9999949476623872;1.0;1.0;1.0;0.7693927849691409;0.9190735014551948;0.9190735014551948;;1.0;1.0";0.5261895966056951;0.5261895966056951;-0.5261895966056951;baseline_mean
"FO_13;0;13;0;0.9370173730177724;1.0;1.0;1.0;0.6828241734161881;0.9224146494690592;0.9224146494690592;1.0;1.0;1.0";0.5307098226514336;0.5307098226514336;;baseline_mean
"GL_13;1;13;1;0.9996842266300326;1.0;1.0;1.0;0.6860220797720797;0.9288692554844066;0.9288692554844066;;1.0;1.0";0.5500708288717603;0.5500708288717603;-0.5500708288717603;baseline_mean
"HE_13;0;13;0;0.7328079251307525;1.0;1.0;1.0;0.6640553941847842;0.9255892904534128;0.9255892904534128;1.0;1.0;1.0";0.5818279803112592;0.5818279803112592;-0.5818279803112592;baseline_mean
"PB_13;1;13;1;0.979489722835273;1.0;1.0;1.0;0.751077798848787;0.8200701189165561;0.8200701189165561;;1.0;1.0";0.5435244043029582;0.5435244043029582;-0.5435244043029582;baseline_mean
"RLA_13;1;13;1;0.9998644077004863;1.0;1.0;1.0;0.7243252807945791;0.9206893119452186;0.9206893119452186;;1.0;1.0";0.5663719453092445;0.5663719453092445;-0.5663719453092445;baseline_mean
"RU_13;0;13;1;0.9999999851705528;1.0;1.0;1.0;0.7344619666048238;-9.384693468201231;-9.384693468201231;;1.0;1.0";0.47500447773259824;0.47500447773259824;-0.47500447773259824;baseline_mean
