"Case ID;Actual;Prefix Length;Prediction;Prediction Probability;SHAP Subset Stability;SHAP Weight Stability;SHAP Adjusted Weight Stability;LIME Subset Stability;LIME Weight Stability;LIME Adjusted Weight Stability;ACV Subset Stability;ACV Weight Stability;ACV Adjusted Weight Stability;LINDA Subset Stability;LINDA Weight Stability;LINDA Adjusted Weight Stability";MAPE Correctness;RMSE Correctness;R2 Correctness;Mode
"AAA_7;1;7;1;0.9751402208874372;1.0;1.0;1.0;0.7217987804878049;0.9528345572392316;0.9528345572392316;;1.0;1.0;;1.0;1.0";0.013423191754385019;0.013423191754385019;-0.013423191754385019;baseline_min
"CF_7;1;7;1;0.9464800676951386;1.0;1.0;1.0;0.6000584389495598;0.9406636339422216;0.9406636339422216;;1.0;1.0;;1.0;1.0";0.054919203968922824;0.054919203968922824;-0.054919203968922824;baseline_min
"CI_7;0;7;1;0.6584975336111515;1.0;1.0;1.0;0.7382301908617698;0.9427453002491696;0.9427453002491696;;1.0;1.0;;1.0;1.0";0.0679763089409999;0.0679763089409999;-0.0679763089409999;baseline_min
"HH_7;0;7;0;0.9095206768415208;1.0;1.0;1.0;0.6639042357274401;0.8922198119404745;0.8922198119404745;1.0;1.0;1.0;1.0;1.0;1.0";0.024381421546961574;0.024379757532203207;-0.024378648378292022;baseline_min
"QA_7;0;7;1;0.7593195804226311;1.0;1.0;1.0;0.7558022842760883;0.9475855934071564;0.9475855934071564;;1.0;1.0;;1.0;1.0";0.03299106411038508;0.03299106411038508;-0.03299106411038508;baseline_min
"RI_7;1;7;1;0.9314617281106072;1.0;1.0;1.0;0.7004572982326039;0.9505253080698286;0.9505253080698286;;1.0;1.0;;1.0;1.0";0.03300786724602065;0.033006442558740016;0.04638713172256534;baseline_min
"RLA_7;1;7;1;0.7720240747912951;1.0;1.0;1.0;0.5343150284408058;0.7023740475846474;0.7023740475846474;;1.0;1.0;;1.0;1.0";0.053064821222183395;0.053064821222183395;;baseline_min
"UF_7;0;7;0;0.5872259031863258;1.0;1.0;1.0;0.5798802946593002;0.8700183608772258;0.8700183608772258;1.0;1.0;1.0;1.0;1.0;1.0";0.05130470604172523;0.05130470604172523;-0.05130470604172523;baseline_min
