"Case ID;Actual;Prefix Length;Prediction;Prediction Probability;SHAP Subset Stability;SHAP Weight Stability;SHAP Adjusted Weight Stability;LIME Subset Stability;LIME Weight Stability;LIME Adjusted Weight Stability;ACV Subset Stability;ACV Weight Stability;ACV Adjusted Weight Stability;LINDA Subset Stability;LINDA Weight Stability;LINDA Adjusted Weight Stability";MAPE Correctness;RMSE Correctness;R2 Correctness;Mode
"OJ_2;0;2;1;0.9999665758812096;1.0;1.0;1.0;0.9105293958764744;0.9372084833209962;0.9372084833209962;;1.0;1.0;;1.0;1.0";0.6120907113500719;0.6120907113500719;-0.6120907113500719;baseline_max
"OW_2;0;2;0;0.9234925709244683;1.0;1.0;1.0;0.9570363164721142;0.5302682319014734;0.5302682319014734;1.0;1.0;1.0;1.0;1.0;1.0";0.6704193675712813;0.6704193675712813;-0.6704193675712813;baseline_max
"SJA_2;1;2;0;0.6095152764416273;1.0;1.0;1.0;0.9209615843474112;0.94920285103559;0.94920285103559;1.0;1.0;1.0;1.0;1.0;1.0";0.6592336330663845;0.6592336330663845;-0.6592336330663845;baseline_max
"VA_2;0;2;1;0.606881047882082;1.0;1.0;1.0;0.8992991048809322;0.9782882274812622;0.9782882274812622;;1.0;1.0;;1.0;1.0";0.6536480073804029;0.6536480073804029;;baseline_max
"WC_2;1;2;1;0.8807416004091217;1.0;1.0;1.0;0.7935064935064935;0.8511099912754045;0.8511099912754045;;1.0;1.0;;1.0;1.0";0.7778711535914047;0.7778711535914047;-0.7778051119770232;baseline_max
"XX_2;0;2;0;0.9999392302924012;1.0;1.0;1.0;0.7948387096774193;0.959412848668202;0.959412848668202;1.0;1.0;1.0;1.0;1.0;1.0";0.8147093239181178;0.8147093239181178;-0.8147093239181178;baseline_max
"YIA_2;1;2;1;0.9617545542154948;1.0;1.0;1.0;0.8545234958278436;0.9313856622158728;0.9313856622158728;;1.0;1.0;;1.0;1.0";0.5974128456573005;0.5974128456573005;-0.5974128456573005;baseline_max
"YMA_2;1;2;1;0.9724462722092984;1.0;1.0;1.0;0.8348051948051949;0.9658481287054608;0.9658481287054608;;1.0;1.0;;1.0;1.0";0.6100725390577462;0.6100725390577462;-0.6100725390577462;baseline_max
