Case ID;Actual;Prefix Length;Prediction;Prediction Probability;SHAP Subset Stability;SHAP Weight Stability;SHAP Adjusted Weight Stability;LIME Subset Stability;LIME Weight Stability;LIME Adjusted Weight Stability;ACV Subset Stability;ACV Weight Stability;ACV Adjusted Weight Stability;MAPE Correctness;RMSE Correctness;R2 Correctness;Mode
GT_9;1;9;1;0.9999999265923992;1.0;1.0;1.0;0.474192087280175;0.8239275517842659;0.8239275517842659;;1.0;1.0;0.06445045572211473;0.06445045572211473;-0.06445045572211473;baseline_min
IQ_9;1;9;1;0.9999995330766298;1.0;1.0;1.0;0.3170064395582396;0.9226317851710308;0.9226317851710308;;1.0;1.0;0.09003776597033418;0.09003776597033418;-0.09003776597033418;baseline_min
LU_9;1;9;1;0.9999999994418296;1.0;1.0;1.0;0.3062641723356008;-6.140594904707272;-6.140594904707272;;1.0;1.0;0.05130673667376791;0.05130673667376791;-0.05130673667376791;baseline_min
MU_9;0;9;0;1.0;1.0;1.0;1.0;0.4025378632828489;0.9410519676633524;0.9410519676633524;1.0;1.0;1.0;0.12210165628808574;0.12210165628808574;-0.10753130002128358;baseline_min
OU_9;1;9;0;1.0;1.0;1.0;1.0;0.5680310629348002;0.9377424678728336;0.9377424678728336;1.0;1.0;1.0;;;;baseline_min
QBA_9;0;9;0;0.947908751966033;1.0;1.0;1.0;0.6276039331719417;0.9290937667571108;0.9290937667571108;1.0;1.0;1.0;0.08794299578277587;0.08794299578277587;-0.08794299578277587;baseline_min
SBA_9;0;9;1;0.9999999654431838;1.0;1.0;1.0;0.4272025171624714;0.9455442050181516;0.9455442050181516;;1.0;1.0;0.04669614712117469;0.04669614712117469;-0.0018051549724372392;baseline_min
TW_9;0;9;0;0.9985060167649672;1.0;1.0;1.0;0.4937428896473265;0.8944023276503396;0.8944023276503396;1.0;1.0;1.0;0.06388153492376086;0.06388153492376086;-0.06388153492376086;baseline_min
