Case ID;Actual;Prefix Length;Prediction;Prediction Probability;SHAP Subset Stability;SHAP Weight Stability;SHAP Adjusted Weight Stability;LIME Subset Stability;LIME Weight Stability;LIME Adjusted Weight Stability;ACV Subset Stability;ACV Weight Stability;ACV Adjusted Weight Stability;LINDA Subset Stability;LINDA Weight Stability;LINDA Adjusted Weight Stability;MAPE Correctness;RMSE Correctness;R2 Correctness;Mode
AMA_5;0;5;1;0.9999929377435915;1.0;1.0;1.0;1.0;0.8938622769846873;0.8938622769846873;;1.0;1.0;;1.0;1.0;0.3382166452642949;0.3382166452642949;-0.3382166452642949;baseline_mean
BKA_5;1;5;1;0.9626134521301718;1.0;1.0;1.0;0.9082354770977524;0.9542017350270152;0.9542017350270152;;1.0;1.0;;1.0;1.0;0.3630816888576319;0.3630816888576319;-0.3630816888576319;baseline_mean
GG_5;1;5;0;0.9994553480134508;1.0;1.0;1.0;0.8737157534246576;0.8058732546666274;0.8058732546666274;1.0;1.0;1.0;1.0;1.0;1.0;0.28616069203665995;0.28616069203665995;-0.28616069203665995;baseline_mean
HNA_5;0;5;0;0.9998677001017814;1.0;1.0;1.0;0.9082354770977524;0.9518253005226824;0.9518253005226824;1.0;1.0;1.0;1.0;1.0;1.0;0.3590978468414818;0.3590978468414818;-0.3590978468414818;baseline_mean
SH_5;0;5;0;0.6542381245048701;1.0;1.0;1.0;1.0;-1.1119640071608514;-1.1119640071608514;1.0;1.0;1.0;1.0;1.0;1.0;0.36269155064226505;0.3626849229311232;;baseline_mean
SJA_5;1;5;1;0.9943737257214182;1.0;1.0;1.0;0.9082354770977524;0.9120308831722388;0.9120308831722388;;1.0;1.0;;1.0;1.0;0.36799441511908604;0.36799441511908604;-0.4325188768898915;baseline_mean
VI_5;0;5;0;0.7731075347835273;1.0;1.0;1.0;0.9082354770977524;0.9381739353551148;0.9381739353551148;1.0;1.0;1.0;1.0;1.0;1.0;0.3416203395792492;0.3416016399538489;;baseline_mean
ZEA_5;1;5;0;0.5818029243775822;1.0;1.0;1.0;0.9082354770977524;0.9363366428851444;0.9363366428851444;1.0;1.0;1.0;1.0;1.0;1.0;0.35542601048259725;0.35542601048259725;-0.3554195238370917;baseline_mean
