"Case ID;Actual;Prefix Length;Prediction;Prediction Probability;SHAP Subset Stability;SHAP Weight Stability;SHAP Adjusted Weight Stability;LIME Subset Stability;LIME Weight Stability;LIME Adjusted Weight Stability;ACV Subset Stability;ACV Weight Stability;ACV Adjusted Weight Stability;LINDA Subset Stability;LINDA Weight Stability;LINDA Adjusted Weight Stability";MAPE Correctness;RMSE Correctness;R2 Correctness;Mode
"BCA_3;0;3;0;0.9975509178844166;1.0;1.0;1.0;0.7439427312775331;-4.01290249581986;-4.01290249581986;1.0;1.0;1.0;1.0;1.0;1.0";0.018994966887545983;0.018994966887545983;-0.018994966887545983;baseline_0
"DW_3;0;3;0;0.9999999998895192;1.0;1.0;1.0;0.8058184855233853;0.9573147845086614;0.9573147845086614;1.0;1.0;1.0;1.0;1.0;1.0";0.049141097271231324;0.049141097271231324;-0.049141097271231324;baseline_0
"GF_3;1;3;1;0.8750430675824589;1.0;1.0;1.0;0.8158853341780171;0.8886557327311017;0.8886557327311017;;1.0;1.0;;1.0;1.0";0.026460349641452587;0.02645710516229853;-0.02645710516229853;baseline_0
"GL_3;1;3;1;0.8615365757340989;1.0;1.0;1.0;0.7256313429313193;0.9412244425582792;0.9412244425582792;;1.0;1.0;;1.0;1.0";0.03396750920837037;0.03396750920837037;-0.03396750920837037;baseline_0
"HB_3;0;3;0;0.987504872199247;1.0;1.0;1.0;0.7588888888888891;0.8797065201378734;0.8797065201378734;1.0;1.0;1.0;1.0;1.0;1.0";0.025389495428668984;0.025389495428668984;-0.025389495428668984;baseline_0
"HS_3;1;3;1;0.8820725327344988;1.0;1.0;1.0;0.7244444444444444;0.8934089202373027;0.8934089202373027;;1.0;1.0;;1.0;1.0";0.022444490730212967;0.022445866637691977;;baseline_0
"IH_3;1;3;1;0.999999999664652;1.0;1.0;1.0;0.8931525735294117;0.8951853688325376;0.8951853688325376;;1.0;1.0;;1.0;1.0";0.04977168530072561;0.04977168530072561;-0.04977168530072561;baseline_0
"ULA_3;0;3;0;0.8676347488696573;1.0;1.0;1.0;0.7686478625282254;0.8593806043379567;0.8593806043379567;1.0;1.0;1.0;1.0;1.0;1.0";0.012372822253814019;0.012372822253814019;-0.012372822253814019;baseline_0
