"Case ID;Actual;Prefix Length;Prediction;Prediction Probability;SHAP Subset Stability;SHAP Weight Stability;SHAP Adjusted Weight Stability;LIME Subset Stability;LIME Weight Stability;LIME Adjusted Weight Stability;ACV Subset Stability;ACV Weight Stability;ACV Adjusted Weight Stability;LINDA Subset Stability;LINDA Weight Stability;LINDA Adjusted Weight Stability";MAPE Correctness;RMSE Correctness;R2 Correctness;Mode
"BF;1;1;1;0.7083900425536246;1.0;1.0;1.0;0.8022684692895843;0.9600048299507128;0.9600048299507128;;1.0;1.0;;1.0;1.0";0.4426029349299088;0.4426029349299088;-0.4426029349299088;baseline_mean
"G;0;1;0;0.6933101791227352;1.0;1.0;1.0;0.8716918999236978;0.9477160741199464;0.9477160741199464;1.0;1.0;1.0;1.0;1.0;1.0";0.4494287592141717;0.4494287592141717;-0.4494287592141717;baseline_mean
"JAA;0;1;0;0.9448564264263004;1.0;1.0;1.0;0.7305109489051096;0.9591329008609816;0.9591329008609816;1.0;1.0;1.0;1.0;1.0;1.0";0.4150889408445254;0.4150889408445254;;baseline_mean
"JO;1;1;1;0.7499733326509224;1.0;1.0;1.0;0.8643433069662578;0.9507534137489996;0.9507534137489996;;1.0;1.0;;1.0;1.0";0.4415360124296252;0.4415360124296252;-0.4415360124296252;baseline_mean
"LKA;1;1;0;0.7066444685405964;1.0;1.0;1.0;0.8410993241126181;0.9295154673643832;0.9295154673643832;1.0;1.0;1.0;1.0;1.0;1.0";0.44377124824292535;0.44377124824292535;-0.44377124824292535;baseline_mean
"RI;1;1;0;0.8116804972973212;1.0;1.0;1.0;0.8650767257351893;0.9680225734368332;0.9680225734368332;1.0;1.0;1.0;1.0;1.0;1.0";0.4422356393644804;0.4422356393644804;;baseline_mean
"SQ;0;1;0;0.7072678596052641;1.0;1.0;1.0;0.7218283582089552;0.9114365966722192;0.9114365966722192;1.0;1.0;1.0;1.0;1.0;1.0";0.3893567637593531;0.3893567637593531;-0.3893567637593531;baseline_mean
"ZJA;0;1;0;0.9577354278275892;1.0;1.0;1.0;0.7955069124423964;0.940505614842152;0.940505614842152;1.0;1.0;1.0;1.0;1.0;1.0";0.388530393444953;0.388530393444953;-0.388530393444953;baseline_mean
