Case ID;Actual;Prefix Length;Prediction;Prediction Probability;SHAP Subset Stability;SHAP Weight Stability;SHAP Adjusted Weight Stability;LIME Subset Stability;LIME Weight Stability;LIME Adjusted Weight Stability;ACV Subset Stability;ACV Weight Stability;ACV Adjusted Weight Stability;LINDA Subset Stability;LINDA Weight Stability;LINDA Adjusted Weight Stability;MAPE Correctness;RMSE Correctness;R2 Correctness;Mode
AMA_5;0;5;1;0.9999929377435915;1.0;1.0;1.0;1.0;0.8938622769846873;0.8938622769846873;;1.0;1.0;;1.0;1.0;0.07499877136932019;0.07499877136932019;-0.07499877136932019;baseline_min
BKA_5;1;5;1;0.9626134521301718;1.0;1.0;1.0;0.9082354770977524;0.9542017350270152;0.9542017350270152;;1.0;1.0;;1.0;1.0;-0.0035030935553867397;-0.0035030935553867397;0.0035030935553867397;baseline_min
GG_5;1;5;0;0.9994553480134508;1.0;1.0;1.0;0.8737157534246576;0.8058732546666274;0.8058732546666274;1.0;1.0;1.0;1.0;1.0;1.0;0.06605037410487832;0.06605037410487832;-0.06605037410487832;baseline_min
HNA_5;0;5;0;0.9998677001017814;1.0;1.0;1.0;0.9082354770977524;0.9518253005226824;0.9518253005226824;1.0;1.0;1.0;1.0;1.0;1.0;0.008712158915543592;0.008712158915543592;-0.008712158915543592;baseline_min
SH_5;0;5;0;0.6542381245048701;1.0;1.0;1.0;1.0;-1.1119640071608514;-1.1119640071608514;1.0;1.0;1.0;1.0;1.0;1.0;0.05653721009253249;0.05653721009253249;;baseline_min
SJA_5;1;5;1;0.9943737257214182;1.0;1.0;1.0;0.9082354770977524;0.9120308831722388;0.9120308831722388;;1.0;1.0;;1.0;1.0;0.00809494625234802;0.00809494625234802;0.07120425049618415;baseline_min
VI_5;0;5;0;0.7731075347835273;1.0;1.0;1.0;0.9082354770977524;0.9381739353551148;0.9381739353551148;1.0;1.0;1.0;1.0;1.0;1.0;0.03252398280446115;0.03252398280446115;;baseline_min
ZEA_5;1;5;0;0.5818029243775822;1.0;1.0;1.0;0.9082354770977524;0.9363366428851444;0.9363366428851444;1.0;1.0;1.0;1.0;1.0;1.0;0.011909959133746227;0.011908281202048164;-0.011908281202048164;baseline_min
