Case ID;Actual;Prefix Length;Prediction;Prediction Probability;SHAP Subset Stability;SHAP Weight Stability;SHAP Adjusted Weight Stability;LIME Subset Stability;LIME Weight Stability;LIME Adjusted Weight Stability;ACV Subset Stability;ACV Weight Stability;ACV Adjusted Weight Stability;MAPE Correctness;RMSE Correctness;R2 Correctness;Mode
BV_12;0;12;0;0.9999999475323406;1.0;1.0;1.0;0.6283321941216677;0.9208325999271452;0.9208325999271452;1.0;1.0;1.0;0.6448367965916569;0.6605677817795385;-0.6605713005195369;permutation
HIA_12;0;12;0;0.9999999999721256;1.0;1.0;1.0;0.8039329315407201;0.17095580446526193;0.17095580446526193;1.0;1.0;1.0;0.643399396100828;0.6589386451692932;-0.6589386451692932;permutation
IBA_12;0;12;1;1.0;1.0;1.0;1.0;0.7474454249883883;0.9369623945023132;0.9369623945023132;;1.0;1.0;0.22201297991723223;0.22201297991723223;-0.22363519843467738;permutation
II_12;1;12;1;0.9999887221463792;1.0;1.0;1.0;0.7595834991378168;0.9350237589567988;0.9350237589567988;;1.0;1.0;0.6547633127477649;0.6786890227938779;-0.6786890227938779;permutation
KKA_12;0;12;0;0.8071117365306413;1.0;1.0;1.0;0.7610706962210722;0.8520689817537088;0.8520689817537088;1.0;1.0;1.0;0.6982717709828378;0.7111648261704763;-0.7111572498271995;permutation
NIA_12;1;12;1;0.9999997999093514;1.0;1.0;1.0;0.7759233503322516;0.8629135882909511;0.8629135882909511;;1.0;1.0;0.6672080633314569;0.6929441917918282;-0.6929441917918282;permutation
PG_12;1;12;1;0.9996373496295065;1.0;1.0;1.0;0.4733554160855417;0.9403195129180756;0.9403195129180756;;1.0;1.0;0.6805278941856646;0.6970164329055283;-0.6970127200686687;permutation
TV_12;1;12;1;0.9991754908579334;1.0;1.0;1.0;0.783625149224035;0.9151452818747104;0.9151452818747104;;1.0;1.0;0.6705939907171183;0.6900596060512703;-0.6900596060512703;permutation
