"Case ID;Actual;Prefix Length;Prediction;Prediction Probability;SHAP Subset Stability;SHAP Weight Stability;SHAP Adjusted Weight Stability;LIME Subset Stability;LIME Weight Stability;LIME Adjusted Weight Stability;ACV Subset Stability;ACV Weight Stability;ACV Adjusted Weight Stability;LINDA Subset Stability;LINDA Weight Stability;LINDA Adjusted Weight Stability";MAPE Correctness;RMSE Correctness;R2 Correctness;Mode
"CW_6;0;6;1;0.9847169135860034;1.0;1.0;1.0;0.7017932911280647;0.8887367637875446;0.8887367637875446;;1.0;1.0;;1.0;1.0";0.6245937907570213;0.6369371963632192;-0.6369279548754919;permutation
"FE_6;1;6;1;0.9933553434014716;1.0;1.0;1.0;0.7220868749210474;0.7079722085657145;0.7079722085657145;;1.0;1.0;;1.0;1.0";0.6542783393128883;0.6653599728633607;-0.6653599728633607;permutation
"GJA_6;1;6;1;0.9622799662348294;1.0;1.0;1.0;0.7067951700180786;0.9434032472048021;0.9434032472048021;;1.0;1.0;;1.0;1.0";0.6451571157280634;0.6598968362867431;;permutation
"MZ_6;1;6;1;0.8045275453782428;1.0;1.0;1.0;0.7016274864376131;0.9060150433343694;0.9060150433343694;;1.0;1.0;;1.0;1.0";0.6595670413794212;0.6682226919060306;-0.6681838858093241;permutation
"ND_6;0;6;1;0.8136346280049414;1.0;1.0;1.0;0.7843090263404431;0.16526069213692374;0.16526069213692374;;1.0;1.0;;1.0;1.0";0.6539682487016458;0.6586259348708985;;permutation
"QC_6;0;6;1;0.9999992123614152;1.0;1.0;1.0;0.7557050982166267;0.9020563733129324;0.9020563733129324;;1.0;1.0;;1.0;1.0";0.6485528068275423;0.6617113429926401;-0.6617017420503648;permutation
"WC_6;1;6;1;0.9999999999999958;1.0;1.0;1.0;0.7628446662507797;0.8740327902402236;0.8740327902402236;;1.0;1.0;;1.0;1.0";0.6045586191409391;0.6140816203282886;-0.6140816203282886;permutation
"WQ_6;0;6;1;0.9608551960518078;1.0;1.0;1.0;0.7305279679306012;0.9194647482504263;0.9194647482504263;;1.0;1.0;;1.0;1.0";0.648388432389277;0.6585772687084189;-0.6585772687084189;permutation
