"Case ID;Actual;Prefix Length;Prediction;Prediction Probability;SHAP Subset Stability;SHAP Weight Stability;SHAP Adjusted Weight Stability;LIME Subset Stability;LIME Weight Stability;LIME Adjusted Weight Stability;ACV Subset Stability;ACV Weight Stability;ACV Adjusted Weight Stability;LINDA Subset Stability;LINDA Weight Stability;LINDA Adjusted Weight Stability";MAPE Correctness;RMSE Correctness;R2 Correctness;Mode
"AAA_7;1;7;1;0.9751402208874372;1.0;1.0;1.0;0.7217987804878049;0.9528345572392316;0.9528345572392316;;1.0;1.0;;1.0;1.0";0.7348823600508441;0.7384883296001138;-0.7384795952098498;permutation
"CF_7;1;7;1;0.9464800676951386;1.0;1.0;1.0;0.6000584389495598;0.9406636339422216;0.9406636339422216;;1.0;1.0;;1.0;1.0";0.7476930413443023;0.7558539197979128;-0.7558449800180226;permutation
"CI_7;0;7;1;0.6584975336111515;1.0;1.0;1.0;0.7382301908617698;0.9427453002491696;0.9427453002491696;;1.0;1.0;;1.0;1.0";0.832043908985032;0.8321862482047713;-0.8321862482047713;permutation
"HH_7;0;7;0;0.9095206768415208;1.0;1.0;1.0;0.6639042357274401;0.8922198119404745;0.8922198119404745;1.0;1.0;1.0;1.0;1.0;1.0";0.8367984467854674;0.8308397827636889;-0.8308201288485203;permutation
"QA_7;0;7;1;0.7593195804226311;1.0;1.0;1.0;0.7558022842760883;0.9475855934071564;0.9475855934071564;;1.0;1.0;;1.0;1.0";0.8018300315511018;0.8034432284547225;-0.8034432284547225;permutation
"RI_7;1;7;1;0.9314617281106072;1.0;1.0;1.0;0.7004572982326039;0.9505253080698286;0.9505253080698286;;1.0;1.0;;1.0;1.0";0.747503253473288;0.7523991902818639;-0.3679674739146165;permutation
"RLA_7;1;7;1;0.7720240747912951;1.0;1.0;1.0;0.5343150284408058;0.7023740475846474;0.7023740475846474;;1.0;1.0;;1.0;1.0";0.7898166071290927;0.7895887138706862;;permutation
"UF_7;0;7;0;0.5872259031863258;1.0;1.0;1.0;0.5798802946593002;0.8700183608772258;0.8700183608772258;1.0;1.0;1.0;1.0;1.0;1.0";0.89017628550821;0.8866177629266939;-0.8866072765516952;permutation
