Case ID;Actual;Prefix Length;Prediction;Prediction Probability;SHAP Subset Stability;SHAP Weight Stability;SHAP Adjusted Weight Stability;LIME Subset Stability;LIME Weight Stability;LIME Adjusted Weight Stability;ACV Subset Stability;ACV Weight Stability;ACV Adjusted Weight Stability;MAPE Correctness;RMSE Correctness;R2 Correctness;Mode
FZ_14;1;14;1;0.99999915120939;1.0;1.0;1.0;0.059213409290096115;0.9934108840709158;0.9934108840709158;;1.0;1.0;0.7152733018679526;0.7183558627531733;-0.7183558627531733;permutation
JW_14;1;14;1;0.9923511786466164;1.0;1.0;1.0;-0.008366358432408738;0.9931850065771574;0.9931850065771574;;1.0;1.0;0.7209498186098994;0.7209114406152434;-0.7209114406152434;permutation
ND_14;0;14;0;0.9977663454344006;1.0;1.0;1.0;-0.005709266578831862;0.9887002580033422;0.9887002580033422;1.0;1.0;1.0;0.7306978292525181;0.732655106979973;-0.732651597280129;permutation
QCA_14;0;14;1;0.9471421573782579;1.0;1.0;1.0;-0.003505696757230892;0.9951648841794014;0.9951648841794014;;1.0;1.0;0.7282189601315024;0.729085953476967;-0.7290824608747415;permutation
SCA_14;1;14;1;0.9973266882637104;1.0;1.0;1.0;-0.003505696757230892;0.990585890581544;0.990585890581544;;1.0;1.0;0.7078121369063597;0.7159517795085992;-0.7159449199917722;permutation
SK_14;1;14;1;0.9999950513241228;1.0;1.0;1.0;-0.003505696757230892;0.9858565588209892;0.9858565588209892;;1.0;1.0;0.7114648979234807;0.7145475394995965;-0.7145475394995965;permutation
VU_14;0;14;0;0.9890330701658456;1.0;1.0;1.0;-0.005709266578832084;0.9929528762802916;0.9929528762802916;1.0;1.0;1.0;0.7340715762801219;0.7322294413612123;;permutation
XJA_14;0;14;0;0.5351534299315935;1.0;1.0;1.0;0.03661837869476137;0.9929180123356636;0.9929180123356636;1.0;1.0;1.0;0.8687776922253959;0.8537144014822279;-0.8537144014822279;permutation
