Case ID;Actual;Prefix Length;Prediction;Prediction Probability;SHAP Subset Stability;SHAP Weight Stability;SHAP Adjusted Weight Stability;LIME Subset Stability;LIME Weight Stability;LIME Adjusted Weight Stability;ACV Subset Stability;ACV Weight Stability;ACV Adjusted Weight Stability;LINDA Subset Stability;LINDA Weight Stability;LINDA Adjusted Weight Stability;MAPE Correctness;RMSE Correctness;R2 Correctness;Mode
AAA_4;1;4;1;0.9653577159434592;1.0;1.0;1.0;0.6559282031749487;0.9390397505653936;0.9390397505653936;;1.0;1.0;;1.0;1.0;0.4995017522412749;0.5190564843784492;-0.5190564843784492;permutation
CQ_4;0;4;0;0.99999997248075;1.0;1.0;1.0;0.6525261360323212;0.7884955466180388;0.7884955466180388;1.0;1.0;1.0;1.0;1.0;1.0;0.7046011547491482;0.7122927487775005;-0.7122927487775005;permutation
JJA_4;0;4;0;0.9999114362618452;1.0;1.0;1.0;0.6974346923314347;0.9424112626934648;0.9424112626934648;1.0;1.0;1.0;1.0;1.0;1.0;0.6696669301828955;0.6885917122227835;-0.4450395359318338;permutation
RU_4;0;4;1;1.0;1.0;1.0;1.0;0.6712224966322407;0.9277611835607352;0.9277611835607352;;1.0;1.0;;1.0;1.0;0.142684548591088;0.142684548591088;-0.14319565905849732;permutation
SCA_4;1;4;1;0.9637495304532122;1.0;1.0;1.0;0.633407372769075;0.94311845540655;0.94311845540655;;1.0;1.0;;1.0;1.0;0.5082655747855646;0.5371934559036792;-0.5371934559036792;permutation
VN_4;0;4;0;0.9999999999998948;1.0;1.0;1.0;0.606122562907345;0.8932109316458571;0.8932109316458571;1.0;1.0;1.0;1.0;1.0;1.0;0.7069757862043891;0.7283088913031034;-0.7283088913031034;permutation
XM_4;1;4;1;0.9999058381699214;1.0;1.0;1.0;0.7604947526236882;0.9373602751075496;0.9373602751075496;;1.0;1.0;;1.0;1.0;0.48926163354779406;0.5085587111514247;-0.5085587111514247;permutation
ZEA_4;1;4;1;0.9994682611815008;1.0;1.0;1.0;0.5774283790499704;0.7251872123517884;0.7251872123517884;;1.0;1.0;;1.0;1.0;0.46386856681732375;0.4965046011865854;-0.49649347864710247;permutation
