"Case ID;Actual;Prefix Length;Prediction;Prediction Probability;SHAP Subset Stability;SHAP Weight Stability;SHAP Adjusted Weight Stability;LIME Subset Stability;LIME Weight Stability;LIME Adjusted Weight Stability;ACV Subset Stability;ACV Weight Stability;ACV Adjusted Weight Stability";MAPE Correctness;RMSE Correctness;R2 Correctness;Mode
"GT_9;1;9;1;0.9999999265923992;1.0;1.0;1.0;0.474192087280175;0.8239275517842659;0.8239275517842659;;1.0;1.0";0.43222663777310055;0.44200276068454186;-0.44200276068454186;permutation
"IQ_9;1;9;1;0.9999995330766298;1.0;1.0;1.0;0.3170064395582396;0.9226317851710308;0.9226317851710308;;1.0;1.0";0.46684471745383366;0.4787378349356682;-0.4787180846829729;permutation
"LU_9;1;9;1;0.9999999994418296;1.0;1.0;1.0;0.3062641723356008;-6.140594904707272;-6.140594904707272;;1.0;1.0";0.4499404438859253;0.46566014049394466;-0.46566014049394466;permutation
"MU_9;0;9;0;1.0;1.0;1.0;1.0;0.4025378632828489;0.9410519676633524;0.9410519676633524;1.0;1.0;1.0";0.43329410040349553;0.4426854246184615;-0.31504999377848;permutation
"OU_9;1;9;0;1.0;1.0;1.0;1.0;0.5680310629348002;0.9377424678728336;0.9377424678728336;1.0;1.0;1.0";;;;permutation
"QBA_9;0;9;0;0.947908751966033;1.0;1.0;1.0;0.6276039331719417;0.9290937667571108;0.9290937667571108;1.0;1.0;1.0";0.48326607674440086;0.49653377789185865;-0.49653377789185865;permutation
"SBA_9;0;9;1;0.9999999654431838;1.0;1.0;1.0;0.4272025171624714;0.9455442050181516;0.9455442050181516;;1.0;1.0";0.43592316976532913;0.44685991022756866;-0.3702466759533184;permutation
"TW_9;0;9;0;0.9985060167649672;1.0;1.0;1.0;0.4937428896473265;0.8944023276503396;0.8944023276503396;1.0;1.0;1.0";0.5145843690631506;0.5260988675415647;-0.526094683037486;permutation
