Case ID;Actual;Prefix Length;Prediction;Prediction Probability;SHAP Subset Stability;SHAP Weight Stability;SHAP Adjusted Weight Stability;LIME Subset Stability;LIME Weight Stability;LIME Adjusted Weight Stability;ACV Subset Stability;ACV Weight Stability;ACV Adjusted Weight Stability;MAPE Correctness;RMSE Correctness;R2 Correctness;Mode
CBA_11;0;11;0;0.999999999992663;1.0;1.0;1.0;0.07103206072278234;0.9956149496633538;0.9956149496633538;1.0;1.0;1.0;0.6283135169101791;0.6324551744742781;-0.6324551744742781;permutation
EI_11;1;11;1;0.9999999969917021;1.0;1.0;1.0;-0.003917727717923647;0.9939771857160574;0.9939771857160574;;1.0;1.0;0.6459368748895749;0.6537989996338837;-0.6537989996338837;permutation
HH_11;0;11;0;0.9999997174607398;1.0;1.0;1.0;0.06824697573596261;0.9975782957736684;0.9975782957736684;1.0;1.0;1.0;0.6267953492962878;0.6430854562913768;-0.6430816207191963;permutation
KX_11;1;11;0;0.9999989343351221;1.0;1.0;1.0;0.2258600506023185;0.9942118026581394;0.9942118026581394;1.0;1.0;1.0;0.6393059566385738;0.6540740604475911;-0.6540662583868341;permutation
PMA_11;0;11;0;0.9981002506968916;1.0;1.0;1.0;-0.00490196078431393;0.9992295208389624;0.9992295208389624;1.0;1.0;1.0;0.6140196830707143;0.6247290256943981;-0.15567672732157567;permutation
SK_11;1;11;1;0.9994835687932588;1.0;1.0;1.0;0.0453431372549018;0.9976987266662812;0.9976987266662812;;1.0;1.0;0.6535800280311157;0.6705229252842807;-0.6705229252842807;permutation
WJA_11;0;11;1;0.8479476347602489;1.0;1.0;1.0;-0.0029354207436400603;0.9956693463656268;0.9956693463656268;;1.0;1.0;0.6652935623132503;0.6659865515488052;-0.6659865515488052;permutation
XJ_11;1;11;1;0.9993707556455556;1.0;1.0;1.0;-0.00490196078431393;0.995455967707747;0.995455967707747;;1.0;1.0;0.650800225137178;0.6671176295888356;-0.6671176295888356;permutation
