Case ID;Actual;Prefix Length;Prediction;Prediction Probability;SHAP Subset Stability;SHAP Weight Stability;SHAP Adjusted Weight Stability;LIME Subset Stability;LIME Weight Stability;LIME Adjusted Weight Stability;ACV Subset Stability;ACV Weight Stability;ACV Adjusted Weight Stability;LINDA Subset Stability;LINDA Weight Stability;LINDA Adjusted Weight Stability;MAPE Correctness;RMSE Correctness;R2 Correctness;Mode
BMA_8;0;8;0;0.9997451530910186;1.0;1.0;1.0;0.4956816779765577;0.8491865381639477;0.8491865381639477;1.0;1.0;1.0;1.0;1.0;1.0;0.6123653019733679;0.6379147222920194;-0.6379147222920194;permutation
FE_8;1;8;1;0.999999801979474;1.0;1.0;1.0;0.3329969510885901;0.8927586878321013;0.8927586878321013;;1.0;1.0;;1.0;1.0;0.6631135998208966;0.6783557393624872;-0.6783493749344987;permutation
GG_8;1;8;0;0.999251074237638;1.0;1.0;1.0;0.5244673889333236;0.8969706531855111;0.8969706531855111;1.0;1.0;1.0;1.0;1.0;1.0;0.5987151503967383;0.6240448180857806;-0.6240331080603893;permutation
KG_8;0;8;0;0.9999999814765296;1.0;1.0;1.0;0.3643505422760849;0.9507494386067212;0.9507494386067212;1.0;1.0;1.0;;1.0;1.0;0.6472249689075974;0.6727191184108633;-0.6727128067480033;permutation
MC_8;1;8;1;0.9991305489821964;1.0;1.0;1.0;0.5266175108091413;0.9408823046930062;0.9408823046930062;;1.0;1.0;;1.0;1.0;0.6413260673341191;0.652812064394257;-0.652812064394257;permutation
OGA_8;0;8;0;0.5906047771096619;1.0;1.0;1.0;0.4142457008858782;0.8815058843123217;0.8815058843123217;1.0;1.0;1.0;1.0;1.0;1.0;0.7384203059421294;0.7670034321124557;;permutation
VG_8;1;8;1;0.9999999930358454;1.0;1.0;1.0;0.3688233477455217;0.9520222341307896;0.9520222341307896;;1.0;1.0;;1.0;1.0;0.665609031697339;0.6853653553263179;-0.6853653553263179;permutation
YX_8;0;8;0;0.9989582422246288;1.0;1.0;1.0;0.3746713199789645;0.9462289962553287;0.9462289962553287;1.0;1.0;1.0;1.0;1.0;1.0;0.6209859244485679;0.6400906507603424;-0.6400906507603424;permutation
