"Case ID;Actual;Prefix Length;Prediction;Prediction Probability;SHAP Subset Stability;SHAP Weight Stability;SHAP Adjusted Weight Stability;LIME Subset Stability;LIME Weight Stability;LIME Adjusted Weight Stability;ACV Subset Stability;ACV Weight Stability;ACV Adjusted Weight Stability;LINDA Subset Stability;LINDA Weight Stability;LINDA Adjusted Weight Stability";MAPE Correctness;RMSE Correctness;R2 Correctness;Mode
"BCA_3;0;3;0;0.9975509178844166;1.0;1.0;1.0;0.7439427312775331;-4.01290249581986;-4.01290249581986;1.0;1.0;1.0;1.0;1.0;1.0";0.7400471578614861;0.7482190308391717;-0.7482190308391717;permutation
"DW_3;0;3;0;0.9999999998895192;1.0;1.0;1.0;0.8058184855233853;0.9573147845086614;0.9573147845086614;1.0;1.0;1.0;1.0;1.0;1.0";0.7517035144463634;0.7581709254420963;-0.7581709254420963;permutation
"GF_3;1;3;1;0.8750430675824589;1.0;1.0;1.0;0.8158853341780171;0.8886557327311017;0.8886557327311017;;1.0;1.0;;1.0;1.0";0.5868524944273871;0.6287831848815931;-0.6287647279010392;permutation
"GL_3;1;3;1;0.8615365757340989;1.0;1.0;1.0;0.7256313429313193;0.9412244425582792;0.9412244425582792;;1.0;1.0;;1.0;1.0";0.5855113640965781;0.6273435842685299;-0.627325167382878;permutation
"HB_3;0;3;0;0.987504872199247;1.0;1.0;1.0;0.7588888888888891;0.8797065201378734;0.8797065201378734;1.0;1.0;1.0;1.0;1.0;1.0";0.730678494714834;0.7404822960503223;-0.7404605590349782;permutation
"HS_3;1;3;1;0.8820725327344988;1.0;1.0;1.0;0.7244444444444444;0.8934089202373027;0.8934089202373027;;1.0;1.0;;1.0;1.0";0.6021069555138808;0.635260841366721;;permutation
"IH_3;1;3;1;0.999999999664652;1.0;1.0;1.0;0.8931525735294117;0.8951853688325376;0.8951853688325376;;1.0;1.0;;1.0;1.0";0.6183481926660453;0.6358483363053091;-0.6358483363053091;permutation
"ULA_3;0;3;0;0.8676347488696573;1.0;1.0;1.0;0.7686478625282254;0.8593806043379567;0.8593806043379567;1.0;1.0;1.0;1.0;1.0;1.0";0.692190417556878;0.7140619412419782;-0.7140409810323533;permutation
