Case ID;Actual;Prefix Length;Prediction;Prediction Probability;SHAP Subset Stability;SHAP Weight Stability;SHAP Adjusted Weight Stability;LIME Subset Stability;LIME Weight Stability;LIME Adjusted Weight Stability;ACV Subset Stability;ACV Weight Stability;ACV Adjusted Weight Stability;LINDA Subset Stability;LINDA Weight Stability;LINDA Adjusted Weight Stability;LIME Precision;LIME Recall;LIME Correlation;SHAP Precision;SHAP Recall;SHAP Correlation
AAA_4;1;4;1;0.9653577159434592;1.0;1.0;1.0;0.6559282031749487;0.9390397505653936;0.9390397505653936;;1.0;1.0;;1.0;1.0;0.5;1.0;0.7001511654551908;0.0;0.0;0.29106294763508306
CQ_4;0;4;0;0.99999997248075;1.0;1.0;1.0;0.6525261360323212;0.7884955466180388;0.7884955466180388;1.0;1.0;1.0;1.0;1.0;1.0;0.5;1.0;0.7191492516034694;0.0;0.0;0.2744256418100734
JJA_4;0;4;0;0.9999114362618452;1.0;1.0;1.0;0.6974346923314347;0.9424112626934648;0.9424112626934648;1.0;1.0;1.0;1.0;1.0;1.0;0.5;1.0;0.7106359582823067;0.0;0.0;0.26793027161812305
RU_4;0;4;1;1.0;1.0;1.0;1.0;0.6712224966322407;0.9277611835607352;0.9277611835607352;;1.0;1.0;;1.0;1.0;0.0;0.0;0.6893079181724469;0.0;0.0;0.1516165753400752
SCA_4;1;4;1;0.9637495304532122;1.0;1.0;1.0;0.633407372769075;0.94311845540655;0.94311845540655;;1.0;1.0;;1.0;1.0;0.0;0.0;0.7161023887306323;0.0;0.0;0.2844668833892832
VN_4;0;4;0;0.9999999999998948;1.0;1.0;1.0;0.606122562907345;0.8932109316458571;0.8932109316458571;1.0;1.0;1.0;1.0;1.0;1.0;0.5;1.0;0.6814219201486331;0.0;0.0;0.3311201700081985
XM_4;1;4;1;0.9999058381699214;1.0;1.0;1.0;0.7604947526236882;0.9373602751075496;0.9373602751075496;;1.0;1.0;;1.0;1.0;0.5;1.0;0.6884117820333772;0.0;0.0;0.31679688842503456
ZEA_4;1;4;1;0.9994682611815008;1.0;1.0;1.0;0.5774283790499704;0.7251872123517884;0.7251872123517884;;1.0;1.0;;1.0;1.0;0.5;1.0;0.7035564827836559;0.0;0.0;0.30156090904037014
