Case ID;Actual;Prefix Length;Prediction;Prediction Probability;SHAP Subset Stability;SHAP Weight Stability;SHAP Adjusted Weight Stability;LIME Subset Stability;LIME Weight Stability;LIME Adjusted Weight Stability;ACV Subset Stability;ACV Weight Stability;ACV Adjusted Weight Stability;LINDA Subset Stability;LINDA Weight Stability;LINDA Adjusted Weight Stability;LIME Precision;LIME Recall;LIME Correlation;SHAP Precision;SHAP Recall;SHAP Correlation
BF;1;1;1;0.7083900425536246;1.0;1.0;1.0;0.8022684692895843;0.9600048299507128;0.9600048299507128;;1.0;1.0;;1.0;1.0;0.0;0.0;0.8259692043468438;0.0;0.0;0.27119830642436077
G;0;1;0;0.6933101791227352;1.0;1.0;1.0;0.8716918999236978;0.9477160741199464;0.9477160741199464;1.0;1.0;1.0;1.0;1.0;1.0;0.0;0.0;0.8161787310023202;0.0;0.0;0.2811149376608636
JAA;0;1;0;0.9448564264263004;1.0;1.0;1.0;0.7305109489051096;0.9591329008609816;0.9591329008609816;1.0;1.0;1.0;1.0;1.0;1.0;0.0;0.0;0.8371874550541105;0.0;0.0;0.2448976757536358
JO;1;1;1;0.7499733326509224;1.0;1.0;1.0;0.8643433069662578;0.9507534137489996;0.9507534137489996;;1.0;1.0;;1.0;1.0;0.0;0.0;0.8192382539224838;0.0;0.0;0.2731385168836765
LKA;1;1;0;0.7066444685405964;1.0;1.0;1.0;0.8410993241126181;0.9295154673643832;0.9295154673643832;1.0;1.0;1.0;1.0;1.0;1.0;0.0;0.0;0.8276009499042645;0.0;0.0;0.27723451674223204
RI;1;1;0;0.8116804972973212;1.0;1.0;1.0;0.8650767257351893;0.9680225734368332;0.9680225734368332;1.0;1.0;1.0;1.0;1.0;1.0;0.0;0.0;0.8318842819924935;0.0;0.0;0.2649465171665655
SQ;0;1;0;0.7072678596052641;1.0;1.0;1.0;0.7218283582089552;0.9114365966722192;0.9114365966722192;1.0;1.0;1.0;1.0;1.0;1.0;0.0;0.0;0.8255612679574887;0.0;0.0;0.21989051872245466
ZJA;0;1;0;0.9577354278275892;1.0;1.0;1.0;0.7955069124423964;0.940505614842152;0.940505614842152;1.0;1.0;1.0;1.0;1.0;1.0;0.0;0.0;0.8204620630905494;0.0;0.0;0.22161515024184647
