Case ID;Actual;Prefix Length;Prediction;Prediction Probability;SHAP Subset Stability;SHAP Weight Stability;SHAP Adjusted Weight Stability;LIME Subset Stability;LIME Weight Stability;LIME Adjusted Weight Stability;ACV Subset Stability;ACV Weight Stability;ACV Adjusted Weight Stability;LINDA Subset Stability;LINDA Weight Stability;LINDA Adjusted Weight Stability;LIME Precision;LIME Recall;LIME Correlation;SHAP Precision;SHAP Recall;SHAP Correlation
CW_6;0;6;1;0.9847169135860034;1.0;1.0;1.0;0.7017932911280647;0.8887367637875446;0.8887367637875446;;1.0;1.0;;1.0;1.0;0.5;1.0;0.6074046646410128;0.0;0.0;0.27504736460009743
FE_6;1;6;1;0.9933553434014716;1.0;1.0;1.0;0.7220868749210474;0.7079722085657145;0.7079722085657145;;1.0;1.0;;1.0;1.0;0.5;1.0;0.6369902984662281;0.0;0.0;0.291745920736193
GJA_6;1;6;1;0.9622799662348294;1.0;1.0;1.0;0.7067951700180786;0.943403247204802;0.943403247204802;;1.0;1.0;;1.0;1.0;1.0;1.0;0.6602527281993876;0.0;0.0;0.32125268838886367
MZ_6;1;6;1;0.8045275453782428;1.0;1.0;1.0;0.7016274864376131;0.9060150433343694;0.9060150433343694;;1.0;1.0;;1.0;1.0;0.5;1.0;0.6092030070892123;0.0;0.0;0.33078902125326676
ND_6;0;6;1;0.8136346280049414;1.0;1.0;1.0;0.7843090263404431;0.1652606921369237;0.1652606921369237;;1.0;1.0;;1.0;1.0;0.5;1.0;0.6845593567734369;0.0;0.0;0.2919853265589327
QC_6;0;6;1;0.9999992123614152;1.0;1.0;1.0;0.7557050982166267;0.9020563733129324;0.9020563733129324;;1.0;1.0;;1.0;1.0;1.0;1.0;0.636932287419512;0.0;0.0;0.3184995214273568
WC_6;1;6;1;0.9999999999999958;1.0;1.0;1.0;0.7628446662507797;0.8740327902402236;0.8740327902402236;;1.0;1.0;;1.0;1.0;1.0;1.0;0.6597886398256587;0.0;0.0;0.22614872530550933
WQ_6;0;6;1;0.9608551960518078;1.0;1.0;1.0;0.7305279679306012;0.9194647482504263;0.9194647482504263;;1.0;1.0;;1.0;1.0;1.0;1.0;0.6403549391757624;0.0;0.0;0.33184639604509636
