Case ID;Actual;Prefix Length;Prediction;Prediction Probability;SHAP Subset Stability;SHAP Weight Stability;SHAP Adjusted Weight Stability;LIME Subset Stability;LIME Weight Stability;LIME Adjusted Weight Stability;ACV Subset Stability;ACV Weight Stability;ACV Adjusted Weight Stability;LIME Precision;LIME Recall;LIME Correlation;SHAP Precision;SHAP Recall;SHAP Correlation
FZ_14;1;14;1;0.99999915120939;1.0;1.0;1.0;0.0592134092900961;0.9934108840709158;0.9934108840709158;;1.0;1.0;1.0;1.0;0.5693747185436274;0.0;0.0;0.3770028757122672
JW_14;1;14;1;0.9923511786466164;1.0;1.0;1.0;-0.0083663584324087;0.9931850065771574;0.9931850065771574;;1.0;1.0;1.0;1.0;0.5428137357459609;0.0;0.0;0.3840847514320074
ND_14;0;14;0;0.9977663454344006;1.0;1.0;1.0;-0.0057092665788318;0.9887002580033422;0.9887002580033422;1.0;1.0;1.0;1.0;1.0;0.5536795923450063;0.0;0.0;0.35450763666969803
QCA_14;0;14;1;0.947142157378258;1.0;1.0;1.0;-0.0035056967572308;0.9951648841794014;0.9951648841794014;;1.0;1.0;1.0;1.0;0.5565349938145967;0.0;0.0;0.4021980104844197
SCA_14;1;14;1;0.9973266882637104;1.0;1.0;1.0;-0.0035056967572308;0.990585890581544;0.990585890581544;;1.0;1.0;1.0;1.0;0.591834654935305;0.0;0.0;0.3765029767547524
SK_14;1;14;1;0.9999950513241228;1.0;1.0;1.0;-0.0035056967572308;0.9858565588209892;0.9858565588209892;;1.0;1.0;1.0;1.0;0.5608276779031085;0.0;0.0;0.3643177576648205
VU_14;0;14;0;0.9890330701658456;1.0;1.0;1.0;-0.005709266578832;0.9929528762802916;0.9929528762802916;1.0;1.0;1.0;1.0;1.0;0.5767910968572616;0.0;0.0;0.36552401122147954
XJA_14;0;14;0;0.5351534299315935;1.0;1.0;1.0;0.0366183786947613;0.9929180123356636;0.9929180123356636;1.0;1.0;1.0;1.0;1.0;0.5422388226983925;0.0;0.0;0.373012904186223
