Case ID;Actual;Prefix Length;Prediction;Prediction Probability;SHAP Subset Stability;SHAP Weight Stability;SHAP Adjusted Weight Stability;LIME Subset Stability;LIME Weight Stability;LIME Adjusted Weight Stability;ACV Subset Stability;ACV Weight Stability;ACV Adjusted Weight Stability;LIME Precision;LIME Recall;LIME Correlation;SHAP Precision;SHAP Recall;SHAP Correlation
BV_12;0;12;0;0.9999999475323406;1.0;1.0;1.0;0.6283321941216677;0.9208325999271452;0.9208325999271452;1.0;1.0;1.0;0.5;0.5;0.5294859020640454;0.0;0.0;0.3788925598879055
HIA_12;0;12;0;0.9999999999721256;1.0;1.0;1.0;0.8039329315407201;0.1709558044652619;0.1709558044652619;1.0;1.0;1.0;0.5;0.5;0.5514684568470031;0.0;0.0;0.37380704419132055
IBA_12;0;12;1;1.0;1.0;1.0;1.0;0.7474454249883883;0.9369623945023132;0.9369623945023132;;1.0;1.0;0.5;0.5;0.5507449264862861;0.0;0.0;0.36458819446048996
II_12;1;12;1;0.9999887221463792;1.0;1.0;1.0;0.7595834991378168;0.9350237589567988;0.9350237589567988;;1.0;1.0;0.0;0.0;0.5232294924743169;0.0;0.0;0.3797798200732671
KKA_12;0;12;0;0.8071117365306413;1.0;1.0;1.0;0.7610706962210722;0.8520689817537088;0.8520689817537088;1.0;1.0;1.0;0.0;0.0;0.5386789937060955;0.0;0.0;0.38436760444635654
NIA_12;1;12;1;0.9999997999093514;1.0;1.0;1.0;0.7759233503322516;0.8629135882909511;0.8629135882909511;;1.0;1.0;0.0;0.0;0.5279324398189768;0.0;0.0;0.40782589812762504
PG_12;1;12;1;0.9996373496295065;1.0;1.0;1.0;0.4733554160855417;0.9403195129180756;0.9403195129180756;;1.0;1.0;0.5;0.5;0.5463186231030769;0.0;0.0;0.3636792937828024
TV_12;1;12;1;0.9991754908579334;1.0;1.0;1.0;0.783625149224035;0.9151452818747104;0.9151452818747104;;1.0;1.0;0.5;0.5;0.5189734315289234;0.0;0.0;0.3881142924618861
