Case ID;Actual;Prefix Length;Prediction;Prediction Probability;SHAP Subset Stability;SHAP Weight Stability;SHAP Adjusted Weight Stability;LIME Subset Stability;LIME Weight Stability;LIME Adjusted Weight Stability;ACV Subset Stability;ACV Weight Stability;ACV Adjusted Weight Stability;LINDA Subset Stability;LINDA Weight Stability;LINDA Adjusted Weight Stability;LIME Precision;LIME Recall;LIME Correlation
BMA_8;0;8;0;0.9997451530910186;1.0;1.0;1.0;0.4956816779765577;0.8491865381639477;0.8491865381639477;1.0;1.0;1.0;1.0;1.0;1.0;0.5;1.0;0.7196591145693315
FE_8;1;8;1;0.9999998019794741;1.0;1.0;1.0;0.3329969510885901;0.8927586878321013;0.8927586878321013;;1.0;1.0;;1.0;1.0;0.5;1.0;0.7520477245554374
GG_8;1;8;0;0.9992510742376379;1.0;1.0;1.0;0.5244673889333236;0.8969706531855111;0.8969706531855111;1.0;1.0;1.0;1.0;1.0;1.0;0.5;1.0;0.746593196741285
KG_8;0;8;0;0.9999999814765296;1.0;1.0;1.0;0.3643505422760849;0.9507494386067212;0.9507494386067212;1.0;1.0;1.0;;1.0;1.0;1.0;1.0;0.7551699715111249
MC_8;1;8;1;0.9991305489821964;1.0;1.0;1.0;0.5266175108091413;0.9408823046930062;0.9408823046930062;;1.0;1.0;;1.0;1.0;0.5;1.0;0.7420414873239576
OGA_8;0;8;0;0.5906047771096619;1.0;1.0;1.0;0.4142457008858782;0.8815058843123217;0.8815058843123217;1.0;1.0;1.0;1.0;1.0;1.0;0.5;1.0;0.7195086448365272
VG_8;1;8;1;0.9999999930358454;1.0;1.0;1.0;0.3688233477455217;0.9520222341307896;0.9520222341307896;;1.0;1.0;;1.0;1.0;0.5;1.0;0.7421919570567619
YX_8;0;8;0;0.9989582422246288;1.0;1.0;1.0;0.3746713199789645;0.9462289962553287;0.9462289962553287;1.0;1.0;1.0;1.0;1.0;1.0;0.5;1.0;0.7246998506182725
