Case ID;Actual;Prefix Length;Prediction;Prediction Probability;SHAP Subset Stability;SHAP Weight Stability;SHAP Adjusted Weight Stability;LIME Subset Stability;LIME Weight Stability;LIME Adjusted Weight Stability;ACV Subset Stability;ACV Weight Stability;ACV Adjusted Weight Stability;LIME Precision;LIME Recall;LIME Correlation;SHAP Precision;SHAP Recall;SHAP Correlation
GT_9;1;9;1;0.9999999265923992;1.0;1.0;1.0;0.474192087280175;0.8239275517842659;0.8239275517842659;;1.0;1.0;0.3333333333333333;0.5;0.5326948070131812;0.0;0.0;0.3353311982788832
IQ_9;1;9;1;0.9999995330766298;1.0;1.0;1.0;0.3170064395582396;0.9226317851710308;0.9226317851710308;;1.0;1.0;0.3333333333333333;0.5;0.5186698273180879;1.0;0.5;0.32985235794666395
LU_9;1;9;1;0.9999999994418296;1.0;1.0;1.0;0.3062641723356008;-6.140594904707272;-6.140594904707272;;1.0;1.0;0.5;1.0;0.5866003412154105;0.0;0.0;0.32826520563759665
MU_9;0;9;0;1.0;1.0;1.0;1.0;0.4025378632828489;0.9410519676633524;0.9410519676633524;1.0;1.0;1.0;0.5;0.5;0.5083021552532343;0.0;0.0;0.35252596236191064
OU_9;1;9;0;1.0;1.0;1.0;1.0;0.5680310629348002;0.9377424678728336;0.9377424678728336;1.0;1.0;1.0;0.5;1.0;0.527606379005891;0.0;0.0;0.3495783937879286
QBA_9;0;9;0;0.947908751966033;1.0;1.0;1.0;0.6276039331719417;0.9290937667571108;0.9290937667571108;1.0;1.0;1.0;0.6666666666666666;1.0;0.5760736557753291;0.0;0.0;0.35489049539378636
SBA_9;0;9;1;0.9999999654431838;1.0;1.0;1.0;0.4272025171624714;0.9455442050181516;0.9455442050181516;;1.0;1.0;0.5;0.5;0.5778546055778807;0.0;0.0;0.35138876483095177
TW_9;0;9;0;0.9985060167649672;1.0;1.0;1.0;0.4937428896473265;0.8944023276503396;0.8944023276503396;1.0;1.0;1.0;1.0;0.5;0.5886675150933721;0.0;0.0;0.3648992721999453
