Case ID;Actual;Prefix Length;Prediction;Prediction Probability;SHAP Subset Stability;SHAP Weight Stability;SHAP Adjusted Weight Stability;LIME Subset Stability;LIME Weight Stability;LIME Adjusted Weight Stability;ACV Subset Stability;ACV Weight Stability;ACV Adjusted Weight Stability;LIME Precision;LIME Recall;LIME Correlation
GT_9;1;9;1;0.9999999265923992;1.0;1.0;1.0;0.47419208728017503;0.8239275517842659;0.8239275517842659;;1.0;1.0;0.3333333333333333;0.5;0.5326948070131812
IQ_9;1;9;1;0.9999995330766298;1.0;1.0;1.0;0.3170064395582396;0.9226317851710308;0.9226317851710308;;1.0;1.0;0.3333333333333333;0.5;0.5186698273180879
LU_9;1;9;1;0.9999999994418296;1.0;1.0;1.0;0.3062641723356008;-6.140594904707272;-6.140594904707272;;1.0;1.0;0.5;1.0;0.5866003412154105
MU_9;0;9;0;1.0;1.0;1.0;1.0;0.4025378632828489;0.9410519676633524;0.9410519676633524;1.0;1.0;1.0;0.5;0.5;0.5083021552532343
OU_9;1;9;0;1.0;1.0;1.0;1.0;0.5680310629348002;0.9377424678728336;0.9377424678728336;1.0;1.0;1.0;0.5;1.0;0.527606379005891
QBA_9;0;9;0;0.947908751966033;1.0;1.0;1.0;0.6276039331719417;0.9290937667571108;0.9290937667571108;1.0;1.0;1.0;0.6666666666666666;1.0;0.5760736557753291
SBA_9;0;9;1;0.9999999654431838;1.0;1.0;1.0;0.4272025171624714;0.9455442050181516;0.9455442050181516;;1.0;1.0;0.5;0.5;0.5778546055778807
TW_9;0;9;0;0.9985060167649672;1.0;1.0;1.0;0.4937428896473265;0.8944023276503396;0.8944023276503396;1.0;1.0;1.0;1.0;0.5;0.5886675150933721
