Case ID;Actual;Prefix Length;Prediction;Prediction Probability;SHAP Subset Stability;SHAP Weight Stability;SHAP Adjusted Weight Stability;LIME Subset Stability;LIME Weight Stability;LIME Adjusted Weight Stability;ACV Subset Stability;ACV Weight Stability;ACV Adjusted Weight Stability;LIME Precision;LIME Recall;LIME Correlation;SHAP Precision;SHAP Recall;SHAP Correlation
AAA_10;1;10;1;0.9609499829395324;1.0;1.0;1.0;0.2052052052052056;0.9095839538668968;0.9095839538668968;;1.0;1.0;1.0;0.5;0.5367519177696712;0.0;0.0;0.39051648829087576
BBA_10;0;10;1;0.9989302208169252;1.0;1.0;1.0;-0.0816911144188727;0.9400062032119028;0.9400062032119028;;1.0;1.0;1.0;0.5;0.5038518169675779;0.0;0.0;0.42096658033113954
GT_10;1;10;1;0.9942368920611788;1.0;1.0;1.0;-0.1295629588312512;0.9595033237700564;0.9595033237700564;;1.0;1.0;1.0;0.5;0.531589606870982;0.0;0.0;0.3810970577991423
JH_10;1;10;1;0.999993321222781;1.0;1.0;1.0;-0.0375610270825352;0.9653225761423414;0.9653225761423414;;1.0;1.0;0.5;0.5;0.4892124278518922;0.0;0.0;0.3920746456459283
VB_10;0;10;1;0.9999961070578672;1.0;1.0;1.0;0.2401017995614421;0.9728230075410158;0.9728230075410158;;1.0;1.0;1.0;0.5;0.5340038219181302;0.0;0.0;0.3874529924741623
WZ_10;0;10;0;0.9999996028474414;1.0;1.0;1.0;0.0103574187205957;0.9575198482894692;0.9575198482894692;1.0;1.0;1.0;1.0;0.5;0.5495164377529971;0.0;0.0;0.40282329045112114
XM_10;1;10;1;0.9979475747526012;1.0;1.0;1.0;0.0145483138525223;0.9709762309461816;0.9709762309461816;;1.0;1.0;1.0;0.5;0.518696671193659;0.0;0.0;0.39270847236662765
ZJ_10;0;10;0;0.9999999591854674;1.0;1.0;1.0;0.2145694811185697;0.9091433404378904;0.9091433404378904;1.0;1.0;1.0;1.0;0.5;0.5385240543468331;0.0;0.0;0.4052085414436563
