Case ID;Actual;Prefix Length;Prediction;Prediction Probability;MAPE Correctness;RMSE Correctness;R2 Correctness;Mode
ADA_11;1;11;1;1.0;0.7012634122382533;0.7012634122382533;-0.7012634122382533;baseline_mean
BS_11;0;11;0;0.546875;;;;baseline_mean
EL_11;0;11;0;0.8333333333333334;1.0;1.0;-1.0;baseline_mean
LU_11;1;11;0;0.546875;;;;baseline_mean
MC_11;1;11;0;0.546875;;;;baseline_mean
SAA_11;0;11;1;1.0;0.7012634122382533;0.7012634122382533;-0.7012634122382533;baseline_mean
TN_11;0;11;1;0.875;0.39130536301292757;0.39130536301292757;-0.39130536301292757;baseline_mean
WT_11;1;11;0;0.546875;;;;baseline_mean
