Case ID;Actual;Prefix Length;Prediction;Prediction Probability;MAPE Correctness;RMSE Correctness;R2 Correctness;Mode
BH_6;0;6;0;0.6590909090909091;0.7605884159839176;0.7605884159839176;-0.7665697607519343;baseline_mean
CC_6;1;6;1;0.5396825396825397;0.7451496084471019;0.7451496084471019;-0.7480546861640955;baseline_mean
FN_6;0;6;1;0.8888888888888888;0.697996898650724;0.697996898650724;-0.697996898650724;baseline_mean
JHA_6;0;6;0;0.8888888888888888;1.0;1.0;-1.0;baseline_mean
OX_6;1;6;1;0.5396825396825397;0.7451496084471019;0.7451496084471019;-0.7480546861640955;baseline_mean
QIA_6;1;6;1;0.5396825396825397;0.7451496084471019;0.7451496084471019;-0.7480546861640955;baseline_mean
RC_6;1;6;1;0.6666666666666666;;;;baseline_mean
VD_6;0;6;1;0.6666666666666666;;;;baseline_mean
