Case ID;Actual;Prefix Length;Prediction;Prediction Probability;MAPE Correctness;RMSE Correctness;R2 Correctness;Mode
DCA_5;0;5;1;0.52;0.7773481790545945;0.7773481790545945;-0.7773481790545945;baseline_min
LH_5;0;5;0;0.6666666666666666;0.4108636169576262;0.4108636169576262;-0.4108636169576262;baseline_min
LQ_5;1;5;1;0.52;0.7773481790545945;0.7773481790545945;-0.7773481790545945;baseline_min
SJA_5;1;5;0;0.5454545454545454;0.7175334608041385;0.7175334608041385;-0.7175334608041385;baseline_min
UU_5;0;5;0;0.6875;;;;baseline_min
WI_5;0;5;0;0.6875;;;;baseline_min
XM_5;1;5;1;0.7037037037037037;0.6637591378978736;0.6637591378978736;-0.6637591378978736;baseline_min
ZEA_5;1;5;0;0.5454545454545454;0.7162589786357474;0.7162589786357474;-0.7162589786357474;baseline_min
