Case ID;Actual;Prefix Length;Prediction;Prediction Probability;MAPE Correctness;RMSE Correctness;R2 Correctness;Mode
BF_2;1;2;1;0.5686274509803921;;;;baseline_mean
CM_2;0;2;1;0.5686274509803921;;;;baseline_mean
DZ_2;0;2;1;0.5686274509803921;;;;baseline_mean
FY_2;1;2;1;0.5686274509803921;;;;baseline_mean
IG_2;0;2;0;0.6470588235294118;0.9999999999999999;0.9999999999999999;-0.9999999999999999;baseline_mean
PLA_2;1;2;1;0.5686274509803921;;;;baseline_mean
QCA_2;0;2;0;0.5208333333333334;0.5663999049528446;0.5663999049528446;-0.5663999049528446;baseline_mean
YGA_2;1;2;0;0.5208333333333334;0.5663999049528446;0.5663999049528446;-0.5663999049528446;baseline_mean
