Case ID;Actual;Prefix Length;Prediction;Prediction Probability;MAPE Correctness;RMSE Correctness;R2 Correctness;Mode
DCA_5;0;5;1;0.52;0.5953525176106599;0.5953525176106599;-0.5953525176106599;baseline_max
LH_5;0;5;0;0.6666666666666666;0.8966913613333376;0.8966913613333376;-0.8966913613333376;baseline_max
LQ_5;1;5;1;0.52;0.5953525176106599;0.5953525176106599;-0.5953525176106599;baseline_max
SJA_5;1;5;0;0.5454545454545454;0.6470257142533893;0.6470257142533893;-0.6470257142533893;baseline_max
UU_5;0;5;0;0.6875;1.0;1.0;-1.0;baseline_max
WI_5;0;5;0;0.6875;1.0;1.0;-1.0;baseline_max
XM_5;1;5;1;0.7037037037037037;0.7060631212886194;0.7060631212886194;-0.7060631212886194;baseline_max
ZEA_5;1;5;0;0.5454545454545454;0.6470257142533893;0.6470257142533893;-0.6470257142533893;baseline_max
