Case ID;Actual;Prefix Length;Prediction;Prediction Probability;MAPE Correctness;RMSE Correctness;R2 Correctness;Mode
A_10;0;10;0;0.5211267605633803;0.5731783168275026;0.5731783168275026;-0.5731783168275026;baseline_max
CC_10;1;10;1;0.7301587301587301;0.809602747676214;0.809602747676214;-0.809602747676214;baseline_max
FE_10;1;10;0;0.7567567567567568;1.0;1.0;-1.0;baseline_max
FU_10;0;10;0;0.7567567567567568;1.0;1.0;-1.0;baseline_max
JQ_10;0;10;1;0.7301587301587301;0.809602747676214;0.809602747676214;-0.809602747676214;baseline_max
QB_10;1;10;0;0.5211267605633803;0.5731783168275026;0.5731783168275026;-0.5731783168275026;baseline_max
XCA_10;1;10;1;0.7301587301587301;0.809602747676214;0.809602747676214;-0.809602747676214;baseline_max
ZZ_10;0;10;0;0.5211267605633803;0.5731783168275026;0.5731783168275026;-0.5731783168275026;baseline_max
