Case ID;Actual;Prefix Length;Prediction;Prediction Probability;MAPE Correctness;RMSE Correctness;R2 Correctness;Mode
DCA_5;0;5;1;0.52;0.3531148810660848;0.3531148810660848;-0.3531148810660848;baseline_mean
LH_5;0;5;0;0.6666666666666666;;;;baseline_mean
LQ_5;1;5;1;0.52;0.3531148810660848;0.3531148810660848;-0.3531148810660848;baseline_mean
SJA_5;1;5;0;0.5454545454545454;0.5738455444805578;0.5738455444805578;-0.5738455444805578;baseline_mean
UU_5;0;5;0;0.6875;1.0;1.0;-1.0;baseline_mean
WI_5;0;5;0;0.6875;1.0;1.0;-1.0;baseline_mean
XM_5;1;5;1;0.7037037037037037;0.5020486462163021;0.5020486462163021;-0.5020486462163021;baseline_mean
ZEA_5;1;5;0;0.5454545454545454;0.5727003926578413;0.5727003926578413;-0.5727003926578413;baseline_mean
