Case ID;Actual;Prefix Length;Prediction;Prediction Probability;MAPE Correctness;RMSE Correctness;R2 Correctness;Mode
GL_9;1;9;0;0.5818181818181818;0.9209817692825406;0.9209817692825406;-0.9209817692825406;baseline_max
I_9;0;9;0;0.5818181818181818;0.9209817692825406;0.9209817692825406;-0.9209817692825406;baseline_max
KG_9;0;9;0;0.875;0.8174634215043693;0.8174634215043693;-0.8164965809277259;baseline_max
KHA_9;0;9;0;0.5818181818181818;0.9209817692825406;0.9209817692825406;-0.9209817692825406;baseline_max
NM_9;0;9;1;0.6111111111111112;0.8394481491803563;0.8394481491803563;-0.8394481491803563;baseline_max
PGA_9;1;9;1;0.6111111111111112;0.8394481491803563;0.8394481491803563;-0.8394481491803563;baseline_max
QIA_9;1;9;1;0.6111111111111112;0.8394481491803563;0.8394481491803563;-0.8394481491803563;baseline_max
WC_9;1;9;1;1.0;0.7842925583101713;0.7842925583101713;-0.7880686693666261;baseline_max
