Case ID;Actual;Prefix Length;Prediction;Prediction Probability;MAPE Correctness;RMSE Correctness;R2 Correctness;Mode
EDA_3;1;3;1;0.875;;;;baseline_0
GB_3;0;3;1;0.8571428571428571;0.5726584674385115;0.5726584674385115;-0.5726584674385115;baseline_0
OLA_3;1;3;0;0.5210084033613446;0.8087422696734292;0.8087422696734292;-0.8076216180915552;baseline_0
RLA_3;1;3;0;0.5210084033613446;0.8087422696734292;0.8087422696734292;-0.8076216180915552;baseline_0
TN_3;0;3;0;0.5210084033613446;0.8087422696734292;0.8087422696734292;-0.8076216180915552;baseline_0
VF_3;0;3;0;0.5210084033613446;0.8087422696734292;0.8087422696734292;-0.8076216180915552;baseline_0
YL_3;1;3;1;0.875;;;;baseline_0
YX_3;0;3;0;0.5210084033613446;0.8087422696734292;0.8087422696734292;-0.8076216180915552;baseline_0
