Case ID;Actual;Prefix Length;Prediction;Prediction Probability;MAPE Correctness;RMSE Correctness;R2 Correctness;Mode
BF_2;1;2;1;0.5686274509803921;0.8131737341647904;0.8131737341647904;-0.8131737341647904;baseline_min
CM_2;0;2;1;0.5686274509803921;0.8131737341647904;0.8131737341647904;-0.8131737341647904;baseline_min
DZ_2;0;2;1;0.5686274509803921;0.8131737341647904;0.8131737341647904;-0.8131737341647904;baseline_min
FY_2;1;2;1;0.5686274509803921;0.8131737341647904;0.8131737341647904;-0.8131737341647904;baseline_min
IG_2;0;2;0;0.6470588235294118;;;;baseline_min
PLA_2;1;2;1;0.5686274509803921;0.8131737341647904;0.8131737341647904;-0.8131737341647904;baseline_min
QCA_2;0;2;0;0.5208333333333334;0.9963768115942029;0.9963768115942029;-0.9963768115942029;baseline_min
YGA_2;1;2;0;0.5208333333333334;0.9963768115942029;0.9963768115942029;-0.9963768115942029;baseline_min
