Case ID;Actual;Prefix Length;Prediction;Prediction Probability;MAPE Correctness;RMSE Correctness;R2 Correctness;Mode
GL_9;1;9;0;0.5818181818181818;0.29649527352110994;0.29649527352110994;-0.29649527352110994;baseline_0
I_9;0;9;0;0.5818181818181818;0.29649527352110994;0.29649527352110994;-0.29649527352110994;baseline_0
KG_9;0;9;0;0.875;0.5677975960741678;0.5677975960741678;-0.5677975960741678;baseline_0
KHA_9;0;9;0;0.5818181818181818;0.29649527352110994;0.29649527352110994;-0.29649527352110994;baseline_0
NM_9;0;9;1;0.6111111111111112;0.49227083972921154;0.49227083972921154;-0.49227083972921154;baseline_0
PGA_9;1;9;1;0.6111111111111112;0.4918265362739898;0.4918265362739898;-0.4918265362739898;baseline_0
QIA_9;1;9;1;0.6111111111111112;0.49227083972921154;0.49227083972921154;-0.49227083972921154;baseline_0
WC_9;1;9;1;1.0;0.40655676938345886;0.40655676938345886;-0.408058332517078;baseline_0
