Case ID;Actual;Prefix Length;Prediction;Prediction Probability;MAPE Correctness;RMSE Correctness;R2 Correctness;Mode
EDA_3;1;3;1;0.875;1.0;1.0;-0.998644067172949;baseline_max
GB_3;0;3;1;0.8571428571428571;0.8131737341647904;0.8131737341647904;-0.8120590995096407;baseline_max
OLA_3;1;3;0;0.5210084033613446;0.5789170299241783;0.5789170299241783;-0.5789170299241783;baseline_max
RLA_3;1;3;0;0.5210084033613446;0.5789170299241783;0.5789170299241783;-0.5789170299241783;baseline_max
TN_3;0;3;0;0.5210084033613446;0.5789170299241783;0.5789170299241783;-0.5789170299241783;baseline_max
VF_3;0;3;0;0.5210084033613446;0.5789170299241783;0.5789170299241783;-0.5789170299241783;baseline_max
YL_3;1;3;1;0.875;1.0;1.0;-0.998644067172949;baseline_max
YX_3;0;3;0;0.5210084033613446;0.5789170299241783;0.5789170299241783;-0.5789170299241783;baseline_max
