Case ID;Actual;Prefix Length;Prediction;Prediction Probability;MAPE Correctness;RMSE Correctness;R2 Correctness;Mode
EDA_3;1;3;1;0.875;0.7004095233001889;0.7004095233001889;-0.7004095233001889;baseline_mean
GB_3;0;3;1;0.8571428571428571;0.5663999049528446;0.5663999049528446;-0.5663999049528446;baseline_mean
OLA_3;1;3;0;0.5210084033613446;;;;baseline_mean
RLA_3;1;3;0;0.5210084033613446;;;;baseline_mean
TN_3;0;3;0;0.5210084033613446;;;;baseline_mean
VF_3;0;3;0;0.5210084033613446;;;;baseline_mean
YL_3;1;3;1;0.875;0.7004095233001889;0.7004095233001889;-0.7004095233001889;baseline_mean
YX_3;0;3;0;0.5210084033613446;;;;baseline_mean
