Case ID;Actual;Prefix Length;Prediction;Prediction Probability;MAPE Correctness;RMSE Correctness;R2 Correctness;Mode
ADA_11;1;11;1;1.0;;;;baseline_min
BS_11;0;11;0;0.546875;0.8100170043847652;0.8100170043847652;-0.8080391039364277;baseline_min
EL_11;0;11;0;0.8333333333333334;1.0;1.0;-1.0;baseline_min
LU_11;1;11;0;0.546875;0.8100170043847652;0.8100170043847652;-0.8080391039364277;baseline_min
MC_11;1;11;0;0.546875;0.8100170043847652;0.8100170043847652;-0.8080391039364277;baseline_min
SAA_11;0;11;1;1.0;;;;baseline_min
TN_11;0;11;1;0.875;0.8965508700094378;0.8965508700094378;-0.9008508988517113;baseline_min
WT_11;1;11;0;0.546875;0.8100170043847652;0.8100170043847652;-0.8080391039364277;baseline_min
