Case ID;Actual;Prefix Length;Prediction;Prediction Probability;MAPE Correctness;RMSE Correctness;R2 Correctness;Mode
AIA_8;1;8;1;0.5350877192982456;0.9969270475536217;0.9969270475536217;-0.9969270475536217;baseline_max
EQ_8;1;8;0;0.6;0.8635440279809014;0.8635440279809014;-0.8635440279809014;baseline_max
GN_8;1;8;1;0.75;0.7079706871668703;0.7079706871668703;-0.7079706871668703;baseline_max
KQ_8;0;8;1;0.5350877192982456;0.9969270475536217;0.9969270475536217;-0.9969270475536217;baseline_max
NM_8;0;8;1;0.5350877192982456;0.9969270475536217;0.9969270475536217;-0.9969270475536217;baseline_max
QP_8;0;8;1;0.5350877192982456;0.9969270475536217;0.9969270475536217;-0.9969270475536217;baseline_max
SM_8;1;8;1;0.5350877192982456;0.9969270475536217;0.9969270475536217;-0.9969270475536217;baseline_max
YZ_8;0;8;0;0.6;0.8635440279809014;0.8635440279809014;-0.8635440279809014;baseline_max
