Case ID;Actual;Prefix Length;Prediction;Prediction Probability;MAPE Correctness;RMSE Correctness;R2 Correctness;Mode
GL_9;1;9;0;0.5818181818181818;0.27922370418978315;0.27922370418978315;-0.27922370418978315;baseline_mean
I_9;0;9;0;0.5818181818181818;0.27922370418978315;0.27922370418978315;-0.27922370418978315;baseline_mean
KG_9;0;9;0;0.875;0.5677975960741678;0.5677975960741678;-0.5677975960741678;baseline_mean
KHA_9;0;9;0;0.5818181818181818;0.27922370418978315;0.27922370418978315;-0.27922370418978315;baseline_mean
NM_9;0;9;1;0.6111111111111112;;;;baseline_mean
PGA_9;1;9;1;0.6111111111111112;;;;baseline_mean
QIA_9;1;9;1;0.6111111111111112;;;;baseline_mean
WC_9;1;9;1;1.0;0.2763451093012287;0.2763451093012287;-0.2763451093012287;baseline_mean
