Case ID;Actual;Prefix Length;Prediction;Prediction Probability;MAPE Correctness;RMSE Correctness;R2 Correctness;Mode
EDA_3;1;3;1;0.875;;;;baseline_min
GB_3;0;3;1;0.8571428571428571;0.5726584674385115;0.5726584674385115;-0.5726584674385115;baseline_min
OLA_3;1;3;0;0.5210084033613446;0.8087422696734292;0.8087422696734292;-0.8076216180915552;baseline_min
RLA_3;1;3;0;0.5210084033613446;0.8087422696734292;0.8087422696734292;-0.8076216180915552;baseline_min
TN_3;0;3;0;0.5210084033613446;0.8087422696734292;0.8087422696734292;-0.8076216180915552;baseline_min
VF_3;0;3;0;0.5210084033613446;0.8087422696734292;0.8087422696734292;-0.8076216180915552;baseline_min
YL_3;1;3;1;0.875;;;;baseline_min
YX_3;0;3;0;0.5210084033613446;0.8087422696734292;0.8087422696734292;-0.8076216180915552;baseline_min
