Case ID;Actual;Prefix Length;Prediction;Prediction Probability;MAPE Correctness;RMSE Correctness;R2 Correctness;Mode
FX_13;1;13;0;0.5648148148148148;;;;baseline_0
GG_13;1;13;0;0.5648148148148148;;;;baseline_0
IM_13;0;13;0;0.5648148148148148;;;;baseline_0
KA_13;0;13;0;0.5648148148148148;;;;baseline_0
KX_13;1;13;0;0.5648148148148148;;;;baseline_0
LG_13;0;13;0;0.5648148148148148;;;;baseline_0
NP_13;0;13;1;0.7333333333333333;1.0;1.0;-1.0;baseline_0
VG_13;1;13;1;0.7333333333333333;1.0;1.0;-1.0;baseline_0
