Case ID;Actual;Prefix Length;Prediction;Prediction Probability;MAPE Correctness;RMSE Correctness;R2 Correctness;Mode
GJ_14;0;14;0;0.5;;;;baseline_0
JW_14;1;14;0;0.8;0.4871513870470244;0.4871513870470244;-0.4871513870470244;baseline_0
KN_14;0;14;0;0.5;;;;baseline_0
LG_14;0;14;0;0.5;;;;baseline_0
LKA_14;1;14;0;0.5;;;;baseline_0
TQ_14;1;14;0;0.5;;;;baseline_0
WE_14;0;14;0;0.8;0.4871513870470244;0.4871513870470244;-0.4871513870470244;baseline_0
WT_14;1;14;0;0.8;0.4871513870470244;0.4871513870470244;-0.4871513870470244;baseline_0
