Case ID;Actual;Prefix Length;Prediction;Prediction Probability;MAPE Correctness;RMSE Correctness;R2 Correctness;Mode
GJ_14;0;14;0;0.5;0.9926289926289926;0.9926289926289926;-0.996307679699897;baseline_max
JW_14;1;14;0;0.8;0.8614214181769098;0.8614214181769098;-0.8614214181769098;baseline_max
KN_14;0;14;0;0.5;0.9926289926289926;0.9926289926289926;-0.996307679699897;baseline_max
LG_14;0;14;0;0.5;0.9926289926289926;0.9926289926289926;-0.996307679699897;baseline_max
LKA_14;1;14;0;0.5;0.9926289926289926;0.9926289926289926;-0.996307679699897;baseline_max
TQ_14;1;14;0;0.5;0.9926289926289926;0.9926289926289926;-0.996307679699897;baseline_max
WE_14;0;14;0;0.8;0.8614214181769098;0.8614214181769098;-0.8614214181769098;baseline_max
WT_14;1;14;0;0.8;0.8614214181769098;0.8614214181769098;-0.8614214181769098;baseline_max
