Case ID;Actual;Prefix Length;Prediction;Prediction Probability;MAPE Correctness;RMSE Correctness;R2 Correctness;Mode
FDA;1;1;0;0.6923076923076923;0.7004095233001889;0.7004095233001889;-0.7004095233001889;baseline_mean
KFA;1;1;1;0.6666666666666666;;;;baseline_mean
KX;1;1;1;0.8518518518518519;0.4911845306700936;0.4911845306700936;-0.4911845306700936;baseline_mean
QIA;1;1;0;0.5454545454545454;0.35634898402152043;0.35634898402152043;-0.35634898402152043;baseline_mean
RW;0;1;1;0.6666666666666666;;;;baseline_mean
TW;0;1;0;0.8125;1.0;1.0;-0.998644067172949;baseline_mean
WLA;0;1;0;0.8125;0.9945799457994581;0.9945799457994581;-0.998644067172949;baseline_mean
ZG;0;1;0;0.5;0.7080642721887156;0.7080642721887156;-0.7080642721887156;baseline_mean
