Case ID;Actual;Prefix Length;Prediction;Prediction Probability;MAPE Correctness;RMSE Correctness;R2 Correctness;Mode
A_10;0;10;0;0.5211267605633803;;;;baseline_mean
CC_10;1;10;1;0.7301587301587301;0.5676134788000512;0.5676134788000512;-0.5676134788000512;baseline_mean
FE_10;1;10;0;0.7567567567567568;1.0;1.0;-1.0;baseline_mean
FU_10;0;10;0;0.7567567567567568;1.0;1.0;-1.0;baseline_mean
JQ_10;0;10;1;0.7301587301587301;0.5676134788000512;0.5676134788000512;-0.5676134788000512;baseline_mean
QB_10;1;10;0;0.5211267605633803;;;;baseline_mean
XCA_10;1;10;1;0.7301587301587301;0.5676134788000512;0.5676134788000512;-0.5676134788000512;baseline_mean
ZZ_10;0;10;0;0.5211267605633803;;;;baseline_mean
