Case ID;Actual;Prefix Length;Prediction;Prediction Probability;MAPE Correctness;RMSE Correctness;R2 Correctness;Mode
FDA;1;1;0;0.6923076923076923;0.7080642721887156;0.7080642721887156;-0.7080642721887156;baseline_max
KFA;1;1;1;0.6666666666666666;0.8770072726367405;0.8770072726367405;-0.8770072726367405;baseline_max
KX;1;1;1;0.8518518518518519;0.9945504087193462;0.9945504087193462;-0.9945504087193462;baseline_max
QIA;1;1;0;0.5454545454545454;0.8233917285409638;0.8233917285409638;-0.8233917285409638;baseline_max
RW;0;1;1;0.6666666666666666;0.8770072726367405;0.8770072726367405;-0.8770072726367405;baseline_max
TW;0;1;0;0.8125;0.7004095233001889;0.7004095233001889;-0.7004095233001889;baseline_max
WLA;0;1;0;0.8125;0.7004095233001889;0.7004095233001889;-0.7004095233001889;baseline_max
ZG;0;1;0;0.5;;;;baseline_max
