Case ID;Actual;Prefix Length;Prediction;Prediction Probability;MAPE Correctness;RMSE Correctness;R2 Correctness;Mode
FE_7;1;7;0;0.6078431372549019;0.7079421114024272;0.7079421114024272;-0.7079421114024272;baseline_max
FHA_7;0;7;1;0.5591397849462365;0.9968404423380727;0.9968404423380727;-0.9968404423380727;baseline_max
NT_7;0;7;1;0.5591397849462365;0.9968404423380727;0.9968404423380727;-0.9968404423380727;baseline_max
PLA_7;1;7;1;0.5591397849462365;0.9968404423380727;0.9968404423380727;-0.9968404423380727;baseline_max
PZ_7;1;7;1;0.5591397849462365;0.9968404423380727;0.9968404423380727;-0.9968404423380727;baseline_max
QK_7;0;7;1;0.5591397849462365;0.9968404423380727;0.9968404423380727;-0.9968404423380727;baseline_max
TF_7;0;7;0;0.75;;;;baseline_max
YK_7;1;7;1;0.5591397849462365;0.9968404423380727;0.9968404423380727;-0.9968404423380727;baseline_max
