Case ID;Actual;Prefix Length;Prediction;Prediction Probability;MAPE Correctness;RMSE Correctness;R2 Correctness;Mode
BF_2;1;2;1;0.5686274509803921;0.5663999049528446;0.5663999049528446;-0.5663999049528446;baseline_max
CM_2;0;2;1;0.5686274509803921;0.5663999049528446;0.5663999049528446;-0.5663999049528446;baseline_max
DZ_2;0;2;1;0.5686274509803921;0.5663999049528446;0.5663999049528446;-0.5663999049528446;baseline_max
FY_2;1;2;1;0.5686274509803921;0.5663999049528446;0.5663999049528446;-0.5663999049528446;baseline_max
IG_2;0;2;0;0.6470588235294118;0.9999999999999999;0.9999999999999999;-0.9999999999999999;baseline_max
PLA_2;1;2;1;0.5686274509803921;0.5663999049528446;0.5663999049528446;-0.5663999049528446;baseline_max
QCA_2;0;2;0;0.5208333333333334;;;;baseline_max
YGA_2;1;2;0;0.5208333333333334;;;;baseline_max
