Case ID;Actual;Prefix Length;Prediction;Prediction Probability;MAPE Correctness;RMSE Correctness;R2 Correctness;Mode
EC_4;0;4;1;0.5419354838709678;0.9999999999999999;0.9999999999999999;-0.9999999999999999;baseline_max
EK_4;0;4;1;0.5419354838709678;0.9999999999999999;0.9999999999999999;-0.9999999999999999;baseline_max
HT_4;0;4;1;0.5419354838709678;0.9999999999999999;0.9999999999999999;-0.9999999999999999;baseline_max
II_4;1;4;1;0.5419354838709678;0.9999999999999999;0.9999999999999999;-0.9999999999999999;baseline_max
SCA_4;1;4;1;0.5419354838709678;0.9999999999999999;0.9999999999999999;-0.9999999999999999;baseline_max
TCA_4;1;4;1;0.5419354838709678;0.9999999999999999;0.9999999999999999;-0.9999999999999999;baseline_max
XI_4;1;4;1;0.5419354838709678;0.9999999999999999;0.9999999999999999;-0.9999999999999999;baseline_max
YM_4;0;4;1;0.5419354838709678;0.9999999999999999;0.9999999999999999;-0.9999999999999999;baseline_max
