Case ID;Actual;Prefix Length;Prediction;Prediction Probability;MAPE Correctness;RMSE Correctness;R2 Correctness;Mode
BH_6;0;6;0;0.6590909090909091;0.6218512595773374;0.6218512595773374;-0.6242863560974937;baseline_0
CC_6;1;6;1;0.5396825396825397;0.5213950637105664;0.5213950637105664;-0.5234513240596435;baseline_0
FN_6;0;6;1;0.8888888888888888;0.7016417910718766;0.7016417910718766;-0.7016417910718766;baseline_0
JHA_6;0;6;0;0.8888888888888888;;;;baseline_0
OX_6;1;6;1;0.5396825396825397;0.5213950637105664;0.5213950637105664;-0.5234513240596435;baseline_0
QIA_6;1;6;1;0.5396825396825397;0.5213950637105664;0.5213950637105664;-0.5234513240596435;baseline_0
RC_6;1;6;1;0.6666666666666666;0.9948586118251929;0.9948586118251929;-0.9948586118251929;baseline_0
VD_6;0;6;1;0.6666666666666666;1.0;1.0;-1.0;baseline_0
