Case ID;Actual;Prefix Length;Prediction;Prediction Probability;MAPE Correctness;RMSE Correctness;R2 Correctness;Mode
A_10;0;10;0;0.5211267605633803;0.809602747676214;0.809602747676214;-0.809602747676214;baseline_0
CC_10;1;10;1;0.7301587301587301;0.5787431548549542;0.5787431548549542;-0.5787431548549542;baseline_0
FE_10;1;10;0;0.7567567567567568;;;;baseline_0
FU_10;0;10;0;0.7567567567567568;;;;baseline_0
JQ_10;0;10;1;0.7301587301587301;0.5787431548549542;0.5787431548549542;-0.5787431548549542;baseline_0
QB_10;1;10;0;0.5211267605633803;0.809602747676214;0.809602747676214;-0.809602747676214;baseline_0
XCA_10;1;10;1;0.7301587301587301;0.5787431548549542;0.5787431548549542;-0.5787431548549542;baseline_0
ZZ_10;0;10;0;0.5211267605633803;0.809602747676214;0.809602747676214;-0.809602747676214;baseline_0
