Case ID;Actual;Prefix Length;Prediction;Prediction Probability;MAPE Correctness;RMSE Correctness;R2 Correctness;Mode
AIA_8;1;8;1;0.5350877192982456;;;;baseline_0
EQ_8;1;8;0;0.6;0.4871513870470244;0.4871513870470244;-0.4871513870470244;baseline_0
GN_8;1;8;1;0.75;0.7010636560725594;0.7010636560725594;-0.7010636560725594;baseline_0
KQ_8;0;8;1;0.5350877192982456;;;;baseline_0
NM_8;0;8;1;0.5350877192982456;;;;baseline_0
QP_8;0;8;1;0.5350877192982456;;;;baseline_0
SM_8;1;8;1;0.5350877192982456;;;;baseline_0
YZ_8;0;8;0;0.6;0.4871513870470244;0.4871513870470244;-0.4871513870470244;baseline_0
