Case ID;Actual;Prefix Length;Prediction;Prediction Probability;MAPE Correctness;RMSE Correctness;R2 Correctness;Mode
ADA_11;1;11;1;1.0;0.995271867612293;0.9999999999999998;-0.9988172674749602;permutation
BS_11;0;11;0;0.546875;0.9900518093856119;0.9900518093856119;-0.9944111338801037;permutation
EL_11;0;11;0;0.8333333333333334;1.0;1.0;-1.0;permutation
LU_11;1;11;0;0.546875;0.9900518093856119;0.9900518093856119;-0.9944111338801037;permutation
MC_11;1;11;0;0.546875;0.9900518093856119;0.9900518093856119;-0.9944111338801037;permutation
SAA_11;0;11;1;1.0;0.995271867612293;0.995271867612293;-0.9988172674749602;permutation
TN_11;0;11;1;0.875;0.9904534606205251;0.9904534606205251;-0.9940155058024279;permutation
WT_11;1;11;0;0.546875;0.9900518093856119;0.9900518093856119;-0.9944111338801037;permutation
