Case ID;Actual;Prefix Length;Prediction;Prediction Probability;MAPE Correctness;RMSE Correctness;R2 Correctness;Mode
EMA_12;1;12;0;0.5538461538461539;1.0;1.0;-1.0;permutation
FCA_12;0;12;0;0.5538461538461539;1.0;1.0;-1.0;permutation
JE_12;1;12;0;0.5538461538461539;1.0;1.0;-1.0;permutation
MZ_12;1;12;0;0.5538461538461539;1.0;1.0;-1.0;permutation
OY_12;0;12;0;0.5538461538461539;1.0;1.0;-1.0;permutation
PG_12;1;12;0;0.5538461538461539;1.0;1.0;-1.0;permutation
TP_12;0;12;0;0.5538461538461539;1.0;1.0;-1.0;permutation
VR_12;0;12;0;0.5538461538461539;1.0;1.0;-1.0;permutation
