Case ID;Actual;Prefix Length;Prediction;Prediction Probability;MAPE Correctness;RMSE Correctness;R2 Correctness;Mode
GL_9;1;9;0;0.5818181818181818;0.9675010979358806;0.9692577953447519;-0.9692577953447519;permutation
I_9;0;9;0;0.5818181818181818;0.9692577953447519;0.9701361440491876;-0.9701361440491876;permutation
KG_9;0;9;0;0.875;1.0;1.0;-0.9976275174167506;permutation
KHA_9;0;9;0;0.5818181818181818;0.9701361440491876;0.9701361440491876;-0.9701361440491876;permutation
NM_9;0;9;1;0.6111111111111112;0.9762845849802372;0.9780412823891084;-0.9780412823891084;permutation
PGA_9;1;9;1;0.6111111111111112;0.9762845849802372;0.9789196310935441;-0.9789196310935441;permutation
QIA_9;1;9;1;0.6111111111111112;0.9780412823891084;0.9797979797979798;-0.9797979797979798;permutation
WC_9;1;9;1;1.0;0.8912168428245325;0.8902481288649406;-0.894042856884575;permutation
