Case ID;Actual;Prefix Length;Prediction;Prediction Probability;MAPE Correctness;RMSE Correctness;R2 Correctness;Mode
FDA;1;1;0;0.6923076923076923;0.9945799457994581;0.9945799457994581;-0.998644067172949;permutation
KFA;1;1;1;0.6666666666666666;0.9681913425580259;0.9691200632703117;-0.9691200632703117;permutation
KX;1;1;1;0.8518518518518519;0.9945504087193462;0.9945504087193462;-0.9945504087193462;permutation
QIA;1;1;0;0.5454545454545454;0.976452119309262;0.9748822605965463;-0.9748822605965463;permutation
RW;0;1;1;0.6666666666666666;0.9691200632703117;0.9700487839825975;-0.9700487839825975;permutation
TW;0;1;0;0.8125;1.0;1.0;-0.998644067172949;permutation
WLA;0;1;0;0.8125;0.9945799457994581;0.9945799457994581;-0.998644067172949;permutation
ZG;0;1;0;0.5;0.9945799457994581;0.9945799457994581;-0.998644067172949;permutation
