Case ID;Actual;Prefix Length;Prediction;Prediction Probability;MAPE Correctness;RMSE Correctness;R2 Correctness;Mode
BF_2;1;2;1;0.5686274509803921;0.9963768115942029;0.9963768115942029;-0.9963768115942029;permutation
CM_2;0;2;1;0.5686274509803921;0.9963768115942029;0.9963768115942029;-0.9963768115942029;permutation
DZ_2;0;2;1;0.5686274509803921;0.9963768115942029;0.9963768115942029;-0.9963768115942029;permutation
FY_2;1;2;1;0.5686274509803921;0.9963768115942029;0.9963768115942029;-0.9963768115942029;permutation
IG_2;0;2;0;0.6470588235294118;0.9999999999999999;0.9999999999999999;-0.9999999999999999;permutation
PLA_2;1;2;1;0.5686274509803921;0.9963768115942029;0.9963768115942029;-0.9963768115942029;permutation
QCA_2;0;2;0;0.5208333333333334;0.9927536231884059;0.9963768115942029;-0.9963768115942029;permutation
YGA_2;1;2;0;0.5208333333333334;0.9927536231884059;0.9963768115942029;-0.9963768115942029;permutation
