Case ID;Actual;Prefix Length;Prediction;Prediction Probability;MAPE Correctness;RMSE Correctness;R2 Correctness;Mode
GJ_14;0;14;0;0.5;0.9901719901719902;0.9901719901719902;-0.996307679699897;permutation
JW_14;1;14;0;0.8;0.9901719901719902;0.9901719901719902;-0.9901719901719902;permutation
KN_14;0;14;0;0.5;0.9901719901719902;0.9901719901719902;-0.996307679699897;permutation
LG_14;0;14;0;0.5;0.9901719901719902;0.9901719901719902;-0.996307679699897;permutation
LKA_14;1;14;0;0.5;0.9901719901719902;0.9901719901719902;-0.996307679699897;permutation
TQ_14;1;14;0;0.5;0.9901719901719902;0.9901719901719902;-0.996307679699897;permutation
WE_14;0;14;0;0.8;0.9901719901719902;0.9901719901719902;-0.9901719901719902;permutation
WT_14;1;14;0;0.8;0.9901719901719902;0.9901719901719902;-0.9901719901719902;permutation
