Case ID;Actual;Prefix Length;Prediction;Prediction Probability;MAPE Correctness;RMSE Correctness;R2 Correctness;Mode
A_10;0;10;0;0.5211267605633803;0.9967793880837361;0.9967793880837361;-0.9967793880837361;permutation
CC_10;1;10;1;0.7301587301587301;0.9967793880837361;0.9967793880837361;-0.9967793880837361;permutation
FE_10;1;10;0;0.7567567567567568;1.0;1.0;-1.0;permutation
FU_10;0;10;0;0.7567567567567568;1.0;1.0;-1.0;permutation
JQ_10;0;10;1;0.7301587301587301;0.9967793880837361;0.9967793880837361;-0.9967793880837361;permutation
QB_10;1;10;0;0.5211267605633803;0.9967793880837361;0.9967793880837361;-0.9967793880837361;permutation
XCA_10;1;10;1;0.7301587301587301;0.9967793880837361;0.9967793880837361;-0.9967793880837361;permutation
ZZ_10;0;10;0;0.5211267605633803;0.9967793880837361;0.9967793880837361;-0.9967793880837361;permutation
