Case ID;Actual;Prefix Length;Prediction;Prediction Probability;MAPE Correctness;RMSE Correctness;R2 Correctness;Mode
FE_7;1;7;0;0.6078431372549019;0.995271867612293;0.995271867612293;-0.995271867612293;permutation
FHA_7;0;7;1;0.5591397849462365;1.0;1.0;-1.0;permutation
NT_7;0;7;1;0.5591397849462365;1.0;1.0;-1.0;permutation
PLA_7;1;7;1;0.5591397849462365;1.0;1.0;-1.0;permutation
PZ_7;1;7;1;0.5591397849462365;1.0;1.0;-1.0;permutation
QK_7;0;7;1;0.5591397849462365;1.0;1.0;-1.0;permutation
TF_7;0;7;0;0.75;1.0;1.0;-1.0;permutation
YK_7;1;7;1;0.5591397849462365;1.0;1.0;-1.0;permutation
