Case ID;Actual;Prefix Length;Prediction;Prediction Probability;MAPE Correctness;RMSE Correctness;R2 Correctness;Mode
DCA_5;0;5;1;0.52;0.9832041343669252;0.9832041343669252;-0.9832041343669252;permutation
LH_5;0;5;0;0.6666666666666666;0.9845758354755785;0.9845758354755785;-0.9845758354755785;permutation
LQ_5;1;5;1;0.52;0.9832041343669252;0.9832041343669252;-0.9832041343669252;permutation
SJA_5;1;5;0;0.5454545454545454;0.9704002166456671;0.9704002166456671;-0.9704002166456671;permutation
UU_5;0;5;0;0.6875;1.0;1.0;-1.0;permutation
WI_5;0;5;0;0.6875;1.0;1.0;-1.0;permutation
XM_5;1;5;1;0.7037037037037037;0.9791666666666666;0.9791666666666666;-0.9791666666666666;permutation
ZEA_5;1;5;0;0.5454545454545454;0.9696969696969698;0.9696969696969698;-0.9696969696969698;permutation
