Case ID,Actual,Prefix Length,Prediction,Prediction Probability;SHAP Precision;SHAP Recall;SHAP Correlation
FE_7,1,7,0,0.6078431372549019;1.0;0.5;0.813598346225389
FHA_7,0,7,1,0.5591397849462365;1.0;0.3333333333333333;0.9968404423380727
NT_7,0,7,1,0.5591397849462365;1.0;0.3333333333333333;0.9968404423380727
PLA_7,1,7,1,0.5591397849462365;1.0;0.3333333333333333;0.9968404423380727
PZ_7,1,7,1,0.5591397849462365;1.0;0.3333333333333333;0.9968404423380727
QK_7,0,7,1,0.5591397849462365;1.0;0.3333333333333333;0.9968404423380727
TF_7,0,7,0,0.75;1.0;1.0;0.5787167806140556
YK_7,1,7,1,0.5591397849462365;1.0;0.3333333333333333;0.9968404423380727
