Case ID;Actual;Prefix Length;Prediction;Prediction Probability;SHAP Precision;SHAP Recall;SHAP Correlation;LIME Precision;LIME Recall;LIME Correlation;LINDA Precision;LINDA Recall;LINDA Correlation
FDA;1;1;0;0.6923076923076923;1.0;0.5;0.3759333811416453;0.5;0.5;0.1419399664122286;0.010752688172043;1.0;0.0
KFA;1;1;1;0.6666666666666666;1.0;0.08333333333333333;0.9023272754326193;1.0;0.1666666666666666;0.2904989948525335;0.064516129032258;1.0;0.0
KX;1;1;1;0.8518518518518519;1.0;0.25;0.533096755734671;0.5;0.25;0.1916408966336952;0.021505376344086;1.0;0.0
QIA;1;1;0;0.5454545454545454;1.0;0.14285714285714285;0.6882251272203858;1.0;0.2857142857142857;0.2379906751886485;0.0376344086021505;1.0;0.0
RW;0;1;1;0.6666666666666666;1.0;0.08333333333333333;0.9023272754326193;1.0;0.1666666666666666;0.2832158291696209;0.064516129032258;1.0;0.0
TW;0;1;0;0.8125;1.0;0.5;0.3842643147957538;0.0;0.0;0.1379416574992081;0.010752688172043;1.0;0.0
WLA;0;1;0;0.8125;1.0;0.5;0.3780161145551724;0.0;0.0;0.1387413192818122;0.010752688172043;1.0;0.0
ZG;0;1;0;0.5;1.0;0.5;0.3842643147957538;0.0;0.0;0.1379416574992081;0.010752688172043;1.0;0.0
