Case ID,Actual,Prefix Length,Prediction,Prediction Probability;SHAP Precision;SHAP Recall;SHAP Correlation
EMA_12,1,12,0,0.5538461538461539;1.0;1.0;1.0
FCA_12,0,12,0,0.5538461538461539;1.0;1.0;1.0
JE_12,1,12,0,0.5538461538461539;1.0;1.0;1.0
MZ_12,1,12,0,0.5538461538461539;1.0;1.0;1.0
OY_12,0,12,0,0.5538461538461539;1.0;1.0;1.0
PG_12,1,12,0,0.5538461538461539;1.0;1.0;1.0
TP_12,0,12,0,0.5538461538461539;1.0;1.0;1.0
VR_12,0,12,0,0.5538461538461539;1.0;1.0;1.0
