Case ID,Actual,Prefix Length,Prediction,Prediction Probability;SHAP Precision;SHAP Recall;SHAP Correlation;LIME Precision;LIME Recall;LIME Correlation
EC_4,0,4,1,0.5419354838709678;1.0;1.0;1.0;1.0;1.0;0.1037404018282899
EK_4,0,4,1,0.5419354838709678;1.0;1.0;1.0;1.0;1.0;0.1037404018282899
HT_4,0,4,1,0.5419354838709678;1.0;1.0;1.0;1.0;1.0;0.1037404018282899
II_4,1,4,1,0.5419354838709678;1.0;1.0;1.0;1.0;1.0;0.1037404018282899
SCA_4,1,4,1,0.5419354838709678;1.0;1.0;1.0;1.0;1.0;0.1037404018282899
TCA_4,1,4,1,0.5419354838709678;1.0;1.0;1.0;1.0;1.0;0.1037404018282899
XI_4,1,4,1,0.5419354838709678;1.0;1.0;1.0;1.0;1.0;0.1037404018282899
YM_4,0,4,1,0.5419354838709678;1.0;1.0;1.0;1.0;1.0;0.1037404018282899
