Case ID,Actual,Prefix Length,Prediction,Prediction Probability;SHAP Precision;SHAP Recall;SHAP Correlation
GJ_14,0,14,0,0.5;1.0;0.25;0.9901719901719902
JW_14,1,14,0,0.8;1.0;0.25;0.9901719901719902
KN_14,0,14,0,0.5;1.0;0.25;0.9901719901719902
LG_14,0,14,0,0.5;1.0;0.25;0.9901719901719902
LKA_14,1,14,0,0.5;1.0;0.25;0.9901719901719902
TQ_14,1,14,0,0.5;1.0;0.25;0.9901719901719902
WE_14,0,14,0,0.8;1.0;0.25;0.9901719901719902
WT_14,1,14,0,0.8;1.0;0.25;0.9901719901719902
