Case ID,Actual,Prefix Length,Prediction,Prediction Probability;SHAP Precision;SHAP Recall;SHAP Correlation;LIME Precision;LIME Recall;LIME Correlation
BH_6,0,6,0,0.6590909090909091;0.0;0.0;0.8245221010019748;1.0;0.2;0.17873918013414775
CC_6,1,6,1,0.5396825396825397;1.0;0.14285714285714285;0.9791666666666669;1.0;0.14285714285714285;0.23735199561930553
FN_6,0,6,1,0.8888888888888888;1.0;0.25;0.7392668483804142;1.0;0.25;0.16497070554203247
JHA_6,0,6,0,0.8888888888888888;1.0;1.0;0.3809058751375276;0.0;0.0;0.09590527102302578
OX_6,1,6,1,0.5396825396825397;1.0;0.14285714285714285;0.9791666666666669;1.0;0.14285714285714285;0.21247150356603392
QIA_6,1,6,1,0.5396825396825397;1.0;0.14285714285714285;0.9791666666666669;1.0;0.14285714285714285;0.2353773533928554
RC_6,1,6,1,0.6666666666666666;1.0;0.5;0.5296931283850052;0.0;0.0;0.12075612033862985
VD_6,0,6,1,0.6666666666666666;0.0;0.0;0.5186290421524201;1.0;0.5;0.1024041263661937
