Case ID,Actual,Prefix Length,Prediction,Prediction Probability;SHAP Precision;SHAP Recall;SHAP Correlation;LIME Precision;LIME Recall;LIME Correlation
BF_2,1,2,1,0.5686274509803921;1.0;0.3333333333333333;0.9963768115942028;1.0;0.3333333333333333;0.17332875920731597
CM_2,0,2,1,0.5686274509803921;1.0;0.3333333333333333;0.9963768115942028;1.0;0.3333333333333333;0.17787295888690854
DZ_2,0,2,1,0.5686274509803921;1.0;0.3333333333333333;0.9963768115942028;1.0;0.3333333333333333;0.17332875920731597
FY_2,1,2,1,0.5686274509803921;1.0;0.3333333333333333;0.9963768115942028;1.0;0.3333333333333333;0.17852213026970748
IG_2,0,2,0,0.6470588235294118;1.0;1.0;0.5789170299241783;0.0;0.0;0.10260396301328754
PLA_2,1,2,1,0.5686274509803921;1.0;0.3333333333333333;0.9963768115942028;1.0;0.3333333333333333;0.17852213026970748
QCA_2,0,2,0,0.5208333333333334;1.0;0.3333333333333333;0.992753623188406;1.0;0.3333333333333333;0.17852213026970748
YGA_2,1,2,0,0.5208333333333334;1.0;0.3333333333333333;0.992753623188406;1.0;0.3333333333333333;0.17397793059011493
