Case ID,Actual,Prefix Length,Prediction,Prediction Probability;SHAP Precision;SHAP Recall;SHAP Correlation;LIME Precision;LIME Recall;LIME Correlation
DCA_5,0,5,1,0.52;1.0;0.125;0.7392187033367084;1.0;0.125;0.2614480013861925
LH_5,0,5,0,0.6666666666666666;1.0;0.16666666666666666;0.6444860609815258;0.0;0.0;0.23883867906378906
LQ_5,1,5,1,0.52;1.0;0.125;0.7392187033367084;1.0;0.125;0.2578066643195324
SJA_5,1,5,0,0.5454545454545454;1.0;0.09090909090909093;0.8553376185695547;1.0;0.09090909090909091;0.3048865444241369
UU_5,0,5,0,0.6875;1.0;1.0;0.2717825726185412;0.0;0.0;0.09850098205828518
WI_5,0,5,0,0.6875;1.0;1.0;0.2717825726185412;0.0;0.0;0.09850098205828518
XM_5,1,5,1,0.7037037037037037;0.0;0.0;0.8561803157307071;1.0;0.09090909090909091;0.3045747994911879
ZEA_5,1,5,0,0.5454545454545454;1.0;0.09090909090909093;0.8620791958587729;1.0;0.09090909090909091;0.30301607482644277
