Case ID,Actual,Prefix Length,Prediction,Prediction Probability
BH_6,0,6,0,0.6590909090909091
CC_6,1,6,1,0.5396825396825397
FN_6,0,6,1,0.8888888888888888
JHA_6,0,6,0,0.8888888888888888
OX_6,1,6,1,0.5396825396825397
QIA_6,1,6,1,0.5396825396825397
RC_6,1,6,1,0.6666666666666666
VD_6,0,6,1,0.6666666666666666
