Case ID;Actual;Prefix Length;Prediction;Prediction Probability;SHAP Precision;SHAP Recall;SHAP Correlation;LIME Precision;LIME Recall;LIME Correlation;LINDA Precision;LINDA Recall;LINDA Correlation
AIA_8;1;8;1;0.5350877192982456;1.0;0.25;0.9877149877149876;1.0;0.25;0.1950256613514867;0.019417475728155338;1.0;0.0
EQ_8;1;8;0;0.6;1.0;0.25;0.9877149877149876;1.0;0.25;0.1950256613514867;0.019417475728155338;1.0;0.0
GN_8;1;8;1;0.75;1.0;0.5;0.7019095749145741;0.0;0.0;0.13790689177242293;0.009708737864077669;1.0;0.0
KQ_8;0;8;1;0.5350877192982456;1.0;0.25;0.9877149877149876;1.0;0.5;0.1950256613514867;0.019417475728155338;1.0;0.0
NM_8;0;8;1;0.5350877192982456;1.0;0.25;0.9877149877149876;1.0;0.25;0.1950256613514867;0.019417475728155338;1.0;0.0
QP_8;0;8;1;0.5350877192982456;1.0;0.25;0.9877149877149876;1.0;0.25;0.19454292456596325;0.019417475728155338;1.0;0.0
SM_8;1;8;1;0.5350877192982456;1.0;0.25;0.9877149877149876;1.0;0.25;0.1950256613514867;0.019417475728155338;1.0;0.0
YZ_8;0;8;0;0.6;1.0;0.25;0.9877149877149876;1.0;0.25;0.19454292456596325;0.019417475728155338;1.0;0.0
