Case ID,Actual,Prefix Length,Prediction,Prediction Probability
A_10,0,10,0,0.5211267605633803
CC_10,1,10,1,0.7301587301587301
FE_10,1,10,0,0.7567567567567568
FU_10,0,10,0,0.7567567567567568
JQ_10,0,10,1,0.7301587301587301
QB_10,1,10,0,0.5211267605633803
XCA_10,1,10,1,0.7301587301587301
ZZ_10,0,10,0,0.5211267605633803
