Case ID;Actual;Prefix Length;Prediction;Prediction Probability;SHAP Precision;SHAP Recall;SHAP Correlation;LIME Precision;LIME Recall;LIME Correlation
EMA_12;1;12;0;0.5538461538461539;1.0;1.0;1.0;1.0;1.0;0.09716117279640205
FCA_12;0;12;0;0.5538461538461539;1.0;1.0;1.0;1.0;1.0;0.09716117279640205
JE_12;1;12;0;0.5538461538461539;1.0;1.0;1.0;1.0;1.0;0.09716117279640205
MZ_12;1;12;0;0.5538461538461539;1.0;1.0;1.0;1.0;1.0;0.09716117279640205
OY_12;0;12;0;0.5538461538461539;1.0;1.0;1.0;1.0;1.0;0.09716117279640205
PG_12;1;12;0;0.5538461538461539;1.0;1.0;1.0;1.0;1.0;0.09716117279640205
TP_12;0;12;0;0.5538461538461539;1.0;1.0;1.0;1.0;1.0;0.09716117279640205
VR_12;0;12;0;0.5538461538461539;1.0;1.0;1.0;1.0;1.0;0.09716117279640205
