Case ID,Actual,Prefix Length,Prediction,Prediction Probability;SHAP Precision;SHAP Recall;SHAP Correlation;LIME Precision;LIME Recall;LIME Correlation
FDA,1,1,0,0.6923076923076923;1.0;0.5;0.3759333811416453;0.5;0.5;0.14193996641222864
KFA,1,1,1,0.6666666666666666;1.0;0.08333333333333333;0.9023272754326191;1.0;0.16666666666666666;0.2904989948525335
KX,1,1,1,0.8518518518518519;1.0;0.25;0.5330967557346711;0.5;0.25;0.19164089663369524
QIA,1,1,0,0.5454545454545454;1.0;0.14285714285714285;0.6882251272203858;1.0;0.2857142857142857;0.23799067518864853
RW,0,1,1,0.6666666666666666;1.0;0.08333333333333333;0.9023272754326191;1.0;0.16666666666666666;0.2832158291696209
TW,0,1,0,0.8125;1.0;0.5;0.3842643147957538;0.0;0.0;0.13794165749920811
WLA,0,1,0,0.8125;1.0;0.5;0.3780161145551724;0.0;0.0;0.13874131928181221
ZG,0,1,0,0.5;1.0;0.5;0.3842643147957538;0.0;0.0;0.13794165749920811
