Case ID,Actual,Prefix Length,Prediction,Prediction Probability;SHAP Precision;SHAP Recall;SHAP Correlation
A_10,0,10,0,0.5211267605633803;1.0;0.3333333333333333;0.993558776167472
CC_10,1,10,1,0.7301587301587301;1.0;0.3333333333333333;0.993558776167472
FE_10,1,10,0,0.7567567567567568;1.0;1.0;0.5787431548549542
FU_10,0,10,0,0.7567567567567568;0.0;0.0;0.5731783168275026
JQ_10,0,10,1,0.7301587301587301;1.0;0.3333333333333333;0.993558776167472
QB_10,1,10,0,0.5211267605633803;1.0;0.3333333333333333;0.993558776167472
XCA_10,1,10,1,0.7301587301587301;1.0;0.3333333333333333;0.993558776167472
ZZ_10,0,10,0,0.5211267605633803;1.0;0.3333333333333333;0.993558776167472
