Case ID;Actual;Prefix Length;Prediction;Prediction Probability;SHAP Precision;SHAP Recall;SHAP Correlation;LIME Precision;LIME Recall;LIME Correlation;LINDA Precision;LINDA Recall;LINDA Correlation
ADA_11;1;11;1;1.0;1.0;0.5;0.5773567841612369;1.0;0.5;0.1362741527051599;0.0093896713615023;1.0;0.0
BS_11;0;11;0;0.546875;1.0;0.16666666666666666;0.9805014703883229;1.0;0.1666666666666666;0.2333073143465478;0.028169014084507;1.0;0.0
EL_11;0;11;0;0.8333333333333334;1.0;1.0;0.41067691563732994;1.0;1.0;0.0969325211885212;0.0046948356807511;1.0;0.0
LU_11;1;11;0;0.546875;1.0;0.16666666666666666;0.9805014703883229;1.0;0.1666666666666666;0.2310531373963397;0.028169014084507;1.0;0.0
MC_11;1;11;0;0.546875;1.0;0.16666666666666666;0.9805014703883229;1.0;0.1666666666666666;0.2344344028216519;0.028169014084507;1.0;0.0
SAA_11;0;11;1;1.0;1.0;0.5;0.5746139965880244;1.0;0.5;0.1362741527051599;0.0093896713615023;1.0;0.0
TN_11;0;11;1;0.875;1.0;0.16666666666666666;0.9809069212410502;1.0;0.1666666666666666;0.2326511726236881;0.028169014084507;1.0;0.0
WT_11;1;11;0;0.546875;1.0;0.16666666666666666;0.9805014703883229;1.0;0.1666666666666666;0.2329316181881798;0.028169014084507;1.0;0.0
