Case ID,Actual,Prefix Length,Prediction,Prediction Probability
BF_2,1,2,1,0.5686274509803921
CM_2,0,2,1,0.5686274509803921
DZ_2,0,2,1,0.5686274509803921
FY_2,1,2,1,0.5686274509803921
IG_2,0,2,0,0.6470588235294118
PLA_2,1,2,1,0.5686274509803921
QCA_2,0,2,0,0.5208333333333334
YGA_2,1,2,0,0.5208333333333334
