Case ID;Actual;Prefix Length;Prediction;Prediction Probability;SHAP Precision;SHAP Recall;SHAP Correlation;LIME Precision;LIME Recall;LIME Correlation;LINDA Precision;LINDA Recall;LINDA Correlation
EMA_12;1;12;0;0.5538461538461539;1.0;1.0;1.0;1.0;1.0;0.097161172796402;0.0047169811320754;1.0;0.0
FCA_12;0;12;0;0.5538461538461539;1.0;1.0;1.0;1.0;1.0;0.097161172796402;0.0047169811320754;1.0;0.0
JE_12;1;12;0;0.5538461538461539;1.0;1.0;1.0;1.0;1.0;0.097161172796402;0.0047169811320754;1.0;0.0
MZ_12;1;12;0;0.5538461538461539;1.0;1.0;1.0;1.0;1.0;0.097161172796402;0.0047169811320754;1.0;0.0
OY_12;0;12;0;0.5538461538461539;1.0;1.0;1.0;1.0;1.0;0.097161172796402;0.0047169811320754;1.0;0.0
PG_12;1;12;0;0.5538461538461539;1.0;1.0;1.0;1.0;1.0;0.097161172796402;0.0047169811320754;1.0;0.0
TP_12;0;12;0;0.5538461538461539;1.0;1.0;1.0;1.0;1.0;0.097161172796402;0.0047169811320754;1.0;0.0
VR_12;0;12;0;0.5538461538461539;1.0;1.0;1.0;1.0;1.0;0.097161172796402;0.0047169811320754;1.0;0.0
