Case ID,Actual,Prefix Length,Prediction,Prediction Probability
FX_13,1,13,0,0.5648148148148148
GG_13,1,13,0,0.5648148148148148
IM_13,0,13,0,0.5648148148148148
KA_13,0,13,0,0.5648148148148148
KX_13,1,13,0,0.5648148148148148
LG_13,0,13,0,0.5648148148148148
NP_13,0,13,1,0.7333333333333333
VG_13,1,13,1,0.7333333333333333
