Case ID,Actual,Prefix Length,Prediction,Prediction Probability
EC_4,0,4,1,0.5419354838709678
EK_4,0,4,1,0.5419354838709678
HT_4,0,4,1,0.5419354838709678
II_4,1,4,1,0.5419354838709678
SCA_4,1,4,1,0.5419354838709678
TCA_4,1,4,1,0.5419354838709678
XI_4,1,4,1,0.5419354838709678
YM_4,0,4,1,0.5419354838709678
