Case ID,Actual,Prefix Length,Prediction,Prediction Probability;SHAP Precision;SHAP Recall;SHAP Correlation
ADA_11,1,11,1,1.0;1.0;0.5;0.5773567841612369
BS_11,0,11,0,0.546875;1.0;0.16666666666666666;0.9805014703883229
EL_11,0,11,0,0.8333333333333334;1.0;1.0;0.41067691563732994
LU_11,1,11,0,0.546875;1.0;0.16666666666666666;0.9805014703883229
MC_11,1,11,0,0.546875;1.0;0.16666666666666666;0.9805014703883229
SAA_11,0,11,1,1.0;1.0;0.5;0.5746139965880244
TN_11,0,11,1,0.875;1.0;0.16666666666666666;0.9809069212410502
WT_11,1,11,0,0.546875;1.0;0.16666666666666666;0.9805014703883229
