Case ID,Actual,Prefix Length,Prediction,Prediction Probability;SHAP Precision;SHAP Recall;SHAP Correlation
DCA_5,0,5,1,0.52;1.0;0.125;0.7392187033367084
LH_5,0,5,0,0.6666666666666666;1.0;0.16666666666666666;0.6444860609815258
LQ_5,1,5,1,0.52;1.0;0.125;0.7392187033367084
SJA_5,1,5,0,0.5454545454545454;1.0;0.09090909090909091;0.8553376185695547
UU_5,0,5,0,0.6875;1.0;1.0;0.27178257261854116
WI_5,0,5,0,0.6875;1.0;1.0;0.27178257261854116
XM_5,1,5,1,0.7037037037037037;0.0;0.0;0.856180315730707
ZEA_5,1,5,0,0.5454545454545454;1.0;0.09090909090909091;0.8620791958587729
