Case ID,Actual,Prefix Length,Prediction,Prediction Probability;SHAP Precision;SHAP Recall;SHAP Correlation
FDA,1,1,0,0.6923076923076923;1.0;0.5;0.3759333811416453
KFA,1,1,1,0.6666666666666666;1.0;0.08333333333333333;0.9023272754326193
KX,1,1,1,0.8518518518518519;1.0;0.25;0.533096755734671
QIA,1,1,0,0.5454545454545454;1.0;0.14285714285714285;0.6882251272203858
RW,0,1,1,0.6666666666666666;1.0;0.08333333333333333;0.9023272754326193
TW,0,1,0,0.8125;1.0;0.5;0.3842643147957538
WLA,0,1,0,0.8125;1.0;0.5;0.3780161145551724
ZG,0,1,0,0.5;1.0;0.5;0.3842643147957538
