Case ID;Actual;Prefix Length;Prediction;Prediction Probability;SHAP Precision;SHAP Recall;SHAP Correlation;LIME Precision;LIME Recall;LIME Correlation;LINDA Precision;LINDA Recall;LINDA Correlation
EDA_3;1;3;1;0.875;1.0;0.5;0.8131737341647904;1.0;0.5;0.14649138768107878;0.010752688172043012;1.0;0.0
GB_3;0;3;1;0.8571428571428571;1.0;0.3333333333333333;0.9927536231884059;1.0;0.3333333333333333;0.17852213026970748;0.016129032258064516;1.0;0.0
OLA_3;1;3;0;0.5210084033613446;1.0;0.3333333333333333;1.0;1.0;0.3333333333333333;0.17787295888690854;0.016129032258064516;1.0;0.0
RLA_3;1;3;0;0.5210084033613446;1.0;0.3333333333333333;1.0;1.0;0.3333333333333333;0.17852213026970748;0.016129032258064516;1.0;0.0
TN_3;0;3;0;0.5210084033613446;1.0;0.3333333333333333;1.0;1.0;0.3333333333333333;0.17787295888690854;0.016129032258064516;1.0;0.0
VF_3;0;3;0;0.5210084033613446;1.0;0.3333333333333333;1.0;1.0;0.3333333333333333;0.17787295888690854;0.016129032258064516;1.0;0.0
YL_3;1;3;1;0.875;1.0;0.5;0.8131737341647904;1.0;0.5;0.14649138768107878;0.010752688172043012;1.0;0.0
YX_3;0;3;0;0.5210084033613446;1.0;0.3333333333333333;1.0;1.0;0.3333333333333333;0.17852213026970748;0.016129032258064516;1.0;0.0
