Case ID;Actual;Prefix Length;Prediction;Prediction Probability;SHAP Precision;SHAP Recall;SHAP Correlation;LIME Precision;LIME Recall;LIME Correlation;LINDA Precision;LINDA Recall;LINDA Correlation
BH_6;0;6;0;0.6590909090909091;0.0;0.0;0.8245221010019748;1.0;0.2;0.1787391801341477;0.0255102040816326;1.0;0.0
CC_6;1;6;1;0.5396825396825397;1.0;0.14285714285714285;0.9791666666666669;1.0;0.1428571428571428;0.2373519956193055;0.0357142857142857;1.0;0.0
FN_6;0;6;1;0.8888888888888888;1.0;0.25;0.7392668483804142;1.0;0.25;0.1649707055420324;0.0204081632653061;1.0;0.0
JHA_6;0;6;0;0.8888888888888888;1.0;1.0;0.3809058751375276;0.0;0.0;0.0959052710230257;0.0051020408163265;1.0;0.0
OX_6;1;6;1;0.5396825396825397;1.0;0.14285714285714285;0.9791666666666669;1.0;0.1428571428571428;0.2124715035660339;0.0357142857142857;1.0;0.0
QIA_6;1;6;1;0.5396825396825397;1.0;0.14285714285714285;0.9791666666666669;1.0;0.1428571428571428;0.2353773533928554;0.0357142857142857;1.0;0.0
RC_6;1;6;1;0.6666666666666666;1.0;0.5;0.5296931283850052;0.0;0.0;0.1207561203386298;0.010204081632653;1.0;0.0
VD_6;0;6;1;0.6666666666666666;0.0;0.0;0.5186290421524201;1.0;0.5;0.1024041263661937;0.010204081632653;1.0;0.0
