Case ID;Actual;Prefix Length;Prediction;Prediction Probability;SHAP Precision;SHAP Recall;SHAP Correlation;LIME Precision;LIME Recall;LIME Correlation
GJ_14;0;14;0;0.5;1.0;0.25;0.9901719901719902;1.0;0.25;0.1944829850473315
JW_14;1;14;0;0.8;1.0;0.25;0.9901719901719902;1.0;0.25;0.19496557309955811
KN_14;0;14;0;0.5;1.0;0.25;0.9901719901719902;1.0;0.25;0.19496557309955811
LG_14;0;14;0;0.5;1.0;0.25;0.9901719901719902;1.0;0.25;0.19496557309955811
LKA_14;1;14;0;0.5;1.0;0.25;0.9901719901719902;1.0;0.25;0.19496557309955811
TQ_14;1;14;0;0.5;1.0;0.25;0.9901719901719902;1.0;0.25;0.19496557309955811
WE_14;0;14;0;0.8;1.0;0.25;0.9901719901719902;1.0;0.25;0.19496557309955811
WT_14;1;14;0;0.8;1.0;0.25;0.9901719901719902;1.0;0.25;0.19544816115178476
