Case ID;Actual;Prefix Length;Prediction;Prediction Probability;SHAP Precision;SHAP Recall;SHAP Correlation;LIME Precision;LIME Recall;LIME Correlation;LINDA Precision;LINDA Recall;LINDA Correlation
A_10;0;10;0;0.5211267605633803;1.0;0.3333333333333333;0.993558776167472;1.0;0.3333333333333333;0.1641842918970709;0.0143540669856459;1.0;0.0
CC_10;1;10;1;0.7301587301587301;1.0;0.3333333333333333;0.993558776167472;1.0;0.3333333333333333;0.1690853155357894;0.0143540669856459;1.0;0.0
FE_10;1;10;0;0.7567567567567568;1.0;1.0;0.5787431548549542;1.0;1.0;0.0978569689528281;0.0047846889952153;1.0;0.0
FU_10;0;10;0;0.7567567567567568;0.0;0.0;0.5731783168275026;0.0;0.0;0.0969160365590509;0.0047846889952153;1.0;0.0
JQ_10;0;10;1;0.7301587301587301;1.0;0.3333333333333333;0.993558776167472;1.0;0.3333333333333333;0.1592832682583524;0.0143540669856459;1.0;0.0
QB_10;1;10;0;0.5211267605633803;1.0;0.3333333333333333;0.993558776167472;1.0;0.3333333333333333;0.1690853155357894;0.0143540669856459;1.0;0.0
XCA_10;1;10;1;0.7301587301587301;1.0;0.3333333333333333;0.993558776167472;1.0;0.3333333333333333;0.1614615009866717;0.0143540669856459;1.0;0.0
ZZ_10;0;10;0;0.5211267605633803;1.0;0.3333333333333333;0.993558776167472;1.0;0.3333333333333333;0.1565604773479532;0.0143540669856459;1.0;0.0
