Case ID,Actual,Prefix Length,Prediction,Prediction Probability;SHAP Precision;SHAP Recall;SHAP Correlation
BF_2,1,2,1,0.5686274509803921;1.0;0.3333333333333333;0.9963768115942029
CM_2,0,2,1,0.5686274509803921;1.0;0.3333333333333333;0.9963768115942029
DZ_2,0,2,1,0.5686274509803921;1.0;0.3333333333333333;0.9963768115942029
FY_2,1,2,1,0.5686274509803921;1.0;0.3333333333333333;0.9963768115942029
IG_2,0,2,0,0.6470588235294118;1.0;1.0;0.5789170299241783
PLA_2,1,2,1,0.5686274509803921;1.0;0.3333333333333333;0.9963768115942029
QCA_2,0,2,0,0.5208333333333334;1.0;0.3333333333333333;0.9927536231884059
YGA_2,1,2,0,0.5208333333333334;1.0;0.3333333333333333;0.9927536231884059
