Case ID,Actual,Prefix Length,Prediction,Prediction Probability;SHAP Precision;SHAP Recall;SHAP Correlation;LIME Precision;LIME Recall;LIME Correlation
FE_7,1,7,0,0.6078431372549019;1.0;0.5;0.8135983462253891;1.0;0.5;0.13693974471522344
FHA_7,0,7,1,0.5591397849462365;1.0;0.3333333333333333;0.9968404423380728;1.0;0.3333333333333333;0.15375654359352928
NT_7,0,7,1,0.5591397849462365;1.0;0.3333333333333333;0.9968404423380728;1.0;0.3333333333333333;0.13629022366724194
PLA_7,1,7,1,0.5591397849462365;1.0;0.3333333333333333;0.9968404423380728;1.0;0.3333333333333333;0.1553443908595554
PZ_7,1,7,1,0.5591397849462365;1.0;0.3333333333333333;0.9968404423380728;1.0;0.3333333333333333;0.13946591819929421
QK_7,0,7,1,0.5591397849462365;1.0;0.3333333333333333;0.9968404423380728;1.0;0.3333333333333333;0.1553443908595554
TF_7,0,7,0,0.75;1.0;1.0;0.5787167806140556;1.0;1.0;0.09694541200860467
YK_7,1,7,1,0.5591397849462365;1.0;0.3333333333333333;0.9968404423380728;1.0;0.3333333333333333;0.1548151084375467
