Case ID,Actual,Prefix Length,Prediction,Prediction Probability;SHAP Precision;SHAP Recall;SHAP Correlation;LIME Precision;LIME Recall;LIME Correlation
A_10,0,10,0,0.5211267605633803;1.0;0.3333333333333333;0.993558776167472;1.0;0.3333333333333333;0.16418429189707093
CC_10,1,10,1,0.7301587301587301;1.0;0.3333333333333333;0.993558776167472;1.0;0.3333333333333333;0.16908531553578945
FE_10,1,10,0,0.7567567567567568;1.0;1.0;0.5787431548549542;1.0;1.0;0.09785696895282818
FU_10,0,10,0,0.7567567567567568;0.0;0.0;0.5731783168275026;0.0;0.0;0.09691603655905097
JQ_10,0,10,1,0.7301587301587301;1.0;0.3333333333333333;0.993558776167472;1.0;0.3333333333333333;0.1592832682583524
QB_10,1,10,0,0.5211267605633803;1.0;0.3333333333333333;0.993558776167472;1.0;0.3333333333333333;0.16908531553578945
XCA_10,1,10,1,0.7301587301587301;1.0;0.3333333333333333;0.993558776167472;1.0;0.3333333333333333;0.16146150098667175
ZZ_10,0,10,0,0.5211267605633803;1.0;0.3333333333333333;0.993558776167472;1.0;0.3333333333333333;0.1565604773479532
