Case ID,Actual,Prefix Length,Prediction,Prediction Probability
AIA_8,1,8,1,0.5350877192982456
EQ_8,1,8,0,0.6
GN_8,1,8,1,0.75
KQ_8,0,8,1,0.5350877192982456
NM_8,0,8,1,0.5350877192982456
QP_8,0,8,1,0.5350877192982456
SM_8,1,8,1,0.5350877192982456
YZ_8,0,8,0,0.6
