Case ID;Actual;Prefix Length;Prediction;Prediction Probability;SHAP Precision;SHAP Recall;SHAP Correlation;LIME Precision;LIME Recall;LIME Correlation;LINDA Precision;LINDA Recall;LINDA Correlation
FE_7;1;7;0;0.6078431372549019;1.0;0.5;0.813598346225389;1.0;0.5;0.1369397447152234;0.0093896713615023;1.0;0.0
FHA_7;0;7;1;0.5591397849462365;1.0;0.3333333333333333;0.9968404423380727;1.0;0.3333333333333333;0.1537565435935292;0.0140845070422535;1.0;0.0
NT_7;0;7;1;0.5591397849462365;1.0;0.3333333333333333;0.9968404423380727;1.0;0.3333333333333333;0.1362902236672419;0.0140845070422535;1.0;0.0
PLA_7;1;7;1;0.5591397849462365;1.0;0.3333333333333333;0.9968404423380727;1.0;0.3333333333333333;0.1553443908595554;0.0140845070422535;1.0;0.0
PZ_7;1;7;1;0.5591397849462365;1.0;0.3333333333333333;0.9968404423380727;1.0;0.3333333333333333;0.1394659181992942;0.0140845070422535;1.0;0.0
QK_7;0;7;1;0.5591397849462365;1.0;0.3333333333333333;0.9968404423380727;1.0;0.3333333333333333;0.1553443908595554;0.0140845070422535;1.0;0.0
TF_7;0;7;0;0.75;1.0;1.0;0.5787167806140556;1.0;1.0;0.0969454120086046;0.0046948356807511;1.0;0.0
YK_7;1;7;1;0.5591397849462365;1.0;0.3333333333333333;0.9968404423380727;1.0;0.3333333333333333;0.1548151084375467;0.0140845070422535;1.0;0.0
