Case ID;Actual;Prefix Length;Prediction;Prediction Probability;SHAP Precision;SHAP Recall;SHAP Correlation;LIME Precision;LIME Recall;LIME Correlation;LINDA Precision;LINDA Recall;LINDA Correlation
GL_9;1;9;0;0.5818181818181818;1.0;0.09090909090909093;0.9308004321566088;1.0;0.09090909090909093;0.21449594140997594;0.051643192488262914;1.0;0.0
I_9;0;9;0;0.5818181818181818;1.0;0.09090909090909093;0.9308004321566088;1.0;0.09090909090909093;0.20305243640306767;0.051643192488262914;1.0;0.0
KG_9;0;9;0;0.875;0.0;0.0;0.4846588919242892;1.0;0.3333333333333333;0.1648970622776802;0.014084507042253521;1.0;0.0
KHA_9;0;9;0;0.5818181818181818;1.0;0.09090909090909093;0.9308004321566088;1.0;0.09090909090909093;0.18742228322290025;0.051643192488262914;1.0;0.0
NM_9;0;9;1;0.6111111111111112;1.0;0.09090909090909093;0.9350102939031336;1.0;0.09090909090909093;0.20612264506345768;0.051643192488262914;1.0;0.0
PGA_9;1;9;1;0.6111111111111112;0.0;0.0;0.9291164874579992;1.0;0.09090909090909093;0.1969120190822876;0.051643192488262914;1.0;0.0
QIA_9;1;9;1;0.6111111111111112;1.0;0.09090909090909093;0.9350102939031336;1.0;0.09090909090909093;0.2262185562951015;0.051643192488262914;1.0;0.0
WC_9;1;9;1;1.0;1.0;0.09090909090909093;0.9333263492045238;1.0;0.09090909090909093;0.23180075385944696;0.051643192488262914;1.0;0.0
