Case ID,Actual,Prefix Length,Prediction,Prediction Probability;SHAP Precision;SHAP Recall;SHAP Correlation
EDA_3,1,3,1,0.875;1.0;0.5;0.8131737341647904
GB_3,0,3,1,0.8571428571428571;1.0;0.3333333333333333;0.9927536231884059
OLA_3,1,3,0,0.5210084033613446;1.0;0.3333333333333333;1.0
RLA_3,1,3,0,0.5210084033613446;1.0;0.3333333333333333;1.0
TN_3,0,3,0,0.5210084033613446;1.0;0.3333333333333333;1.0
VF_3,0,3,0,0.5210084033613446;1.0;0.3333333333333333;1.0
YL_3,1,3,1,0.875;1.0;0.5;0.8131737341647904
YX_3,0,3,0,0.5210084033613446;1.0;0.3333333333333333;1.0
