Case ID;Actual;Prefix Length;Prediction;Prediction Probability;SHAP Precision;SHAP Recall;SHAP Correlation;LIME Precision;LIME Recall;LIME Correlation;LINDA Precision;LINDA Recall;LINDA Correlation
GJ_14;0;14;0;0.5;1.0;0.25;0.9901719901719902;1.0;0.25;0.1944829850473315;0.019417475728155338;1.0;0.0
JW_14;1;14;0;0.8;1.0;0.25;0.9901719901719902;1.0;0.25;0.1949655730995581;0.019417475728155338;1.0;0.0
KN_14;0;14;0;0.5;1.0;0.25;0.9901719901719902;1.0;0.25;0.1949655730995581;0.019417475728155338;1.0;0.0
LG_14;0;14;0;0.5;1.0;0.25;0.9901719901719902;1.0;0.25;0.1949655730995581;0.019417475728155338;1.0;0.0
LKA_14;1;14;0;0.5;1.0;0.25;0.9901719901719902;1.0;0.25;0.1949655730995581;0.019417475728155338;1.0;0.0
TQ_14;1;14;0;0.5;1.0;0.25;0.9901719901719902;1.0;0.25;0.1949655730995581;0.019417475728155338;1.0;0.0
WE_14;0;14;0;0.8;1.0;0.25;0.9901719901719902;1.0;0.25;0.1949655730995581;0.019417475728155338;1.0;0.0
WT_14;1;14;0;0.8;1.0;0.25;0.9901719901719902;1.0;0.25;0.1954481611517848;0.019417475728155338;1.0;0.0
