Case ID;Actual;Prefix Length;Prediction;Prediction Probability;SHAP Precision;SHAP Recall;SHAP Correlation;LIME Precision;LIME Recall;LIME Correlation;LINDA Precision;LINDA Recall;LINDA Correlation
BH_6;0;6;0;0.6590909090909091;0.0;0.0;0.8245221010019748;1.0;0.2;0.17873918013414775;0.025510204081632654;1.0;0.0
CC_6;1;6;1;0.5396825396825397;1.0;0.14285714285714285;0.9791666666666669;1.0;0.14285714285714285;0.23735199561930556;0.03571428571428571;1.0;0.0
FN_6;0;6;1;0.8888888888888888;1.0;0.25;0.7392668483804142;1.0;0.25;0.16497070554203247;0.02040816326530612;1.0;0.0
JHA_6;0;6;0;0.8888888888888888;1.0;1.0;0.3809058751375276;0.0;0.0;0.09590527102302578;0.00510204081632653;1.0;0.0
OX_6;1;6;1;0.5396825396825397;1.0;0.14285714285714285;0.9791666666666669;1.0;0.14285714285714285;0.21247150356603392;0.03571428571428571;1.0;0.0
QIA_6;1;6;1;0.5396825396825397;1.0;0.14285714285714285;0.9791666666666669;1.0;0.14285714285714285;0.2353773533928554;0.03571428571428571;1.0;0.0
RC_6;1;6;1;0.6666666666666666;1.0;0.5;0.5296931283850052;0.0;0.0;0.12075612033862985;0.01020408163265306;1.0;0.0
VD_6;0;6;1;0.6666666666666666;0.0;0.0;0.5186290421524201;1.0;0.5;0.1024041263661937;0.01020408163265306;1.0;0.0
