Case ID,Actual,Prefix Length,Prediction,Prediction Probability
EDA_3,1,3,1,0.875
GB_3,0,3,1,0.8571428571428571
OLA_3,1,3,0,0.5210084033613446
RLA_3,1,3,0,0.5210084033613446
TN_3,0,3,0,0.5210084033613446
VF_3,0,3,0,0.5210084033613446
YL_3,1,3,1,0.875
YX_3,0,3,0,0.5210084033613446
