Case ID,Actual,Prefix Length,Prediction,Prediction Probability;SHAP Precision;SHAP Recall;SHAP Correlation
EC_4,0,4,1,0.5419354838709678;1.0;1.0;0.9999999999999999
EK_4,0,4,1,0.5419354838709678;1.0;1.0;0.9999999999999999
HT_4,0,4,1,0.5419354838709678;1.0;1.0;0.9999999999999999
II_4,1,4,1,0.5419354838709678;1.0;1.0;0.9999999999999999
SCA_4,1,4,1,0.5419354838709678;1.0;1.0;0.9999999999999999
TCA_4,1,4,1,0.5419354838709678;1.0;1.0;0.9999999999999999
XI_4,1,4,1,0.5419354838709678;1.0;1.0;0.9999999999999999
YM_4,0,4,1,0.5419354838709678;1.0;1.0;0.9999999999999999
