Case ID;Actual;Prefix Length;Prediction;Prediction Probability;SHAP Precision;SHAP Recall;SHAP Correlation;LIME Precision;LIME Recall;LIME Correlation;LINDA Precision;LINDA Recall;LINDA Correlation
DCA_5;0;5;1;0.52;1.0;0.125;0.7392187033367084;1.0;0.125;0.2614480013861925;0.0404040404040404;1.0;0.0
LH_5;0;5;0;0.6666666666666666;1.0;0.16666666666666666;0.6444860609815258;0.0;0.0;0.238838679063789;0.0303030303030303;1.0;0.0
LQ_5;1;5;1;0.52;1.0;0.125;0.7392187033367084;1.0;0.125;0.2578066643195324;0.0404040404040404;1.0;0.0
SJA_5;1;5;0;0.5454545454545454;1.0;0.09090909090909091;0.8553376185695547;1.0;0.0909090909090909;0.3048865444241369;0.0555555555555555;1.0;0.0
UU_5;0;5;0;0.6875;1.0;1.0;0.27178257261854116;0.0;0.0;0.0985009820582851;0.005050505050505;1.0;0.0
WI_5;0;5;0;0.6875;1.0;1.0;0.27178257261854116;0.0;0.0;0.0985009820582851;0.005050505050505;1.0;0.0
XM_5;1;5;1;0.7037037037037037;0.0;0.0;0.856180315730707;1.0;0.0909090909090909;0.3045747994911879;0.0555555555555555;1.0;0.0
ZEA_5;1;5;0;0.5454545454545454;1.0;0.09090909090909091;0.8620791958587729;1.0;0.0909090909090909;0.3030160748264428;0.0555555555555555;1.0;0.0
