Case ID;Actual;Prefix Length;Prediction;Prediction Probability;SHAP Precision;SHAP Recall;SHAP Correlation;LIME Precision;LIME Recall;LIME Correlation;LINDA Precision;LINDA Recall;LINDA Correlation
FX_13;1;13;0;0.5648148148148148;1.0;1.0;1.0;1.0;1.0;0.0978569689528281;0.0047846889952153;1.0;0.0
GG_13;1;13;0;0.5648148148148148;1.0;1.0;1.0;1.0;1.0;0.0978569689528281;0.0047846889952153;1.0;0.0
IM_13;0;13;0;0.5648148148148148;1.0;1.0;1.0;1.0;1.0;0.0978569689528281;0.0047846889952153;1.0;0.0
KA_13;0;13;0;0.5648148148148148;1.0;1.0;1.0;1.0;1.0;0.0978569689528281;0.0047846889952153;1.0;0.0
KX_13;1;13;0;0.5648148148148148;1.0;1.0;1.0;1.0;1.0;0.0978457079522094;0.0047846889952153;1.0;0.0
LG_13;0;13;0;0.5648148148148148;1.0;1.0;1.0;1.0;1.0;0.0978569689528281;0.0047846889952153;1.0;0.0
NP_13;0;13;1;0.7333333333333333;1.0;1.0;1.0;1.0;1.0;0.0978569689528281;0.0047846889952153;1.0;0.0
VG_13;1;13;1;0.7333333333333333;1.0;1.0;1.0;1.0;1.0;0.0978569689528281;0.0047846889952153;1.0;0.0
