Case ID,Actual,Prefix Length,Prediction,Prediction Probability;SHAP Precision;SHAP Recall;SHAP Correlation;LIME Precision;LIME Recall;LIME Correlation
AIA_8,1,8,1,0.5350877192982456;1.0;0.25;0.9877149877149876;1.0;0.25;0.1950256613514867
EQ_8,1,8,0,0.6;1.0;0.25;0.9877149877149876;1.0;0.25;0.1950256613514867
GN_8,1,8,1,0.75;1.0;0.5;0.7019095749145741;0.0;0.0;0.13790689177242293
KQ_8,0,8,1,0.5350877192982456;1.0;0.25;0.9877149877149876;1.0;0.5;0.1950256613514867
NM_8,0,8,1,0.5350877192982456;1.0;0.25;0.9877149877149876;1.0;0.25;0.1950256613514867
QP_8,0,8,1,0.5350877192982456;1.0;0.25;0.9877149877149876;1.0;0.25;0.19454292456596323
SM_8,1,8,1,0.5350877192982456;1.0;0.25;0.9877149877149876;1.0;0.25;0.1950256613514867
YZ_8,0,8,0,0.6;1.0;0.25;0.9877149877149876;1.0;0.25;0.19454292456596323
