Case ID;Actual;Prefix Length;Prediction;Prediction Probability;SHAP Precision;SHAP Recall;SHAP Correlation;LIME Precision;LIME Recall;LIME Correlation;LINDA Precision;LINDA Recall;LINDA Correlation
ADA_11;1;11;1;1.0;1.0;0.5;0.5773567841612369;1.0;0.5;0.13627415270515994;0.009389671361502348;1.0;0.0
BS_11;0;11;0;0.546875;1.0;0.16666666666666666;0.9805014703883228;1.0;0.16666666666666666;0.23330731434654786;0.028169014084507043;1.0;0.0
EL_11;0;11;0;0.8333333333333334;1.0;1.0;0.4106769156373299;1.0;1.0;0.09693252118852126;0.004694835680751174;1.0;0.0
LU_11;1;11;0;0.546875;1.0;0.16666666666666666;0.9805014703883228;1.0;0.16666666666666666;0.2310531373963397;0.028169014084507043;1.0;0.0
MC_11;1;11;0;0.546875;1.0;0.16666666666666666;0.9805014703883228;1.0;0.16666666666666666;0.23443440282165195;0.028169014084507043;1.0;0.0
SAA_11;0;11;1;1.0;1.0;0.5;0.5746139965880244;1.0;0.5;0.13627415270515994;0.009389671361502348;1.0;0.0
TN_11;0;11;1;0.875;1.0;0.16666666666666666;0.9809069212410502;1.0;0.16666666666666666;0.2326511726236881;0.028169014084507043;1.0;0.0
WT_11;1;11;0;0.546875;1.0;0.16666666666666666;0.9805014703883228;1.0;0.16666666666666666;0.2329316181881798;0.028169014084507043;1.0;0.0
