Case ID,Actual,Prefix Length,Prediction,Prediction Probability;SHAP Precision;SHAP Recall;SHAP Correlation
AIA_8,1,8,1,0.5350877192982456;1.0;0.25;0.9877149877149877
EQ_8,1,8,0,0.6;1.0;0.25;0.9877149877149877
GN_8,1,8,1,0.75;1.0;0.5;0.7019095749145741
KQ_8,0,8,1,0.5350877192982456;1.0;0.25;0.9877149877149877
NM_8,0,8,1,0.5350877192982456;1.0;0.25;0.9877149877149877
QP_8,0,8,1,0.5350877192982456;1.0;0.25;0.9877149877149877
SM_8,1,8,1,0.5350877192982456;1.0;0.25;0.9877149877149877
YZ_8,0,8,0,0.6;1.0;0.25;0.9877149877149877
