Case ID,Actual,Prefix Length,Prediction,Prediction Probability
DCA_5,0,5,1,0.52
LH_5,0,5,0,0.6666666666666666
LQ_5,1,5,1,0.52
SJA_5,1,5,0,0.5454545454545454
UU_5,0,5,0,0.6875
WI_5,0,5,0,0.6875
XM_5,1,5,1,0.7037037037037037
ZEA_5,1,5,0,0.5454545454545454
