Case ID,Actual,Prefix Length,Prediction,Prediction Probability
GL_9,1,9,0,0.5818181818181818
I_9,0,9,0,0.5818181818181818
KG_9,0,9,0,0.875
KHA_9,0,9,0,0.5818181818181818
NM_9,0,9,1,0.6111111111111112
PGA_9,1,9,1,0.6111111111111112
QIA_9,1,9,1,0.6111111111111112
WC_9,1,9,1,1.0
