Case ID;Actual;Prefix Length;Prediction;"Prediction Probability;SHAP Precision;SHAP Recall;SHAP Correlation";MAPE Correctness;RMSE Correctness;R2 Correctness;Mode
EUQD_2;1;2;0;"0.9115646258503401;1.0;0.02702702702702703;0.8644822586633165";0.16096222242614366;0.16096222242614366;-0.16096222242614366;baseline_min
FARD_2;1;2;0;"0.826530612244898;1.0;0.5;0.20275365147076346";0.7066972735970273;0.7066972735970273;-0.7066972735970273;baseline_min
HXUD_2;1;2;1;"0.9447236180904522;1.0;1.0;0.14342781281040562";1.0;1.0;-1.0;baseline_min
PKJD_2;0;2;0;"0.9295212765957447;1.0;0.14285714285714285;0.3787833892717433";0.3766506220967221;0.3766506220967221;-0.3766506220967221;baseline_min
PMEE_2;1;2;1;"0.9447236180904522;1.0;1.0;0.14342781281040562";1.0;1.0;-1.0;baseline_min
PMHE_2;0;2;0;"0.9295774647887324;1.0;0.021739130434782608;0.9632886476685644";0.14358642644474384;0.14358642644474384;-0.14358642644474384;baseline_min
SIUD_2;0;2;0;"0.826530612244898;1.0;0.5;0.20275365147076346";0.7066972735970273;0.7066972735970273;-0.7066972735970273;baseline_min
VDFE_2;0;2;0;"0.9808896390265149;1.0;0.02040816326530612;0.9935603327388328";;;;baseline_min
