Case ID;Actual;Prefix Length;Prediction;"Prediction Probability;SHAP Precision;SHAP Recall;SHAP Correlation";MAPE Correctness;RMSE Correctness;R2 Correctness;Mode
BKHE_6;0;6;0;"0.9990626757482972;1.0;0.1111111111111111;0.9996962517465527";0.8158920791230546;0.8158920791230546;-0.8158920791230546;baseline_max
FAWD_6;0;6;0;"0.9779411764705882;1.0;0.25;0.6666438991665455";0.4997779853406432;0.4997779853406432;-0.4997779853406432;baseline_max
FRFE_6;0;6;0;"0.946021840873635;1.0;0.5;0.47145284876654325";0.7069377270728185;0.7069377270728185;-0.7069377270728185;baseline_max
HXRD_6;0;6;0;"0.9990626757482972;1.0;0.1111111111111111;0.9996962517465527";0.8158920791230546;0.8158920791230546;-0.8158920791230546;baseline_max
IXEE_6;1;6;0;"0.946021840873635;1.0;0.5;0.47145284876654325";0.7069377270728185;0.7069377270728185;-0.7069377270728185;baseline_max
PBND_6;1;6;0;"0.8431372549019608;1.0;1.0;0.3334244453572663";1.0;1.0;-1.0;baseline_max
QEZD_6;1;6;0;"0.8431372549019608;1.0;1.0;0.3334244453572663";1.0;1.0;-1.0;baseline_max
SGME_6;1;6;0;"0.8431372549019608;1.0;1.0;0.3334244453572663";1.0;1.0;-1.0;baseline_max
