Case ID;Actual;Prefix Length;Prediction;Prediction Probability;SHAP Precision;SHAP Recall;SHAP Correlation;MAPE Correctness;RMSE Correctness;R2 Correctness;Mode
AEQD_9;0;9;0;1.0;1.0;0.0625;0.9985807160516436;0.9991815905779944;0.9991815905779944;-0.9993130137273386;baseline_max
GXYD_9;1;9;1;0.5107142857142857;1.0;1.0;0.250171628661603;;;;baseline_max
JAQD_9;0;9;1;0.5107142857142857;1.0;1.0;0.250171628661603;;;;baseline_max
JXCE_9;1;9;0;1.0;1.0;0.0625;0.9985807160516436;0.9991815905779944;0.9991815905779944;-0.9993130137273386;baseline_max
UQWD_9;1;9;1;0.5107142857142857;1.0;1.0;0.250171628661603;;;;baseline_max
WUOD_9;0;9;0;1.0;1.0;0.0625;0.9985807160516436;0.9991815905779944;0.9991815905779944;-0.9993130137273386;baseline_max
XWKD_9;0;9;0;0.9578947368421052;1.0;0.3333333333333333;0.43321751267122405;0.8165339175800505;0.8165339175800505;-0.8165339175800505;baseline_max
ZDMD_9;1;9;1;0.5107142857142857;1.0;1.0;0.250171628661603;;;;baseline_max
