Case ID;Actual;Prefix Length;Prediction;Prediction Probability;SHAP Precision;SHAP Recall;SHAP Correlation;MAPE Correctness;RMSE Correctness;R2 Correctness;Mode
BQL_14;1;14;1;1.0;1.0;0.5;0.5775270992915331;0.7071608971917687;0.7071608971917687;-0.7071608971917687;baseline_max
CHF_14;0;14;0;1.0;1.0;0.2;0.9124934524863874;0.8936396327790503;0.8936396327790503;-0.8937422365641734;baseline_max
MBXA_14;0;14;0;1.0;1.0;0.2;0.9124934524863874;0.8936396327790503;0.8936396327790503;-0.8937422365641734;baseline_max
PUC_14;1;14;1;1.0;1.0;0.5;0.5769966901998832;;;;baseline_max
QXKB_14;1;14;1;1.0;1.0;0.5;0.5775270992915331;0.7071608971917687;0.7071608971917687;-0.7071608971917687;baseline_max
RMEA_14;1;14;0;0.8;1.0;0.5;0.5775270992915331;0.9996938619317313;0.9996938619317313;-0.9996938619317313;baseline_max
RVAA_14;0;14;0;1.0;1.0;0.2;0.9124934524863874;0.8936396327790503;0.8936396327790503;-0.8937422365641734;baseline_max
TXOC_14;0;14;0;1.0;1.0;0.2;0.9124934524863874;0.8936396327790503;0.8936396327790503;-0.8937422365641734;baseline_max
