Case ID;Actual;Prefix Length;Prediction;"Prediction Probability;SHAP Precision;SHAP Recall;SHAP Correlation";MAPE Correctness;RMSE Correctness;R2 Correctness;Mode
CDPD;1;1;0;"0.87279843444227;1.0;0.25;0.416262157212664";0.4982468482837715;0.4982468482837715;-0.4982468482837715;baseline_mean
FRBE;0;1;0;"0.9317654503269353;1.0;0.25;0.417764734360908";0.5002923122143881;0.5002923122143881;-0.5002923122143881;baseline_mean
GDKE;1;1;1;"0.9788359788359788;1.0;0.2;0.46641083015049806";0.4451225156756639;0.4451225156756639;-0.4451225156756639;baseline_mean
HIVD;0;1;0;"0.9571899012074643;1.0;0.047619047619047616;0.9494917538885361";0.21310346159241259;0.21310346159241259;-0.21310346159241259;baseline_mean
IKRD;0;1;0;"0.9317654503269353;1.0;0.25;0.41510870961509666";0.5002923122143881;0.5002923122143881;-0.5002923122143881;baseline_mean
JTJE;0;1;0;"0.5297763406090003;1.0;0.5;0.2955279746236953";0.9993322203672788;0.9993322203672788;-0.9998330411541916;baseline_mean
NXLD;1;1;0;"0.9689858368655019;1.0;0.047619047619047616;0.9498588254428745";;;;baseline_mean
WXND;1;1;0;"0.5297763406090003;1.0;0.5;0.2955279746236953";0.9999999999999999;0.9999999999999999;-0.9998330411541916;baseline_mean
