Case ID;Actual;Prefix Length;Prediction;"Prediction Probability;SHAP Precision;SHAP Recall;SHAP Correlation";MAPE Correctness;RMSE Correctness;R2 Correctness;Mode
BKHE_6;0;6;0;"0.9990626757482972;1.0;0.1111111111111111;0.9996962517465527";0.5771530314799065;0.5771530314799065;-0.5771530314799065;baseline_0
FAWD_6;0;6;0;"0.9779411764705882;1.0;0.25;0.6666438991665455";0.865976100253009;0.865976100253009;-0.865976100253009;baseline_0
FRFE_6;0;6;0;"0.946021840873635;1.0;0.5;0.47145284876654325";0.7071309322455632;0.7071309322455632;-0.7071309322455632;baseline_0
HXRD_6;0;6;0;"0.9990626757482972;1.0;0.1111111111111111;0.9996962517465527";0.5771530314799065;0.5771530314799065;-0.5771530314799065;baseline_0
IXEE_6;1;6;0;"0.946021840873635;1.0;0.5;0.47145284876654325";0.7071309322455632;0.7071309322455632;-0.7071309322455632;baseline_0
PBND_6;1;6;0;"0.8431372549019608;1.0;1.0;0.3334244453572663";;;;baseline_0
QEZD_6;1;6;0;"0.8431372549019608;1.0;1.0;0.3334244453572663";;;;baseline_0
SGME_6;1;6;0;"0.8431372549019608;1.0;1.0;0.3334244453572663";;;;baseline_0
