Case ID;Actual;Prefix Length;Prediction;Prediction Probability;SHAP Precision;SHAP Recall;SHAP Correlation;MAPE Correctness;RMSE Correctness;R2 Correctness;Mode
EUQD_2;1;2;0;0.9115646258503401;1.0;0.02702702702702703;0.8644822586633165;0.9805288841874025;0.9805288841874025;-0.9805288841874025;baseline_max
FARD_2;1;2;0;0.826530612244898;1.0;0.5;0.20275365147076346;0.7071652850364956;0.7071652850364956;-0.7071652850364956;baseline_max
HXUD_2;1;2;1;0.9447236180904522;1.0;1.0;0.14342781281040562;;;;baseline_max
PKJD_2;0;2;0;0.9295212765957447;1.0;0.14285714285714285;0.3787833892717433;0.9253856975545496;0.9253856975545496;-0.925513384475159;baseline_max
PMEE_2;1;2;1;0.9447236180904522;1.0;1.0;0.14342781281040562;;;;baseline_max
PMHE_2;0;2;0;0.9295774647887324;1.0;0.021739130434782608;0.9632886476685644;0.982770570312374;0.982770570312374;-0.982770570312374;baseline_max
SIUD_2;0;2;0;0.826530612244898;1.0;0.5;0.20275365147076346;0.7071652850364956;0.7071652850364956;-0.7071652850364956;baseline_max
VDFE_2;0;2;0;0.9808896390265149;1.0;0.02040816326530612;0.9935603327388328;0.9933758655348771;0.9933758655348771;-0.9933758655348771;baseline_max
