Case ID;Actual;Prefix Length;Prediction;"Prediction Probability;SHAP Precision;SHAP Recall;SHAP Correlation";MAPE Correctness;RMSE Correctness;R2 Correctness;Mode
FUHD_8;0;8;0;"0.9645042839657283;1.0;1.0;0.9999999999999998";;;;baseline_min
GEMD_8;0;8;0;"0.9645042839657283;1.0;1.0;0.9999999999999998";;;;baseline_min
HISD_8;1;8;1;"0.5260663507109005;1.0;1.0;0.9999999999999998";0.9999999999999998;0.9999999999999998;-0.9999999999999998;baseline_min
IRUD_8;0;8;0;"0.9645042839657283;1.0;1.0;0.9999999999999998";;;;baseline_min
JXCE_8;1;8;0;"0.9645042839657283;1.0;1.0;0.9999999999999998";;;;baseline_min
LDMD_8;1;8;0;"0.9645042839657283;1.0;1.0;0.9999999999999998";;;;baseline_min
WEYD_8;0;8;0;"0.9645042839657283;1.0;1.0;0.9999999999999998";;;;baseline_min
ZVMD_8;1;8;0;"0.9645042839657283;1.0;1.0;0.9999999999999998";;;;baseline_min
