Case ID;Actual;Prefix Length;Prediction;"Prediction Probability;SHAP Precision;SHAP Recall;SHAP Correlation";MAPE Correctness;RMSE Correctness;R2 Correctness;Mode
BUWD_5;1;5;0;"0.7018121911037891;0.0;0.0;0.15467402371889774";0.4467409303267704;0.4467409303267704;-0.4467409303267704;baseline_0
DAGE_5;1;5;0;"0.7018121911037891;0.0;0.0;0.15465453845513877";0.4467409303267704;0.4467409303267704;-0.4467409303267704;baseline_0
HCPD_5;0;5;0;"0.9534883720930233;1.0;0.023809523809523808;0.45718659082726243";0.217228263805699;0.217228263805699;-0.21721996486510073;baseline_0
JLPD_5;0;5;0;"1.0;1.0;0.012345679012345678;0.6334550145852383";0.111448118591444;0.111448118591444;-0.111448118591444;baseline_0
PRBE_5;0;5;0;"0.9534883720930233;0.0;0.0;0.45748955177924844";0.21719526794273772;0.21719526794273772;-0.21721996486510073;baseline_0
VDBE_5;0;5;0;"0.7018121911037891;0.0;0.0;0.15474222214205421";0.4467409303267704;0.4467409303267704;-0.4467409303267704;baseline_0
ZGOE_5;1;5;0;"0.7018121911037891;0.0;0.0;0.15469350898265674";0.4467409303267704;0.4467409303267704;-0.4467409303267704;baseline_0
ZNND_5;1;5;0;"1.0;1.0;0.024691358024691357;0.6337244728085314";0.111448118591444;0.111448118591444;-0.111448118591444;baseline_0
