Case ID;Actual;Prefix Length;Prediction;"Prediction Probability;SHAP Precision;SHAP Recall;SHAP Correlation";MAPE Correctness;RMSE Correctness;R2 Correctness;Mode
BTW_10;0;10;0;"0.9779264214046822;1.0;0.5;1.0";;;;baseline_min
FGN_10;1;10;1;"0.9615384615384616;1.0;1.0;0.70713986917146";1.0;1.0;-1.0;baseline_min
FSZD_10;0;10;0;"0.9779264214046822;1.0;0.5;1.0";;;;baseline_min
HKWA_10;1;10;1;"0.9615384615384616;1.0;1.0;0.70713986917146";1.0;1.0;-1.0;baseline_min
KJNC_10;1;10;1;"0.9615384615384616;1.0;1.0;0.70713986917146";1.0;1.0;-1.0;baseline_min
ODNA_10;1;10;1;"0.9615384615384616;1.0;1.0;0.70713986917146";1.0;1.0;-1.0;baseline_min
RMC_10;0;10;0;"0.9779264214046822;1.0;0.5;1.0";;;;baseline_min
UNPD_10;0;10;0;"0.9779264214046822;1.0;0.5;1.0";;;;baseline_min
