Case ID;Actual;Prefix Length;Prediction;"Prediction Probability;SHAP Precision;SHAP Recall;SHAP Correlation";MAPE Correctness;RMSE Correctness;R2 Correctness;Mode
BBH_13;0;13;0;"0.625;1.0;0.5;0.5344137022438634";0.7067710473807691;0.7067710473807691;-0.7067710473807691;baseline_0
ELJ_13;1;13;1;"0.65;1.0;1.0;0.3781183777891417";1.0;1.0;-1.0;baseline_0
FIL_13;1;13;0;"0.625;1.0;0.5;0.5345587853719328";0.7067710473807691;0.7067710473807691;-0.7067710473807691;baseline_0
IBOC_13;0;13;0;"0.9965277777777778;1.0;0.14285714285714285;0.9996121174508359";;;;baseline_0
KCHA_13;0;13;0;"0.9965277777777778;1.0;0.14285714285714285;0.9996121174508359";;;;baseline_0
VGH_13;1;13;1;"0.65;1.0;1.0;0.3781183777891417";1.0;1.0;-1.0;baseline_0
WIK_13;0;13;1;"0.65;1.0;1.0;0.3781183777891417";1.0;1.0;-1.0;baseline_0
ZVMD_13;1;13;0;"0.8421052631578947;1.0;0.14285714285714285;0.9993793879213375";0.37688739012406586;0.37688739012406586;-0.37688739012406586;baseline_0
