Case ID;Actual;Prefix Length;Prediction;Prediction Probability;SHAP Precision;SHAP Recall;SHAP Correlation;MAPE Correctness;RMSE Correctness;R2 Correctness;Mode
HYFE_4;0;4;0;0.9388448471121178;0.0;0.0;0.24882298405566172;0.5340615559347255;0.5340615559347255;-0.5340615559347255;baseline_mean
KDWD_4;0;4;0;1.0;1.0;0.009900990099009901;0.9548770920572248;;;;baseline_mean
RGJE_4;0;4;0;0.9883466860888566;0.0;0.0;0.32513565821244933;0.2880854759691561;0.2880854759691561;-0.2880854759691561;baseline_mean
RTCE_4;1;4;0;0.9388448471121178;0.0;0.0;0.2484779771183262;0.5340615559347255;0.5340615559347255;-0.5340615559347255;baseline_mean
TFID_4;0;4;0;1.0;1.0;0.009900990099009901;0.9548770920572248;;;;baseline_mean
ULIE_4;1;4;0;0.9388448471121178;0.0;0.0;0.2486239415918143;0.5340615559347255;0.5340615559347255;-0.5340615559347255;baseline_mean
YDZD_4;1;4;0;0.9388448471121178;0.0;0.0;0.2484779771183262;0.5340615559347255;0.5340615559347255;-0.5340615559347255;baseline_mean
ZDMD_4;1;4;0;1.0;1.0;0.009900990099009901;0.9548770920572248;;;;baseline_mean
