Case ID;Actual;Prefix Length;Prediction;"Prediction Probability;SHAP Precision;SHAP Recall;SHAP Correlation";MAPE Correctness;RMSE Correctness;R2 Correctness;Mode
BAUD_3;0;3;0;"1.0;1.0;0.022727272727272728;0.8980357191249856";0.9503368716733179;0.9503368716733179;-0.9503073156852888;baseline_max
FUKE_3;1;3;0;"0.877668782458165;1.0;0.5;0.19297995720580785";0.7071471538367381;0.7071471538367381;-0.7071471538367381;baseline_max
JQQD_3;1;3;1;"0.9225700164744646;1.0;1.0;0.1364964017237689";;;;baseline_max
QNQD_3;0;3;0;"0.9963125797759184;1.0;0.05263157894736842;0.5931167302078968";0.9434289287671335;0.9434289287671335;-0.9434289287671335;baseline_max
QSZD_3;1;3;1;"0.9225700164744646;1.0;1.0;0.1364964017237689";;;;baseline_max
VKFE_3;1;3;1;"0.9225700164744646;1.0;1.0;0.1364964017237689";;;;baseline_max
XPWD_3;0;3;0;"1.0;1.0;0.022727272727272728;0.8980357191249856";0.9503368716733179;0.9503368716733179;-0.9503073156852888;baseline_max
YZJD_3;0;3;0;"0.9762566844919786;1.0;0.2;0.3050060938647203";0.8942739408979425;0.8942739408979425;-0.8942739408979425;baseline_max
