Case ID;Actual;Prefix Length;Prediction;Prediction Probability;SHAP Precision;SHAP Recall;SHAP Correlation;MAPE Correctness;RMSE Correctness;R2 Correctness;Mode
CNFB_12;0;12;0;1.0;1.0;0.07692307692307693;0.9985474792713187;0.9983151748703606;0.9983151748703606;-0.9992129081818659;baseline_max
FHKC_12;0;12;0;0.5;1.0;0.08333333333333333;0.9594041664845597;0.9113627271143541;0.9113627271143541;-0.9122124314766553;baseline_max
GDM_12;0;12;0;1.0;1.0;0.07692307692307693;0.9985474792713187;0.9983151748703606;0.9983151748703606;-0.9992129081818659;baseline_max
LHH_12;1;12;1;0.6666666666666666;1.0;1.0;0.2775682264185397;;;;baseline_max
OGL_12;1;12;1;0.6666666666666666;1.0;1.0;0.2775682264185397;;;;baseline_max
OUE_12;1;12;0;0.5714285714285714;1.0;0.25;0.5548093354005675;0.8658930738118168;0.8658930738118168;-0.8658930738118168;baseline_max
QWKC_12;0;12;0;1.0;1.0;0.07692307692307693;0.9985474792713187;0.9983151748703606;0.9983151748703606;-0.9992129081818659;baseline_max
WPRC_12;1;12;1;0.6666666666666666;1.0;0.3333333333333333;0.48044751625225524;0.5771234768598011;0.5771234768598011;-0.5771234768598011;baseline_max
