Case ID;Actual;Prefix Length;Prediction;"Prediction Probability;SHAP Precision;SHAP Recall;SHAP Correlation";MAPE Correctness;RMSE Correctness;R2 Correctness;Mode
HYFE_4;0;4;0;"0.9388448471121178;0.0;0.0;0.24882298405566172";0.9995330618174272;0.9995330618174272;-0.9995330618174272;baseline_max
KDWD_4;0;4;0;"1.0;1.0;0.009900990099009901;0.9548770920572248";0.9874139044626177;0.9874139044626177;-0.9849815869736136;baseline_max
RGJE_4;0;4;0;"0.9883466860888566;0.0;0.0;0.32513565821244933";0.9117598574247819;0.9117598574247819;-0.9117598574247819;baseline_max
RTCE_4;1;4;0;"0.9388448471121178;0.0;0.0;0.2484779771183262";0.9995330618174272;0.9995330618174272;-0.9995330618174272;baseline_max
TFID_4;0;4;0;"1.0;1.0;0.009900990099009901;0.9548770920572248";0.9874139044626177;0.9874139044626177;-0.9849815869736136;baseline_max
ULIE_4;1;4;0;"0.9388448471121178;0.0;0.0;0.2486239415918143";0.9995330618174272;0.9995330618174272;-0.9995330618174272;baseline_max
YDZD_4;1;4;0;"0.9388448471121178;0.0;0.0;0.2484779771183262";0.9995330618174272;0.9995330618174272;-0.9995330618174272;baseline_max
ZDMD_4;1;4;0;"1.0;1.0;0.009900990099009901;0.9548770920572248";0.9874139044626177;0.9874139044626177;-0.9849815869736136;baseline_max
