Case ID;Actual;Prefix Length;Prediction;"Prediction Probability;SHAP Precision;SHAP Recall;SHAP Correlation";MAPE Correctness;RMSE Correctness;R2 Correctness;Mode
BAUD_3;0;3;0;"1.0;1.0;0.022727272727272728;0.8980357191249856";0.1509890833818336;0.1509890833818336;-0.1509890833818336;baseline_mean
FUKE_3;1;3;0;"0.877668782458165;1.0;0.5;0.19297995720580785";0.7068241818550817;0.7068241818550817;-0.7068241818550817;baseline_mean
JQQD_3;1;3;1;"0.9225700164744646;1.0;1.0;0.1364964017237689";1.0;1.0;-1.0;baseline_mean
QNQD_3;0;3;0;"0.9963125797759184;1.0;0.05263157894736842;0.5931167302078968";0.39705705368015837;0.39705705368015837;-0.39705705368015837;baseline_mean
QSZD_3;1;3;1;"0.9225700164744646;1.0;1.0;0.1364964017237689";1.0;1.0;-1.0;baseline_mean
VKFE_3;1;3;1;"0.9225700164744646;1.0;1.0;0.1364964017237689";1.0;1.0;-1.0;baseline_mean
XPWD_3;0;3;0;"1.0;1.0;0.022727272727272728;0.8980357191249856";0.1509890833818336;0.1509890833818336;-0.1509890833818336;baseline_mean
YZJD_3;0;3;0;"0.9762566844919786;1.0;0.2;0.3050060938647203";;;;baseline_mean
