Case ID;Actual;Prefix Length;Prediction;Prediction Probability;SHAP Precision;SHAP Recall;SHAP Correlation;MAPE Correctness;RMSE Correctness;R2 Correctness;Mode
CNFB_12;0;12;0;1.0;1.0;0.07692307692307693;0.9985474792713187;;;;baseline_min
FHKC_12;0;12;0;0.5;1.0;0.08333333333333333;0.9594041664845597;0.28721906862533536;0.28721906862533536;-0.28721906862533536;baseline_min
GDM_12;0;12;0;1.0;1.0;0.07692307692307693;0.9985474792713187;;;;baseline_min
LHH_12;1;12;1;0.6666666666666666;1.0;1.0;0.2775682264185397;1.0;1.0;-1.0;baseline_min
OGL_12;1;12;1;0.6666666666666666;1.0;1.0;0.2775682264185397;1.0;1.0;-1.0;baseline_min
OUE_12;1;12;0;0.5714285714285714;1.0;0.25;0.5548093354005675;0.49931252190900555;0.49931252190900555;-0.49931252190900555;baseline_min
QWKC_12;0;12;0;1.0;1.0;0.07692307692307693;0.9985474792713187;;;;baseline_min
WPRC_12;1;12;1;0.6666666666666666;1.0;0.3333333333333333;0.48044751625225524;0.5768210804873307;0.5768210804873307;-0.5768210804873307;baseline_min
