Case ID;Actual;Prefix Length;Prediction;"Prediction Probability;SHAP Precision;SHAP Recall;SHAP Correlation";MAPE Correctness;RMSE Correctness;R2 Correctness;Mode
HYFE_4;0;4;0;"0.9388448471121178;0.0;0.0;0.24882298405566172";;;;baseline_0
KDWD_4;0;4;0;"1.0;1.0;0.009900990099009901;0.9548770920572248";0.14120200603027966;0.14120200603027966;-0.14119558470779442;baseline_0
RGJE_4;0;4;0;"0.9883466860888566;0.0;0.0;0.32513565821244933";0.4076182052700972;0.4076182052700972;-0.4076182052700972;baseline_0
RTCE_4;1;4;0;"0.9388448471121178;0.0;0.0;0.2484779771183262";;;;baseline_0
TFID_4;0;4;0;"1.0;1.0;0.009900990099009901;0.9548770920572248";0.14120200603027966;0.14120200603027966;-0.14119558470779442;baseline_0
ULIE_4;1;4;0;"0.9388448471121178;0.0;0.0;0.2486239415918143";;;;baseline_0
YDZD_4;1;4;0;"0.9388448471121178;0.0;0.0;0.2484779771183262";;;;baseline_0
ZDMD_4;1;4;0;"1.0;1.0;0.009900990099009901;0.9548770920572248";0.14120200603027966;0.14120200603027966;-0.14119558470779442;baseline_0
