Case ID;Actual;Prefix Length;Prediction;Prediction Probability;SHAP Precision;SHAP Recall;SHAP Correlation;MAPE Correctness;RMSE Correctness;R2 Correctness;Mode
AEQD_9;0;9;0;1.0;1.0;0.0625;0.9985807160516436;;;;baseline_mean
GXYD_9;1;9;1;0.5107142857142857;1.0;1.0;0.250171628661603;1.0;1.0;-1.0;baseline_mean
JAQD_9;0;9;1;0.5107142857142857;1.0;1.0;0.250171628661603;1.0;1.0;-1.0;baseline_mean
JXCE_9;1;9;0;1.0;1.0;0.0625;0.9985807160516436;;;;baseline_mean
UQWD_9;1;9;1;0.5107142857142857;1.0;1.0;0.250171628661603;1.0;1.0;-1.0;baseline_mean
WUOD_9;0;9;0;1.0;1.0;0.0625;0.9985807160516436;;;;baseline_mean
XWKD_9;0;9;0;0.9578947368421052;1.0;0.3333333333333333;0.43321751267122405;0.5769806829525853;0.5769806829525853;-0.5769806829525853;baseline_mean
ZDMD_9;1;9;1;0.5107142857142857;1.0;1.0;0.250171628661603;1.0;1.0;-1.0;baseline_mean
