Case ID;Actual;Prefix Length;Prediction;Prediction Probability;SHAP Precision;SHAP Recall;SHAP Correlation;MAPE Correctness;RMSE Correctness;R2 Correctness;Mode
EDB_11;1;11;1;0.9285714285714286;1.0;1.0;0.7071481360879595;1.0;1.0;-1.0;baseline_min
ELJ_11;1;11;1;0.65;1.0;0.5;0.9997660545092995;0.7068173065506084;0.7068173065506084;-0.7068173065506084;baseline_min
EMC_11;0;11;0;0.9678899082568807;1.0;1.0;0.9997660545092995;;;;baseline_min
LKEA_11;0;11;0;0.9678899082568807;1.0;1.0;0.9997660545092995;;;;baseline_min
MSAE_11;0;11;0;0.9678899082568807;1.0;1.0;0.9997660545092995;;;;baseline_min
PSTC_11;0;11;0;0.9678899082568807;1.0;1.0;0.9997660545092995;;;;baseline_min
PUC_11;1;11;0;0.9678899082568807;1.0;1.0;0.9997660545092995;;;;baseline_min
URID_11;1;11;1;0.9285714285714286;1.0;1.0;0.7071481360879595;1.0;1.0;-1.0;baseline_min
