Case ID;Actual;Prefix Length;Prediction;"Prediction Probability;SHAP Precision;SHAP Recall;SHAP Correlation";MAPE Correctness;RMSE Correctness;R2 Correctness;Mode
CDPD;1;1;0;"0.87279843444227;1.0;0.25;0.416262157212664";0.7059259475139275;0.7059259475139275;-0.7062800418373182;baseline_0
FRBE;0;1;0;"0.9317654503269353;1.0;0.25;0.417764734360908";0.7062211140019984;0.7062211140019984;-0.7061028097596289;baseline_0
GDKE;1;1;1;"0.9788359788359788;1.0;0.2;0.46641083015049806";0.6310823154682949;0.6310823154682949;-0.6310823154682949;baseline_0
HIVD;0;1;0;"0.9571899012074643;1.0;0.047619047619047616;0.9494917538885361";0.21894992144405628;0.21894992144405628;-0.21894992144405628;baseline_0
IKRD;0;1;0;"0.9317654503269353;1.0;0.25;0.41510870961509666";0.7062211140019984;0.7062211140019984;-0.7061028097596289;baseline_0
JTJE;0;1;0;"0.5297763406090003;1.0;0.5;0.2955279746236953";;;;baseline_0
NXLD;1;1;0;"0.9689858368655019;1.0;0.047619047619047616;0.9498588254428745";0.3056622447453031;0.3056622447453031;-0.3056622447453031;baseline_0
WXND;1;1;0;"0.5297763406090003;1.0;0.5;0.2955279746236953";;;;baseline_0
