Case ID;Actual;Prefix Length;Prediction;Prediction Probability;SHAP Precision;SHAP Recall;SHAP Correlation;MAPE Correctness;RMSE Correctness;R2 Correctness;Mode
BQL_14;1;14;1;1.0;1.0;0.5;0.5775270992915331;0.7067279857150672;0.7067279857150672;-0.7067279857150672;baseline_min
CHF_14;0;14;0;1.0;1.0;0.2;0.9124934524863874;0.44735054653532247;0.44735054653532247;-0.44735054653532247;baseline_min
MBXA_14;0;14;0;1.0;1.0;0.2;0.9124934524863874;0.44735054653532247;0.44735054653532247;-0.44735054653532247;baseline_min
PUC_14;1;14;1;1.0;1.0;0.5;0.5769966901998832;1.0;1.0;-0.9999234625539426;baseline_min
QXKB_14;1;14;1;1.0;1.0;0.5;0.5775270992915331;0.7067279857150672;0.7067279857150672;-0.7067279857150672;baseline_min
RMEA_14;1;14;0;0.8;1.0;0.5;0.5775270992915331;;;;baseline_min
RVAA_14;0;14;0;1.0;1.0;0.2;0.9124934524863874;0.44735054653532247;0.44735054653532247;-0.44735054653532247;baseline_min
TXOC_14;0;14;0;1.0;1.0;0.2;0.9124934524863874;0.44735054653532247;0.44735054653532247;-0.44735054653532247;baseline_min
