Case ID;Actual;Prefix Length;Prediction;"Prediction Probability;SHAP Precision;SHAP Recall;SHAP Correlation";MAPE Correctness;RMSE Correctness;R2 Correctness;Mode
BUWD_5;1;5;0;"0.7018121911037891;0.0;0.0;0.15467402371889774";0.8942583617094485;0.8942583617094485;-0.8942583617094485;baseline_max
DAGE_5;1;5;0;"0.7018121911037891;0.0;0.0;0.15465453845513877";0.8942583617094485;0.8942583617094485;-0.8942583617094485;baseline_max
HCPD_5;0;5;0;"0.9534883720930233;1.0;0.023809523809523808;0.45718659082726243";0.9739271245973675;0.9739271245973675;-0.974236114908547;baseline_max
JLPD_5;0;5;0;"1.0;1.0;0.012345679012345678;0.6334550145852383";0.9853168081724437;0.9853168081724437;-0.9844184284132386;baseline_max
PRBE_5;0;5;0;"0.9534883720930233;0.0;0.0;0.45748955177924844";0.9739271245973675;0.9739271245973675;-0.974236114908547;baseline_max
VDBE_5;0;5;0;"0.7018121911037891;0.0;0.0;0.15474222214205421";0.8943258936805789;0.8943258936805789;-0.8943258936805789;baseline_max
ZGOE_5;1;5;0;"0.7018121911037891;0.0;0.0;0.15469350898265674";0.8942583617094485;0.8942583617094485;-0.8942583617094485;baseline_max
ZNND_5;1;5;0;"1.0;1.0;0.024691358024691357;0.6337244728085314";0.9790721814234515;0.9790721814234515;-0.9782044750220166;baseline_max
