Case ID;Actual;Prefix Length;Prediction;Prediction Probability;SHAP Precision;SHAP Recall;SHAP Correlation;MAPE Correctness;RMSE Correctness;R2 Correctness;Mode
BTW_10;0;10;0;0.9779264214046822;1.0;0.5;1.0;1.0;1.0;-1.0;permutation
FGN_10;1;10;1;0.9615384615384616;1.0;1.0;0.70713986917146;1.0;1.0;-1.0;permutation
FSZD_10;0;10;0;0.9779264214046822;1.0;0.5;1.0;1.0;1.0;-1.0;permutation
HKWA_10;1;10;1;0.9615384615384616;1.0;1.0;0.70713986917146;1.0;1.0;-1.0;permutation
KJNC_10;1;10;1;0.9615384615384616;1.0;1.0;0.70713986917146;1.0;1.0;-1.0;permutation
ODNA_10;1;10;1;0.9615384615384616;1.0;1.0;0.70713986917146;1.0;1.0;-1.0;permutation
RMC_10;0;10;0;0.9779264214046822;1.0;0.5;1.0;1.0;1.0;-1.0;permutation
UNPD_10;0;10;0;0.9779264214046822;1.0;0.5;1.0;1.0;1.0;-1.0;permutation
