Case ID;Actual;Prefix Length;Prediction;"Prediction Probability;SHAP Precision;SHAP Recall;SHAP Correlation";MAPE Correctness;RMSE Correctness;R2 Correctness;Mode
CDPD;1;1;0;"0.87279843444227;1.0;0.25;0.416262157212664";0.9986635482793185;0.9989976612094887;-0.9994987049563839;permutation
FRBE;0;1;0;"0.9317654503269353;1.0;0.25;0.417764734360908";0.9989140457540928;0.9989140457540928;-0.9995822017782962;permutation
GDKE;1;1;1;"0.9788359788359788;1.0;0.2;0.46641083015049806";0.9981283422459893;0.9981283422459893;-0.9981283422459893;permutation
HIVD;0;1;0;"0.9571899012074643;1.0;0.047619047619047616;0.9494917538885361";0.9951996927803378;0.9954557091653865;-0.9954557091653865;permutation
IKRD;0;1;0;"0.9317654503269353;1.0;0.25;0.41510870961509666";0.9992481865956231;0.9992481865956231;-0.9995822017782962;permutation
JTJE;0;1;0;"0.5297763406090003;1.0;0.5;0.2955279746236953";0.9993322203672788;0.9993322203672788;-0.9998330411541916;permutation
NXLD;1;1;0;"0.9689858368655019;1.0;0.047619047619047616;0.9498588254428745";0.995327700972862;0.995327700972862;-0.995327700972862;permutation
WXND;1;1;0;"0.5297763406090003;1.0;0.5;0.2955279746236953";0.9999999999999999;0.9999999999999999;-0.9998330411541916;permutation
