Case ID;Actual;Prefix Length;Prediction;Prediction Probability;SHAP Precision;SHAP Recall;SHAP Correlation;MAPE Correctness;RMSE Correctness;R2 Correctness;Mode
BBH_13;0;13;0;0.625;1.0;0.5;0.5344137022438634;0.9999999999999999;0.9999999999999999;-0.999932164297992;permutation
ELJ_13;1;13;1;0.65;1.0;1.0;0.3781183777891417;1.0;1.0;-1.0;permutation
FIL_13;1;13;0;0.625;1.0;0.5;0.5345587853719328;0.999728666395333;0.999728666395333;-0.999932164297992;permutation
IBOC_13;0;13;0;0.9965277777777778;1.0;0.14285714285714285;0.9996121174508359;0.9993018114115046;0.9993018114115046;-0.9993018114115046;permutation
KCHA_13;0;13;0;0.9965277777777778;1.0;0.14285714285714285;0.9996121174508359;0.9993018114115046;0.9993018114115046;-0.9993018114115046;permutation
VGH_13;1;13;1;0.65;1.0;1.0;0.3781183777891417;1.0;1.0;-1.0;permutation
WIK_13;0;13;1;0.65;1.0;1.0;0.3781183777891417;1.0;1.0;-1.0;permutation
ZVMD_13;1;13;0;0.8421052631578947;1.0;0.14285714285714285;0.9993793879213375;0.9991466583918388;0.9992242349016718;-0.9992242349016718;permutation
