Case ID;Actual;Prefix Length;Prediction;Prediction Probability;SHAP Precision;SHAP Recall;SHAP Correlation;MAPE Correctness;RMSE Correctness;R2 Correctness;Mode
BKHE_6;0;6;0;0.9990626757482972;1.0;0.1111111111111111;0.9996962517465527;0.9994836279691394;0.9994836279691394;-0.9994836279691394;permutation
FAWD_6;0;6;0;0.9779411764705882;1.0;0.25;0.6666438991665455;0.9998633599781376;0.9998633599781376;-0.9998633599781376;permutation
FRFE_6;0;6;0;0.946021840873635;1.0;0.5;0.47145284876654325;0.9999999999999999;0.9999999999999999;-0.9999999999999999;permutation
HXRD_6;0;6;0;0.9990626757482972;1.0;0.1111111111111111;0.9996962517465527;0.9994836279691394;0.9994836279691394;-0.9994836279691394;permutation
IXEE_6;1;6;0;0.946021840873635;1.0;0.5;0.47145284876654325;0.9999999999999999;0.9999999999999999;-0.9999999999999999;permutation
PBND_6;1;6;0;0.8431372549019608;1.0;1.0;0.3334244453572663;1.0;1.0;-1.0;permutation
QEZD_6;1;6;0;0.8431372549019608;1.0;1.0;0.3334244453572663;1.0;1.0;-1.0;permutation
SGME_6;1;6;0;0.8431372549019608;1.0;1.0;0.3334244453572663;1.0;1.0;-1.0;permutation
