Case ID;Actual;Prefix Length;Prediction;Prediction Probability;SHAP Precision;SHAP Recall;SHAP Correlation;MAPE Correctness;RMSE Correctness;R2 Correctness;Mode
EUQD_2;1;2;0;0.9115646258503401;1.0;0.02702702702702703;0.8644822586633165;0.9940079893475366;0.9939720012955698;-0.9939720012955698;permutation
FARD_2;1;2;0;0.826530612244898;1.0;0.5;0.20275365147076346;1.0;1.0;-1.0;permutation
HXUD_2;1;2;1;0.9447236180904522;1.0;1.0;0.14342781281040562;1.0;1.0;-1.0;permutation
PKJD_2;0;2;0;0.9295212765957447;1.0;0.14285714285714285;0.3787833892717433;0.9993375289831071;0.9994321676998061;-0.9995030232443826;permutation
PMEE_2;1;2;1;0.9447236180904522;1.0;1.0;0.14342781281040562;1.0;1.0;-1.0;permutation
PMHE_2;0;2;0;0.9295774647887324;1.0;0.021739130434782608;0.9632886476685644;0.9935351544097929;0.9935061640708234;-0.9935061640708234;permutation
SIUD_2;0;2;0;0.826530612244898;1.0;0.5;0.20275365147076346;1.0;1.0;-1.0;permutation
VDFE_2;0;2;0;0.9808896390265149;1.0;0.02040816326530612;0.9935603327388328;0.993342500442472;0.9933288859239494;-0.9933288859239494;permutation
