Case ID;Actual;Prefix Length;Prediction;"Prediction Probability;SHAP Precision;SHAP Recall;SHAP Correlation";MAPE Correctness;RMSE Correctness;R2 Correctness;Mode
CNFB_12;0;12;0;"1.0;1.0;0.07692307692307693;0.9985474792713187";0.9983457402812241;0.9983457402812241;-0.9992129081818659;permutation
FHKC_12;0;12;0;"0.5;1.0;0.08333333333333333;0.9594041664845597";0.9554358576974217;0.9554358576974217;-0.9565880020539773;permutation
GDM_12;0;12;0;"1.0;1.0;0.07692307692307693;0.9985474792713187";0.9983457402812241;0.9983457402812241;-0.9992129081818659;permutation
LHH_12;1;12;1;"0.6666666666666666;1.0;1.0;0.2775682264185397";1.0;1.0;-1.0;permutation
OGL_12;1;12;1;"0.6666666666666666;1.0;1.0;0.2775682264185397";1.0;1.0;-1.0;permutation
OUE_12;1;12;0;"0.5714285714285714;1.0;0.25;0.5548093354005675";0.9994760969220693;0.9994760969220693;-0.9994760969220693;permutation
QWKC_12;0;12;0;"1.0;1.0;0.07692307692307693;0.9985474792713187";0.9983457402812241;0.9983457402812241;-0.9992129081818659;permutation
WPRC_12;1;12;1;"0.6666666666666666;1.0;0.3333333333333333;0.48044751625225524";0.8159085212354984;0.8159085212354984;-0.8159085212354984;permutation
