Case ID;Actual;Prefix Length;Prediction;"Prediction Probability;SHAP Precision;SHAP Recall;SHAP Correlation";MAPE Correctness;RMSE Correctness;R2 Correctness;Mode
FUHD_8;0;8;0;"0.9645042839657283;1.0;1.0;0.9999999999999998";0.9999999999999998;0.9999999999999998;-0.9999999999999998;permutation
GEMD_8;0;8;0;"0.9645042839657283;1.0;1.0;0.9999999999999998";0.9999999999999998;0.9999999999999998;-0.9999999999999998;permutation
HISD_8;1;8;1;"0.5260663507109005;1.0;1.0;0.9999999999999998";0.9999999999999998;0.9999999999999998;-0.9999999999999998;permutation
IRUD_8;0;8;0;"0.9645042839657283;1.0;1.0;0.9999999999999998";0.9999999999999998;0.9999999999999998;-0.9999999999999998;permutation
JXCE_8;1;8;0;"0.9645042839657283;1.0;1.0;0.9999999999999998";0.9999999999999998;0.9999999999999998;-0.9999999999999998;permutation
LDMD_8;1;8;0;"0.9645042839657283;1.0;1.0;0.9999999999999998";0.9999999999999998;0.9999999999999998;-0.9999999999999998;permutation
WEYD_8;0;8;0;"0.9645042839657283;1.0;1.0;0.9999999999999998";0.9999999999999998;0.9999999999999998;-0.9999999999999998;permutation
ZVMD_8;1;8;0;"0.9645042839657283;1.0;1.0;0.9999999999999998";0.9999999999999998;0.9999999999999998;-0.9999999999999998;permutation
