Case ID,Actual,Prefix Length,Prediction,Prediction Probability;SHAP Precision;SHAP Recall;SHAP Correlation;LIME Precision;LIME Recall;LIME Correlation
CDPD,1,1,0,0.87279843444227;1.0;0.25;0.416262157212664;0.0;0.0;0.02884085433076439
FRBE,0,1,0,0.9317654503269353;1.0;0.25;0.417764734360908;0.0;0.0;0.029547059047146915
GDKE,1,1,1,0.9788359788359788;1.0;0.2;0.4664108301504981;1.0;0.2;0.03083673949869869
HIVD,0,1,0,0.9571899012074643;1.0;0.047619047619047616;0.949491753888536;1.0;0.047619047619047616;0.06190497190288502
IKRD,0,1,0,0.9317654503269353;1.0;0.25;0.4151087096150967;0.0;0.0;0.03213998942738129
JTJE,0,1,0,0.5297763406090003;1.0;0.5;0.2955279746236953;0.0;0.0;0.04253640228629338
NXLD,1,1,0,0.9689858368655019;1.0;0.047619047619047616;0.9498588254428744;1.0;0.047619047619047616;0.059073451605213816
WXND,1,1,0,0.5297763406090003;1.0;0.5;0.2955279746236953;0.0;0.0;0.042710946407287606
