Case ID,Actual,Prefix Length,Prediction,Prediction Probability
FUHD_8,0,8,0,0.9645042839657283
GEMD_8,0,8,0,0.9645042839657283
HISD_8,1,8,1,0.5260663507109005
IRUD_8,0,8,0,0.9645042839657283
JXCE_8,1,8,0,0.9645042839657283
LDMD_8,1,8,0,0.9645042839657283
WEYD_8,0,8,0,0.9645042839657283
ZVMD_8,1,8,0,0.9645042839657283
