Case ID,Actual,Prefix Length,Prediction,Prediction Probability
BUWD_5,1,5,0,0.7018121911037891
DAGE_5,1,5,0,0.7018121911037891
HCPD_5,0,5,0,0.9534883720930233
JLPD_5,0,5,0,1.0
PRBE_5,0,5,0,0.9534883720930233
VDBE_5,0,5,0,0.7018121911037891
ZGOE_5,1,5,0,0.7018121911037891
ZNND_5,1,5,0,1.0
