Case ID,Actual,Prefix Length,Prediction,Prediction Probability;SHAP Precision;SHAP Recall;SHAP Correlation
EUQD_2,1,2,0,0.9115646258503401;1.0;0.02702702702702703;0.8644822586633165
FARD_2,1,2,0,0.826530612244898;1.0;0.5;0.20275365147076346
HXUD_2,1,2,1,0.9447236180904522;1.0;1.0;0.14342781281040562
PKJD_2,0,2,0,0.9295212765957447;1.0;0.14285714285714285;0.3787833892717433
PMEE_2,1,2,1,0.9447236180904522;1.0;1.0;0.14342781281040562
PMHE_2,0,2,0,0.9295774647887324;1.0;0.021739130434782608;0.9632886476685644
SIUD_2,0,2,0,0.826530612244898;1.0;0.5;0.20275365147076346
VDFE_2,0,2,0,0.9808896390265149;1.0;0.02040816326530612;0.9935603327388328
