Case ID,Actual,Prefix Length,Prediction,Prediction Probability;SHAP Precision;SHAP Recall;SHAP Correlation;LIME Precision;LIME Recall;LIME Correlation
EDB_11,1,11,1,0.9285714285714286;1.0;1.0;0.7071481360879595;1.0;1.0;0.021627963701664876
ELJ_11,1,11,1,0.65;1.0;0.5;0.9997660545092996;1.0;0.5;0.03058477085340809
EMC_11,0,11,0,0.9678899082568807;1.0;1.0;0.9997660545092996;1.0;0.5;0.03058477085340809
LKEA_11,0,11,0,0.9678899082568807;1.0;1.0;0.9997660545092996;1.0;0.5;0.03058477085340809
MSAE_11,0,11,0,0.9678899082568807;1.0;1.0;0.9997660545092996;1.0;0.5;0.03058477085340809
PSTC_11,0,11,0,0.9678899082568807;1.0;1.0;0.9997660545092996;1.0;0.5;0.03058477085340809
PUC_11,1,11,0,0.9678899082568807;1.0;1.0;0.9997660545092996;1.0;0.5;0.03058477085340809
URID_11,1,11,1,0.9285714285714286;1.0;1.0;0.7071481360879595;1.0;1.0;0.021627963701664876
