Case ID,Actual,Prefix Length,Prediction,Prediction Probability;SHAP Precision;SHAP Recall;SHAP Correlation
EDB_11,1,11,1,0.9285714285714286;1.0;1.0;0.7071481360879595
ELJ_11,1,11,1,0.65;1.0;0.5;0.9997660545092995
EMC_11,0,11,0,0.9678899082568807;1.0;1.0;0.9997660545092995
LKEA_11,0,11,0,0.9678899082568807;1.0;1.0;0.9997660545092995
MSAE_11,0,11,0,0.9678899082568807;1.0;1.0;0.9997660545092995
PSTC_11,0,11,0,0.9678899082568807;1.0;1.0;0.9997660545092995
PUC_11,1,11,0,0.9678899082568807;1.0;1.0;0.9997660545092995
URID_11,1,11,1,0.9285714285714286;1.0;1.0;0.7071481360879595
