Case ID,Actual,Prefix Length,Prediction,Prediction Probability
BBH_13,0,13,0,0.625
ELJ_13,1,13,1,0.65
FIL_13,1,13,0,0.625
IBOC_13,0,13,0,0.9965277777777778
KCHA_13,0,13,0,0.9965277777777778
VGH_13,1,13,1,0.65
WIK_13,0,13,1,0.65
ZVMD_13,1,13,0,0.8421052631578947
