Case ID,Actual,Prefix Length,Prediction,Prediction Probability;SHAP Precision;SHAP Recall;SHAP Correlation
BAUD_3,0,3,0,1.0;1.0;0.022727272727272728;0.8980357191249856
FUKE_3,1,3,0,0.877668782458165;1.0;0.5;0.19297995720580785
JQQD_3,1,3,1,0.9225700164744646;1.0;1.0;0.1364964017237689
QNQD_3,0,3,0,0.9963125797759184;1.0;0.05263157894736842;0.5931167302078968
QSZD_3,1,3,1,0.9225700164744646;1.0;1.0;0.1364964017237689
VKFE_3,1,3,1,0.9225700164744646;1.0;1.0;0.1364964017237689
XPWD_3,0,3,0,1.0;1.0;0.022727272727272728;0.8980357191249856
YZJD_3,0,3,0,0.9762566844919786;1.0;0.2;0.3050060938647203
