Case ID,Actual,Prefix Length,Prediction,Prediction Probability
ANSD_7,1,7,0,0.850501002004008
CFAE_7,0,7,0,0.850501002004008
IKME_7,0,7,0,0.850501002004008
KHUD_7,0,7,0,0.850501002004008
MPRD_7,1,7,0,0.850501002004008
QYWD_7,0,7,0,0.850501002004008
TIGE_7,1,7,0,0.850501002004008
XLHE_7,1,7,0,0.850501002004008
