Case ID,Actual,Prefix Length,Prediction,Prediction Probability
EUQD_2,1,2,0,0.9115646258503401
FARD_2,1,2,0,0.826530612244898
HXUD_2,1,2,1,0.9447236180904522
PKJD_2,0,2,0,0.9295212765957447
PMEE_2,1,2,1,0.9447236180904522
PMHE_2,0,2,0,0.9295774647887324
SIUD_2,0,2,0,0.826530612244898
VDFE_2,0,2,0,0.9808896390265149
