Case ID,Actual,Prefix Length,Prediction,Prediction Probability;SHAP Precision;SHAP Recall;SHAP Correlation
BBH_13,0,13,0,0.625;1.0;0.5;0.5344137022438634
ELJ_13,1,13,1,0.65;1.0;1.0;0.3781183777891417
FIL_13,1,13,0,0.625;1.0;0.5;0.5345587853719328
IBOC_13,0,13,0,0.9965277777777778;1.0;0.14285714285714285;0.9996121174508359
KCHA_13,0,13,0,0.9965277777777778;1.0;0.14285714285714285;0.9996121174508359
VGH_13,1,13,1,0.65;1.0;1.0;0.3781183777891417
WIK_13,0,13,1,0.65;1.0;1.0;0.3781183777891417
ZVMD_13,1,13,0,0.8421052631578947;1.0;0.14285714285714285;0.9993793879213375
