Case ID,Actual,Prefix Length,Prediction,Prediction Probability
CNFB_12,0,12,0,1.0
FHKC_12,0,12,0,0.5
GDM_12,0,12,0,1.0
LHH_12,1,12,1,0.6666666666666666
OGL_12,1,12,1,0.6666666666666666
OUE_12,1,12,0,0.5714285714285714
QWKC_12,0,12,0,1.0
WPRC_12,1,12,1,0.6666666666666666
