Case ID,Actual,Prefix Length,Prediction,Prediction Probability;SHAP Precision;SHAP Recall;SHAP Correlation
BQL_14,1,14,1,1.0;1.0;0.5;0.5775270992915331
CHF_14,0,14,0,1.0;1.0;0.2;0.9124934524863874
MBXA_14,0,14,0,1.0;1.0;0.2;0.9124934524863874
PUC_14,1,14,1,1.0;1.0;0.5;0.5769966901998832
QXKB_14,1,14,1,1.0;1.0;0.5;0.5775270992915331
RMEA_14,1,14,0,0.8;1.0;0.5;0.5775270992915331
RVAA_14,0,14,0,1.0;1.0;0.2;0.9124934524863874
TXOC_14,0,14,0,1.0;1.0;0.2;0.9124934524863874
