Case ID,Actual,Prefix Length,Prediction,Prediction Probability
AEQD_9,0,9,0,1.0
GXYD_9,1,9,1,0.5107142857142857
JAQD_9,0,9,1,0.5107142857142857
JXCE_9,1,9,0,1.0
UQWD_9,1,9,1,0.5107142857142857
WUOD_9,0,9,0,1.0
XWKD_9,0,9,0,0.9578947368421052
ZDMD_9,1,9,1,0.5107142857142857
