Case ID,Actual,Prefix Length,Prediction,Prediction Probability
BAUD_3,0,3,0,1.0
FUKE_3,1,3,0,0.877668782458165
JQQD_3,1,3,1,0.9225700164744646
QNQD_3,0,3,0,0.9963125797759184
QSZD_3,1,3,1,0.9225700164744646
VKFE_3,1,3,1,0.9225700164744646
XPWD_3,0,3,0,1.0
YZJD_3,0,3,0,0.9762566844919786
