Case ID,Actual,Prefix Length,Prediction,Prediction Probability;SHAP Precision;SHAP Recall;SHAP Correlation;LIME Precision;LIME Recall;LIME Correlation
BQL_14,1,14,1,1.0;1.0;0.5;0.5775270992915331;0.0;0.0;0.03422660044369182
CHF_14,0,14,0,1.0;1.0;0.2;0.9124934524863874;1.0;0.2;0.04873427928249693
MBXA_14,0,14,0,1.0;1.0;0.2;0.9124934524863874;1.0;0.2;0.04918147600583997
PUC_14,1,14,1,1.0;1.0;0.5;0.5769966901998832;1.0;0.5;0.02530444173000217
QXKB_14,1,14,1,1.0;1.0;0.5;0.5775270992915331;0.0;0.0;0.03437655269098073
RMEA_14,1,14,0,0.8;1.0;0.5;0.5775270992915331;0.0;0.0;0.03411949169562832
RVAA_14,0,14,0,1.0;1.0;0.2;0.9124934524863874;1.0;0.2;0.04831418539087165
TXOC_14,0,14,0,1.0;1.0;0.2;0.9124934524863874;1.0;0.2;0.04549549089222463
