Case ID,Actual,Prefix Length,Prediction,Prediction Probability;SHAP Precision;SHAP Recall;SHAP Correlation
AEQD_9,0,9,0,1.0;1.0;0.0625;0.9985807160516436
GXYD_9,1,9,1,0.5107142857142857;1.0;1.0;0.250171628661603
JAQD_9,0,9,1,0.5107142857142857;1.0;1.0;0.250171628661603
JXCE_9,1,9,0,1.0;1.0;0.0625;0.9985807160516436
UQWD_9,1,9,1,0.5107142857142857;1.0;1.0;0.250171628661603
WUOD_9,0,9,0,1.0;1.0;0.0625;0.9985807160516436
XWKD_9,0,9,0,0.9578947368421052;1.0;0.3333333333333333;0.43321751267122405
ZDMD_9,1,9,1,0.5107142857142857;1.0;1.0;0.250171628661603
