Case ID,Actual,Prefix Length,Prediction,Prediction Probability;SHAP Precision;SHAP Recall;SHAP Correlation
ANSD_7,1,7,0,0.850501002004008;1.0;1.0;1.0
CFAE_7,0,7,0,0.850501002004008;1.0;1.0;1.0
IKME_7,0,7,0,0.850501002004008;1.0;1.0;1.0
KHUD_7,0,7,0,0.850501002004008;1.0;1.0;1.0
MPRD_7,1,7,0,0.850501002004008;1.0;1.0;1.0
QYWD_7,0,7,0,0.850501002004008;1.0;1.0;1.0
TIGE_7,1,7,0,0.850501002004008;1.0;1.0;1.0
XLHE_7,1,7,0,0.850501002004008;1.0;1.0;1.0
