Case ID,Actual,Prefix Length,Prediction,Prediction Probability;SHAP Precision;SHAP Recall;SHAP Correlation;LIME Precision;LIME Recall;LIME Correlation
FUHD_8,0,8,0,0.9645042839657283;1.0;1.0;0.9999999999999998;1.0;1.0;0.019149779749195114
GEMD_8,0,8,0,0.9645042839657283;1.0;1.0;0.9999999999999998;1.0;1.0;0.019149779749195114
HISD_8,1,8,1,0.5260663507109005;1.0;1.0;0.9999999999999998;1.0;1.0;0.019149779749195114
IRUD_8,0,8,0,0.9645042839657283;1.0;1.0;0.9999999999999998;1.0;1.0;0.019149779749195114
JXCE_8,1,8,0,0.9645042839657283;1.0;1.0;0.9999999999999998;1.0;1.0;0.019149779749195114
LDMD_8,1,8,0,0.9645042839657283;1.0;1.0;0.9999999999999998;1.0;1.0;0.019149779749195114
WEYD_8,0,8,0,0.9645042839657283;1.0;1.0;0.9999999999999998;1.0;1.0;0.019149779749195114
ZVMD_8,1,8,0,0.9645042839657283;1.0;1.0;0.9999999999999998;1.0;1.0;0.019149779749195114
