Case ID,Actual,Prefix Length,Prediction,Prediction Probability
HYFE_4,0,4,0,0.9388448471121178
KDWD_4,0,4,0,1.0
RGJE_4,0,4,0,0.9883466860888566
RTCE_4,1,4,0,0.9388448471121178
TFID_4,0,4,0,1.0
ULIE_4,1,4,0,0.9388448471121178
YDZD_4,1,4,0,0.9388448471121178
ZDMD_4,1,4,0,1.0
