Case ID,Actual,Prefix Length,Prediction,Prediction Probability;SHAP Precision;SHAP Recall;SHAP Correlation;LIME Precision;LIME Recall;LIME Correlation
ANSD_7,1,7,0,0.850501002004008;1.0;1.0;1.0;1.0;1.0;0.017987026019797518
CFAE_7,0,7,0,0.850501002004008;1.0;1.0;1.0;1.0;1.0;0.017987026019797518
IKME_7,0,7,0,0.850501002004008;1.0;1.0;1.0;1.0;1.0;0.017987026019797518
KHUD_7,0,7,0,0.850501002004008;1.0;1.0;1.0;1.0;1.0;0.017987026019797518
MPRD_7,1,7,0,0.850501002004008;1.0;1.0;1.0;1.0;1.0;0.017987026019797518
QYWD_7,0,7,0,0.850501002004008;1.0;1.0;1.0;1.0;1.0;0.017987026019797518
TIGE_7,1,7,0,0.850501002004008;1.0;1.0;1.0;1.0;1.0;0.017987026019797518
XLHE_7,1,7,0,0.850501002004008;1.0;1.0;1.0;1.0;1.0;0.017987026019797518
