Case ID,Actual,Prefix Length,Prediction,Prediction Probability
CDPD,1,1,0,0.87279843444227
FRBE,0,1,0,0.9317654503269353
GDKE,1,1,1,0.9788359788359788
HIVD,0,1,0,0.9571899012074643
IKRD,0,1,0,0.9317654503269353
JTJE,0,1,0,0.5297763406090003
NXLD,1,1,0,0.9689858368655019
WXND,1,1,0,0.5297763406090003
