Case ID,Actual,Prefix Length,Prediction,Prediction Probability;SHAP Precision;SHAP Recall;SHAP Correlation
BTW_10,0,10,0,0.9779264214046822;1.0;0.5;1.0
FGN_10,1,10,1,0.9615384615384616;1.0;1.0;0.70713986917146
FSZD_10,0,10,0,0.9779264214046822;1.0;0.5;1.0
HKWA_10,1,10,1,0.9615384615384616;1.0;1.0;0.70713986917146
KJNC_10,1,10,1,0.9615384615384616;1.0;1.0;0.70713986917146
ODNA_10,1,10,1,0.9615384615384616;1.0;1.0;0.70713986917146
RMC_10,0,10,0,0.9779264214046822;1.0;0.5;1.0
UNPD_10,0,10,0,0.9779264214046822;1.0;0.5;1.0
