Case ID,Actual,Prefix Length,Prediction,Prediction Probability;SHAP Precision;SHAP Recall;SHAP Correlation;LIME Precision;LIME Recall;LIME Correlation
BUWD_5,1,5,0,0.7018121911037891;0.0;0.0;0.15467402371889774;0.0;0.0;0.035964639189101845
DAGE_5,1,5,0,0.7018121911037891;0.0;0.0;0.15465453845513874;0.0;0.0;0.036014248846417345
HCPD_5,0,5,0,0.9534883720930233;1.0;0.023809523809523808;0.4571865908272624;1.0;0.023809523809523808;0.07998238092312156
JLPD_5,0,5,0,1.0;1.0;0.012345679012345678;0.6334550145852383;1.0;0.012345679012345678;0.0899101968028962
PRBE_5,0,5,0,0.9534883720930233;0.0;0.0;0.4574895517792485;1.0;0.023809523809523808;0.07999462443608824
VDBE_5,0,5,0,0.7018121911037891;0.0;0.0;0.1547422221420542;0.0;0.0;0.03602842303422177
ZGOE_5,1,5,0,0.7018121911037891;0.0;0.0;0.15469350898265674;0.0;0.0;0.03602842303422177
ZNND_5,1,5,0,1.0;1.0;0.02469135802469136;0.6337244728085314;1.0;0.012345679012345678;0.09042877590404028
