Case ID,Actual,Prefix Length,Prediction,Prediction Probability;SHAP Precision;SHAP Recall;SHAP Correlation
HYFE_4,0,4,0,0.9388448471121178;0.0;0.0;0.24882298405566172
KDWD_4,0,4,0,1.0;1.0;0.009900990099009901;0.9548770920572248
RGJE_4,0,4,0,0.9883466860888566;0.0;0.0;0.32513565821244933
RTCE_4,1,4,0,0.9388448471121178;0.0;0.0;0.2484779771183262
TFID_4,0,4,0,1.0;1.0;0.009900990099009901;0.9548770920572248
ULIE_4,1,4,0,0.9388448471121178;0.0;0.0;0.2486239415918143
YDZD_4,1,4,0,0.9388448471121178;0.0;0.0;0.2484779771183262
ZDMD_4,1,4,0,1.0;1.0;0.009900990099009901;0.9548770920572248
