Case ID,Actual,Prefix Length,Prediction,Prediction Probability;SHAP Precision;SHAP Recall;SHAP Correlation
BKHE_6,0,6,0,0.9990626757482972;1.0;0.1111111111111111;0.9996962517465527
FAWD_6,0,6,0,0.9779411764705882;1.0;0.25;0.6666438991665455
FRFE_6,0,6,0,0.946021840873635;1.0;0.5;0.47145284876654325
HXRD_6,0,6,0,0.9990626757482972;1.0;0.1111111111111111;0.9996962517465527
IXEE_6,1,6,0,0.946021840873635;1.0;0.5;0.47145284876654325
PBND_6,1,6,0,0.8431372549019608;1.0;1.0;0.3334244453572663
QEZD_6,1,6,0,0.8431372549019608;1.0;1.0;0.3334244453572663
SGME_6,1,6,0,0.8431372549019608;1.0;1.0;0.3334244453572663
