Case ID,Actual,Prefix Length,Prediction,Prediction Probability;SHAP Precision;SHAP Recall;SHAP Correlation
BUWD_5,1,5,0,0.7018121911037891;0.0;0.0;0.15467402371889774
DAGE_5,1,5,0,0.7018121911037891;0.0;0.0;0.15465453845513877
HCPD_5,0,5,0,0.9534883720930233;1.0;0.023809523809523808;0.45718659082726243
JLPD_5,0,5,0,1.0;1.0;0.012345679012345678;0.6334550145852383
PRBE_5,0,5,0,0.9534883720930233;0.0;0.0;0.45748955177924844
VDBE_5,0,5,0,0.7018121911037891;0.0;0.0;0.15474222214205421
ZGOE_5,1,5,0,0.7018121911037891;0.0;0.0;0.15469350898265674
ZNND_5,1,5,0,1.0;1.0;0.024691358024691357;0.6337244728085314
