Case ID;Actual;Prefix Length;Prediction;Prediction Probability;SHAP Subset Stability;SHAP Weight Stability;SHAP Adjusted Weight Stability;LIME Subset Stability;LIME Weight Stability;LIME Adjusted Weight Stability;ACV Subset Stability;ACV Weight Stability;ACV Adjusted Weight Stability;LINDA Subset Stability;LINDA Weight Stability;LINDA Adjusted Weight Stability;MAPE Correctness;RMSE Correctness;R2 Correctness;Mode
FZ_13;1;13;1;0.995438075909274;1.0;1.0;1.0;;1.0;1.0;;1.0;1.0;;1.0;1.0;0.32897159114270574;0.32897159114270574;-0.32897159114270574;baseline_0
GM_13;0;13;0;0.999948060786644;1.0;1.0;1.0;;1.0;1.0;1.0;1.0;1.0;;1.0;1.0;0.2872035021257578;0.2872035021257578;-0.2872035021257578;baseline_0
HY_13;0;13;0;0.9467432154780996;1.0;1.0;1.0;;1.0;1.0;1.0;1.0;1.0;;1.0;1.0;0.2556038148771621;0.2556038148771621;-0.2556038148771621;baseline_0
JW_13;1;13;1;0.980096420009695;1.0;1.0;1.0;;1.0;1.0;;1.0;1.0;;1.0;1.0;0.3028763689617533;0.3028763689617533;-0.3028763689617533;baseline_0
TJA_13;0;13;0;0.6255274176312151;1.0;1.0;1.0;;1.0;1.0;1.0;1.0;1.0;;1.0;1.0;0.2675194731152235;0.2675194731152235;-0.2675194731152235;baseline_0
TV_13;1;13;1;0.9997902111958572;1.0;1.0;1.0;;1.0;1.0;;1.0;1.0;;1.0;1.0;0.26602653500640183;0.26602653500640183;-0.26602653500640183;baseline_0
XI_13;1;13;1;0.7128112840148942;1.0;1.0;1.0;;1.0;1.0;;1.0;1.0;;1.0;1.0;0.2739263684481837;0.2739263684481837;-0.2739263684481837;baseline_0
ZGA_13;0;13;0;0.9051238564952372;1.0;1.0;1.0;;1.0;1.0;1.0;1.0;1.0;;1.0;1.0;0.25626406651593225;0.25626406651593225;-0.25626406651593225;baseline_0
