"Case ID;Actual;Prefix Length;Prediction;Prediction Probability;SHAP Subset Stability;SHAP Weight Stability;SHAP Adjusted Weight Stability;LIME Subset Stability;LIME Weight Stability;LIME Adjusted Weight Stability;ACV Subset Stability;ACV Weight Stability;ACV Adjusted Weight Stability;LINDA Subset Stability;LINDA Weight Stability;LINDA Adjusted Weight Stability";MAPE Correctness;RMSE Correctness;R2 Correctness;Mode
"FZ_13;1;13;1;0.995438075909274;1.0;1.0;1.0;;1.0;1.0;;1.0;1.0;;1.0;1.0";0.5293067898851654;0.5293067898851654;-0.5293067898851654;baseline_max
"GM_13;0;13;0;0.999948060786644;1.0;1.0;1.0;;1.0;1.0;1.0;1.0;1.0;;1.0;1.0";0.5566253432454987;0.5566253432454987;-0.5566253432454987;baseline_max
"HY_13;0;13;0;0.9467432154780996;1.0;1.0;1.0;;1.0;1.0;1.0;1.0;1.0;;1.0;1.0";0.5708274268620372;0.5708274268620372;-0.5708274268620372;baseline_max
"JW_13;1;13;1;0.980096420009695;1.0;1.0;1.0;;1.0;1.0;;1.0;1.0;;1.0;1.0";0.5435743885625632;0.5435743885625632;-0.5435743885625632;baseline_max
"TJA_13;0;13;0;0.6255274176312151;1.0;1.0;1.0;;1.0;1.0;1.0;1.0;1.0;;1.0;1.0";0.6562285807839227;0.6562614506297084;-0.6562614506297084;baseline_max
"TV_13;1;13;1;0.9997902111958572;1.0;1.0;1.0;;1.0;1.0;;1.0;1.0;;1.0;1.0";0.5788433689495408;0.5788433689495408;-0.5788433689495408;baseline_max
"XI_13;1;13;1;0.7128112840148942;1.0;1.0;1.0;;1.0;1.0;;1.0;1.0;;1.0;1.0";0.544335289562967;0.544335289562967;-0.5443713513869628;baseline_max
"ZGA_13;0;13;0;0.9051238564952372;1.0;1.0;1.0;;1.0;1.0;1.0;1.0;1.0;;1.0;1.0";0.5969170998355617;0.5969170998355617;-0.5969170998355617;baseline_max
