"Case ID;Actual;Prefix Length;Prediction;Prediction Probability;SHAP Subset Stability;SHAP Weight Stability;SHAP Adjusted Weight Stability;LIME Subset Stability;LIME Weight Stability;LIME Adjusted Weight Stability;ACV Subset Stability;ACV Weight Stability;ACV Adjusted Weight Stability;LINDA Subset Stability;LINDA Weight Stability;LINDA Adjusted Weight Stability";MAPE Correctness;RMSE Correctness;R2 Correctness;Mode
"AE_9;0;9;1;0.9999999968277776;1.0;1.0;1.0;;1.0;1.0;;1.0;1.0;;1.0;1.0";0.49225726671016606;0.49225726671016606;-0.49225726671016606;baseline_max
"CU_9;1;9;0;0.8058634169511499;1.0;1.0;1.0;;1.0;1.0;1.0;1.0;1.0;;1.0;1.0";0.4062120126211896;0.4061194614988008;-0.40615900517945647;baseline_max
"EK_9;0;9;0;0.9522370913425184;1.0;1.0;1.0;;1.0;1.0;1.0;1.0;1.0;;1.0;1.0";0.3925287873834953;0.3923978890706738;-0.39230734383630633;baseline_max
"LQ_9;1;9;1;0.9994636127374092;1.0;1.0;1.0;;1.0;1.0;;1.0;1.0;;1.0;1.0";0.48406247557422555;0.48406247557422555;-0.48406247557422555;baseline_max
"OU_9;1;9;0;0.9980830263700882;1.0;1.0;1.0;;1.0;1.0;1.0;1.0;1.0;;1.0;1.0";0.3854351488089851;0.38544492286847293;-0.3854351488089851;baseline_max
"TI_9;0;9;1;0.9999845908848476;1.0;1.0;1.0;;1.0;1.0;;1.0;1.0;;1.0;1.0";0.5032610966769651;0.5032610966769651;-0.5032610966769651;baseline_max
"VO_9;1;9;0;0.9981677261044032;1.0;1.0;1.0;;1.0;1.0;1.0;1.0;1.0;;1.0;1.0";0.37352858449007725;0.37352858449007725;-0.37352858449007725;baseline_max
"YE_9;0;9;0;0.9999961977674566;1.0;1.0;1.0;;1.0;1.0;1.0;1.0;1.0;;1.0;1.0";0.38586146921892733;0.38586146921892733;-0.38586146921892733;baseline_max
