Case ID;Actual;Prefix Length;Prediction;Prediction Probability;SHAP Subset Stability;SHAP Weight Stability;SHAP Adjusted Weight Stability;LIME Subset Stability;LIME Weight Stability;LIME Adjusted Weight Stability;ACV Subset Stability;ACV Weight Stability;ACV Adjusted Weight Stability;LINDA Subset Stability;LINDA Weight Stability;LINDA Adjusted Weight Stability;MAPE Correctness;RMSE Correctness;R2 Correctness;Mode
AIA_2;1;2;1;0.9679530173473788;1.0;1.0;1.0;0.7179172179172181;0.9615911407862916;0.9615911407862916;;1.0;1.0;;1.0;1.0;0.31700499091539036;0.31700499091539036;-0.31700499091539036;baseline_mean
HLA_2;0;2;0;0.8008157831349847;1.0;1.0;1.0;0.8477196204468932;0.9133648423041384;0.9133648423041384;1.0;1.0;1.0;;1.0;1.0;0.28039123963376483;0.2804057507601626;-0.2804057507601626;baseline_mean
NJA_2;0;2;0;0.9423066721189512;1.0;1.0;1.0;0.8078656024716786;0.8724090149953008;0.8724090149953008;1.0;1.0;1.0;;1.0;1.0;0.31431143177422954;0.31431143177422954;-0.31431143177422954;baseline_mean
PB_2;1;2;0;0.8507579016947701;1.0;1.0;1.0;0.6922680412371134;0.9629711681493548;0.9629711681493548;1.0;1.0;1.0;;1.0;1.0;0.2888057127350323;0.2888207339668181;;baseline_mean
QI_2;0;2;0;0.9583417743632842;1.0;1.0;1.0;0.7997181964573269;0.9588801804369108;0.9588801804369108;1.0;1.0;1.0;;1.0;1.0;0.27651908277730014;0.27651908277730014;-0.4767686604021084;baseline_mean
RI_2;1;2;0;0.8779620560533039;1.0;1.0;1.0;0.7958974358974359;0.939051629960094;0.939051629960094;1.0;1.0;1.0;;1.0;1.0;0.26728358158979393;0.26729049484117795;-0.26729049484117795;baseline_mean
RLA_2;1;2;1;0.7133898442186293;1.0;1.0;1.0;0.7432920536635707;0.942150696330747;0.942150696330747;;1.0;1.0;;1.0;1.0;0.2938547756519034;0.2938168211969123;-0.2938168211969123;baseline_mean
YX_2;0;2;1;0.7129665008444203;1.0;1.0;1.0;0.8054170333431114;0.8884681739873007;0.8884681739873007;;1.0;1.0;;1.0;1.0;0.3246501914357751;0.3246417724118396;;baseline_mean
