Case ID;Actual;Prefix Length;Prediction;Prediction Probability;SHAP Subset Stability;SHAP Weight Stability;SHAP Adjusted Weight Stability;LIME Subset Stability;LIME Weight Stability;LIME Adjusted Weight Stability;ACV Subset Stability;ACV Weight Stability;ACV Adjusted Weight Stability;LINDA Subset Stability;LINDA Weight Stability;LINDA Adjusted Weight Stability;MAPE Correctness;RMSE Correctness;R2 Correctness;Mode
AE_9;0;9;1;0.9999999968277776;1.0;1.0;1.0;;1.0;1.0;;1.0;1.0;;1.0;1.0;0.1651644202898105;0.1651644202898105;-0.1651644202898105;baseline_min
CU_9;1;9;0;0.8058634169511499;1.0;1.0;1.0;;1.0;1.0;1.0;1.0;1.0;;1.0;1.0;0.13659336795163723;0.13659336795163723;-0.13659336795163723;baseline_min
EK_9;0;9;0;0.9522370913425184;1.0;1.0;1.0;;1.0;1.0;1.0;1.0;1.0;;1.0;1.0;0.1255223889175947;0.1255223889175947;-0.1255223889175947;baseline_min
LQ_9;1;9;1;0.9994636127374092;1.0;1.0;1.0;;1.0;1.0;;1.0;1.0;;1.0;1.0;0.14777040285921833;0.14777040285921833;-0.14777040285921833;baseline_min
OU_9;1;9;0;0.9980830263700882;1.0;1.0;1.0;;1.0;1.0;1.0;1.0;1.0;;1.0;1.0;0.14031273388230486;0.1403715805336316;-0.1403715805336316;baseline_min
TI_9;0;9;1;0.9999845908848476;1.0;1.0;1.0;;1.0;1.0;;1.0;1.0;;1.0;1.0;0.20098963939411751;0.20098963939411751;-0.20098963939411751;baseline_min
VO_9;1;9;0;0.9981677261044032;1.0;1.0;1.0;;1.0;1.0;1.0;1.0;1.0;;1.0;1.0;0.13684611212773679;0.13684611212773679;-0.13684611212773679;baseline_min
YE_9;0;9;0;0.9999961977674566;1.0;1.0;1.0;;1.0;1.0;1.0;1.0;1.0;;1.0;1.0;0.1495039986217548;0.1495039986217548;-0.1495039986217548;baseline_min
