Case ID;Actual;Prefix Length;Prediction;Prediction Probability;SHAP Subset Stability;SHAP Weight Stability;SHAP Adjusted Weight Stability;LIME Subset Stability;LIME Weight Stability;LIME Adjusted Weight Stability;ACV Subset Stability;ACV Weight Stability;ACV Adjusted Weight Stability;LINDA Subset Stability;LINDA Weight Stability;LINDA Adjusted Weight Stability;MAPE Correctness;RMSE Correctness;R2 Correctness;Mode
FN_14;0;14;0;1.0;1.0;1.0;1.0;;1.0;1.0;1.0;1.0;1.0;;1.0;1.0;0.19743474633536692;0.19743474633536692;-0.18586799016003666;baseline_min
GE_14;0;14;0;1.0;1.0;1.0;1.0;;1.0;1.0;1.0;1.0;1.0;;1.0;1.0;0.19455235770145776;0.19455235770145776;-0.18478859119658694;baseline_min
HEA_14;1;14;1;0.999999931454332;1.0;1.0;1.0;;1.0;1.0;;1.0;1.0;;1.0;1.0;0.18054988358499052;0.18054988358499052;-0.18054988358499052;baseline_min
JMA_14;0;14;1;0.9999999999999714;1.0;1.0;1.0;;1.0;1.0;;1.0;1.0;;1.0;1.0;-0.01107514555588457;-0.01107514555588457;0.01107514555588457;baseline_min
PK_14;0;14;1;0.9999023555069247;1.0;1.0;1.0;;1.0;1.0;;1.0;1.0;;1.0;1.0;0.18589002975820093;0.18589002975820093;-0.18589002975820093;baseline_min
PLA_14;1;14;1;0.99628366474226;1.0;1.0;1.0;;1.0;1.0;;1.0;1.0;;1.0;1.0;0.1770016003905542;0.1770016003905542;-0.1770016003905542;baseline_min
WT_14;1;14;1;0.9992499353219876;1.0;1.0;1.0;;1.0;1.0;;1.0;1.0;;1.0;1.0;0.17528421901970243;0.17528421901970243;-0.17528421901970243;baseline_min
XT_14;1;14;1;0.999999989651964;1.0;1.0;1.0;;1.0;1.0;;1.0;1.0;;1.0;1.0;0.189398183745675;0.189398183745675;-0.189398183745675;baseline_min
