Case ID;Actual;Prefix Length;Prediction;Prediction Probability;SHAP Subset Stability;SHAP Weight Stability;SHAP Adjusted Weight Stability;LIME Subset Stability;LIME Weight Stability;LIME Adjusted Weight Stability;ACV Subset Stability;ACV Weight Stability;ACV Adjusted Weight Stability;LINDA Subset Stability;LINDA Weight Stability;LINDA Adjusted Weight Stability;MAPE Correctness;RMSE Correctness;R2 Correctness;Mode
IGA_6;1;6;1;0.9999329997056527;1.0;1.0;1.0;0.061133535149681124;1.0;1.0;;1.0;1.0;;1.0;1.0;-0.029833114650523553;-0.029833114650523553;0.07650889985214239;baseline_min
JK_6;0;6;1;0.9921672763982884;1.0;1.0;1.0;-0.19068549209739927;1.0;1.0;;1.0;1.0;;1.0;1.0;-0.06037144412192703;-0.06037144412192703;0.06037144412192703;baseline_min
LD_6;0;6;1;0.6423549624052132;1.0;1.0;1.0;-0.07450046314675207;1.0;1.0;;1.0;1.0;;1.0;1.0;-0.029114394971768157;-0.029114394971768157;0.029114394971768157;baseline_min
LS_6;0;6;1;0.9078749146864712;1.0;1.0;1.0;0.055052135054613933;1.0;1.0;;1.0;1.0;;1.0;1.0;-0.04598208274633507;-0.04591398750186142;0.04591398750186142;baseline_min
MN_6;1;6;1;0.9999888986798396;1.0;1.0;1.0;-0.2338388961342157;1.0;1.0;;1.0;1.0;;1.0;1.0;-0.11792509358994639;-0.11792509358994639;0.11792509358994639;baseline_min
PB_6;1;6;1;0.6829642829973849;1.0;1.0;1.0;-0.00995024875621997;1.0;1.0;;1.0;1.0;;1.0;1.0;-0.042249726656705414;-0.042249726656705414;0.042249726656705414;baseline_min
PGA_6;1;6;1;0.9999591158381445;1.0;1.0;1.0;0.09506296667780934;1.0;1.0;;1.0;1.0;;1.0;1.0;0.014133923004705914;0.014133923004705914;-0.014133923004705914;baseline_min
VJ_6;0;6;1;0.7052743152076002;1.0;1.0;1.0;0.14273648648648307;1.0;1.0;;1.0;1.0;;1.0;1.0;-0.03621080512383789;-0.03621080512383789;;baseline_min
