Case ID;Actual;Prefix Length;Prediction;Prediction Probability;SHAP Subset Stability;SHAP Weight Stability;SHAP Adjusted Weight Stability;LIME Subset Stability;LIME Weight Stability;LIME Adjusted Weight Stability;ACV Subset Stability;ACV Weight Stability;ACV Adjusted Weight Stability;LINDA Subset Stability;LINDA Weight Stability;LINDA Adjusted Weight Stability;MAPE Correctness;RMSE Correctness;R2 Correctness;Mode
EL_11;0;11;0;0.999999998471865;1.0;1.0;1.0;0.0674984005118362;1.0;1.0;1.0;1.0;1.0;;1.0;1.0;0.4964266210501723;0.4964266210501723;-0.4964266210501723;baseline_mean
EQ_11;1;11;1;0.9995397761339888;1.0;1.0;1.0;-0.18119428328852336;1.0;1.0;;1.0;1.0;;1.0;1.0;0.46041782406369797;0.46041782406369797;-0.46041782406369797;baseline_mean
FKA_11;0;11;0;0.999912914378136;1.0;1.0;1.0;0.004439890710383865;1.0;1.0;1.0;1.0;1.0;;1.0;1.0;0.4905625930421968;0.4905625930421968;-0.46273686528604524;baseline_mean
HS_11;1;11;1;0.9738377910208668;1.0;1.0;1.0;-0.07911845922611849;1.0;1.0;;1.0;1.0;;1.0;1.0;0.4640542346569497;0.4640542346569497;-0.4640542346569497;baseline_mean
JH_11;1;11;1;0.9987513152654586;1.0;1.0;1.0;-0.2314135505806705;1.0;1.0;;1.0;1.0;;1.0;1.0;0.48982958954119993;0.48982958954119993;-0.48982958954119993;baseline_mean
QJ_11;0;11;0;0.9822119023847014;1.0;1.0;1.0;-0.07564108686309146;1.0;1.0;1.0;1.0;1.0;;1.0;1.0;0.5061610517207122;0.5061495043641976;;baseline_mean
SMA_11;0;11;0;0.9983045750409272;1.0;1.0;1.0;-0.07810559006211171;1.0;1.0;1.0;1.0;1.0;;1.0;1.0;0.4881233353832221;0.4881233353832221;-0.4881233353832221;baseline_mean
WC_11;1;11;1;0.9999517961381272;1.0;1.0;1.0;-0.19173645270505726;1.0;1.0;;1.0;1.0;;1.0;1.0;0.26837090680250175;0.26837090680250175;-0.46273686528604524;baseline_mean
