"Case ID;Actual;Prefix Length;Prediction;Prediction Probability;SHAP Subset Stability;SHAP Weight Stability;SHAP Adjusted Weight Stability;LIME Subset Stability;LIME Weight Stability;LIME Adjusted Weight Stability;ACV Subset Stability;ACV Weight Stability;ACV Adjusted Weight Stability;LINDA Subset Stability;LINDA Weight Stability;LINDA Adjusted Weight Stability";MAPE Correctness;RMSE Correctness;R2 Correctness;Mode
"AE_9;0;9;1;0.9999999968277776;1.0;1.0;1.0;;1.0;1.0;;1.0;1.0;;1.0;1.0";0.16528205214609865;0.16528205214609865;-0.16528205214609865;baseline_0
"CU_9;1;9;0;0.8058634169511499;1.0;1.0;1.0;;1.0;1.0;1.0;1.0;1.0;;1.0;1.0";0.13735046745067633;0.13735046745067633;-0.13735046745067633;baseline_0
"EK_9;0;9;0;0.9522370913425184;1.0;1.0;1.0;;1.0;1.0;1.0;1.0;1.0;;1.0;1.0";0.12435304150385634;0.12435304150385634;-0.12435304150385634;baseline_0
"LQ_9;1;9;1;0.9994636127374092;1.0;1.0;1.0;;1.0;1.0;;1.0;1.0;;1.0;1.0";0.14748700164689094;0.14748700164689094;-0.14748700164689094;baseline_0
"OU_9;1;9;0;0.9980830263700882;1.0;1.0;1.0;;1.0;1.0;1.0;1.0;1.0;;1.0;1.0";0.1396197879850498;0.1396197879850498;-0.1396197879850498;baseline_0
"TI_9;0;9;1;0.9999845908848476;1.0;1.0;1.0;;1.0;1.0;;1.0;1.0;;1.0;1.0";0.201376654104119;0.201376654104119;-0.201376654104119;baseline_0
"VO_9;1;9;0;0.9981677261044032;1.0;1.0;1.0;;1.0;1.0;1.0;1.0;1.0;;1.0;1.0";0.13579617071271982;0.13579617071271982;-0.13579617071271982;baseline_0
"YE_9;0;9;0;0.9999961977674566;1.0;1.0;1.0;;1.0;1.0;1.0;1.0;1.0;;1.0;1.0";0.1488042540407352;0.1488042540407352;-0.1488042540407352;baseline_0
