"Case ID;Actual;Prefix Length;Prediction;Prediction Probability;SHAP Subset Stability;SHAP Weight Stability;SHAP Adjusted Weight Stability;LIME Subset Stability;LIME Weight Stability;LIME Adjusted Weight Stability;ACV Subset Stability;ACV Weight Stability;ACV Adjusted Weight Stability;LINDA Subset Stability;LINDA Weight Stability;LINDA Adjusted Weight Stability";MAPE Correctness;RMSE Correctness;R2 Correctness;Mode
"BF;1;1;1;0.5784236107473867;1.0;1.0;1.0;0.9236609202634116;0.9858350017147086;0.9858350017147086;;1.0;1.0;;1.0;1.0";0.7223570517505224;0.7221509734817536;-0.7220521705022952;baseline_max
"GF;1;1;0;0.8240620024109183;1.0;1.0;1.0;0.8050243719535058;0.9847978629460652;0.9847978629460652;1.0;1.0;1.0;;1.0;1.0";0.7101795669862258;0.7102524470281834;-0.7100824284866624;baseline_max
"GJA;1;1;1;0.7928008206699386;1.0;1.0;1.0;0.910788686829077;0.9811458809356954;0.9811458809356954;;1.0;1.0;;1.0;1.0";0.6581430780349488;0.6581883750567881;;baseline_max
"GMA;0;1;1;0.7552524156188481;1.0;1.0;1.0;0.8020361990950227;0.9839860470597516;0.9839860470597516;;1.0;1.0;;1.0;1.0";0.685594175206318;0.685594175206318;-0.685594175206318;baseline_max
"HP;0;1;0;0.7596704701673976;1.0;1.0;1.0;0.910788686829077;0.9801937727229856;0.9801937727229856;1.0;1.0;1.0;;1.0;1.0";0.7170677703535752;0.7170677703535752;-0.7170677703535752;baseline_max
"HS;1;1;1;0.8353345591614665;1.0;1.0;1.0;0.910788686829077;0.8883440496381959;0.8883440496381959;;1.0;1.0;;1.0;1.0";0.6595113180273111;0.6594212393110505;-0.6593762137919436;baseline_max
"MU;0;1;0;0.6348893904843291;1.0;1.0;1.0;0.8387382597908913;0.9716083298450794;0.9716083298450794;1.0;1.0;1.0;;1.0;1.0";0.7305764007208921;0.7305764007208921;-0.7304020179995344;baseline_max
"ST;0;1;1;0.8321718979082487;1.0;1.0;1.0;0.910788686829077;0.972078861272658;0.972078861272658;;1.0;1.0;;1.0;1.0";0.6679730757535642;0.6679730757535642;-0.6679730757535642;baseline_max
