Case ID;Actual;Prefix Length;Prediction;Prediction Probability;SHAP Subset Stability;SHAP Weight Stability;SHAP Adjusted Weight Stability;LIME Subset Stability;LIME Weight Stability;LIME Adjusted Weight Stability;ACV Subset Stability;ACV Weight Stability;ACV Adjusted Weight Stability;LINDA Subset Stability;LINDA Weight Stability;LINDA Adjusted Weight Stability;MAPE Correctness;RMSE Correctness;R2 Correctness;Mode
BF_10;1;10;1;0.7288131603211551;1.0;1.0;1.0;0.18146471680594234;0.99914435782915;0.99914435782915;;1.0;1.0;;1.0;1.0;0.4588194690230591;0.45885294545501987;-0.45885294545501987;baseline_mean
CQ_10;0;10;1;0.7172186216359796;1.0;1.0;1.0;0.34395348837209305;0.9972981325316196;0.9972981325316196;;1.0;1.0;;1.0;1.0;0.41968811392755334;0.41968811392755334;-0.41968811392755334;baseline_mean
GG_10;1;10;0;0.999829753649514;1.0;1.0;1.0;0.11850046425255326;0.9989209288058928;0.9989209288058928;1.0;1.0;1.0;;1.0;1.0;0.4119941646137953;0.4119941646137953;-0.4119941646137953;baseline_mean
GQ_10;0;10;0;0.9977093981280566;1.0;1.0;1.0;0.24302325581395345;0.999140638908027;0.999140638908027;1.0;1.0;1.0;;1.0;1.0;0.4772821428843406;0.4772821428843406;-0.4772821428843406;baseline_mean
QD_10;0;10;1;0.9662112259871348;1.0;1.0;1.0;0.4248608534322821;0.998995225303515;0.998995225303515;;1.0;1.0;;1.0;1.0;0.424857822361996;0.424857822361996;-0.424857822361996;baseline_mean
WCA_10;0;10;0;0.9968089270008756;1.0;1.0;1.0;0.2810760667903525;0.9985877435142608;0.9985877435142608;1.0;1.0;1.0;;1.0;1.0;0.45404227888634985;0.45404227888634985;-0.4409530616514024;baseline_mean
XM_10;1;10;1;0.9869055736601128;1.0;1.0;1.0;0.5518380834365966;0.9991568947948748;0.9991568947948748;;1.0;1.0;;1.0;1.0;0.46340241280912725;0.46340241280912725;-0.46340241280912725;baseline_mean
YIA_10;1;10;1;0.820870386108318;1.0;1.0;1.0;0.712430426716141;0.9976615003650976;0.9976615003650976;;1.0;1.0;;1.0;1.0;0.4416857610795851;0.441651853309954;-0.4416857610795851;baseline_mean
