Case ID;Actual;Prefix Length;Prediction;Prediction Probability;SHAP Subset Stability;SHAP Weight Stability;SHAP Adjusted Weight Stability;LIME Subset Stability;LIME Weight Stability;LIME Adjusted Weight Stability;ACV Subset Stability;ACV Weight Stability;ACV Adjusted Weight Stability;LINDA Subset Stability;LINDA Weight Stability;LINDA Adjusted Weight Stability;MAPE Correctness;RMSE Correctness;R2 Correctness;Mode
BF;1;1;1;0.5784236107473867;1.0;1.0;1.0;0.9236609202634116;0.9858350017147086;0.9858350017147086;;1.0;1.0;;1.0;1.0;0.15005863249062254;0.15017276785203384;-0.15017276785203384;baseline_0
GF;1;1;0;0.8240620024109183;1.0;1.0;1.0;0.8050243719535058;0.9847978629460652;0.9847978629460652;1.0;1.0;1.0;;1.0;1.0;0.11368175287164979;0.11368175287164979;-0.11368175287164979;baseline_0
GJA;1;1;1;0.7928008206699386;1.0;1.0;1.0;0.910788686829077;0.9811458809356954;0.9811458809356954;;1.0;1.0;;1.0;1.0;0.14747119257552885;0.14747119257552885;;baseline_0
GMA;0;1;1;0.7552524156188481;1.0;1.0;1.0;0.8020361990950227;0.9839860470597516;0.9839860470597516;;1.0;1.0;;1.0;1.0;0.1412992847061662;0.14131871663704348;-0.14131871663704348;baseline_0
HP;0;1;0;0.7596704701673976;1.0;1.0;1.0;0.910788686829077;0.9801937727229856;0.9801937727229856;1.0;1.0;1.0;;1.0;1.0;0.13239479861183906;0.13239479861183906;-0.13239479861183906;baseline_0
HS;1;1;1;0.8353345591614665;1.0;1.0;1.0;0.910788686829077;0.8883440496381959;0.8883440496381959;;1.0;1.0;;1.0;1.0;0.166267457450406;0.16623317667808526;-0.16623317667808526;baseline_0
MU;0;1;0;0.6348893904843291;1.0;1.0;1.0;0.8387382597908913;0.9716083298450794;0.9716083298450794;1.0;1.0;1.0;;1.0;1.0;0.14527224257587182;0.14527224257587182;-0.14524172426541096;baseline_0
ST;0;1;1;0.8321718979082487;1.0;1.0;1.0;0.910788686829077;0.972078861272658;0.972078861272658;;1.0;1.0;;1.0;1.0;0.1441840174281583;0.1441840174281583;-0.1441840174281583;baseline_0
