"Case ID;Actual;Prefix Length;Prediction;Prediction Probability;SHAP Subset Stability;SHAP Weight Stability;SHAP Adjusted Weight Stability;LIME Subset Stability;LIME Weight Stability;LIME Adjusted Weight Stability;ACV Subset Stability;ACV Weight Stability;ACV Adjusted Weight Stability;LINDA Subset Stability;LINDA Weight Stability;LINDA Adjusted Weight Stability";MAPE Correctness;RMSE Correctness;R2 Correctness;Mode
"FZ_13;1;13;1;0.995438075909274;1.0;1.0;1.0;;1.0;1.0;;1.0;1.0;;1.0;1.0";0.5857395828819455;0.5857395828819455;-0.5857395828819455;baseline_mean
"GM_13;0;13;0;0.999948060786644;1.0;1.0;1.0;;1.0;1.0;1.0;1.0;1.0;;1.0;1.0";0.5217349264743156;0.5217349264743156;-0.5217349264743156;baseline_mean
"HY_13;0;13;0;0.9467432154780996;1.0;1.0;1.0;;1.0;1.0;1.0;1.0;1.0;;1.0;1.0";0.5782397724866819;0.5782397724866819;-0.5781773193873971;baseline_mean
"JW_13;1;13;1;0.980096420009695;1.0;1.0;1.0;;1.0;1.0;;1.0;1.0;;1.0;1.0";0.5863899815338204;0.5863899815338204;-0.5863899815338204;baseline_mean
"TJA_13;0;13;0;0.6255274176312151;1.0;1.0;1.0;;1.0;1.0;1.0;1.0;1.0;;1.0;1.0";0.577488003005332;0.5775224814704357;-0.5775224814704357;baseline_mean
"TV_13;1;13;1;0.9997902111958572;1.0;1.0;1.0;;1.0;1.0;;1.0;1.0;;1.0;1.0";0.529299113140672;0.529299113140672;-0.529299113140672;baseline_mean
"XI_13;1;13;1;0.7128112840148942;1.0;1.0;1.0;;1.0;1.0;;1.0;1.0;;1.0;1.0";0.5412768439148441;0.5412768439148441;-0.5412637257091562;baseline_mean
"ZGA_13;0;13;0;0.9051238564952372;1.0;1.0;1.0;;1.0;1.0;1.0;1.0;1.0;;1.0;1.0";0.5867125580413132;0.5867125580413132;-0.5867125580413132;baseline_mean
