Case ID;Actual;Prefix Length;Prediction;Prediction Probability;SHAP Subset Stability;SHAP Weight Stability;SHAP Adjusted Weight Stability;LIME Subset Stability;LIME Weight Stability;LIME Adjusted Weight Stability;ACV Subset Stability;ACV Weight Stability;ACV Adjusted Weight Stability;LINDA Subset Stability;LINDA Weight Stability;LINDA Adjusted Weight Stability;MAPE Correctness;RMSE Correctness;R2 Correctness;Mode
ADA_12;1;12;1;0.9999995252832032;1.0;1.0;1.0;0.08133054684778808;1.0;1.0;;1.0;1.0;;1.0;1.0;0.2038415107894341;0.2038415107894341;-0.2038415107894341;baseline_min
FMA_12;1;12;1;1.0;1.0;1.0;1.0;0.01935822825735134;1.0;1.0;;1.0;1.0;;1.0;1.0;0.24902205391901777;0.24902205391901777;-0.24649808301953088;baseline_min
GCA_12;0;12;0;0.6541991896450976;1.0;1.0;1.0;0.0581819593230849;1.0;1.0;1.0;1.0;1.0;;1.0;1.0;0.19525811763686785;0.19525811763686785;-0.19525811763686785;baseline_min
QB_12;1;12;1;0.9996658299784807;1.0;1.0;1.0;0.044726368159204936;1.0;1.0;;1.0;1.0;;1.0;1.0;0.21873921574789268;0.21873921574789268;-0.14603443793297693;baseline_min
S_12;0;12;1;0.9997951026866512;1.0;1.0;1.0;0.07686285345859756;1.0;1.0;;1.0;1.0;;1.0;1.0;0.18237020668381687;0.18237020668381687;-0.18237020668381687;baseline_min
TC_12;0;12;0;0.9888182260840028;1.0;1.0;1.0;0.0509486424599257;0.9999999999999979;0.9999999999999979;1.0;1.0;1.0;;1.0;1.0;0.18938183708130477;0.18938183708130477;-0.18938183708130477;baseline_min
VG_12;1;12;1;0.9999999580468611;1.0;1.0;1.0;-0.19187656558790606;1.0;1.0;;1.0;1.0;;1.0;1.0;0.2061601083646912;0.2061601083646912;-0.2061601083646912;baseline_min
YDA_12;0;12;0;0.9999999999999412;1.0;1.0;1.0;0.060378436512736326;1.0;1.0;1.0;1.0;1.0;;1.0;1.0;0.20944903019797217;0.20944903019797217;-0.20944903019797217;baseline_min
