"Case ID;Actual;Prefix Length;Prediction;Prediction Probability;SHAP Subset Stability;SHAP Weight Stability;SHAP Adjusted Weight Stability;LIME Subset Stability;LIME Weight Stability;LIME Adjusted Weight Stability;ACV Subset Stability;ACV Weight Stability;ACV Adjusted Weight Stability;LINDA Subset Stability;LINDA Weight Stability;LINDA Adjusted Weight Stability";MAPE Correctness;RMSE Correctness;R2 Correctness;Mode
"ECA_5;0;5;0;0.9999992288509664;1.0;1.0;1.0;0.7959728763300192;0.8784699415508743;0.8784699415508743;1.0;1.0;1.0;;1.0;1.0";0.68017999525149;0.68017999525149;-0.68017999525149;baseline_max
"FDA_5;1;5;1;0.9999982573635428;1.0;1.0;1.0;0.763758067329496;0.944357851782401;0.944357851782401;;1.0;1.0;;1.0;1.0";0.5647338325113807;0.5647179198095217;-0.5647179198095217;baseline_max
"GD_5;0;5;0;0.9725335405299902;1.0;1.0;1.0;0.7377529286474973;0.918924769771629;0.918924769771629;1.0;1.0;1.0;;1.0;1.0";0.6629517990282676;0.6626156070815173;-0.6626156070815173;baseline_max
"ILA_5;1;5;1;0.6456579758162417;1.0;1.0;1.0;0.9390922582240908;0.8115469298558788;0.8115469298558788;;1.0;1.0;;1.0;1.0";0.6130786946663841;0.6131841271281646;-0.6130990465645426;baseline_max
"JY_5;1;5;1;0.9553183983628224;1.0;1.0;1.0;0.8903251275406916;0.9441870604863772;0.9441870604863772;;1.0;1.0;;1.0;1.0";0.5498641241809217;0.5498641241809217;-0.5498641241809217;baseline_max
"MJ_5;0;5;0;0.9828156378515608;1.0;1.0;1.0;0.8314438502673797;0.947844748419815;0.947844748419815;1.0;1.0;1.0;;1.0;1.0";0.6610751891821347;0.6610751891821347;-0.6610751891821347;baseline_max
"MP_5;1;5;1;0.9856562584793528;1.0;1.0;1.0;0.8547724901329219;0.9380531003966396;0.9380531003966396;;1.0;1.0;;1.0;1.0";0.5589499285644502;0.5589499285644502;-0.5589499285644502;baseline_max
"UI_5;0;5;1;0.8724614154205528;1.0;1.0;1.0;0.9172859722047276;0.8903146482712946;0.8903146482712946;;1.0;1.0;;1.0;1.0";0.558893175030851;0.5588001631019296;-0.5588001631019296;baseline_max
