Case ID;Actual;Prefix Length;Prediction;Prediction Probability;SHAP Subset Stability;SHAP Weight Stability;SHAP Adjusted Weight Stability;LIME Subset Stability;LIME Weight Stability;LIME Adjusted Weight Stability;ACV Subset Stability;ACV Weight Stability;ACV Adjusted Weight Stability;LINDA Subset Stability;LINDA Weight Stability;LINDA Adjusted Weight Stability;MAPE Correctness;RMSE Correctness;R2 Correctness;Mode
AIA_8;1;8;1;0.9833006308951424;1.0;1.0;1.0;0.5866396411937208;0.9421442097341786;0.9421442097341786;;1.0;1.0;;1.0;1.0;0.14363223945853662;0.14363223945853662;-0.08363332623016691;baseline_0
FMA_8;1;8;1;0.7501123425188342;1.0;1.0;1.0;0.5716949400409477;0.9482699188366224;0.9482699188366224;;1.0;1.0;;1.0;1.0;0.1371874728941334;0.1371874728941334;-0.13718207510644687;baseline_0
IF_8;0;8;0;0.9999991094997992;1.0;1.0;1.0;0.5962085308056873;0.968844724824771;0.968844724824771;1.0;1.0;1.0;;1.0;1.0;0.02639849308290487;0.02639849308290487;-0.02639849308290487;baseline_0
IQ_8;1;8;0;0.9999818072305624;1.0;1.0;1.0;0.6466824644549762;0.839792237496261;0.839792237496261;1.0;1.0;1.0;;1.0;1.0;0.1187152401911535;0.1187152401911535;-0.1187152401911535;baseline_0
O_8;1;8;1;0.9484271467597544;1.0;1.0;1.0;0.5407107124374676;0.7198122321511733;0.7198122321511733;;1.0;1.0;;1.0;1.0;0.1355706121145168;0.1355706121145168;-0.1355706121145168;baseline_0
SD_8;0;8;0;0.996285272099874;1.0;1.0;1.0;0.5962085308056871;0.9360570417488312;0.9360570417488312;1.0;1.0;1.0;;1.0;1.0;0.09966504762480176;0.09966504762480176;-0.09966504762480176;baseline_0
VIA_8;0;8;1;0.6770075372575763;1.0;1.0;1.0;0.4571496533913279;0.9150776741952564;0.9150776741952564;;1.0;1.0;;1.0;1.0;0.10329103045144084;0.10329103045144084;-0.10329103045144084;baseline_0
YKA_8;0;8;1;0.5055931785043636;1.0;1.0;1.0;0.7174466730340656;0.9633221043812038;0.9633221043812038;;1.0;1.0;;1.0;1.0;0.0953259170099566;0.09538328984121185;-0.09538328984121185;baseline_0
