Case ID;Actual;Prefix Length;Prediction;Prediction Probability;SHAP Subset Stability;SHAP Weight Stability;SHAP Adjusted Weight Stability;LIME Subset Stability;LIME Weight Stability;LIME Adjusted Weight Stability;ACV Subset Stability;ACV Weight Stability;ACV Adjusted Weight Stability;LINDA Subset Stability;LINDA Weight Stability;LINDA Adjusted Weight Stability;MAPE Correctness;RMSE Correctness;R2 Correctness;Mode
AIA_2;1;2;1;0.9679530173473788;1.0;1.0;1.0;0.7179172179172181;0.9615911407862916;0.9615911407862916;;1.0;1.0;;1.0;1.0;-0.06751064172182852;-0.06751064172182852;0.06751064172182852;baseline_min
HLA_2;0;2;0;0.8008157831349847;1.0;1.0;1.0;0.8477196204468932;0.9133648423041384;0.9133648423041384;1.0;1.0;1.0;;1.0;1.0;-0.07532886955475182;-0.07532886955475182;0.07516246707715854;baseline_min
NJA_2;0;2;0;0.9423066721189512;1.0;1.0;1.0;0.8078656024716786;0.8724090149953008;0.8724090149953008;1.0;1.0;1.0;;1.0;1.0;-0.11009288270675788;-0.11006402253830468;0.11006402253830468;baseline_min
PB_2;1;2;0;0.8507579016947701;1.0;1.0;1.0;0.6922680412371134;0.9629711681493548;0.9629711681493548;1.0;1.0;1.0;;1.0;1.0;-0.08210431966120212;-0.08210890278212232;;baseline_min
QI_2;0;2;0;0.9583417743632842;1.0;1.0;1.0;0.7997181964573269;0.9588801804369108;0.9588801804369108;1.0;1.0;1.0;;1.0;1.0;-0.04821546028272027;-0.048205494292476836;0.12727310773966205;baseline_min
RI_2;1;2;0;0.8779620560533039;1.0;1.0;1.0;0.7958974358974359;0.939051629960094;0.939051629960094;1.0;1.0;1.0;;1.0;1.0;-0.04996394703913987;-0.04981442099541886;0.04980927567484578;baseline_min
RLA_2;1;2;1;0.7133898442186293;1.0;1.0;1.0;0.7432920536635707;0.942150696330747;0.942150696330747;;1.0;1.0;;1.0;1.0;-0.0521682388202784;-0.052162849817751725;0.05216015594268511;baseline_min
YX_2;0;2;1;0.7129665008444203;1.0;1.0;1.0;0.8054170333431114;0.8884681739873007;0.8884681739873007;;1.0;1.0;;1.0;1.0;-0.08296341929299748;-0.08308463390206519;;baseline_min
