"Case ID;Actual;Prefix Length;Prediction;Prediction Probability;SHAP Subset Stability;SHAP Weight Stability;SHAP Adjusted Weight Stability;LIME Subset Stability;LIME Weight Stability;LIME Adjusted Weight Stability;ACV Subset Stability;ACV Weight Stability;ACV Adjusted Weight Stability;LINDA Subset Stability;LINDA Weight Stability;LINDA Adjusted Weight Stability";MAPE Correctness;RMSE Correctness;R2 Correctness;Mode
"FZ_13;1;13;1;0.995438075909274;1.0;1.0;1.0;;1.0;1.0;;1.0;1.0;;1.0;1.0";0.32933309838571967;0.32933309838571967;-0.32933309838571967;baseline_min
"GM_13;0;13;0;0.999948060786644;1.0;1.0;1.0;;1.0;1.0;1.0;1.0;1.0;;1.0;1.0";0.28781470344971133;0.28781470344971133;-0.28781470344971133;baseline_min
"HY_13;0;13;0;0.9467432154780996;1.0;1.0;1.0;;1.0;1.0;1.0;1.0;1.0;;1.0;1.0";0.25572723535754704;0.25572723535754704;-0.25572723535754704;baseline_min
"JW_13;1;13;1;0.980096420009695;1.0;1.0;1.0;;1.0;1.0;;1.0;1.0;;1.0;1.0";0.30451469189529284;0.30451469189529284;-0.30451469189529284;baseline_min
"TJA_13;0;13;0;0.6255274176312151;1.0;1.0;1.0;;1.0;1.0;1.0;1.0;1.0;;1.0;1.0";0.27009826996416525;0.27009826996416525;-0.27009826996416525;baseline_min
"TV_13;1;13;1;0.9997902111958572;1.0;1.0;1.0;;1.0;1.0;;1.0;1.0;;1.0;1.0";0.2740116307235185;0.2740116307235185;-0.2740116307235185;baseline_min
"XI_13;1;13;1;0.7128112840148942;1.0;1.0;1.0;;1.0;1.0;;1.0;1.0;;1.0;1.0";0.2760647971981358;0.2760647971981358;-0.2760647971981358;baseline_min
"ZGA_13;0;13;0;0.9051238564952372;1.0;1.0;1.0;;1.0;1.0;1.0;1.0;1.0;;1.0;1.0";0.25646365235019297;0.25646365235019297;-0.25646365235019297;baseline_min
