"Case ID;Actual;Prefix Length;Prediction;Prediction Probability;SHAP Subset Stability;SHAP Weight Stability;SHAP Adjusted Weight Stability;LIME Subset Stability;LIME Weight Stability;LIME Adjusted Weight Stability;ACV Subset Stability;ACV Weight Stability;ACV Adjusted Weight Stability;LINDA Subset Stability;LINDA Weight Stability;LINDA Adjusted Weight Stability";MAPE Correctness;RMSE Correctness;R2 Correctness;Mode
"FN_14;0;14;0;1.0;1.0;1.0;1.0;;1.0;1.0;1.0;1.0;1.0;;1.0;1.0";0.44538952692908856;0.44538952692908856;-0.3645395067061551;baseline_max
"GE_14;0;14;0;1.0;1.0;1.0;1.0;;1.0;1.0;1.0;1.0;1.0;;1.0;1.0";0.47179291409699;0.47179291409699;-0.40450792315596196;baseline_max
"HEA_14;1;14;1;0.999999931454332;1.0;1.0;1.0;;1.0;1.0;;1.0;1.0;;1.0;1.0";0.4485787008305314;0.4485787008305314;-0.4485787008305314;baseline_max
"JMA_14;0;14;1;0.9999999999999714;1.0;1.0;1.0;;1.0;1.0;;1.0;1.0;;1.0;1.0";0.5092796610165802;0.5092796610165802;-0.5092796610165802;baseline_max
"PK_14;0;14;1;0.9999023555069247;1.0;1.0;1.0;;1.0;1.0;;1.0;1.0;;1.0;1.0";0.44346420631961087;0.44346420631961087;-0.44346420631961087;baseline_max
"PLA_14;1;14;1;0.99628366474226;1.0;1.0;1.0;;1.0;1.0;;1.0;1.0;;1.0;1.0";0.4490928836525777;0.4490928836525777;-0.4490928836525777;baseline_max
"WT_14;1;14;1;0.9992499353219876;1.0;1.0;1.0;;1.0;1.0;;1.0;1.0;;1.0;1.0";0.46094882578495006;0.4610739495606204;-0.4610739495606204;baseline_max
"XT_14;1;14;1;0.999999989651964;1.0;1.0;1.0;;1.0;1.0;;1.0;1.0;;1.0;1.0";0.4430673981424707;0.4430673981424707;-0.4430673981424707;baseline_max
