"Case ID;Actual;Prefix Length;Prediction;Prediction Probability;SHAP Subset Stability;SHAP Weight Stability;SHAP Adjusted Weight Stability;LIME Subset Stability;LIME Weight Stability;LIME Adjusted Weight Stability;ACV Subset Stability;ACV Weight Stability;ACV Adjusted Weight Stability;LINDA Subset Stability;LINDA Weight Stability;LINDA Adjusted Weight Stability";MAPE Correctness;RMSE Correctness;R2 Correctness;Mode
"IGA_6;1;6;1;0.9999329997056527;1.0;1.0;1.0;0.061133535149681124;1.0;1.0;;1.0;1.0;;1.0;1.0";0.5906388558391766;0.5906388558391766;-0.26013113873467913;baseline_max
"JK_6;0;6;1;0.9921672763982884;1.0;1.0;1.0;-0.19068549209739927;1.0;1.0;;1.0;1.0;;1.0;1.0";0.5748942971188129;0.5748942971188129;-0.5748942971188129;baseline_max
"LD_6;0;6;1;0.6423549624052132;1.0;1.0;1.0;-0.07450046314675207;1.0;1.0;;1.0;1.0;;1.0;1.0";0.6386537648411917;0.6386863234690756;-0.6386537648411917;baseline_max
"LS_6;0;6;1;0.9078749146864712;1.0;1.0;1.0;0.055052135054613933;1.0;1.0;;1.0;1.0;;1.0;1.0";0.5894609755233967;0.5894609755233967;-0.5894609755233967;baseline_max
"MN_6;1;6;1;0.9999888986798396;1.0;1.0;1.0;-0.2338388961342157;1.0;1.0;;1.0;1.0;;1.0;1.0";0.6467182187545087;0.6467182187545087;-0.6467182187545087;baseline_max
"PB_6;1;6;1;0.6829642829973849;1.0;1.0;1.0;-0.00995024875621997;1.0;1.0;;1.0;1.0;;1.0;1.0";0.6325717175803892;0.633849521428368;-0.6326036149012163;baseline_max
"PGA_6;1;6;1;0.9999591158381445;1.0;1.0;1.0;0.09506296667780934;1.0;1.0;;1.0;1.0;;1.0;1.0";0.5671615053133836;0.5671615053133836;-0.5671615053133836;baseline_max
"VJ_6;0;6;1;0.7052743152076002;1.0;1.0;1.0;0.14273648648648307;1.0;1.0;;1.0;1.0;;1.0;1.0";0.6102173182302366;0.6102173182302366;;baseline_max
