"Case ID;Actual;Prefix Length;Prediction;Prediction Probability;SHAP Subset Stability;SHAP Weight Stability;SHAP Adjusted Weight Stability;LIME Subset Stability;LIME Weight Stability;LIME Adjusted Weight Stability;ACV Subset Stability;ACV Weight Stability;ACV Adjusted Weight Stability;LINDA Subset Stability;LINDA Weight Stability;LINDA Adjusted Weight Stability";MAPE Correctness;RMSE Correctness;R2 Correctness;Mode
"AIA_8;1;8;1;0.9833006308951424;1.0;1.0;1.0;0.5866396411937208;0.9421442097341786;0.9421442097341786;;1.0;1.0;;1.0;1.0";0.5319896033622061;0.5319896033622061;-0.49329691468890285;baseline_mean
"FMA_8;1;8;1;0.7501123425188342;1.0;1.0;1.0;0.5716949400409477;0.9482699188366224;0.9482699188366224;;1.0;1.0;;1.0;1.0";0.5109614146726419;0.5109614146726419;-0.5109614146726419;baseline_mean
"IF_8;0;8;0;0.9999991094997992;1.0;1.0;1.0;0.5962085308056873;0.968844724824771;0.968844724824771;1.0;1.0;1.0;;1.0;1.0";0.34310730119126;0.34310730119126;-0.34310730119126;baseline_mean
"IQ_8;1;8;0;0.9999818072305624;1.0;1.0;1.0;0.6466824644549762;0.839792237496261;0.839792237496261;1.0;1.0;1.0;;1.0;1.0";0.4810980897883829;0.4810980897883829;-0.4810980897883829;baseline_mean
"O_8;1;8;1;0.9484271467597544;1.0;1.0;1.0;0.5407107124374676;0.7198122321511733;0.7198122321511733;;1.0;1.0;;1.0;1.0";0.5024621641108891;0.5024621641108891;-0.5024621641108891;baseline_mean
"SD_8;0;8;0;0.996285272099874;1.0;1.0;1.0;0.5962085308056871;0.9360570417488312;0.9360570417488312;1.0;1.0;1.0;;1.0;1.0";0.5148433586455775;0.5148433586455775;-0.5148433586455775;baseline_mean
"VIA_8;0;8;1;0.6770075372575763;1.0;1.0;1.0;0.4571496533913279;0.9150776741952564;0.9150776741952564;;1.0;1.0;;1.0;1.0";0.46944350897549636;0.46938741667564243;-0.46938741667564243;baseline_mean
"YKA_8;0;8;1;0.5055931785043636;1.0;1.0;1.0;0.7174466730340656;0.9633221043812038;0.9633221043812038;;1.0;1.0;;1.0;1.0";0.5280079740704402;0.5280414433253224;-0.5280414433253224;baseline_mean
