Case ID;Actual;Prefix Length;Prediction;Prediction Probability;SHAP Subset Stability;SHAP Weight Stability;SHAP Adjusted Weight Stability;LIME Subset Stability;LIME Weight Stability;LIME Adjusted Weight Stability;ACV Subset Stability;ACV Weight Stability;ACV Adjusted Weight Stability;LINDA Subset Stability;LINDA Weight Stability;LINDA Adjusted Weight Stability;MAPE Correctness;RMSE Correctness;R2 Correctness;Mode
BF;1;1;1;0.5784236107473867;1.0;1.0;1.0;0.9236609202634116;0.9858350017147086;0.9858350017147086;;1.0;1.0;;1.0;1.0;0.4885807143366249;0.48853408588233593;-0.48848747077567467;baseline_mean
GF;1;1;0;0.8240620024109183;1.0;1.0;1.0;0.8050243719535058;0.9847978629460652;0.9847978629460652;1.0;1.0;1.0;;1.0;1.0;0.4875982032841679;0.4875982032841679;-0.4875982032841679;baseline_mean
GJA;1;1;1;0.7928008206699386;1.0;1.0;1.0;0.910788686829077;0.9811458809356954;0.9811458809356954;;1.0;1.0;;1.0;1.0;0.501590785310535;0.501590785310535;;baseline_mean
GMA;0;1;1;0.7552524156188481;1.0;1.0;1.0;0.8020361990950227;0.9839860470597516;0.9839860470597516;;1.0;1.0;;1.0;1.0;0.44714285489867894;0.44714285489867894;-0.4471285817247898;baseline_mean
HP;0;1;0;0.7596704701673976;1.0;1.0;1.0;0.910788686829077;0.9801937727229856;0.9801937727229856;1.0;1.0;1.0;;1.0;1.0;0.45024466976365923;0.45024466976365923;-0.45024466976365923;baseline_mean
HS;1;1;1;0.8353345591614665;1.0;1.0;1.0;0.910788686829077;0.8883440496381959;0.8883440496381959;;1.0;1.0;;1.0;1.0;0.49071483182421827;0.49071483182421827;-0.49071483182421827;baseline_mean
MU;0;1;0;0.6348893904843291;1.0;1.0;1.0;0.8387382597908913;0.9716083298450794;0.9716083298450794;1.0;1.0;1.0;;1.0;1.0;0.4845407908221982;0.4845562750689329;-0.4845562750689329;baseline_mean
ST;0;1;1;0.8321718979082487;1.0;1.0;1.0;0.910788686829077;0.972078861272658;0.972078861272658;;1.0;1.0;;1.0;1.0;0.49912486545682055;0.49912486545682055;-0.49912486545682055;baseline_mean
