Case ID;Actual;Prefix Length;Prediction;Prediction Probability;SHAP Subset Stability;SHAP Weight Stability;SHAP Adjusted Weight Stability;LIME Subset Stability;LIME Weight Stability;LIME Adjusted Weight Stability;ACV Subset Stability;ACV Weight Stability;ACV Adjusted Weight Stability;LINDA Subset Stability;LINDA Weight Stability;LINDA Adjusted Weight Stability;MAPE Correctness;RMSE Correctness;R2 Correctness;Mode
ECA_5;0;5;0;0.9999992288509664;1.0;1.0;1.0;0.7959728763300192;0.8784699415508743;0.8784699415508743;1.0;1.0;1.0;;1.0;1.0;0.10397695749007344;0.10397695749007344;-0.10397695749007344;baseline_min
FDA_5;1;5;1;0.9999982573635428;1.0;1.0;1.0;0.763758067329496;0.944357851782401;0.944357851782401;;1.0;1.0;;1.0;1.0;0.04197636451544905;0.04197636451544905;-0.04197636451544905;baseline_min
GD_5;0;5;0;0.9725335405299902;1.0;1.0;1.0;0.7377529286474973;0.918924769771629;0.918924769771629;1.0;1.0;1.0;;1.0;1.0;0.0841391212658448;0.0841391212658448;-0.0841391212658448;baseline_min
ILA_5;1;5;1;0.6456579758162417;1.0;1.0;1.0;0.9390922582240908;0.8115469298558788;0.8115469298558788;;1.0;1.0;;1.0;1.0;0.07874946995698161;0.07874946995698161;-0.07874946995698161;baseline_min
JY_5;1;5;1;0.9553183983628224;1.0;1.0;1.0;0.8903251275406916;0.9441870604863772;0.9441870604863772;;1.0;1.0;;1.0;1.0;0.0956682336299432;0.0956682336299432;-0.0956682336299432;baseline_min
MJ_5;0;5;0;0.9828156378515608;1.0;1.0;1.0;0.8314438502673797;0.947844748419815;0.947844748419815;1.0;1.0;1.0;;1.0;1.0;0.09339836960984887;0.09339836960984887;-0.09339836960984887;baseline_min
MP_5;1;5;1;0.9856562584793528;1.0;1.0;1.0;0.8547724901329219;0.9380531003966396;0.9380531003966396;;1.0;1.0;;1.0;1.0;0.03691008922669736;0.03691008922669736;-0.03691008922669736;baseline_min
UI_5;0;5;1;0.8724614154205528;1.0;1.0;1.0;0.9172859722047276;0.8903146482712946;0.8903146482712946;;1.0;1.0;;1.0;1.0;0.07329410371654435;0.07329410371654435;-0.07329410371654435;baseline_min
