Case ID;Actual;Prefix Length;Prediction;Prediction Probability;SHAP Subset Stability;SHAP Weight Stability;SHAP Adjusted Weight Stability;LIME Subset Stability;LIME Weight Stability;LIME Adjusted Weight Stability;ACV Subset Stability;ACV Weight Stability;ACV Adjusted Weight Stability;LINDA Subset Stability;LINDA Weight Stability;LINDA Adjusted Weight Stability;MAPE Correctness;RMSE Correctness;R2 Correctness;Mode
FY_4;1;4;1;0.9999999197955268;1.0;1.0;1.0;0.1960245636716227;0.9375371650430574;0.9375371650430574;;1.0;1.0;;1.0;1.0;0.4555835914451381;0.4555835914451381;-0.4555835914451381;baseline_mean
KV_4;1;4;1;0.6174069568994658;1.0;1.0;1.0;0.7166041405341957;0.4910219789386655;0.4910219789386655;;1.0;1.0;;1.0;1.0;0.3900224322511878;0.39003248062054247;-0.39003248062054247;baseline_mean
NEA_4;0;4;0;0.9999999999696908;1.0;1.0;1.0;0.17786868686868684;0.9589430628719318;0.9589430628719318;1.0;1.0;1.0;;1.0;1.0;0.4193741384765625;0.4193741384765625;-0.4193741384765625;baseline_mean
OK_4;1;4;1;0.9933449451684412;1.0;1.0;1.0;0.3819905882811434;0.9298121508431959;0.9298121508431959;;1.0;1.0;;1.0;1.0;0.4492008679926773;0.4492008679926773;-0.4492008679926773;baseline_mean
QN_4;0;4;1;0.9371053275264866;1.0;1.0;1.0;0.3197596602890628;0.9582597298146254;0.9582597298146254;;1.0;1.0;;1.0;1.0;0.4160213239841474;0.4160320693078221;-0.4160213239841474;baseline_mean
RC_4;1;4;0;0.5860352970717211;1.0;1.0;1.0;0.1880864953080379;0.9591589436244388;0.9591589436244388;1.0;1.0;1.0;;1.0;1.0;0.44862037874222727;0.44863193620822284;-0.44863193620822284;baseline_mean
VIA_4;0;4;1;0.9999999915073076;1.0;1.0;1.0;1.0;0.9413969908911712;0.9413969908911712;;1.0;1.0;;1.0;1.0;0.40407876610190563;0.40407876610190563;-0.40407876610190563;baseline_mean
VW_4;0;4;1;0.9367584218508764;1.0;1.0;1.0;1.0;0.666101961577569;0.666101961577569;;1.0;1.0;;1.0;1.0;0.24923889347613065;0.24923889347613065;-0.24923889347613065;baseline_mean
