"Case ID;Actual;Prefix Length;Prediction;Prediction Probability;SHAP Subset Stability;SHAP Weight Stability;SHAP Adjusted Weight Stability;LIME Subset Stability;LIME Weight Stability;LIME Adjusted Weight Stability;ACV Subset Stability;ACV Weight Stability;ACV Adjusted Weight Stability;LINDA Subset Stability;LINDA Weight Stability;LINDA Adjusted Weight Stability";MAPE Correctness;RMSE Correctness;R2 Correctness;Mode
"AC_7;0;7;0;0.9995644972066924;1.0;1.0;1.0;0.3566293566293566;0.9880369541326416;0.9880369541326416;1.0;1.0;1.0;;1.0;1.0";0.03975156756163684;0.03975156756163684;-0.03975156756163684;baseline_min
"EMA_7;1;7;0;0.6713083048881912;1.0;1.0;1.0;0.1810129740518962;0.9813310611795856;0.9813310611795856;1.0;1.0;1.0;;1.0;1.0";0.048158076201799675;0.04815609809183183;-0.04815609809183183;baseline_min
"EQ_7;1;7;1;0.9960855015696252;1.0;1.0;1.0;0.4944944944944945;0.9650584435034876;0.9650584435034876;;1.0;1.0;;1.0;1.0";0.03853939274753496;0.03853939274753496;-0.03853939274753496;baseline_min
"FX_7;1;7;1;0.9157827978104066;1.0;1.0;1.0;0.3674849699398797;0.972254118714348;0.972254118714348;;1.0;1.0;;1.0;1.0";0.07438998525130694;0.07438998525130694;-0.07438998525130694;baseline_min
"LHA_7;0;7;0;0.9998639102705456;1.0;1.0;1.0;0.7122916963395527;0.986464652023454;0.986464652023454;1.0;1.0;1.0;;1.0;1.0";0.026412773264416295;0.026412773264416295;-0.026412773264416295;baseline_min
"MC_7;1;7;1;0.9712935123751874;1.0;1.0;1.0;0.7122916963395527;0.9857618820921789;0.9857618820921789;;1.0;1.0;;1.0;1.0";0.06512985698313233;0.06512985698313233;-0.06512985698313233;baseline_min
"NM_7;0;7;0;0.8372999440427216;1.0;1.0;1.0;0.8323373173970783;0.9798049816409514;0.9798049816409514;1.0;1.0;1.0;;1.0;1.0";0.04630781548984505;0.04630781548984505;-0.04630781548984505;baseline_min
"ZM_7;0;7;0;0.9176417724762528;1.0;1.0;1.0;0.4096526386105544;0.9896682157998018;0.9896682157998018;1.0;1.0;1.0;;1.0;1.0";0.04488264237769221;0.044880798504373126;-0.044880798504373126;baseline_min
