Case ID;Actual;Prefix Length;Prediction;Prediction Probability;SHAP Subset Stability;SHAP Weight Stability;SHAP Adjusted Weight Stability;LIME Subset Stability;LIME Weight Stability;LIME Adjusted Weight Stability;ACV Subset Stability;ACV Weight Stability;ACV Adjusted Weight Stability;LINDA Subset Stability;LINDA Weight Stability;LINDA Adjusted Weight Stability;MAPE Correctness;RMSE Correctness;R2 Correctness;Mode
AIA_2;1;2;1;0.9679530173473788;1.0;1.0;1.0;0.7179172179172181;0.9615911407862916;0.9615911407862916;;1.0;1.0;;1.0;1.0;0.6296751778063605;0.6296751778063605;-0.6296751778063605;baseline_max
HLA_2;0;2;0;0.8008157831349847;1.0;1.0;1.0;0.8477196204468932;0.9133648423041384;0.9133648423041384;1.0;1.0;1.0;;1.0;1.0;0.62405009623073;0.6253841594055196;-0.6240330482435055;baseline_max
NJA_2;0;2;0;0.9423066721189512;1.0;1.0;1.0;0.8078656024716786;0.8724090149953008;0.8724090149953008;1.0;1.0;1.0;;1.0;1.0;0.6391975487184991;0.6370436384108653;-0.636868052387737;baseline_max
PB_2;1;2;0;0.8507579016947701;1.0;1.0;1.0;0.6922680412371134;0.9629711681493548;0.9629711681493548;1.0;1.0;1.0;;1.0;1.0;0.6298296352429588;0.6298467499461655;;baseline_max
QI_2;0;2;0;0.9583417743632842;1.0;1.0;1.0;0.7997181964573269;0.9588801804369108;0.9588801804369108;1.0;1.0;1.0;;1.0;1.0;0.6215921542471172;0.6215921542471172;-0.38424510571244735;baseline_max
RI_2;1;2;0;0.8779620560533039;1.0;1.0;1.0;0.7958974358974359;0.939051629960094;0.939051629960094;1.0;1.0;1.0;;1.0;1.0;0.6205039506952801;0.6201457068075384;-0.6183130607511033;baseline_max
RLA_2;1;2;1;0.7133898442186293;1.0;1.0;1.0;0.7432920536635707;0.942150696330747;0.942150696330747;;1.0;1.0;;1.0;1.0;0.6580728763544107;0.65809087492881;-0.65809087492881;baseline_max
YX_2;0;2;1;0.7129665008444203;1.0;1.0;1.0;0.8054170333431114;0.8884681739873007;0.8884681739873007;;1.0;1.0;;1.0;1.0;0.6520849265290523;0.6529228187903963;;baseline_max
