"Case ID;Actual;Prefix Length;Prediction;Prediction Probability;SHAP Subset Stability;SHAP Weight Stability;SHAP Adjusted Weight Stability;LIME Subset Stability;LIME Weight Stability;LIME Adjusted Weight Stability;ACV Subset Stability;ACV Weight Stability;ACV Adjusted Weight Stability;LINDA Subset Stability;LINDA Weight Stability;LINDA Adjusted Weight Stability";MAPE Correctness;RMSE Correctness;R2 Correctness;Mode
"ADA_12;1;12;1;0.9999995252832032;1.0;1.0;1.0;0.08133054684778808;1.0;1.0;;1.0;1.0;;1.0;1.0";0.5513185082657861;0.5513185082657861;-0.5513185082657861;baseline_mean
"FMA_12;1;12;1;1.0;1.0;1.0;1.0;0.01935822825735134;1.0;1.0;;1.0;1.0;;1.0;1.0";0.14307455759827498;0.14307455759827498;-0.1434866488521247;baseline_mean
"GCA_12;0;12;0;0.6541991896450976;1.0;1.0;1.0;0.0581819593230849;1.0;1.0;1.0;1.0;1.0;;1.0;1.0";0.566792726011434;0.566792726011434;-0.566792726011434;baseline_mean
"QB_12;1;12;1;0.9996658299784807;1.0;1.0;1.0;0.044726368159204936;1.0;1.0;;1.0;1.0;;1.0;1.0";0.5880348306598572;0.5880348306598572;-0.46315556606609437;baseline_mean
"S_12;0;12;1;0.9997951026866512;1.0;1.0;1.0;0.07686285345859756;1.0;1.0;;1.0;1.0;;1.0;1.0";0.5331244495220421;0.5331244495220421;-0.5331244495220421;baseline_mean
"TC_12;0;12;0;0.9888182260840028;1.0;1.0;1.0;0.0509486424599257;0.9999999999999979;0.9999999999999979;1.0;1.0;1.0;;1.0;1.0";0.5226314038994607;0.5226314038994607;-0.5226314038994607;baseline_mean
"VG_12;1;12;1;0.9999999580468611;1.0;1.0;1.0;-0.19187656558790606;1.0;1.0;;1.0;1.0;;1.0;1.0";0.5111815218927048;0.5111815218927048;-0.5111815218927048;baseline_mean
"YDA_12;0;12;0;0.9999999999999412;1.0;1.0;1.0;0.060378436512736326;1.0;1.0;1.0;1.0;1.0;;1.0;1.0";0.5532602619515768;0.5532602619515768;-0.5532602619515768;baseline_mean
