"Case ID;Actual;Prefix Length;Prediction;Prediction Probability;SHAP Subset Stability;SHAP Weight Stability;SHAP Adjusted Weight Stability;LIME Subset Stability;LIME Weight Stability;LIME Adjusted Weight Stability;ACV Subset Stability;ACV Weight Stability;ACV Adjusted Weight Stability;LINDA Subset Stability;LINDA Weight Stability;LINDA Adjusted Weight Stability";MAPE Correctness;RMSE Correctness;R2 Correctness;Mode
"FN_14;0;14;0;1.0;1.0;1.0;1.0;;1.0;1.0;1.0;1.0;1.0;;1.0;1.0";0.19727244345205242;0.19727244345205242;-0.18586799016003666;baseline_0
"GE_14;0;14;0;1.0;1.0;1.0;1.0;;1.0;1.0;1.0;1.0;1.0;;1.0;1.0";0.19870721146036752;0.19870721146036752;-0.19105336982784105;baseline_0
"HEA_14;1;14;1;0.999999931454332;1.0;1.0;1.0;;1.0;1.0;;1.0;1.0;;1.0;1.0";0.17896611267635024;0.17896611267635024;-0.17896611267635024;baseline_0
"JMA_14;0;14;1;0.9999999999999714;1.0;1.0;1.0;;1.0;1.0;;1.0;1.0;;1.0;1.0";-0.01158339776334557;-0.01158339776334557;0.01158339776334557;baseline_0
"PK_14;0;14;1;0.9999023555069247;1.0;1.0;1.0;;1.0;1.0;;1.0;1.0;;1.0;1.0";0.18389389521046187;0.18389389521046187;-0.18389389521046187;baseline_0
"PLA_14;1;14;1;0.99628366474226;1.0;1.0;1.0;;1.0;1.0;;1.0;1.0;;1.0;1.0";0.17533275422567748;0.17533275422567748;-0.17533275422567748;baseline_0
"WT_14;1;14;1;0.9992499353219876;1.0;1.0;1.0;;1.0;1.0;;1.0;1.0;;1.0;1.0";0.17591112967427933;0.17591112967427933;-0.17591112967427933;baseline_0
"XT_14;1;14;1;0.999999989651964;1.0;1.0;1.0;;1.0;1.0;;1.0;1.0;;1.0;1.0";0.18852480608676875;0.18852480608676875;-0.18852480608676875;baseline_0
