Case ID;Actual;Prefix Length;Prediction;Prediction Probability;SHAP Subset Stability;SHAP Weight Stability;SHAP Adjusted Weight Stability;LIME Subset Stability;LIME Weight Stability;LIME Adjusted Weight Stability;ACV Subset Stability;ACV Weight Stability;ACV Adjusted Weight Stability;LINDA Subset Stability;LINDA Weight Stability;LINDA Adjusted Weight Stability;MAPE Correctness;RMSE Correctness;R2 Correctness;Mode
IGA_6;1;6;1;0.9999329997056527;1.0;1.0;1.0;0.061133535149681124;1.0;1.0;;1.0;1.0;;1.0;1.0;0.24171755761350106;0.24171755761350106;-0.27755546659548436;baseline_mean
JK_6;0;6;1;0.9921672763982884;1.0;1.0;1.0;-0.19068549209739927;1.0;1.0;;1.0;1.0;;1.0;1.0;0.20633943593499193;0.20633943593499193;-0.20633943593499193;baseline_mean
LD_6;0;6;1;0.6423549624052132;1.0;1.0;1.0;-0.07450046314675207;1.0;1.0;;1.0;1.0;;1.0;1.0;0.21843128547424384;0.21843128547424384;-0.21842593537233934;baseline_mean
LS_6;0;6;1;0.9078749146864712;1.0;1.0;1.0;0.055052135054613933;1.0;1.0;;1.0;1.0;;1.0;1.0;0.23596710466854776;0.23596710466854776;-0.23596710466854776;baseline_mean
MN_6;1;6;1;0.9999888986798396;1.0;1.0;1.0;-0.2338388961342157;1.0;1.0;;1.0;1.0;;1.0;1.0;0.06541987863456161;0.06541987863456161;-0.06541987863456161;baseline_mean
PB_6;1;6;1;0.6829642829973849;1.0;1.0;1.0;-0.00995024875621997;1.0;1.0;;1.0;1.0;;1.0;1.0;0.23908553681671757;0.23908553681671757;-0.23908553681671757;baseline_mean
PGA_6;1;6;1;0.9999591158381445;1.0;1.0;1.0;0.09506296667780934;1.0;1.0;;1.0;1.0;;1.0;1.0;0.2657311988645562;0.26572463038316535;-0.26572463038316535;baseline_mean
VJ_6;0;6;1;0.7052743152076002;1.0;1.0;1.0;0.14273648648648307;1.0;1.0;;1.0;1.0;;1.0;1.0;0.2544079536934556;0.25441417690387935;;baseline_mean
