"Case ID;Actual;Prefix Length;Prediction;Prediction Probability;SHAP Subset Stability;SHAP Weight Stability;SHAP Adjusted Weight Stability;LIME Subset Stability;LIME Weight Stability;LIME Adjusted Weight Stability;ACV Subset Stability;ACV Weight Stability;ACV Adjusted Weight Stability;LINDA Subset Stability;LINDA Weight Stability;LINDA Adjusted Weight Stability";MAPE Correctness;RMSE Correctness;R2 Correctness;Mode
"IGA_6;1;6;1;0.9999329997056527;1.0;1.0;1.0;0.061133535149681124;1.0;1.0;;1.0;1.0;;1.0;1.0";-0.02758855017172236;-0.02758855017172236;0.07510452474134181;baseline_0
"JK_6;0;6;1;0.9921672763982884;1.0;1.0;1.0;-0.19068549209739927;1.0;1.0;;1.0;1.0;;1.0;1.0";-0.059792852640424124;-0.059792852640424124;0.059792852640424124;baseline_0
"LD_6;0;6;1;0.6423549624052132;1.0;1.0;1.0;-0.07450046314675207;1.0;1.0;;1.0;1.0;;1.0;1.0";-0.028978979181201795;-0.028978979181201795;0.028978979181201795;baseline_0
"LS_6;0;6;1;0.9078749146864712;1.0;1.0;1.0;0.055052135054613933;1.0;1.0;;1.0;1.0;;1.0;1.0";-0.04584995032465021;-0.04578186091912225;0.04578186091912225;baseline_0
"MN_6;1;6;1;0.9999888986798396;1.0;1.0;1.0;-0.2338388961342157;1.0;1.0;;1.0;1.0;;1.0;1.0";-0.11923682989239295;-0.11923682989239295;0.11923682989239295;baseline_0
"PB_6;1;6;1;0.6829642829973849;1.0;1.0;1.0;-0.00995024875621997;1.0;1.0;;1.0;1.0;;1.0;1.0";-0.04238514244727178;-0.04238514244727178;0.04238514244727178;baseline_0
"PGA_6;1;6;1;0.9999591158381445;1.0;1.0;1.0;0.09506296667780934;1.0;1.0;;1.0;1.0;;1.0;1.0";0.018145806953068947;0.018145806953068947;-0.018145806953068947;baseline_0
"VJ_6;0;6;1;0.7052743152076002;1.0;1.0;1.0;0.14273648648648307;1.0;1.0;;1.0;1.0;;1.0;1.0";-0.03544036246162858;-0.03544036246162858;;baseline_0
