Case ID;Actual;Prefix Length;Prediction;Prediction Probability;SHAP Subset Stability;SHAP Weight Stability;SHAP Adjusted Weight Stability;LIME Subset Stability;LIME Weight Stability;LIME Adjusted Weight Stability;ACV Subset Stability;ACV Weight Stability;ACV Adjusted Weight Stability;LINDA Subset Stability;LINDA Weight Stability;LINDA Adjusted Weight Stability;MAPE Correctness;RMSE Correctness;R2 Correctness;Mode
ECA_5;0;5;0;0.9999992288509664;1.0;1.0;1.0;0.7959728763300192;0.8784699415508743;0.8784699415508743;1.0;1.0;1.0;;1.0;1.0;0.7652249204560883;0.7554815542278743;-0.7554815542278743;permutation
FDA_5;1;5;1;0.9999982573635428;1.0;1.0;1.0;0.763758067329496;0.944357851782401;0.944357851782401;;1.0;1.0;;1.0;1.0;0.5969086269465768;0.6141129979945843;-0.6141129979945843;permutation
GD_5;0;5;0;0.9725335405299902;1.0;1.0;1.0;0.7377529286474973;0.918924769771629;0.918924769771629;1.0;1.0;1.0;;1.0;1.0;0.7151619431778089;0.7133804965039142;-0.7133429610274995;permutation
ILA_5;1;5;1;0.6456579758162417;1.0;1.0;1.0;0.9390922582240908;0.8115469298558788;0.8115469298558788;;1.0;1.0;;1.0;1.0;0.6694152992964417;0.6819288513674691;-0.6819288513674691;permutation
JY_5;1;5;1;0.9553183983628224;1.0;1.0;1.0;0.8903251275406916;0.9441870604863772;0.9441870604863772;;1.0;1.0;;1.0;1.0;0.5924296277646037;0.6104157201578001;-0.6104157201578001;permutation
MJ_5;0;5;0;0.9828156378515608;1.0;1.0;1.0;0.8314438502673797;0.947844748419815;0.947844748419815;1.0;1.0;1.0;;1.0;1.0;0.7347331900971283;0.7302857167262155;-0.7302857167262155;permutation
MP_5;1;5;1;0.9856562584793528;1.0;1.0;1.0;0.8547724901329219;0.9380531003966396;0.9380531003966396;;1.0;1.0;;1.0;1.0;0.5919157255560941;0.6032467896288202;-0.6032467896288202;permutation
UI_5;0;5;1;0.8724614154205528;1.0;1.0;1.0;0.9172859722047276;0.8903146482712946;0.8903146482712946;;1.0;1.0;;1.0;1.0;0.6138204195795024;0.6218520802544334;-0.6218520802544334;permutation
