"Case ID;Actual;Prefix Length;Prediction;Prediction Probability;SHAP Subset Stability;SHAP Weight Stability;SHAP Adjusted Weight Stability;LIME Subset Stability;LIME Weight Stability;LIME Adjusted Weight Stability;ACV Subset Stability;ACV Weight Stability;ACV Adjusted Weight Stability;LINDA Subset Stability;LINDA Weight Stability;LINDA Adjusted Weight Stability";MAPE Correctness;RMSE Correctness;R2 Correctness;Mode
"AC_7;0;7;0;0.9995644972066924;1.0;1.0;1.0;0.3566293566293566;0.9880369541326416;0.9880369541326416;1.0;1.0;1.0;;1.0;1.0";0.7686296407817403;0.7725528310773818;-0.7725528310773818;permutation
"EMA_7;1;7;0;0.6713083048881912;1.0;1.0;1.0;0.1810129740518962;0.9813310611795856;0.9813310611795856;1.0;1.0;1.0;;1.0;1.0";0.7745586163662046;0.7785622791761353;-0.7785622791761353;permutation
"EQ_7;1;7;1;0.9960855015696252;1.0;1.0;1.0;0.4944944944944945;0.9650584435034876;0.9650584435034876;;1.0;1.0;;1.0;1.0";0.5955744875598411;0.6080865566262244;-0.6080865566262244;permutation
"FX_7;1;7;1;0.9157827978104066;1.0;1.0;1.0;0.3674849699398797;0.972254118714348;0.972254118714348;;1.0;1.0;;1.0;1.0";0.5998136623202737;0.6056191178754804;-0.605604045787132;permutation
"LHA_7;0;7;0;0.9998639102705456;1.0;1.0;1.0;0.7122916963395527;0.986464652023454;0.986464652023454;1.0;1.0;1.0;;1.0;1.0";0.78488758165781;0.7892309120354977;-0.7892112684311878;permutation
"MC_7;1;7;1;0.9712935123751874;1.0;1.0;1.0;0.7122916963395527;0.9857618820921789;0.9857618820921789;;1.0;1.0;;1.0;1.0";0.6129107304152553;0.6274396232381536;-0.6274240081012539;permutation
"NM_7;0;7;0;0.8372999440427216;1.0;1.0;1.0;0.8323373173970783;0.9798049816409514;0.9798049816409514;1.0;1.0;1.0;;1.0;1.0";0.7561417674405236;0.7650499171926194;-0.7650499171926194;permutation
"ZM_7;0;7;0;0.9176417724762528;1.0;1.0;1.0;0.4096526386105544;0.9896682157998018;0.9896682157998018;1.0;1.0;1.0;;1.0;1.0";0.745331877853711;0.7503364563661242;-0.7503364563661242;permutation
