Case ID;Actual;Prefix Length;Prediction;Prediction Probability;SHAP Subset Stability;SHAP Weight Stability;SHAP Adjusted Weight Stability;LIME Subset Stability;LIME Weight Stability;LIME Adjusted Weight Stability;ACV Subset Stability;ACV Weight Stability;ACV Adjusted Weight Stability;LINDA Subset Stability;LINDA Weight Stability;LINDA Adjusted Weight Stability;MAPE Correctness;RMSE Correctness;R2 Correctness;Mode
AIA_2;1;2;1;0.9679530173473788;1.0;1.0;1.0;0.7179172179172181;0.9615911407862916;0.9615911407862916;;1.0;1.0;;1.0;1.0;0.7544613511387687;0.7657110888319574;-0.7656913527384215;permutation
HLA_2;0;2;0;0.8008157831349847;1.0;1.0;1.0;0.8477196204468932;0.9133648423041384;0.9133648423041384;1.0;1.0;1.0;;1.0;1.0;0.7578867105096952;0.7491483062319255;-0.7491483062319255;permutation
NJA_2;0;2;0;0.9423066721189512;1.0;1.0;1.0;0.8078656024716786;0.8724090149953008;0.8724090149953008;1.0;1.0;1.0;;1.0;1.0;0.7325975746534995;0.7291720387040039;-0.7291344515476756;permutation
PB_2;1;2;0;0.8507579016947701;1.0;1.0;1.0;0.6922680412371134;0.9629711681493548;0.9629711681493548;1.0;1.0;1.0;;1.0;1.0;0.7500824710751658;0.7430243367040165;;permutation
QI_2;0;2;0;0.9583417743632842;1.0;1.0;1.0;0.7997181964573269;0.9588801804369108;0.9588801804369108;1.0;1.0;1.0;;1.0;1.0;0.7384763407411116;0.7358813715207128;-0.4767686604021084;permutation
RI_2;1;2;0;0.8779620560533039;1.0;1.0;1.0;0.7958974358974359;0.939051629960094;0.939051629960094;1.0;1.0;1.0;;1.0;1.0;0.7592556632014077;0.7449310639093448;-0.7449310639093448;permutation
RLA_2;1;2;1;0.7133898442186293;1.0;1.0;1.0;0.7432920536635707;0.942150696330747;0.942150696330747;;1.0;1.0;;1.0;1.0;0.768825212422408;0.786595992332099;-0.786595992332099;permutation
YX_2;0;2;1;0.7129665008444203;1.0;1.0;1.0;0.8054170333431114;0.8884681739873007;0.8884681739873007;;1.0;1.0;;1.0;1.0;0.7710890278339815;0.784790818461172;;permutation
