Case ID;Actual;Prefix Length;Prediction;Prediction Probability;SHAP Subset Stability;SHAP Weight Stability;SHAP Adjusted Weight Stability;LIME Subset Stability;LIME Weight Stability;LIME Adjusted Weight Stability;ACV Subset Stability;ACV Weight Stability;ACV Adjusted Weight Stability;LINDA Subset Stability;LINDA Weight Stability;LINDA Adjusted Weight Stability;MAPE Correctness;RMSE Correctness;R2 Correctness;Mode
AIA_8;1;8;1;0.9833006308951424;1.0;1.0;1.0;0.5866396411937208;0.9421442097341786;0.9421442097341786;;1.0;1.0;;1.0;1.0;0.681084956221085;0.6963092973788927;-0.49329691468890285;permutation
FMA_8;1;8;1;0.7501123425188342;1.0;1.0;1.0;0.5716949400409477;0.9482699188366224;0.9482699188366224;;1.0;1.0;;1.0;1.0;0.7172153605047465;0.7319263009235275;-0.7319097943484;permutation
IF_8;0;8;0;0.9999991094997992;1.0;1.0;1.0;0.5962085308056873;0.968844724824771;0.968844724824771;1.0;1.0;1.0;;1.0;1.0;0.8264817624308353;0.8348273141972316;-0.8348273141972316;permutation
IQ_8;1;8;0;0.9999818072305624;1.0;1.0;1.0;0.6466824644549762;0.839792237496261;0.839792237496261;1.0;1.0;1.0;;1.0;1.0;0.8047833186314062;0.8125844193304933;-0.8125844193304933;permutation
O_8;1;8;1;0.9484271467597544;1.0;1.0;1.0;0.5407107124374676;0.7198122321511733;0.7198122321511733;;1.0;1.0;;1.0;1.0;0.6820212843853787;0.6942509893622607;-0.6942509893622607;permutation
SD_8;0;8;0;0.996285272099874;1.0;1.0;1.0;0.5962085308056871;0.9360570417488312;0.9360570417488312;1.0;1.0;1.0;;1.0;1.0;0.7966553124045775;0.8042934777791486;-0.8042934777791486;permutation
VIA_8;0;8;1;0.6770075372575763;1.0;1.0;1.0;0.4571496533913279;0.9150776741952564;0.9150776741952564;;1.0;1.0;;1.0;1.0;0.7398919559424835;0.7548585089313898;-0.7548414859514937;permutation
YKA_8;0;8;1;0.5055931785043636;1.0;1.0;1.0;0.7174466730340656;0.9633221043812038;0.9633221043812038;;1.0;1.0;;1.0;1.0;0.8424618747317321;0.8527114647236232;-0.8527114647236232;permutation
