Case ID;Actual;Prefix Length;Prediction;Prediction Probability;SHAP Subset Stability;SHAP Weight Stability;SHAP Adjusted Weight Stability;LIME Subset Stability;LIME Weight Stability;LIME Adjusted Weight Stability;ACV Subset Stability;ACV Weight Stability;ACV Adjusted Weight Stability;LINDA Subset Stability;LINDA Weight Stability;LINDA Adjusted Weight Stability;MAPE Correctness;RMSE Correctness;R2 Correctness;Mode
AE_9;0;9;1;0.9999999968277776;1.0;1.0;1.0;;1.0;1.0;;1.0;1.0;;1.0;1.0;0.5767200312986333;0.5967314744970456;-0.5967314744970456;permutation
CU_9;1;9;0;0.8058634169511499;1.0;1.0;1.0;;1.0;1.0;1.0;1.0;1.0;;1.0;1.0;0.4898660933631611;0.4815690687669932;-0.4815690687669932;permutation
EK_9;0;9;0;0.9522370913425184;1.0;1.0;1.0;;1.0;1.0;1.0;1.0;1.0;;1.0;1.0;0.4533701968883666;0.4600944168710292;-0.4600944168710292;permutation
LQ_9;1;9;1;0.9994636127374092;1.0;1.0;1.0;;1.0;1.0;;1.0;1.0;;1.0;1.0;0.5670071600876966;0.582751775856097;-0.582751775856097;permutation
OU_9;1;9;0;0.9980830263700882;1.0;1.0;1.0;;1.0;1.0;1.0;1.0;1.0;;1.0;1.0;0.447328968081582;0.45267590076151437;-0.45267590076151437;permutation
TI_9;0;9;1;0.9999845908848476;1.0;1.0;1.0;;1.0;1.0;;1.0;1.0;;1.0;1.0;0.5627256902330079;0.5789445358429657;-0.5789445358429657;permutation
VO_9;1;9;0;0.9981677261044032;1.0;1.0;1.0;;1.0;1.0;1.0;1.0;1.0;;1.0;1.0;0.4635220970878262;0.47328353958730657;-0.47327204417082525;permutation
YE_9;0;9;0;0.9999961977674566;1.0;1.0;1.0;;1.0;1.0;1.0;1.0;1.0;;1.0;1.0;0.48648512052670567;0.4909994574156193;-0.4909994574156193;permutation
