"Case ID;Actual;Prefix Length;Prediction;Prediction Probability;SHAP Subset Stability;SHAP Weight Stability;SHAP Adjusted Weight Stability;LIME Subset Stability;LIME Weight Stability;LIME Adjusted Weight Stability;ACV Subset Stability;ACV Weight Stability;ACV Adjusted Weight Stability;LINDA Subset Stability;LINDA Weight Stability;LINDA Adjusted Weight Stability";MAPE Correctness;RMSE Correctness;R2 Correctness;Mode
"BF_10;1;10;1;0.7288131603211551;1.0;1.0;1.0;0.18146471680594234;0.99914435782915;0.99914435782915;;1.0;1.0;;1.0;1.0";0.7980159033774993;0.7984322455267296;-0.7984322455267296;permutation
"CQ_10;0;10;1;0.7172186216359796;1.0;1.0;1.0;0.34395348837209305;0.9972981325316196;0.9972981325316196;;1.0;1.0;;1.0;1.0";0.802334227612818;0.8087508203766081;-0.8087508203766081;permutation
"GG_10;1;10;0;0.999829753649514;1.0;1.0;1.0;0.11850046425255326;0.9989209288058928;0.9989209288058928;1.0;1.0;1.0;;1.0;1.0";0.7825618685057382;0.7865151736295134;-0.786481237738676;permutation
"GQ_10;0;10;0;0.9977093981280566;1.0;1.0;1.0;0.24302325581395345;0.999140638908027;0.999140638908027;1.0;1.0;1.0;;1.0;1.0";0.7623934755031181;0.7593584696292999;-0.7593584696292999;permutation
"QD_10;0;10;1;0.9662112259871348;1.0;1.0;1.0;0.4248608534322821;0.998995225303515;0.998995225303515;;1.0;1.0;;1.0;1.0";0.763450516284124;0.7776020503975754;-0.7776020503975754;permutation
"WCA_10;0;10;0;0.9968089270008756;1.0;1.0;1.0;0.2810760667903525;0.9985877435142608;0.9985877435142608;1.0;1.0;1.0;;1.0;1.0";0.779302793942962;0.7728158792735249;-0.4409530616514024;permutation
"XM_10;1;10;1;0.9869055736601128;1.0;1.0;1.0;0.5518380834365966;0.9991568947948748;0.9991568947948748;;1.0;1.0;;1.0;1.0";0.7583882528457686;0.7653747849681052;-0.7653747849681052;permutation
"YIA_10;1;10;1;0.820870386108318;1.0;1.0;1.0;0.712430426716141;0.9976615003650976;0.9976615003650976;;1.0;1.0;;1.0;1.0";0.7965246098401975;0.7997329062220925;-0.7997329062220925;permutation
