"Case ID;Actual;Prefix Length;Prediction;Prediction Probability;SHAP Subset Stability;SHAP Weight Stability;SHAP Adjusted Weight Stability;LIME Subset Stability;LIME Weight Stability;LIME Adjusted Weight Stability;ACV Subset Stability;ACV Weight Stability;ACV Adjusted Weight Stability;LINDA Subset Stability;LINDA Weight Stability;LINDA Adjusted Weight Stability";MAPE Correctness;RMSE Correctness;R2 Correctness;Mode
"ADA_12;1;12;1;0.9999995252832032;1.0;1.0;1.0;0.08133054684778808;1.0;1.0;;1.0;1.0;;1.0;1.0";0.6018749071645098;0.627109968526859;-0.6270353230600577;permutation
"FMA_12;1;12;1;1.0;1.0;1.0;1.0;0.01935822825735134;1.0;1.0;;1.0;1.0;;1.0;1.0";0.46763771670544374;0.46948749315977834;-0.4484044191961874;permutation
"GCA_12;0;12;0;0.6541991896450976;1.0;1.0;1.0;0.0581819593230849;1.0;1.0;1.0;1.0;1.0;;1.0;1.0";0.6413413610007169;0.6458439366421003;-0.6458439366421003;permutation
"QB_12;1;12;1;0.9996658299784807;1.0;1.0;1.0;0.044726368159204936;1.0;1.0;;1.0;1.0;;1.0;1.0";0.5983596781016799;0.633020393772588;-0.46315556606609437;permutation
"S_12;0;12;1;0.9997951026866512;1.0;1.0;1.0;0.07686285345859756;1.0;1.0;;1.0;1.0;;1.0;1.0";0.566648325629145;0.585577954280666;-0.585577954280666;permutation
"TC_12;0;12;0;0.9888182260840028;1.0;1.0;1.0;0.0509486424599257;0.9999999999999979;0.9999999999999979;1.0;1.0;1.0;;1.0;1.0";0.5884131248897616;0.5918401111113507;-0.5918265695636923;permutation
"VG_12;1;12;1;0.9999999580468611;1.0;1.0;1.0;-0.19187656558790606;1.0;1.0;;1.0;1.0;;1.0;1.0";0.6114134274170285;0.6343989225046712;-0.6343989225046712;permutation
"YDA_12;0;12;0;0.9999999999999412;1.0;1.0;1.0;0.060378436512736326;1.0;1.0;1.0;1.0;1.0;;1.0;1.0";0.6429328992144345;0.6402513409622841;-0.6402513409622841;permutation
