Case ID;Actual;Prefix Length;Prediction;Prediction Probability;SHAP Subset Stability;SHAP Weight Stability;SHAP Adjusted Weight Stability;LIME Subset Stability;LIME Weight Stability;LIME Adjusted Weight Stability;ACV Subset Stability;ACV Weight Stability;ACV Adjusted Weight Stability;LINDA Subset Stability;LINDA Weight Stability;LINDA Adjusted Weight Stability;MAPE Correctness;RMSE Correctness;R2 Correctness;Mode
BF;1;1;1;0.5784236107473867;1.0;1.0;1.0;0.9236609202634116;0.9858350017147086;0.9858350017147086;;1.0;1.0;;1.0;1.0;0.9196542399612597;0.9132336653081645;-0.9131762635251914;permutation
GF;1;1;0;0.8240620024109183;1.0;1.0;1.0;0.8050243719535058;0.9847978629460652;0.9847978629460652;1.0;1.0;1.0;;1.0;1.0;0.9255003225864158;0.9167745560688968;-0.9167745560688968;permutation
GJA;1;1;1;0.7928008206699386;1.0;1.0;1.0;0.910788686829077;0.9811458809356954;0.9811458809356954;;1.0;1.0;;1.0;1.0;0.8871549426535879;0.8823495990828036;;permutation
GMA;0;1;1;0.7552524156188481;1.0;1.0;1.0;0.8020361990950227;0.9839860470597516;0.9839860470597516;;1.0;1.0;;1.0;1.0;0.880697797754656;0.8852505146873336;-0.8852505146873336;permutation
HP;0;1;0;0.7596704701673976;1.0;1.0;1.0;0.910788686829077;0.9801937727229856;0.9801937727229856;1.0;1.0;1.0;;1.0;1.0;0.9280927604648093;0.9220463776880801;-0.922017393000847;permutation
HS;1;1;1;0.8353345591614665;1.0;1.0;1.0;0.910788686829077;0.8883440496381959;0.8883440496381959;;1.0;1.0;;1.0;1.0;0.8701824354287343;0.8737231036249131;-0.8737231036249131;permutation
MU;0;1;0;0.6348893904843291;1.0;1.0;1.0;0.8387382597908913;0.9716083298450794;0.9716083298450794;1.0;1.0;1.0;;1.0;1.0;0.9264537692608621;0.91962533773966;-0.91962533773966;permutation
ST;0;1;1;0.8321718979082487;1.0;1.0;1.0;0.910788686829077;0.972078861272658;0.972078861272658;;1.0;1.0;;1.0;1.0;0.8632457161793914;0.8560009223683194;-0.8560103414070436;permutation
