Case ID;Actual;Prefix Length;Prediction;Prediction Probability;SHAP Subset Stability;SHAP Weight Stability;SHAP Adjusted Weight Stability;LIME Subset Stability;LIME Weight Stability;LIME Adjusted Weight Stability;ACV Subset Stability;ACV Weight Stability;ACV Adjusted Weight Stability;LINDA Subset Stability;LINDA Weight Stability;LINDA Adjusted Weight Stability;LIME Precision;LIME Recall;LIME Correlation
FN_14;0;14;0;1.0;1.0;1.0;1.0;;1.0;1.0;1.0;1.0;1.0;;1.0;1.0;0.0;0.0;0.6103999999943449
GE_14;0;14;0;1.0;1.0;1.0;1.0;;1.0;1.0;1.0;1.0;1.0;;1.0;1.0;0.5;1.0;0.5933955811664524
HEA_14;1;14;1;0.999999931454332;1.0;1.0;1.0;;1.0;1.0;;1.0;1.0;;1.0;1.0;0.0;0.0;0.5797138648681481
JMA_14;0;14;1;0.9999999999999714;1.0;1.0;1.0;;1.0;1.0;;1.0;1.0;;1.0;1.0;0.0;0.0;0.6037545949351685
PK_14;0;14;1;0.9999023555069247;1.0;1.0;1.0;;1.0;1.0;;1.0;1.0;;1.0;1.0;0.0;0.0;0.6460701889149238
PLA_14;1;14;1;0.99628366474226;1.0;1.0;1.0;;1.0;1.0;;1.0;1.0;;1.0;1.0;0.0;0.0;0.5742411783488265
WT_14;1;14;1;0.9992499353219876;1.0;1.0;1.0;;1.0;1.0;;1.0;1.0;;1.0;1.0;0.0;0.0;0.6235930835677097
XT_14;1;14;1;0.999999989651964;1.0;1.0;1.0;;1.0;1.0;;1.0;1.0;;1.0;1.0;0.0;0.0;0.5830365673977363
