Case ID;Actual;Prefix Length;Prediction;Prediction Probability;SHAP Subset Stability;SHAP Weight Stability;SHAP Adjusted Weight Stability;LIME Subset Stability;LIME Weight Stability;LIME Adjusted Weight Stability;ACV Subset Stability;ACV Weight Stability;ACV Adjusted Weight Stability;LINDA Subset Stability;LINDA Weight Stability;LINDA Adjusted Weight Stability;LIME Precision;LIME Recall;LIME Correlation;SHAP Precision;SHAP Recall;SHAP Correlation
EL_11;0;11;0;0.999999998471865;1.0;1.0;1.0;0.0674984005118362;1.0;1.0;1.0;1.0;1.0;;1.0;1.0;1.0;0.5;0.5905258273807803;0.0;0.0;0.3847678917695233
EQ_11;1;11;1;0.9995397761339888;1.0;1.0;1.0;-0.1811942832885233;1.0;1.0;;1.0;1.0;;1.0;1.0;1.0;0.5;0.5969539352756112;0.0;0.0;0.37356105997041095
FKA_11;0;11;0;0.999912914378136;1.0;1.0;1.0;0.0044398907103838;1.0;1.0;1.0;1.0;1.0;;1.0;1.0;1.0;0.5;0.6092669306797946;0.0;0.0;0.38467450150453064
HS_11;1;11;1;0.9738377910208668;1.0;1.0;1.0;-0.0791184592261184;1.0;1.0;;1.0;1.0;;1.0;1.0;0.5;0.5;0.5850936235259935;0.0;0.0;0.37421479182535916
JH_11;1;11;1;0.9987513152654586;1.0;1.0;1.0;-0.2314135505806705;1.0;1.0;;1.0;1.0;;1.0;1.0;1.0;0.5;0.6233001239713272;1.0;0.5;0.4100384445987424
QJ_11;0;11;0;0.9822119023847014;1.0;1.0;1.0;-0.0756410868630914;1.0;1.0;1.0;1.0;1.0;;1.0;1.0;1.0;0.5;0.5999416473957441;0.0;0.0;0.40391289609300685
SMA_11;0;11;0;0.9983045750409272;1.0;1.0;1.0;-0.0781055900621117;1.0;1.0;1.0;1.0;1.0;;1.0;1.0;1.0;0.5;0.5785749789002493;0.0;0.0;0.3704791812256551
WC_11;1;11;1;0.9999517961381272;1.0;1.0;1.0;-0.1917364527050572;1.0;1.0;;1.0;1.0;;1.0;1.0;1.0;0.5;0.5601054857939742;0.0;0.0;0.22254900147737233
