Case ID;Actual;Prefix Length;Prediction;Prediction Probability;SHAP Subset Stability;SHAP Weight Stability;SHAP Adjusted Weight Stability;LIME Subset Stability;LIME Weight Stability;LIME Adjusted Weight Stability;ACV Subset Stability;ACV Weight Stability;ACV Adjusted Weight Stability;LINDA Subset Stability;LINDA Weight Stability;LINDA Adjusted Weight Stability;LIME Precision;LIME Recall;LIME Correlation;LINDA Precision;LINDA Recall;LINDA Correlation
FZ_13;1;13;1;0.995438075909274;1.0;1.0;1.0;;1.0;1.0;;1.0;1.0;;1.0;1.0;1.0;1.0;0.6398032015803136;0.0048543689320388345;1.0;0.0
GM_13;0;13;0;0.9999480607866441;1.0;1.0;1.0;;1.0;1.0;1.0;1.0;1.0;;1.0;1.0;0.0;0.0;0.5394325165256855;0.0048543689320388345;1.0;0.0
HY_13;0;13;0;0.9467432154780996;1.0;1.0;1.0;;1.0;1.0;1.0;1.0;1.0;;1.0;1.0;1.0;1.0;0.6108519629112613;0.0048543689320388345;1.0;0.0
JW_13;1;13;1;0.980096420009695;1.0;1.0;1.0;;1.0;1.0;;1.0;1.0;;1.0;1.0;0.0;0.0;0.5370358908080487;0.0048543689320388345;1.0;0.0
TJA_13;0;13;0;0.6255274176312151;1.0;1.0;1.0;;1.0;1.0;1.0;1.0;1.0;;1.0;1.0;0.0;0.0;0.5095226275695786;0.0048543689320388345;1.0;0.0
TV_13;1;13;1;0.9997902111958572;1.0;1.0;1.0;;1.0;1.0;;1.0;1.0;;1.0;1.0;1.0;1.0;0.5364607006358159;0.0048543689320388345;1.0;0.0
XI_13;1;13;1;0.7128112840148942;1.0;1.0;1.0;;1.0;1.0;;1.0;1.0;;1.0;1.0;0.0;0.0;0.6358727354033894;0.0048543689320388345;1.0;0.0
ZGA_13;0;13;0;0.9051238564952372;1.0;1.0;1.0;;1.0;1.0;1.0;1.0;1.0;;1.0;1.0;0.0;0.0;0.5604269578121837;0.0048543689320388345;1.0;0.0
