Case ID;Actual;Prefix Length;Prediction;Prediction Probability;SHAP Subset Stability;SHAP Weight Stability;SHAP Adjusted Weight Stability;LIME Subset Stability;LIME Weight Stability;LIME Adjusted Weight Stability;ACV Subset Stability;ACV Weight Stability;ACV Adjusted Weight Stability;LINDA Subset Stability;LINDA Weight Stability;LINDA Adjusted Weight Stability;LIME Precision;LIME Recall;LIME Correlation
IGA_6;1;6;1;0.9999329997056527;1.0;1.0;1.0;0.061133535149681124;1.0;1.0;;1.0;1.0;;1.0;1.0;1.0;1.0;0.7029695993112983
JK_6;0;6;1;0.9921672763982884;1.0;1.0;1.0;-0.19068549209739927;1.0;1.0;;1.0;1.0;;1.0;1.0;1.0;1.0;0.6835217886834323
LD_6;0;6;1;0.6423549624052132;1.0;1.0;1.0;-0.07450046314675207;1.0;1.0;;1.0;1.0;;1.0;1.0;0.5;1.0;0.6920670388077977
LS_6;0;6;1;0.9078749146864712;1.0;1.0;1.0;0.05505213505461393;1.0;1.0;;1.0;1.0;;1.0;1.0;0.5;1.0;0.6939332428579464
MN_6;1;6;1;0.9999888986798396;1.0;1.0;1.0;-0.2338388961342157;1.0;1.0;;1.0;1.0;;1.0;1.0;0.5;1.0;0.7027731567797038
PB_6;1;6;1;0.6829642829973849;1.0;1.0;1.0;-0.00995024875621997;1.0;1.0;;1.0;1.0;;1.0;1.0;0.3333333333333333;1.0;0.7178992317124884
PGA_6;1;6;1;0.9999591158381445;1.0;1.0;1.0;0.09506296667780934;1.0;1.0;;1.0;1.0;;1.0;1.0;1.0;1.0;0.7196672144968398
VJ_6;0;6;1;0.7052743152076002;1.0;1.0;1.0;0.14273648648648307;1.0;1.0;;1.0;1.0;;1.0;1.0;1.0;1.0;0.6907901623524327
