Case ID;Actual;Prefix Length;Prediction;Prediction Probability;SHAP Subset Stability;SHAP Weight Stability;SHAP Adjusted Weight Stability;LIME Subset Stability;LIME Weight Stability;LIME Adjusted Weight Stability;ACV Subset Stability;ACV Weight Stability;ACV Adjusted Weight Stability;LINDA Subset Stability;LINDA Weight Stability;LINDA Adjusted Weight Stability;LIME Precision;LIME Recall;LIME Correlation
AE_9;0;9;1;0.9999999968277776;1.0;1.0;1.0;;1.0;1.0;;1.0;1.0;;1.0;1.0;0.0;0.0;0.6141220635865761
CU_9;1;9;0;0.8058634169511499;1.0;1.0;1.0;;1.0;1.0;1.0;1.0;1.0;;1.0;1.0;0.0;0.0;0.6258094234518349
EK_9;0;9;0;0.9522370913425184;1.0;1.0;1.0;;1.0;1.0;1.0;1.0;1.0;;1.0;1.0;0.0;0.0;0.6100314876337355
LQ_9;1;9;1;0.9994636127374092;1.0;1.0;1.0;;1.0;1.0;;1.0;1.0;;1.0;1.0;0.0;0.0;0.629023447414781
OU_9;1;9;0;0.9980830263700882;1.0;1.0;1.0;;1.0;1.0;1.0;1.0;1.0;;1.0;1.0;0.0;0.0;0.5967858131197755
TI_9;0;9;1;0.9999845908848476;1.0;1.0;1.0;;1.0;1.0;;1.0;1.0;;1.0;1.0;0.0;0.0;0.5847088745923414
VO_9;1;9;0;0.9981677261044032;1.0;1.0;1.0;;1.0;1.0;1.0;1.0;1.0;;1.0;1.0;0.0;0.0;0.596591023788688
YE_9;0;9;0;0.9999961977674566;1.0;1.0;1.0;;1.0;1.0;1.0;1.0;1.0;;1.0;1.0;0.0;0.0;0.5834427439402717
