Case ID;Actual;Prefix Length;Prediction;Prediction Probability;SHAP Subset Stability;SHAP Weight Stability;SHAP Adjusted Weight Stability;LIME Subset Stability;LIME Weight Stability;LIME Adjusted Weight Stability;ACV Subset Stability;ACV Weight Stability;ACV Adjusted Weight Stability;LINDA Subset Stability;LINDA Weight Stability;LINDA Adjusted Weight Stability;LIME Precision;LIME Recall;LIME Correlation;LINDA Precision;LINDA Recall;LINDA Correlation;SHAP Precision;SHAP Recall;SHAP Correlation
ECA_5;0;5;0;0.9999992288509664;1.0;1.0;1.0;0.7959728763300192;0.8784699415508743;0.8784699415508743;1.0;1.0;1.0;;1.0;1.0;0.0;0.0;0.6839844600495996;0.0050761421319796;1.0;0.0;0.0;0.0;0.2778657647345318
FDA_5;1;5;1;0.9999982573635428;1.0;1.0;1.0;0.763758067329496;0.944357851782401;0.944357851782401;;1.0;1.0;;1.0;1.0;0.0;0.0;0.6597047197082307;0.0050761421319796;1.0;0.0;0.0;0.0;0.3380976687952272
GD_5;0;5;0;0.9725335405299902;1.0;1.0;1.0;0.7377529286474973;0.918924769771629;0.918924769771629;1.0;1.0;1.0;;1.0;1.0;0.0;0.0;0.6026315638408574;0.0050761421319796;1.0;0.0;0.0;0.0;0.29233018692942303
ILA_5;1;5;1;0.6456579758162417;1.0;1.0;1.0;0.9390922582240908;0.8115469298558788;0.8115469298558788;;1.0;1.0;;1.0;1.0;0.0;0.0;0.6093584183077301;0.0050761421319796;1.0;0.0;0.0;0.0;0.31835091838464247
JY_5;1;5;1;0.9553183983628224;1.0;1.0;1.0;0.8903251275406916;0.9441870604863772;0.9441870604863772;;1.0;1.0;;1.0;1.0;0.0;0.0;0.6438335474504528;0.0050761421319796;1.0;0.0;0.0;0.0;0.28761888695981913
MJ_5;0;5;0;0.9828156378515608;1.0;1.0;1.0;0.8314438502673797;0.947844748419815;0.947844748419815;1.0;1.0;1.0;;1.0;1.0;0.0;0.0;0.6956513482655821;0.0050761421319796;1.0;0.0;0.0;0.0;0.33502455250687585
MP_5;1;5;1;0.9856562584793528;1.0;1.0;1.0;0.8547724901329219;0.9380531003966396;0.9380531003966396;;1.0;1.0;;1.0;1.0;0.0;0.0;0.670635858216899;0.0050761421319796;1.0;0.0;0.0;0.0;0.3079108117516143
UI_5;0;5;1;0.8724614154205528;1.0;1.0;1.0;0.9172859722047276;0.8903146482712946;0.8903146482712946;;1.0;1.0;;1.0;1.0;0.0;0.0;0.6249142692623733;0.0050761421319796;1.0;0.0;0.0;0.0;0.30604945607384876
