Case ID;Actual;Prefix Length;Prediction;Prediction Probability;SHAP Subset Stability;SHAP Weight Stability;SHAP Adjusted Weight Stability;LIME Subset Stability;LIME Weight Stability;LIME Adjusted Weight Stability;ACV Subset Stability;ACV Weight Stability;ACV Adjusted Weight Stability;LINDA Subset Stability;LINDA Weight Stability;LINDA Adjusted Weight Stability;LIME Precision;LIME Recall;LIME Correlation;LINDA Precision;LINDA Recall;LINDA Correlation;SHAP Precision;SHAP Recall;SHAP Correlation
AC_7;0;7;0;0.9995644972066924;1.0;1.0;1.0;0.3566293566293566;0.9880369541326416;0.9880369541326416;1.0;1.0;1.0;;1.0;1.0;0.0;0.0;0.5791645627104282;0.0049504950495049;1.0;0.0;0.0;0.0;0.3322238895549775
EMA_7;1;7;0;0.6713083048881912;1.0;1.0;1.0;0.1810129740518962;0.9813310611795856;0.9813310611795856;1.0;1.0;1.0;;1.0;1.0;0.0;0.0;0.6181175762168833;0.0049504950495049;1.0;0.0;0.0;0.0;0.30660092269755473
EQ_7;1;7;1;0.9960855015696252;1.0;1.0;1.0;0.4944944944944945;0.9650584435034876;0.9650584435034876;;1.0;1.0;;1.0;1.0;0.0;0.0;0.608852537198724;0.0049504950495049;1.0;0.0;0.0;0.0;0.29178282138241873
FX_7;1;7;1;0.9157827978104066;1.0;1.0;1.0;0.3674849699398797;0.972254118714348;0.972254118714348;;1.0;1.0;;1.0;1.0;0.0;0.0;0.607657048293155;0.0049504950495049;1.0;0.0;0.0;0.0;0.2669760597393557
LHA_7;0;7;0;0.9998639102705456;1.0;1.0;1.0;0.7122916963395527;0.986464652023454;0.986464652023454;1.0;1.0;1.0;;1.0;1.0;0.0;0.0;0.6791871344763645;0.0049504950495049;1.0;0.0;0.0;0.0;0.3278933183116042
MC_7;1;7;1;0.9712935123751874;1.0;1.0;1.0;0.7122916963395527;0.9857618820921789;0.9857618820921789;;1.0;1.0;;1.0;1.0;0.0;0.0;0.5984916333504596;0.0049504950495049;1.0;0.0;0.0;0.0;0.32368290060250327
NM_7;0;7;0;0.8372999440427216;1.0;1.0;1.0;0.8323373173970783;0.9798049816409514;0.9798049816409514;1.0;1.0;1.0;;1.0;1.0;0.0;0.0;0.6513920174218861;0.0049504950495049;1.0;0.0;0.0;0.0;0.29754541633830495
ZM_7;0;7;0;0.9176417724762528;1.0;1.0;1.0;0.4096526386105544;0.9896682157998018;0.9896682157998018;1.0;1.0;1.0;;1.0;1.0;0.0;0.0;0.6476063025542511;0.0049504950495049;1.0;0.0;0.0;0.0;0.3430287550972642
