Case ID;Actual;Prefix Length;Prediction;Prediction Probability;SHAP Subset Stability;SHAP Weight Stability;SHAP Adjusted Weight Stability;LIME Subset Stability;LIME Weight Stability;LIME Adjusted Weight Stability;ACV Subset Stability;ACV Weight Stability;ACV Adjusted Weight Stability;LINDA Subset Stability;LINDA Weight Stability;LINDA Adjusted Weight Stability;LIME Precision;LIME Recall;LIME Correlation;LINDA Precision;LINDA Recall;LINDA Correlation;SHAP Precision;SHAP Recall;SHAP Correlation
IGA_6;1;6;1;0.9999329997056527;1.0;1.0;1.0;0.0611335351496811;1.0;1.0;;1.0;1.0;;1.0;1.0;1.0;1.0;0.7029695993112983;0.0049261083743842;1.0;0.0;0.0;0.0;0.11677240847299643
JK_6;0;6;1;0.9921672763982884;1.0;1.0;1.0;-0.1906854920973992;1.0;1.0;;1.0;1.0;;1.0;1.0;1.0;1.0;0.6835217886834323;0.0049261083743842;1.0;0.0;0.0;0.0;0.1000477706424705
LD_6;0;6;1;0.6423549624052132;1.0;1.0;1.0;-0.074500463146752;1.0;1.0;;1.0;1.0;;1.0;1.0;0.5;1.0;0.6920670388077977;0.0049261083743842;1.0;0.0;0.0;0.0;0.09199634963176938
LS_6;0;6;1;0.9078749146864712;1.0;1.0;1.0;0.0550521350546139;1.0;1.0;;1.0;1.0;;1.0;1.0;0.5;1.0;0.6939332428579464;0.0049261083743842;1.0;0.0;0.0;0.0;0.10783678069419324
MN_6;1;6;1;0.9999888986798396;1.0;1.0;1.0;-0.2338388961342157;1.0;1.0;;1.0;1.0;;1.0;1.0;0.5;1.0;0.7027731567797038;0.0049261083743842;1.0;0.0;0.0;0.0;0.008631004104525825
PB_6;1;6;1;0.6829642829973849;1.0;1.0;1.0;-0.0099502487562199;1.0;1.0;;1.0;1.0;;1.0;1.0;0.3333333333333333;1.0;0.7178992317124884;0.0049261083743842;1.0;0.0;0.0;0.0;0.10946144029033926
PGA_6;1;6;1;0.9999591158381445;1.0;1.0;1.0;0.0950629666778093;1.0;1.0;;1.0;1.0;;1.0;1.0;1.0;1.0;0.7196672144968398;0.0049261083743842;1.0;0.0;0.0;0.0;0.12296642318330321
VJ_6;0;6;1;0.7052743152076002;1.0;1.0;1.0;0.142736486486483;1.0;1.0;;1.0;1.0;;1.0;1.0;1.0;1.0;0.6907901623524327;0.0049261083743842;1.0;0.0;0.0;0.0;0.10062735373629518
