Case ID;Actual;Prefix Length;Prediction;Prediction Probability;SHAP Subset Stability;SHAP Weight Stability;SHAP Adjusted Weight Stability;LIME Subset Stability;LIME Weight Stability;LIME Adjusted Weight Stability;ACV Subset Stability;ACV Weight Stability;ACV Adjusted Weight Stability;LINDA Subset Stability;LINDA Weight Stability;LINDA Adjusted Weight Stability;LIME Precision;LIME Recall;LIME Correlation;SHAP Precision;SHAP Recall;SHAP Correlation
BF_10;1;10;1;0.7288131603211551;1.0;1.0;1.0;0.1814647168059423;0.99914435782915;0.99914435782915;;1.0;1.0;;1.0;1.0;1.0;0.3333333333333333;0.6186351330970963;0.0;0.0;0.3512451023069452
CQ_10;0;10;1;0.7172186216359796;1.0;1.0;1.0;0.343953488372093;0.9972981325316196;0.9972981325316196;;1.0;1.0;;1.0;1.0;1.0;0.3333333333333333;0.524601902714188;0.0;0.0;0.31223055590903104
GG_10;1;10;0;0.999829753649514;1.0;1.0;1.0;0.1185004642525532;0.9989209288058928;0.9989209288058928;1.0;1.0;1.0;;1.0;1.0;1.0;0.3333333333333333;0.6261405377239889;0.0;0.0;0.31646791862264956
GQ_10;0;10;0;0.9977093981280566;1.0;1.0;1.0;0.2430232558139534;0.999140638908027;0.999140638908027;1.0;1.0;1.0;;1.0;1.0;1.0;0.3333333333333333;0.6061261253856085;0.0;0.0;0.37769535468655036
QD_10;0;10;1;0.9662112259871348;1.0;1.0;1.0;0.4248608534322821;0.998995225303515;0.998995225303515;;1.0;1.0;;1.0;1.0;1.0;0.3333333333333333;0.6132864539377015;0.0;0.0;0.34074960874063276
WCA_10;0;10;0;0.9968089270008756;1.0;1.0;1.0;0.2810760667903525;0.9985877435142608;0.9985877435142608;1.0;1.0;1.0;;1.0;1.0;1.0;0.3333333333333333;0.6056947802921089;0.0;0.0;0.36406459459226437
XM_10;1;10;1;0.9869055736601128;1.0;1.0;1.0;0.5518380834365966;0.9991568947948748;0.9991568947948748;;1.0;1.0;;1.0;1.0;1.0;0.3333333333333333;0.5557450184648576;0.0;0.0;0.38069992243313266
YIA_10;1;10;1;0.820870386108318;1.0;1.0;1.0;0.712430426716141;0.9976615003650976;0.9976615003650976;;1.0;1.0;;1.0;1.0;1.0;0.3333333333333333;0.615874524498699;1.0;0.3333333333333333;0.35338951790293716
