Case ID;Actual;Prefix Length;Prediction;"Prediction Probability;SHAP Precision;SHAP Recall;SHAP Correlation";MAPE Correctness;RMSE Correctness;R2 Correctness;Mode
1024_6;0;6;1;"0.6654804270462633;1.0;0.3333333333333333;0.9995119570522206";0.5767165533836368;0.5767165533836368;-0.5767165533836368;baseline_mean
1043_6;1;6;0;"0.7085714285714285;1.0;1.0;0.5775615593226605";1.0;1.0;-1.0;baseline_mean
1058_6;1;6;1;"1.0;1.0;0.3333333333333333;0.9990239141044412";0.8154507618133918;0.8154507618133918;-0.8153011247331027;baseline_mean
1072_6;1;6;1;"0.6654804270462633;1.0;0.3333333333333333;0.9995119570522206";0.5767165533836368;0.5767165533836368;-0.5767165533836368;baseline_mean
1092_6;0;6;1;"0.6654804270462633;1.0;0.3333333333333333;0.9995119570522206";0.5767165533836368;0.5767165533836368;-0.5767165533836368;baseline_mean
962_6;1;6;1;"1.0;1.0;0.3333333333333333;0.9990239141044412";0.8154507618133918;0.8154507618133918;-0.8153011247331027;baseline_mean
979_6;0;6;1;"0.6654804270462633;1.0;0.3333333333333333;0.9995119570522206";0.5767165533836368;0.5767165533836368;-0.5767165533836368;baseline_mean
999_6;0;6;1;"0.6654804270462633;1.0;0.3333333333333333;0.9995119570522206";0.5767165533836368;0.5767165533836368;-0.5767165533836368;baseline_mean
