Case ID;Actual;Prefix Length;Prediction;Prediction Probability;SHAP Precision;SHAP Recall;SHAP Correlation;MAPE Correctness;RMSE Correctness;R2 Correctness;Mode
1023_13;0;13;0;0.6062176165803109;1.0;0.3333333333333333;1.0;0.9996907854050712;0.9996907854050712;-0.9996907854050712;baseline_max
1029_13;0;13;0;0.9736842105263158;1.0;0.3333333333333333;0.9993815708101423;0.8165912526865147;0.8165912526865147;-0.8165912526865147;baseline_max
1057_13;1;13;1;0.6879432624113475;1.0;0.5;0.8162125876029597;0.7071887503262405;0.7071887503262405;-0.7071887503262405;baseline_max
1090_13;1;13;1;0.6879432624113475;1.0;0.5;0.8162125876029597;0.7071887503262405;0.7071887503262405;-0.7071887503262405;baseline_max
1106_13;0;13;0;0.6062176165803109;1.0;0.3333333333333333;1.0;0.9996907854050712;0.9996907854050712;-0.9996907854050712;baseline_max
1110_13;0;13;0;0.9736842105263158;1.0;0.3333333333333333;0.9993815708101423;0.8165912526865147;0.8165912526865147;-0.8165912526865147;baseline_max
962_13;1;13;1;1.0;1.0;1.0;0.5774841475147156;;;;baseline_max
998_13;1;13;1;0.6879432624113475;1.0;0.5;0.8162125876029597;0.7071887503262405;0.7071887503262405;-0.7071887503262405;baseline_max
