Case ID;Actual;Prefix Length;Prediction;Prediction Probability;SHAP Precision;SHAP Recall;SHAP Correlation;MAPE Correctness;RMSE Correctness;R2 Correctness;Mode
1003_5;0;5;0;0.5;1.0;0.14285714285714285;0.3719977014136534;0.9241586264408451;0.9241586264408451;-0.9250815116216647;baseline_max
1009_5;0;5;1;0.75;1.0;0.05555555555555555;0.5977552760058884;0.9065238917654027;0.9065238917654027;-0.9090015795505314;baseline_max
1062_5;1;5;1;1.0;1.0;0.047619047619047616;0.6443448225774064;0.8910954193925598;0.8910954193925598;-0.8936286344951953;baseline_max
1104_5;1;5;1;1.0;1.0;0.16666666666666666;0.3480952416719293;0.7049005723673087;0.7049005723673087;-0.7049935053377071;baseline_max
1110_5;0;5;0;1.0;1.0;0.2;0.31737217734875944;0.7732599780458645;0.7732599780458645;-0.7729507799044497;baseline_max
1123_5;0;5;0;1.0;0.5;0.1;0.44629223082265285;0.8905451949771793;0.8905451949771793;-0.8912109145491749;baseline_max
1130_5;1;5;1;1.0;1.0;0.16666666666666666;0.3487452794715034;0.7049005723673087;0.7049005723673087;-0.7049935053377071;baseline_max
943_5;1;5;1;1.0;1.0;0.16666666666666666;0.3481881042147256;0.7049005723673087;0.7049005723673087;-0.7049935053377071;baseline_max
