Case ID;Actual;Prefix Length;Prediction;"Prediction Probability;SHAP Precision;SHAP Recall;SHAP Correlation";MAPE Correctness;RMSE Correctness;R2 Correctness;Mode
1006_12;1;12;1;"0.5833333333333334;1.0;0.2;0.645417823228038";0.44567077374378966;0.44567077374378966;-0.44567077374378966;baseline_0
1017_12;1;12;1;"0.5833333333333334;1.0;0.2;0.645417823228038";0.44567077374378966;0.44567077374378966;-0.44567077374378966;baseline_0
1018_12;0;12;1;"0.6623376623376623;1.0;0.1111111111111111;0.8643506412624766";0.3336622266874739;0.3336622266874739;-0.3336622266874739;baseline_0
1084_12;0;12;0;"0.7555555555555555;1.0;0.5;0.40794649297517976";0.9995072677999507;0.9995072677999507;-0.9995072677999507;baseline_0
1095_12;0;12;0;"0.7555555555555555;1.0;0.5;0.40794649297517976";0.9995072677999507;0.9995072677999507;-0.9995072677999507;baseline_0
1099_12;0;12;0;"0.7555555555555555;1.0;0.5;0.40794649297517976";0.9995072677999507;0.9995072677999507;-0.9995072677999507;baseline_0
1100_12;1;12;1;"0.5833333333333334;1.0;0.2;0.645417823228038";0.44567077374378966;0.44567077374378966;-0.44567077374378966;baseline_0
981_12;1;12;1;"0.5833333333333334;1.0;0.2;0.645417823228038";0.44567077374378966;0.44567077374378966;-0.44567077374378966;baseline_0
