Case ID;Actual;Prefix Length;Prediction;Prediction Probability;SHAP Precision;SHAP Recall;SHAP Correlation;MAPE Correctness;RMSE Correctness;R2 Correctness;Mode
912.0;1.0;1.0;1.0;0.6759259259259259;1.0;1.0;0.5776996491121854;0.9999999999999999;0.9999999999999999;-0.9999999999999999;baseline_min
916.0;0.0;1.0;1.0;0.6759259259259259;1.0;1.0;0.5776996491121854;0.9999999999999999;0.9999999999999999;-0.9999999999999999;baseline_min
941.0;1.0;1.0;1.0;0.6759259259259259;1.0;1.0;0.5776996491121854;0.9999999999999999;0.9999999999999999;-0.9999999999999999;baseline_min
946.0;1.0;1.0;1.0;0.6759259259259259;1.0;1.0;0.5776996491121854;0.9999999999999999;0.9999999999999999;-0.9999999999999999;baseline_min
968.0;0.0;1.0;0.0;0.8579654510556622;1.0;0.3333333333333333;1.0;;;;baseline_min
987.0;1.0;1.0;1.0;0.6759259259259259;1.0;1.0;0.5776996491121854;0.9999999999999999;0.9999999999999999;-0.9999999999999999;baseline_min
1069.0;0.0;1.0;1.0;0.6759259259259259;1.0;1.0;0.5776996491121854;0.9999999999999999;0.9999999999999999;-0.9999999999999999;baseline_min
1108.0;0.0;1.0;1.0;0.6759259259259259;1.0;1.0;0.5776996491121854;0.9999999999999999;0.9999999999999999;-0.9999999999999999;baseline_min
