Case ID;Actual;Prefix Length;Prediction;Prediction Probability;SHAP Precision;SHAP Recall;SHAP Correlation;MAPE Correctness;RMSE Correctness;R2 Correctness;Mode
1006_8;1;8;1;0.7926829268292683;1.0;0.3333333333333333;0.7068473167443733;0.5760798003640315;0.5760798003640315;-0.5760798003640315;baseline_0
1088_8;0;8;1;0.5619834710743802;1.0;0.16666666666666666;0.9993704752911551;0.40702861482063857;0.40702861482063857;-0.40702861482063857;baseline_0
1099_8;0;8;1;0.5619834710743802;1.0;0.16666666666666666;0.9993704752911551;0.40702861482063857;0.40702861482063857;-0.40702861482063857;baseline_0
1108_8;0;8;1;0.7926829268292683;1.0;0.3333333333333333;0.7068473167443733;0.5760798003640315;0.5760798003640315;-0.5760798003640315;baseline_0
1138_8;0;8;1;0.7926829268292683;1.0;0.3333333333333333;0.7068473167443733;0.5760798003640315;0.5760798003640315;-0.5760798003640315;baseline_0
1139_8;1;8;0;0.7662337662337663;1.0;0.25;0.8154689352308632;;;;baseline_0
918_8;1;8;1;0.5619834710743802;1.0;0.16666666666666666;0.9993704752911551;0.40702861482063857;0.40702861482063857;-0.40702861482063857;baseline_0
984_8;1;8;1;0.5619834710743802;1.0;0.16666666666666666;0.9993704752911551;0.40702861482063857;0.40702861482063857;-0.40702861482063857;baseline_0
