Case ID;Actual;Prefix Length;Prediction;Prediction Probability;SHAP Precision;SHAP Recall;SHAP Correlation;MAPE Correctness;RMSE Correctness;R2 Correctness;Mode
1024_6;0;6;1;0.6654804270462633;1.0;0.3333333333333333;0.9995119570522206;0.5775615593226604;0.5775615593226604;-0.5775615593226604;baseline_min
1043_6;1;6;0;0.7085714285714285;1.0;1.0;0.5775615593226605;;;;baseline_min
1058_6;1;6;1;1.0;1.0;0.3333333333333333;0.9990239141044412;0.8160483805468571;0.8160483805468571;-0.8158988528304144;baseline_min
1072_6;1;6;1;0.6654804270462633;1.0;0.3333333333333333;0.9995119570522206;0.5775615593226604;0.5775615593226604;-0.5775615593226604;baseline_min
1092_6;0;6;1;0.6654804270462633;1.0;0.3333333333333333;0.9995119570522206;0.5775615593226604;0.5775615593226604;-0.5775615593226604;baseline_min
962_6;1;6;1;1.0;1.0;0.3333333333333333;0.9990239141044412;0.8160483805468571;0.8160483805468571;-0.8158988528304144;baseline_min
979_6;0;6;1;0.6654804270462633;1.0;0.3333333333333333;0.9995119570522206;0.5775615593226604;0.5775615593226604;-0.5775615593226604;baseline_min
999_6;0;6;1;0.6654804270462633;1.0;0.3333333333333333;0.9995119570522206;0.5775615593226604;0.5775615593226604;-0.5775615593226604;baseline_min
