Case ID;Actual;Prefix Length;Prediction;"Prediction Probability;SHAP Precision;SHAP Recall;SHAP Correlation";MAPE Correctness;RMSE Correctness;R2 Correctness;Mode
1048_4;0;4;1;"0.6377551020408163;1.0;0.16666666666666666;0.8156051894949384";0.8147154704677002;0.8147154704677002;-0.8147154704677002;baseline_max
1059_4;1;4;1;"1.0;1.0;0.25;0.6653573052904705";0.7061821227627592;0.7061821227627592;-0.7060277163274529;baseline_max
1083_4;1;4;0;"0.5510204081632653;1.0;0.4;0.7439241511674147";0.8918912136343451;0.8918912136343451;-0.8924752306435393;baseline_max
918_4;1;4;1;"0.6377551020408163;1.0;0.16666666666666666;0.8156051894949384";0.8147154704677002;0.8147154704677002;-0.8147154704677002;baseline_max
936_4;0;4;0;"0.5510204081632653;1.0;0.4;0.7439241511674147";0.8918912136343451;0.8918912136343451;-0.8924752306435393;baseline_max
973_4;0;4;0;"0.5970149253731343;1.0;0.5;0.4721250871348586";0.7072608181737111;0.7072608181737111;-0.7072608181737111;baseline_max
979_4;0;4;1;"0.6377551020408163;1.0;0.16666666666666666;0.8156051894949384";0.8147154704677002;0.8147154704677002;-0.8147154704677002;baseline_max
980_4;1;4;1;"0.6377551020408163;1.0;0.16666666666666666;0.8156051894949384";0.8147154704677002;0.8147154704677002;-0.8147154704677002;baseline_max
