Case ID;Actual;Prefix Length;Prediction;Prediction Probability;SHAP Precision;SHAP Recall;SHAP Correlation;MAPE Correctness;RMSE Correctness;R2 Correctness;Mode
1006_8;1;8;1;0.7926829268292683;1.0;0.3333333333333333;0.7068473167443733;0.8161115116629627;0.8161115116629627;-0.8161115116629627;baseline_max
1088_8;0;8;1;0.5619834710743802;1.0;0.16666666666666666;0.9993704752911551;0.9116355840509567;0.9116355840509567;-0.9119798642126459;baseline_max
1099_8;0;8;1;0.5619834710743802;1.0;0.16666666666666666;0.9993704752911551;0.9116355840509567;0.9116355840509567;-0.9119798642126459;baseline_max
1108_8;0;8;1;0.7926829268292683;1.0;0.3333333333333333;0.7068473167443733;0.8161115116629627;0.8161115116629627;-0.8161115116629627;baseline_max
1138_8;0;8;1;0.7926829268292683;1.0;0.3333333333333333;0.7068473167443733;0.8161115116629627;0.8161115116629627;-0.8161115116629627;baseline_max
1139_8;1;8;0;0.7662337662337663;1.0;0.25;0.8154689352308632;0.9990563070147845;0.9990563070147845;-0.9990563070147845;baseline_max
918_8;1;8;1;0.5619834710743802;1.0;0.16666666666666666;0.9993704752911551;0.9116355840509567;0.9116355840509567;-0.9119798642126459;baseline_max
984_8;1;8;1;0.5619834710743802;1.0;0.16666666666666666;0.9993704752911551;0.9116355840509567;0.9116355840509567;-0.9119798642126459;baseline_max
