Case ID;Actual;Prefix Length;Prediction;Prediction Probability;SHAP Precision;SHAP Recall;SHAP Correlation;MAPE Correctness;RMSE Correctness;R2 Correctness;Mode
1014_14;1;14;1;0.8125;1.0;0.125;0.8930296707614097;0.8652202235882263;0.8652202235882263;-0.8657354560935541;baseline_max
1027_14;0;14;0;0.8125;1.0;0.14285714285714285;0.83608653438393;0.9993943496655416;0.9993943496655416;-0.9993304317963723;baseline_max
1040_14;1;14;0;0.8125;1.0;0.14285714285714285;0.8355530096985979;0.9992668433693352;0.9992668433693352;-0.9993304317963723;baseline_max
1044_14;1;14;0;0.8125;1.0;0.14285714285714285;0.8356597146356644;0.9992668433693352;0.9992668433693352;-0.9993304317963723;baseline_max
1052_14;1;14;0;0.8125;1.0;0.14285714285714285;0.83608653438393;0.9993943496655416;0.9993943496655416;-0.9993304317963723;baseline_max
1084_14;0;14;0;0.8125;1.0;0.14285714285714285;0.8355530096985979;0.9992668433693352;0.9992668433693352;-0.9993304317963723;baseline_max
1098_14;0;14;0;0.8125;1.0;0.14285714285714285;0.8355530096985979;0.9992668433693352;0.9992668433693352;-0.9993304317963723;baseline_max
928_14;0;14;1;0.8125;1.0;0.125;0.8930296707614097;0.8652202235882263;0.8652202235882263;-0.8657354560935541;baseline_max
