Case ID;Actual;Prefix Length;Prediction;Prediction Probability;SHAP Precision;SHAP Recall;SHAP Correlation;MAPE Correctness;RMSE Correctness;R2 Correctness;Mode
1002_7;1;7;0;0.7071823204419889;1.0;1.0;0.5002542588519275;1.0;1.0;-1.0;permutation
1011_7;0;7;1;0.6711711711711712;1.0;0.25;1.0;0.9983045100033909;0.9983045100033909;-0.9983045100033909;permutation
1026_7;1;7;1;0.6711711711711712;1.0;0.25;1.0;0.9983045100033909;0.9983045100033909;-0.9983045100033909;permutation
1054_7;1;7;0;0.7071823204419889;1.0;1.0;0.5002542588519275;1.0;1.0;-1.0;permutation
1106_7;0;7;1;0.6711711711711712;1.0;0.25;1.0;0.9983045100033909;0.9983045100033909;-0.9983045100033909;permutation
1124_7;0;7;1;0.6711711711711712;1.0;0.25;1.0;0.9983045100033909;0.9983045100033909;-0.9983045100033909;permutation
1140_7;0;7;0;0.8571428571428571;1.0;0.3333333333333333;0.8649977542660169;0.9990960451977399;0.9990960451977399;-0.9996609594749136;permutation
946_7;1;7;1;1.0;1.0;0.5;0.7068671245854642;0.9999999999999999;0.9999999999999999;-0.999830551553473;permutation
