Case ID;Actual;Prefix Length;Prediction;"Prediction Probability;SHAP Precision;SHAP Recall;SHAP Correlation";MAPE Correctness;RMSE Correctness;R2 Correctness;Mode
1014_14;1;14;1;"0.8125;1.0;0.125;0.8930296707614097";0.997991519750056;0.9981031019861639;-0.9992186190691644;permutation
1027_14;0;14;0;"0.8125;1.0;0.14285714285714285;0.83608653438393";0.9992350353796136;0.9992350353796136;-0.9993304317963723;permutation
1040_14;1;14;0;"0.8125;1.0;0.14285714285714285;0.8355530096985979";0.9984700707592273;0.9988525530694204;-0.9993304317963723;permutation
1044_14;1;14;0;"0.8125;1.0;0.14285714285714285;0.8356597146356644";0.9991075412762159;0.9991075412762159;-0.9993304317963723;permutation
1052_14;1;14;0;"0.8125;1.0;0.14285714285714285;0.83608653438393";0.9989800471728182;0.9989800471728182;-0.9993304317963723;permutation
1084_14;0;14;0;"0.8125;1.0;0.14285714285714285;0.8355530096985979";0.9987250589660227;0.9991075412762159;-0.9993304317963723;permutation
1098_14;0;14;0;"0.8125;1.0;0.14285714285714285;0.8355530096985979";0.998597564862625;0.9989800471728182;-0.9993304317963723;permutation
928_14;0;14;1;"0.8125;1.0;0.125;0.8930296707614097";0.997991519750056;0.9981031019861639;-0.9992186190691644;permutation
