Case ID;Actual;Prefix Length;Prediction;Prediction Probability;SHAP Precision;SHAP Recall;SHAP Correlation;MAPE Correctness;RMSE Correctness;R2 Correctness;Mode
1048_4;0;4;1;0.6377551020408163;1.0;0.16666666666666666;0.8156051894949384;0.9976720500509239;0.9976720500509239;-0.9976720500509239;permutation
1059_4;1;4;1;1.0;1.0;0.25;0.6653573052904705;0.9986916703009159;0.9986916703009159;-0.9993456210445493;permutation
1083_4;1;4;0;0.5510204081632653;1.0;0.4;0.7439241511674147;0.9982547993019198;0.9979057591623038;-0.9991270186026999;permutation
918_4;1;4;1;0.6377551020408163;1.0;0.16666666666666666;0.8156051894949384;0.9976720500509239;0.9976720500509239;-0.9976720500509239;permutation
936_4;0;4;0;0.5510204081632653;1.0;0.4;0.7439241511674147;0.9982547993019198;0.9979057591623038;-0.9991270186026999;permutation
973_4;0;4;0;0.5970149253731343;1.0;0.5;0.4721250871348586;0.9991285403050107;0.9991285403050107;-0.9997821113385181;permutation
979_4;0;4;1;0.6377551020408163;1.0;0.16666666666666666;0.8156051894949384;0.9976720500509239;0.9976720500509239;-0.9976720500509239;permutation
980_4;1;4;1;0.6377551020408163;1.0;0.16666666666666666;0.8156051894949384;0.9976720500509239;0.9976720500509239;-0.9976720500509239;permutation
