Case ID;Actual;Prefix Length;Prediction;"Prediction Probability;SHAP Precision;SHAP Recall;SHAP Correlation";MAPE Correctness;RMSE Correctness;R2 Correctness;Mode
1023_13;0;13;0;"0.6062176165803109;1.0;0.3333333333333333;1.0";0.9990723562152134;0.9990723562152134;-0.9990723562152134;permutation
1029_13;0;13;0;"0.9736842105263158;1.0;0.3333333333333333;0.9993815708101423";0.9993815708101423;0.9993815708101423;-0.9993815708101423;permutation
1057_13;1;13;1;"0.6879432624113475;1.0;0.5;0.8162125876029597";0.9995362856480411;0.9995362856480411;-0.9995362856480411;permutation
1090_13;1;13;1;"0.6879432624113475;1.0;0.5;0.8162125876029597";0.9995362856480411;0.9995362856480411;-0.9995362856480411;permutation
1106_13;0;13;0;"0.6062176165803109;1.0;0.3333333333333333;1.0";0.9990723562152134;0.9990723562152134;-0.9990723562152134;permutation
1110_13;0;13;0;"0.9736842105263158;1.0;0.3333333333333333;0.9993815708101423";0.9993815708101423;0.9993815708101423;-0.9993815708101423;permutation
962_13;1;13;1;"1.0;1.0;1.0;0.5774841475147156";0.9999999999999999;0.9999999999999999;-0.9999999999999999;permutation
998_13;1;13;1;"0.6879432624113475;1.0;0.5;0.8162125876029597";0.9995362856480411;0.9995362856480411;-0.9995362856480411;permutation
