Case ID;Actual;Prefix Length;Prediction;"Prediction Probability;SHAP Precision;SHAP Recall;SHAP Correlation";MAPE Correctness;RMSE Correctness;R2 Correctness;Mode
1003_5;0;5;0;"0.5;1.0;0.14285714285714285;0.3719977014136534";0.9974937343358397;0.9972658920027342;-0.9988031114801318;permutation
1009_5;0;5;1;"0.75;1.0;0.05555555555555555;0.5977552760058884";0.9941262848751835;0.9933253237217995;-0.9965901013938657;permutation
1062_5;1;5;1;"1.0;1.0;0.047619047619047616;0.6443448225774064";0.9182736060225327;0.9181911609151504;-0.9207537219967048;permutation
1104_5;1;5;1;"1.0;1.0;0.16666666666666666;0.3480952416719293";0.9104337146400644;0.9107247274943524;-0.9111600280500679;permutation
1110_5;0;5;0;"1.0;1.0;0.2;0.31737217734875944";0.8928239733520333;0.8928239733520333;-0.8926448242934885;permutation
1123_5;0;5;0;"1.0;0.5;0.1;0.44629223082265285";0.8903227476406684;0.8901442904853987;-0.8912109145491749;permutation
1130_5;1;5;1;"1.0;1.0;0.16666666666666666;0.3487452794715034";0.9101427017857763;0.9107247274943524;-0.9111600280500679;permutation
943_5;1;5;1;"1.0;1.0;0.16666666666666666;0.3481881042147256";0.9104337146400644;0.9107247274943524;-0.9111600280500679;permutation
