Case ID;Actual;Prefix Length;Prediction;Prediction Probability;SHAP Precision;SHAP Recall;SHAP Correlation;MAPE Correctness;RMSE Correctness;R2 Correctness;Mode
1014_9;1;9;1;1.0;1.0;1.0;0.5002196997542858;1.0;1.0;-1.0;permutation
1039_9;0;9;0;0.75;1.0;0.25;0.9991210079109288;0.9997070026369763;0.9997070026369763;-0.9995604073346087;permutation
1108_9;0;9;1;0.5358851674641149;1.0;0.25;0.9991210079109288;1.0;0.9994140052739526;-0.9994140052739526;permutation
1112_9;1;9;1;1.0;1.0;0.5;0.7068996917748177;0.7063821880429156;0.7063821880429156;-0.7063821880429156;permutation
1141_9;0;9;1;0.5358851674641149;1.0;0.25;0.9991210079109288;1.0;0.9994140052739526;-0.9994140052739526;permutation
943_9;1;9;1;1.0;1.0;0.5;0.7068996917748177;0.7063821880429156;0.7063821880429156;-0.7063821880429156;permutation
952_9;0;9;1;0.5358851674641149;1.0;0.25;0.9991210079109288;1.0;0.9994140052739526;-0.9994140052739526;permutation
963_9;1;9;1;1.0;1.0;1.0;0.5002196997542858;1.0;1.0;-1.0;permutation
