Case ID;Actual;Prefix Length;Prediction;"Prediction Probability;SHAP Precision;SHAP Recall;SHAP Correlation";MAPE Correctness;RMSE Correctness;R2 Correctness;Mode
1006_12;1;12;1;"0.5833333333333334;1.0;0.2;0.645417823228038";0.9988165680473372;0.9986193293885601;-0.9995067817209217;permutation
1017_12;1;12;1;"0.5833333333333334;1.0;0.2;0.645417823228038";0.9988165680473372;0.9986193293885601;-0.9995067817209217;permutation
1018_12;0;12;1;"0.6623376623376623;1.0;0.1111111111111111;0.8643506412624766";0.9975869255237471;0.997477240320281;-0.9990123454380389;permutation
1084_12;0;12;0;"0.7555555555555555;1.0;0.5;0.40794649297517976";1.0;1.0;-1.0;permutation
1095_12;0;12;0;"0.7555555555555555;1.0;0.5;0.40794649297517976";1.0;1.0;-1.0;permutation
1099_12;0;12;0;"0.7555555555555555;1.0;0.5;0.40794649297517976";1.0;1.0;-1.0;permutation
1100_12;1;12;1;"0.5833333333333334;1.0;0.2;0.645417823228038";0.9988165680473372;0.9986193293885601;-0.9995067817209217;permutation
981_12;1;12;1;"0.5833333333333334;1.0;0.2;0.645417823228038";0.9988165680473372;0.9986193293885601;-0.9995067817209217;permutation
