Case ID;Actual;Prefix Length;Prediction;Prediction Probability;SHAP Precision;SHAP Recall;SHAP Correlation;MAPE Correctness;RMSE Correctness;R2 Correctness;Mode
1006_8;1;8;1;0.7926829268292683;1.0;0.3333333333333333;0.7068473167443733;0.99916142557652;0.99916142557652;-0.99916142557652;permutation
1088_8;0;8;1;0.5619834710743802;1.0;0.16666666666666666;0.9993704752911551;0.9985311090126954;0.9985311090126954;-0.9992127842596329;permutation
1099_8;0;8;1;0.5619834710743802;1.0;0.16666666666666666;0.9993704752911551;0.9985311090126954;0.9985311090126954;-0.9992127842596329;permutation
1108_8;0;8;1;0.7926829268292683;1.0;0.3333333333333333;0.7068473167443733;0.99916142557652;0.99916142557652;-0.99916142557652;permutation
1138_8;0;8;1;0.7926829268292683;1.0;0.3333333333333333;0.7068473167443733;0.99916142557652;0.99916142557652;-0.99916142557652;permutation
1139_8;1;8;0;0.7662337662337663;1.0;0.25;0.8154689352308632;0.9987417426863795;0.9987417426863795;-0.9987417426863795;permutation
918_8;1;8;1;0.5619834710743802;1.0;0.16666666666666666;0.9993704752911551;0.9985311090126954;0.9985311090126954;-0.9992127842596329;permutation
984_8;1;8;1;0.5619834710743802;1.0;0.16666666666666666;0.9993704752911551;0.9985311090126954;0.9985311090126954;-0.9992127842596329;permutation
