Case ID,Actual,Prefix Length,Prediction,Prediction Probability;SHAP Precision;SHAP Recall;SHAP Correlation;LIME Precision;LIME Recall;LIME Correlation
1014_9,1,9,1,1.0;1.0;1.0;0.5002196997542858;1.0;1.0;0.03421585919036212
1039_9,0,9,0,0.75;1.0;0.25;0.9991210079109288;1.0;0.25;0.06840166272373796
1108_9,0,9,1,0.5358851674641149;1.0;0.25;0.9991210079109288;1.0;0.25;0.06828141368291099
1112_9,1,9,1,1.0;1.0;0.5;0.7068996917748177;1.0;0.5;0.048381448966261
1141_9,0,9,1,0.5358851674641149;1.0;0.25;0.9991210079109288;1.0;0.25;0.06828141368291099
943_9,1,9,1,1.0;1.0;0.5;0.7068996917748177;1.0;0.5;0.048381448966261
952_9,0,9,1,0.5358851674641149;1.0;0.25;0.9991210079109288;1.0;0.25;0.0682613721761065
963_9,1,9,1,1.0;1.0;1.0;0.5002196997542858;1.0;1.0;0.03421585919036212
