Case ID;Actual;Prefix Length;Prediction;Prediction Probability;SHAP Precision;SHAP Recall;SHAP Correlation;LIME Precision;LIME Recall;LIME Correlation
1002_3;1;3;0;0.8225352112676056;1.0;1.0;1.0;1.0;1.0;0.043750069570890025
1012_3;0;3;0;0.8225352112676056;1.0;1.0;1.0;1.0;1.0;0.043750069570890025
1032_3;1;3;1;0.6834170854271356;1.0;1.0;1.0;1.0;1.0;0.043750069570890025
1141_3;0;3;1;0.6834170854271356;1.0;1.0;1.0;1.0;1.0;0.043750069570890025
914_3;1;3;1;0.6834170854271356;1.0;1.0;1.0;1.0;1.0;0.043750069570890025
926_3;1;3;1;0.6834170854271356;1.0;1.0;1.0;1.0;1.0;0.043750069570890025
936_3;0;3;1;0.6834170854271356;1.0;1.0;1.0;1.0;1.0;0.043750069570890025
967_3;0;3;0;0.8225352112676056;1.0;1.0;1.0;1.0;1.0;0.043750069570890025
