Case ID,Actual,Prefix Length,Prediction,Prediction Probability
1002_7,1,7,0,0.7071823204419889
1011_7,0,7,1,0.6711711711711712
1026_7,1,7,1,0.6711711711711712
1054_7,1,7,0,0.7071823204419889
1106_7,0,7,1,0.6711711711711712
1124_7,0,7,1,0.6711711711711712
1140_7,0,7,0,0.8571428571428571
946_7,1,7,1,1.0
