Case ID,Actual,Prefix Length,Prediction,Prediction Probability;SHAP Precision;SHAP Recall;SHAP Correlation
1002_7,1,7,0,0.7071823204419889;1.0;1.0;0.5002542588519275
1011_7,0,7,1,0.6711711711711712;1.0;0.25;1.0
1026_7,1,7,1,0.6711711711711712;1.0;0.25;1.0
1054_7,1,7,0,0.7071823204419889;1.0;1.0;0.5002542588519275
1106_7,0,7,1,0.6711711711711712;1.0;0.25;1.0
1124_7,0,7,1,0.6711711711711712;1.0;0.25;1.0
1140_7,0,7,0,0.8571428571428571;1.0;0.3333333333333333;0.8649977542660169
946_7,1,7,1,1.0;1.0;0.5;0.7068671245854642
