Case ID,Actual,Prefix Length,Prediction,Prediction Probability;SHAP Precision;SHAP Recall;SHAP Correlation
1014_9,1,9,1,1.0;1.0;1.0;0.5002196997542858
1039_9,0,9,0,0.75;1.0;0.25;0.9991210079109288
1108_9,0,9,1,0.5358851674641149;1.0;0.25;0.9991210079109288
1112_9,1,9,1,1.0;1.0;0.5;0.7068996917748177
1141_9,0,9,1,0.5358851674641149;1.0;0.25;0.9991210079109288
943_9,1,9,1,1.0;1.0;0.5;0.7068996917748177
952_9,0,9,1,0.5358851674641149;1.0;0.25;0.9991210079109288
963_9,1,9,1,1.0;1.0;1.0;0.5002196997542858
