Case ID,Actual,Prefix Length,Prediction,Prediction Probability
1014_9,1,9,1,1.0
1039_9,0,9,0,0.75
1108_9,0,9,1,0.5358851674641149
1112_9,1,9,1,1.0
1141_9,0,9,1,0.5358851674641149
943_9,1,9,1,1.0
952_9,0,9,1,0.5358851674641149
963_9,1,9,1,1.0
