Case ID,Actual,Prefix Length,Prediction,Prediction Probability
1006_8,1,8,1,0.7926829268292683
1088_8,0,8,1,0.5619834710743802
1099_8,0,8,1,0.5619834710743802
1108_8,0,8,1,0.7926829268292683
1138_8,0,8,1,0.7926829268292683
1139_8,1,8,0,0.7662337662337663
918_8,1,8,1,0.5619834710743802
984_8,1,8,1,0.5619834710743802
