Case ID,Actual,Prefix Length,Prediction,Prediction Probability;SHAP Precision;SHAP Recall;SHAP Correlation
1006_8,1,8,1,0.7926829268292683;1.0;0.3333333333333333;0.7068473167443733
1088_8,0,8,1,0.5619834710743802;1.0;0.16666666666666666;0.9993704752911551
1099_8,0,8,1,0.5619834710743802;1.0;0.16666666666666666;0.9993704752911551
1108_8,0,8,1,0.7926829268292683;1.0;0.3333333333333333;0.7068473167443733
1138_8,0,8,1,0.7926829268292683;1.0;0.3333333333333333;0.7068473167443733
1139_8,1,8,0,0.7662337662337663;1.0;0.25;0.8154689352308632
918_8,1,8,1,0.5619834710743802;1.0;0.16666666666666666;0.9993704752911551
984_8,1,8,1,0.5619834710743802;1.0;0.16666666666666666;0.9993704752911551
