Case ID,Actual,Prefix Length,Prediction,Prediction Probability;SHAP Precision;SHAP Recall;SHAP Correlation;LIME Precision;LIME Recall;LIME Correlation
1048_4,0,4,1,0.6377551020408163;1.0;0.16666666666666666;0.8156051894949384;1.0;0.16666666666666666;0.10084320494978156
1059_4,1,4,1,1.0;1.0;0.25;0.6653573052904705;1.0;0.25;0.08328416882556627
1083_4,1,4,0,0.5510204081632653;1.0;0.4;0.7439241511674147;1.0;0.2;0.0929233569685853
918_4,1,4,1,0.6377551020408163;1.0;0.16666666666666666;0.8156051894949384;1.0;0.16666666666666666;0.09998167808469284
936_4,0,4,0,0.5510204081632653;1.0;0.4;0.7439241511674147;1.0;0.2;0.09282574840034097
973_4,0,4,0,0.5970149253731343;1.0;0.5;0.4721250871348586;0.0;0.0;0.05873660797507345
979_4,0,4,1,0.6377551020408163;1.0;0.16666666666666666;0.8156051894949384;1.0;0.16666666666666666;0.10096203624151795
980_4,1,4,1,0.6377551020408163;1.0;0.16666666666666666;0.8156051894949384;1.0;0.16666666666666666;0.10090262059564976
