Case ID,Actual,Prefix Length,Prediction,Prediction Probability;SHAP Precision;SHAP Recall;SHAP Correlation
1023_13,0,13,0,0.6062176165803109;1.0;0.3333333333333333;1.0
1029_13,0,13,0,0.9736842105263158;1.0;0.3333333333333333;0.9993815708101423
1057_13,1,13,1,0.6879432624113475;1.0;0.5;0.8162125876029597
1090_13,1,13,1,0.6879432624113475;1.0;0.5;0.8162125876029597
1106_13,0,13,0,0.6062176165803109;1.0;0.3333333333333333;1.0
1110_13,0,13,0,0.9736842105263158;1.0;0.3333333333333333;0.9993815708101423
962_13,1,13,1,1.0;1.0;1.0;0.5774841475147156
998_13,1,13,1,0.6879432624113475;1.0;0.5;0.8162125876029597
