Case ID,Actual,Prefix Length,Prediction,Prediction Probability
1005_2,0,2,1,0.7341040462427746
1107_2,0,2,0,0.9511278195488722
1111_2,0,2,0,0.8823529411764706
1115_2,1,2,0,0.6958333333333333
1117_2,1,2,1,0.7341040462427746
1133_2,0,2,0,0.9511278195488722
954_2,1,2,0,0.6958333333333333
995_2,1,2,1,0.7341040462427746
