Case ID,Actual,Prefix Length,Prediction,Prediction Probability;SHAP Precision;SHAP Recall;SHAP Correlation
912.0,1.0,1.0,1.0,0.6759259259259259;1.0;1.0;0.5776996491121854
916.0,0.0,1.0,1.0,0.6759259259259259;1.0;1.0;0.5776996491121854
941.0,1.0,1.0,1.0,0.6759259259259259;1.0;1.0;0.5776996491121854
946.0,1.0,1.0,1.0,0.6759259259259259;1.0;1.0;0.5776996491121854
968.0,0.0,1.0,0.0,0.8579654510556622;1.0;0.3333333333333333;1.0
987.0,1.0,1.0,1.0,0.6759259259259259;1.0;1.0;0.5776996491121854
1069.0,0.0,1.0,1.0,0.6759259259259259;1.0;1.0;0.5776996491121854
1108.0,0.0,1.0,1.0,0.6759259259259259;1.0;1.0;0.5776996491121854
