Case ID;Actual;Prefix Length;Prediction;Prediction Probability;SHAP Precision;SHAP Recall;SHAP Correlation;LIME Precision;LIME Recall;LIME Correlation
1014_14;1;14;1;0.8125;1.0;0.125;0.8930296707614097;1.0;0.125;0.08347291813269993
1027_14;0;14;0;0.8125;1.0;0.14285714285714285;0.8360865343839301;1.0;0.14285714285714285;0.07891590393330579
1040_14;1;14;0;0.8125;1.0;0.14285714285714285;0.8355530096985979;1.0;0.14285714285714285;0.07891590393330579
1044_14;1;14;0;0.8125;1.0;0.14285714285714285;0.8356597146356644;1.0;0.14285714285714285;0.07891590393330579
1052_14;1;14;0;0.8125;1.0;0.14285714285714285;0.8360865343839301;1.0;0.14285714285714285;0.07891590393330579
1084_14;0;14;0;0.8125;1.0;0.14285714285714285;0.8355530096985979;1.0;0.14285714285714285;0.07891590393330579
1098_14;0;14;0;0.8125;1.0;0.14285714285714285;0.8355530096985979;1.0;0.14285714285714285;0.07891590393330579
928_14;0;14;1;0.8125;1.0;0.125;0.8930296707614097;1.0;0.125;0.08350116297303357
