Case ID,Actual,Prefix Length,Prediction,Prediction Probability;SHAP Precision;SHAP Recall;SHAP Correlation
1009_10,0,10,0,0.675;1.0;0.14285714285714285;0.9996848160113467
1014_10,1,10,1,1.0;1.0;1.0;0.37827705567299863
1077_10,1,10,1,1.0;1.0;1.0;0.37827705567299863
1088_10,0,10,0,0.675;1.0;0.14285714285714285;0.9996848160113467
936_10,0,10,0,0.9482758620689655;1.0;0.3333333333333333;0.6545334736415107
947_10,0,10,0,0.675;1.0;0.14285714285714285;0.9996848160113467
969_10,1,10,0,0.675;1.0;0.14285714285714285;0.9996848160113467
981_10,1,10,1,0.6060606060606061;1.0;0.14285714285714285;0.9988968560397132
