Case ID,Actual,Prefix Length,Prediction,Prediction Probability;SHAP Precision;SHAP Recall;SHAP Correlation;LIME Precision;LIME Recall;LIME Correlation
1003_5,0,5,0,0.5;1.0;0.14285714285714285;0.3719977014136534;1.0;0.14285714285714285;0.08468114662336167
1009_5,0,5,1,0.75;1.0;0.05555555555555555;0.5977552760058884;1.0;0.05555555555555555;0.14333939892984487
1062_5,1,5,1,1.0;1.0;0.047619047619047616;0.6443448225774064;1.0;0.047619047619047616;0.15272973607529325
1104_5,1,5,1,1.0;1.0;0.16666666666666666;0.3480952416719293;1.0;0.16666666666666666;0.09708719088871157
1110_5,0,5,0,1.0;1.0;0.2;0.31737217734875944;1.0;0.2;0.06487290646845423
1123_5,0,5,0,1.0;0.5;0.1;0.4462922308226529;1.0;0.1;0.10466933618685448
1130_5,1,5,1,1.0;1.0;0.16666666666666666;0.3487452794715034;1.0;0.16666666666666666;0.09711311883393489
943_5,1,5,1,1.0;1.0;0.16666666666666666;0.3481881042147256;1.0;0.16666666666666666;0.09708719088871157
