Case ID,Actual,Prefix Length,Prediction,Prediction Probability
1048_4,0,4,1,0.6377551020408163
1059_4,1,4,1,1.0
1083_4,1,4,0,0.5510204081632653
918_4,1,4,1,0.6377551020408163
936_4,0,4,0,0.5510204081632653
973_4,0,4,0,0.5970149253731343
979_4,0,4,1,0.6377551020408163
980_4,1,4,1,0.6377551020408163
