Case ID,Actual,Prefix Length,Prediction,Prediction Probability;SHAP Precision;SHAP Recall;SHAP Correlation
1003_5,0,5,0,0.5;1.0;0.14285714285714285;0.3719977014136534
1009_5,0,5,1,0.75;1.0;0.05555555555555555;0.5977552760058884
1062_5,1,5,1,1.0;1.0;0.047619047619047616;0.6443448225774064
1104_5,1,5,1,1.0;1.0;0.16666666666666666;0.3480952416719293
1110_5,0,5,0,1.0;1.0;0.2;0.31737217734875944
1123_5,0,5,0,1.0;0.5;0.1;0.44629223082265285
1130_5,1,5,1,1.0;1.0;0.16666666666666666;0.3487452794715034
943_5,1,5,1,1.0;1.0;0.16666666666666666;0.3481881042147256
