Case ID,Actual,Prefix Length,Prediction,Prediction Probability;SHAP Precision;SHAP Recall;SHAP Correlation
1014_14,1,14,1,0.8125;1.0;0.125;0.8930296707614097
1027_14,0,14,0,0.8125;1.0;0.14285714285714285;0.83608653438393
1040_14,1,14,0,0.8125;1.0;0.14285714285714285;0.8355530096985979
1044_14,1,14,0,0.8125;1.0;0.14285714285714285;0.8356597146356644
1052_14,1,14,0,0.8125;1.0;0.14285714285714285;0.83608653438393
1084_14,0,14,0,0.8125;1.0;0.14285714285714285;0.8355530096985979
1098_14,0,14,0,0.8125;1.0;0.14285714285714285;0.8355530096985979
928_14,0,14,1,0.8125;1.0;0.125;0.8930296707614097
