Case ID,Actual,Prefix Length,Prediction,Prediction Probability
1024_6,0,6,1,0.6654804270462633
1043_6,1,6,0,0.7085714285714285
1058_6,1,6,1,1.0
1072_6,1,6,1,0.6654804270462633
1092_6,0,6,1,0.6654804270462633
962_6,1,6,1,1.0
979_6,0,6,1,0.6654804270462633
999_6,0,6,1,0.6654804270462633
