Case ID;Actual;Prefix Length;Prediction;Prediction Probability;SHAP Precision;SHAP Recall;SHAP Correlation;LIME Precision;LIME Recall;LIME Correlation
1017_11;1;11;1;0.8990825688073395;1.0;1.0;0.5001963479360976;0.0;0.0;0.03231571596386052
1028_11;1;11;1;0.7122641509433962;1.0;0.25;0.9992144540455618;1.0;0.25;0.06465681242425313
1035_11;1;11;0;0.7708333333333334;1.0;0.3333333333333333;0.8652318285528695;1.0;0.3333333333333333;0.055996888485056594
1039_11;0;11;0;0.7708333333333334;1.0;0.3333333333333333;0.8652318285528695;1.0;0.3333333333333333;0.055996888485056594
930_11;1;11;1;0.8990825688073395;1.0;1.0;0.5001963479360976;0.0;0.0;0.03231571596386052
935_11;0;11;0;0.7708333333333334;1.0;0.3333333333333333;0.8652318285528695;1.0;0.3333333333333333;0.055996888485056594
972_11;0;11;0;0.7708333333333334;1.0;0.3333333333333333;0.8652318285528695;1.0;0.3333333333333333;0.055996888485056594
976_11;0;11;1;0.7122641509433962;1.0;0.25;0.9992144540455618;1.0;0.25;0.06465681242425313
