Case ID,Actual,Prefix Length,Prediction,Prediction Probability
1023_13,0,13,0,0.6062176165803109
1029_13,0,13,0,0.9736842105263158
1057_13,1,13,1,0.6879432624113475
1090_13,1,13,1,0.6879432624113475
1106_13,0,13,0,0.6062176165803109
1110_13,0,13,0,0.9736842105263158
962_13,1,13,1,1.0
998_13,1,13,1,0.6879432624113475
