Case ID,Actual,Prefix Length,Prediction,Prediction Probability
1002_3,1,3,0,0.8225352112676056
1012_3,0,3,0,0.8225352112676056
1032_3,1,3,1,0.6834170854271356
1141_3,0,3,1,0.6834170854271356
914_3,1,3,1,0.6834170854271356
926_3,1,3,1,0.6834170854271356
936_3,0,3,1,0.6834170854271356
967_3,0,3,0,0.8225352112676056
