Case ID,Actual,Prefix Length,Prediction,Prediction Probability;SHAP Precision;SHAP Recall;SHAP Correlation
1005_2,0,2,1,0.7341040462427746;1.0;0.5;0.816713936603326
1107_2,0,2,0,0.9511278195488722;1.0;0.5;0.816713936603326
1111_2,0,2,0,0.8823529411764706;1.0;0.5;0.8158446295925721
1115_2,1,2,0,0.6958333333333333;1.0;0.5;0.816713936603326
1117_2,1,2,1,0.7341040462427746;1.0;0.5;0.816713936603326
1133_2,0,2,0,0.9511278195488722;0.5;0.5;0.8158446295925721
954_2,1,2,0,0.6958333333333333;1.0;0.5;0.816713936603326
995_2,1,2,1,0.7341040462427746;1.0;0.5;0.816713936603326
