Case ID,Actual,Prefix Length,Prediction,Prediction Probability;SHAP Precision;SHAP Recall;SHAP Correlation
1048_4,0,4,1,0.6377551020408163;1.0;0.16666666666666666;0.8156051894949384
1059_4,1,4,1,1.0;1.0;0.25;0.6653573052904705
1083_4,1,4,0,0.5510204081632653;1.0;0.4;0.7439241511674147
918_4,1,4,1,0.6377551020408163;1.0;0.16666666666666666;0.8156051894949384
936_4,0,4,0,0.5510204081632653;1.0;0.4;0.7439241511674147
973_4,0,4,0,0.5970149253731343;1.0;0.5;0.4721250871348586
979_4,0,4,1,0.6377551020408163;1.0;0.16666666666666666;0.8156051894949384
980_4,1,4,1,0.6377551020408163;1.0;0.16666666666666666;0.8156051894949384
