Case ID,Actual,Prefix Length,Prediction,Prediction Probability
912.0,1.0,1.0,1.0,0.6759259259259259
916.0,0.0,1.0,1.0,0.6759259259259259
941.0,1.0,1.0,1.0,0.6759259259259259
946.0,1.0,1.0,1.0,0.6759259259259259
968.0,0.0,1.0,0.0,0.8579654510556622
987.0,1.0,1.0,1.0,0.6759259259259259
1069.0,0.0,1.0,1.0,0.6759259259259259
1108.0,0.0,1.0,1.0,0.6759259259259259
