Case ID,Actual,Prefix Length,Prediction,Prediction Probability;SHAP Precision;SHAP Recall;SHAP Correlation;LIME Precision;LIME Recall;LIME Correlation
1024_6,0,6,1,0.6654804270462633;1.0;0.3333333333333333;0.9995119570522206;1.0;0.3333333333333333;0.06614672045972735
1043_6,1,6,0,0.7085714285714285;1.0;1.0;0.5775615593226605;0.0;0.0;0.03818518065742393
1058_6,1,6,1,1.0;1.0;0.3333333333333333;0.9990239141044412;1.0;0.3333333333333333;0.06614672045972735
1072_6,1,6,1,0.6654804270462633;1.0;0.3333333333333333;0.9995119570522206;1.0;0.3333333333333333;0.06614672045972735
1092_6,0,6,1,0.6654804270462633;1.0;0.3333333333333333;0.9995119570522206;1.0;0.3333333333333333;0.06614672045972735
962_6,1,6,1,1.0;1.0;0.3333333333333333;0.9990239141044412;1.0;0.3333333333333333;0.06614672045972735
979_6,0,6,1,0.6654804270462633;1.0;0.3333333333333333;0.9995119570522206;1.0;0.3333333333333333;0.06614672045972735
999_6,0,6,1,0.6654804270462633;1.0;0.3333333333333333;0.9995119570522206;1.0;0.3333333333333333;0.06614672045972735
