Case ID;Actual;Prefix Length;Prediction;"Prediction Probability;SHAP Precision;SHAP Recall;SHAP Correlation";MAPE Correctness;RMSE Correctness;R2 Correctness;Mode
BRHE_3;0;3;0;"1.0;1.0;0.03125;0.7111920144312989";0.30641295993766143;0.30641295993766143;-0.3063230390440932;baseline_min
EGAE_3;0;3;0;"1.0;1.0;0.03125;0.7111920144312989";0.306293500694021;0.306293500694021;-0.3063230390440932;baseline_min
ETEE_3;1;3;1;"0.9219391947411668;1.0;1.0;0.128143366723675";1.0;1.0;-1.0;baseline_min
LUDE_3;0;3;0;"1.0;1.0;0.03125;0.7111920144312989";0.30641295993766143;0.30641295993766143;-0.3063230390440932;baseline_min
NMND_3;1;3;1;"0.9219391947411668;1.0;1.0;0.128143366723675";1.0;1.0;-1.0;baseline_min
SECE_3;1;3;0;"0.9700996677740864;1.0;0.125;0.36117652082797835";0.4978136014893144;0.4978136014893144;-0.4978136014893144;baseline_min
VYTD_3;0;3;0;"1.0;1.0;0.03125;0.7111920144312989";0.30641295993766143;0.30641295993766143;-0.3063230390440932;baseline_min
YPNE_3;1;3;0;"0.8455538221528861;1.0;0.25;0.25587610178800435";;;;baseline_min
