Case ID;Actual;Prefix Length;Prediction;"Prediction Probability;SHAP Precision;SHAP Recall;SHAP Correlation";MAPE Correctness;RMSE Correctness;R2 Correctness;Mode
AROD;1;1;1;"0.5990718321226796;1.0;1.0;0.9999999999999998";;;;baseline_min
EHOE;1;1;1;"0.5990718321226796;1.0;1.0;0.9999999999999998";;;;baseline_min
GQWD;1;1;1;"0.5990718321226796;1.0;1.0;0.9999999999999998";;;;baseline_min
NCYD;0;1;1;"0.5990718321226796;1.0;1.0;0.9999999999999998";;;;baseline_min
PLJE;1;1;1;"0.5990718321226796;1.0;1.0;0.9999999999999998";;;;baseline_min
PNTD;0;1;0;"0.9553483807654564;1.0;1.0;0.9999999999999998";0.9999999999999998;0.9999999999999998;-0.9999999999999998;baseline_min
XRSD;0;1;0;"0.9553483807654564;1.0;1.0;0.9999999999999998";0.9999999999999998;0.9999999999999998;-0.9999999999999998;baseline_min
YQLD;0;1;0;"0.9553483807654564;1.0;1.0;0.9999999999999998";0.9999999999999998;0.9999999999999998;-0.9999999999999998;baseline_min
