Case ID;Actual;Prefix Length;Prediction;Prediction Probability;SHAP Precision;SHAP Recall;SHAP Correlation;MAPE Correctness;RMSE Correctness;R2 Correctness;Mode
BRHE_3;0;3;0;1.0;1.0;0.03125;0.7111920144312989;;;;baseline_mean
EGAE_3;0;3;0;1.0;1.0;0.03125;0.7111920144312989;;;;baseline_mean
ETEE_3;1;3;1;0.9219391947411668;1.0;1.0;0.128143366723675;1.0;1.0;-1.0;baseline_mean
LUDE_3;0;3;0;1.0;1.0;0.03125;0.7111920144312989;;;;baseline_mean
NMND_3;1;3;1;0.9219391947411668;1.0;1.0;0.128143366723675;1.0;1.0;-1.0;baseline_mean
SECE_3;1;3;0;0.9700996677740864;1.0;0.125;0.36117652082797835;0.4983966920913517;0.4983966920913517;-0.4983966920913517;baseline_mean
VYTD_3;0;3;0;1.0;1.0;0.03125;0.7111920144312989;;;;baseline_mean
YPNE_3;1;3;0;0.8455538221528861;1.0;0.25;0.25587610178800435;0.7060766439373382;0.7060766439373382;-0.7060766439373382;baseline_mean
