Case ID;Actual;Prefix Length;Prediction;"Prediction Probability;SHAP Precision;SHAP Recall;SHAP Correlation";MAPE Correctness;RMSE Correctness;R2 Correctness;Mode
ECSB_11;1;11;1;"0.9285714285714286;1.0;1.0;0.2308028755697345";;;;baseline_max
EDB_11;1;11;1;"0.9285714285714286;1.0;1.0;0.2308028755697345";;;;baseline_max
FIL_11;1;11;1;"0.5714285714285714;1.0;0.3333333333333333;0.3987858498008118";0.8167687011088948;0.8167687011088948;-0.8167687011088948;baseline_max
LQLD_11;0;11;0;"1.0;1.0;0.10526315789473684;0.9836856291672578";0.9946732670611892;0.9946732670611892;-0.993916807356678;baseline_max
LTMB_11;0;11;0;"1.0;1.0;0.10526315789473684;0.9836856291672578";0.9946732670611892;0.9946732670611892;-0.993916807356678;baseline_max
SKO_11;1;11;1;"0.65;1.0;0.5;0.3258611108020263";0.7073422871984685;0.7073422871984685;-0.7073422871984685;baseline_max
VDV_11;0;11;0;"1.0;1.0;0.10526315789473684;0.9836856291672578";0.9946732670611892;0.9946732670611892;-0.993916807356678;baseline_max
XGFB_11;0;11;0;"1.0;1.0;0.10526315789473684;0.9836856291672578";0.9946732670611892;0.9946732670611892;-0.993916807356678;baseline_max
