Case ID;Actual;Prefix Length;Prediction;Prediction Probability;SHAP Precision;SHAP Recall;SHAP Correlation;MAPE Correctness;RMSE Correctness;R2 Correctness;Mode
EJSD_9;1;9;0;0.775;1.0;0.25;0.3224772041349512;0.497524293305451;0.497524293305451;-0.497524293305451;baseline_0
IULE_9;0;9;0;1.0;1.0;0.02564102564102564;0.9770165854618829;;;;baseline_0
KUMD_9;0;9;0;1.0;1.0;0.02564102564102564;0.9770165854618829;;;;baseline_0
LTID_9;0;9;0;1.0;1.0;0.02564102564102564;0.9770165854618829;;;;baseline_0
UQWD_9;1;9;1;0.8333333333333334;1.0;0.3333333333333333;0.2792075767732193;0.5754448867142962;0.5754448867142962;-0.5754448867142962;baseline_0
WRLE_9;0;9;0;1.0;1.0;0.02564102564102564;0.9770165854618829;;;;baseline_0
YJZD_9;1;9;0;0.775;1.0;0.25;0.3224772041349512;0.497524293305451;0.497524293305451;-0.497524293305451;baseline_0
ZDMD_9;1;9;1;0.9629629629629629;1.0;1.0;0.16158146036923873;1.0;1.0;-1.0;baseline_0
