Case ID;Actual;Prefix Length;Prediction;Prediction Probability;SHAP Precision;SHAP Recall;SHAP Correlation;MAPE Correctness;RMSE Correctness;R2 Correctness;Mode
CVFE_5;0;5;0;0.9859930563869268;0.0;0.0;0.4432006143296414;0.44643560663220105;0.44643560663220105;-0.44643560663220105;baseline_min
IDKD_5;0;5;0;1.0;1.0;0.028169014084507043;0.9730296673658976;0.23830539942995085;0.23830539942995085;-0.23820058777424286;baseline_min
LJOE_5;1;5;0;0.9674279296143766;1.0;0.125;0.32634990065236846;0.4992755510808994;0.4992755510808994;-0.4992755510808994;baseline_min
RDBE_5;1;5;0;0.678030303030303;1.0;1.0;0.11989934623723243;1.0;1.0;-1.0;baseline_min
SEWD_5;0;5;0;0.9133004926108375;1.0;0.25;0.23205431054953826;0.7060826121151671;0.7060826121151671;-0.7060826121151671;baseline_min
SLND_5;1;5;0;0.9859930563869268;1.0;0.06666666666666667;0.4426976712640165;0.44643560663220105;0.44643560663220105;-0.44643560663220105;baseline_min
TFPD_5;1;5;0;0.678030303030303;1.0;1.0;0.11989934623723243;1.0;1.0;-1.0;baseline_min
TYLD_5;0;5;0;0.9763313609467456;1.0;0.024390243902439025;0.7341750364012873;0.3462487322970423;0.3462487322970423;-0.3462487322970423;baseline_min
