Case ID;Actual;Prefix Length;Prediction;Prediction Probability;SHAP Precision;SHAP Recall;SHAP Correlation;MAPE Correctness;RMSE Correctness;R2 Correctness;Mode
BRHE_3;0;3;0;1.0;1.0;0.03125;0.7111920144312989;0.9276432210183613;0.9276432210183613;-0.928701708135141;baseline_max
EGAE_3;0;3;0;1.0;1.0;0.03125;0.7111920144312989;0.9276432210183613;0.9276432210183613;-0.928701708135141;baseline_max
ETEE_3;1;3;1;0.9219391947411668;1.0;1.0;0.128143366723675;;;;baseline_max
LUDE_3;0;3;0;1.0;1.0;0.03125;0.7111920144312989;0.9276432210183613;0.9276432210183613;-0.928701708135141;baseline_max
NMND_3;1;3;1;0.9219391947411668;1.0;1.0;0.128143366723675;;;;baseline_max
SECE_3;1;3;0;0.9700996677740864;1.0;0.125;0.36117652082797835;0.8645938544319044;0.8645938544319044;-0.8645938544319044;baseline_max
VYTD_3;0;3;0;1.0;1.0;0.03125;0.7111920144312989;0.9276432210183613;0.9276432210183613;-0.928701708135141;baseline_max
YPNE_3;1;3;0;0.8455538221528861;1.0;0.25;0.25587610178800435;0.9997085397843194;0.9997085397843194;-0.9997085397843194;baseline_max
