Case ID;Actual;Prefix Length;Prediction;"Prediction Probability;SHAP Precision;SHAP Recall;SHAP Correlation";MAPE Correctness;RMSE Correctness;R2 Correctness;Mode
AKME_2;1;2;1;"0.9447236180904522;1.0;1.0;0.5775175928474466";;;;baseline_max
DVUD_2;1;2;0;"0.9559886081957703;1.0;0.3333333333333333;0.9996135265700484";0.8161416424245158;0.8161416424245158;-0.8161416424245158;baseline_max
ELIE_2;0;2;0;"0.9559886081957703;1.0;0.3333333333333333;0.9996135265700484";0.8161416424245158;0.8161416424245158;-0.8161416424245158;baseline_max
JSVD_2;1;2;0;"0.9559886081957703;1.0;0.3333333333333333;0.9996135265700484";0.8161416424245158;0.8161416424245158;-0.8161416424245158;baseline_max
KQLE_2;0;2;0;"0.9559886081957703;1.0;0.3333333333333333;0.9996135265700484";0.8161416424245158;0.8161416424245158;-0.8161416424245158;baseline_max
LLOE_2;1;2;0;"0.9559886081957703;1.0;0.3333333333333333;0.9996135265700484";0.8161416424245158;0.8161416424245158;-0.8161416424245158;baseline_max
LZDE_2;0;2;0;"0.8266190719020907;1.0;0.5;0.8161416424245158";1.0;1.0;-1.0;baseline_max
NHVD_2;0;2;0;"0.9559886081957703;1.0;0.3333333333333333;0.9996135265700484";0.8161416424245158;0.8161416424245158;-0.8161416424245158;baseline_max
