Case ID;Actual;Prefix Length;Prediction;"Prediction Probability;SHAP Precision;SHAP Recall;SHAP Correlation";MAPE Correctness;RMSE Correctness;R2 Correctness;Mode
DSXD_6;1;6;0;"0.7327971403038427;1.0;1.0;0.35391662158863174";1.0;1.0;-1.0;baseline_max
EHEE_6;0;6;0;"0.9763079960513327;1.0;0.25;0.7064842670631577";0.7060699980849038;0.7060699980849038;-0.7060699980849038;baseline_max
JXFE_6;1;6;0;"0.7327971403038427;1.0;1.0;0.35391662158863174";1.0;1.0;-1.0;baseline_max
OAKE_6;0;6;0;"0.9947209653092006;1.0;0.2;0.7903606225993687";0.6312498559313879;0.6312498559313879;-0.6311568825317431;baseline_max
QOID_6;0;6;0;"0.9997150455927052;1.0;0.125;0.9992657856093979";0.4986797706772696;0.4986797706772696;-0.4986797706772696;baseline_max
SCOD_6;1;6;0;"0.7327971403038427;1.0;1.0;0.35391662158863174";1.0;1.0;-1.0;baseline_max
TCGE_6;0;6;0;"0.9997150455927052;1.0;0.125;0.9992657856093979";0.4986797706772696;0.4986797706772696;-0.4986797706772696;baseline_max
WOND_6;1;6;0;"0.9151624548736462;1.0;0.5;0.4998534800522087";;;;baseline_max
