Case ID;Actual;Prefix Length;Prediction;Prediction Probability;SHAP Precision;SHAP Recall;SHAP Correlation;MAPE Correctness;RMSE Correctness;R2 Correctness;Mode
ELJ_13;1;13;1;0.6666666666666666;1.0;0.5;0.47202185172619937;0.7049613131844475;0.7049613131844475;-0.7049613131844475;baseline_mean
FJMA_13;1;13;0;0.8918918918918919;1.0;0.14285714285714285;0.8747777410765745;0.371069769985675;0.371069769985675;-0.371069769985675;baseline_mean
KUM_13;1;13;1;0.6666666666666666;1.0;0.5;0.47202185172619937;0.7049613131844475;0.7049613131844475;-0.7049613131844475;baseline_mean
LBNA_13;0;13;0;0.9448818897637795;1.0;0.1111111111111111;0.991080085320923;0.32521935861076606;0.32521935861076606;-0.32521935861076606;baseline_mean
NCTB_13;0;13;0;0.993006993006993;1.0;0.1111111111111111;0.9906922629435718;;;;baseline_mean
NRHA_13;0;13;0;0.9448818897637795;1.0;0.1111111111111111;0.991080085320923;0.32521935861076606;0.32521935861076606;-0.32521935861076606;baseline_mean
SKO_13;1;13;1;0.6666666666666666;1.0;0.5;0.47202185172619937;0.7049613131844475;0.7049613131844475;-0.7049613131844475;baseline_mean
SMCA_13;0;13;0;0.9448818897637795;1.0;0.1111111111111111;0.991080085320923;0.32521935861076606;0.32521935861076606;-0.32521935861076606;baseline_mean
