Case ID;Actual;Prefix Length;Prediction;"Prediction Probability;SHAP Precision;SHAP Recall;SHAP Correlation";MAPE Correctness;RMSE Correctness;R2 Correctness;Mode
DQL_12;1;12;1;"0.5666666666666667;1.0;1.0;0.577804696862647";1.0;1.0;-1.0;baseline_max
JXCE_12;1;12;0;"0.990506329113924;1.0;0.3333333333333333;0.9989501312335957";0.8142473421065306;0.8142473421065306;-0.8142473421065306;baseline_max
KUM_12;1;12;1;"0.5666666666666667;1.0;1.0;0.577804696862647";1.0;1.0;-1.0;baseline_max
MROA_12;0;12;0;"0.9313725490196079;1.0;0.3333333333333333;0.9979002624671914";0.5759877009605632;0.5759877009605632;-0.5759877009605632;baseline_max
PJUB_12;0;12;0;"0.9313725490196079;1.0;0.3333333333333333;0.9979002624671914";0.5759877009605632;0.5759877009605632;-0.5759877009605632;baseline_max
QXKB_12;1;12;1;"0.5666666666666667;1.0;1.0;0.577804696862647";1.0;1.0;-1.0;baseline_max
SMR_12;0;12;0;"0.990506329113924;1.0;0.3333333333333333;0.9989501312335957";0.8142473421065306;0.8142473421065306;-0.8142473421065306;baseline_max
WMBE_12;0;12;0;"0.990506329113924;1.0;0.3333333333333333;0.9989501312335957";0.8142473421065306;0.8142473421065306;-0.8142473421065306;baseline_max
