Case ID;Actual;Prefix Length;Prediction;"Prediction Probability;SHAP Precision;SHAP Recall;SHAP Correlation";MAPE Correctness;RMSE Correctness;R2 Correctness;Mode
ECSB_11;1;11;1;"0.9285714285714286;1.0;1.0;0.2308028755697345";1.0;1.0;-1.0;baseline_mean
EDB_11;1;11;1;"0.9285714285714286;1.0;1.0;0.2308028755697345";1.0;1.0;-1.0;baseline_mean
FIL_11;1;11;1;"0.5714285714285714;1.0;0.3333333333333333;0.3987858498008118";0.5746578904692443;0.5746578904692443;-0.5746578904692443;baseline_mean
LQLD_11;0;11;0;"1.0;1.0;0.10526315789473684;0.9836856291672578";;;;baseline_mean
LTMB_11;0;11;0;"1.0;1.0;0.10526315789473684;0.9836856291672578";;;;baseline_mean
SKO_11;1;11;1;"0.65;1.0;0.5;0.3258611108020263";0.7054585527452102;0.7054585527452102;-0.7054585527452102;baseline_mean
VDV_11;0;11;0;"1.0;1.0;0.10526315789473684;0.9836856291672578";;;;baseline_mean
XGFB_11;0;11;0;"1.0;1.0;0.10526315789473684;0.9836856291672578";;;;baseline_mean
