Case ID;Actual;Prefix Length;Prediction;"Prediction Probability;SHAP Precision;SHAP Recall;SHAP Correlation";MAPE Correctness;RMSE Correctness;R2 Correctness;Mode
ASKE_7;1;7;0;"0.8858695652173914;1.0;0.09090909090909091;0.9960899315738027";0.996903848907067;0.996903848907067;-0.996903848907067;baseline_max
CCXD_7;0;7;0;"0.8858695652173914;1.0;0.09090909090909091;0.9960899315738027";0.996903848907067;0.996903848907067;-0.996903848907067;baseline_max
CDPD_7;1;7;0;"0.8858695652173914;1.0;0.09090909090909091;0.9960899315738027";0.996903848907067;0.996903848907067;-0.996903848907067;baseline_max
FGLE_7;0;7;0;"0.8858695652173914;1.0;0.09090909090909091;0.9960899315738027";0.996903848907067;0.996903848907067;-0.996903848907067;baseline_max
QXAE_7;0;7;0;"0.9825540823447313;1.0;0.09090909090909091;0.9960899315738027";0.9507968062576078;0.9507968062576078;-0.9507968062576078;baseline_max
QXSD_7;0;7;0;"0.8858695652173914;1.0;0.09090909090909091;0.9960899315738027";0.996903848907067;0.996903848907067;-0.996903848907067;baseline_max
UQWD_7;1;7;0;"0.8858695652173914;1.0;0.09090909090909091;0.9960899315738027";0.996903848907067;0.996903848907067;-0.996903848907067;baseline_max
WHPD_7;1;7;0;"0.5454545454545454;1.0;0.14285714285714285;0.7950303287202246";0.8441866016022989;0.8441866016022989;-0.8441866016022989;baseline_max
