Case ID;Actual;Prefix Length;Prediction;"Prediction Probability;SHAP Precision;SHAP Recall;SHAP Correlation";MAPE Correctness;RMSE Correctness;R2 Correctness;Mode
ASKE_7;1;7;0;"0.8858695652173914;1.0;0.09090909090909091;0.9960899315738027";;;;baseline_min
CCXD_7;0;7;0;"0.8858695652173914;1.0;0.09090909090909091;0.9960899315738027";;;;baseline_min
CDPD_7;1;7;0;"0.8858695652173914;1.0;0.09090909090909091;0.9960899315738027";;;;baseline_min
FGLE_7;0;7;0;"0.8858695652173914;1.0;0.09090909090909091;0.9960899315738027";;;;baseline_min
QXAE_7;0;7;0;"0.9825540823447313;1.0;0.09090909090909091;0.9960899315738027";0.2977361869741967;0.2977361869741967;-0.2977361869741967;baseline_min
QXSD_7;0;7;0;"0.8858695652173914;1.0;0.09090909090909091;0.9960899315738027";;;;baseline_min
UQWD_7;1;7;0;"0.8858695652173914;1.0;0.09090909090909091;0.9960899315738027";;;;baseline_min
WHPD_7;1;7;0;"0.5454545454545454;1.0;0.14285714285714285;0.7950303287202246";0.3751269147668817;0.3751269147668817;-0.3751269147668817;baseline_min
