Case ID;Actual;Prefix Length;Prediction;"Prediction Probability;SHAP Precision;SHAP Recall;SHAP Correlation";MAPE Correctness;RMSE Correctness;R2 Correctness;Mode
ELJ_13;1;13;1;"0.6666666666666666;1.0;0.5;0.47202185172619937";0.7049613131844475;0.7049613131844475;-0.7049613131844475;baseline_min
FJMA_13;1;13;0;"0.8918918918918919;1.0;0.14285714285714285;0.8747777410765745";;;;baseline_min
KUM_13;1;13;1;"0.6666666666666666;1.0;0.5;0.47202185172619937";0.7049613131844475;0.7049613131844475;-0.7049613131844475;baseline_min
LBNA_13;0;13;0;"0.9448818897637795;1.0;0.1111111111111111;0.991080085320923";0.4621795194573646;0.4621795194573646;-0.4621795194573646;baseline_min
NCTB_13;0;13;0;"0.993006993006993;1.0;0.1111111111111111;0.9906922629435718";0.32753821321761645;0.32753821321761645;-0.32753821321761645;baseline_min
NRHA_13;0;13;0;"0.9448818897637795;1.0;0.1111111111111111;0.991080085320923";0.4621795194573646;0.4621795194573646;-0.4621795194573646;baseline_min
SKO_13;1;13;1;"0.6666666666666666;1.0;0.5;0.47202185172619937";0.7049613131844475;0.7049613131844475;-0.7049613131844475;baseline_min
SMCA_13;0;13;0;"0.9448818897637795;1.0;0.1111111111111111;0.991080085320923";0.4621795194573646;0.4621795194573646;-0.4621795194573646;baseline_min
