Case ID;Actual;Prefix Length;Prediction;Prediction Probability;SHAP Precision;SHAP Recall;SHAP Correlation;MAPE Correctness;RMSE Correctness;R2 Correctness;Mode
AROD;1;1;1;0.5990718321226796;1.0;1.0;0.9999999999999998;0.9999999999999998;0.9999999999999998;-0.9999999999999998;baseline_mean
EHOE;1;1;1;0.5990718321226796;1.0;1.0;0.9999999999999998;0.9999999999999998;0.9999999999999998;-0.9999999999999998;baseline_mean
GQWD;1;1;1;0.5990718321226796;1.0;1.0;0.9999999999999998;0.9999999999999998;0.9999999999999998;-0.9999999999999998;baseline_mean
NCYD;0;1;1;0.5990718321226796;1.0;1.0;0.9999999999999998;0.9999999999999998;0.9999999999999998;-0.9999999999999998;baseline_mean
PLJE;1;1;1;0.5990718321226796;1.0;1.0;0.9999999999999998;0.9999999999999998;0.9999999999999998;-0.9999999999999998;baseline_mean
PNTD;0;1;0;0.9553483807654564;1.0;1.0;0.9999999999999998;;;;baseline_mean
XRSD;0;1;0;0.9553483807654564;1.0;1.0;0.9999999999999998;;;;baseline_mean
YQLD;0;1;0;0.9553483807654564;1.0;1.0;0.9999999999999998;;;;baseline_mean
