Case ID;Actual;Prefix Length;Prediction;"Prediction Probability;SHAP Precision;SHAP Recall;SHAP Correlation";MAPE Correctness;RMSE Correctness;R2 Correctness;Mode
EJSD_8;1;8;0;"0.7925170068027211;1.0;1.0;0.20516065820851973";1.0;1.0;-1.0;baseline_mean
GSTD_8;0;8;0;"1.0;1.0;0.041666666666666664;0.9887118193891102";;;;baseline_mean
HISD_8;1;8;0;"0.7925170068027211;1.0;1.0;0.20516065820851973";1.0;1.0;-1.0;baseline_mean
JEZD_8;1;8;0;"0.96;1.0;0.06666666666666667;0.7886034271982851";0.25263887881758573;0.25263887881758573;-0.25263887881758573;baseline_mean
LZOD_8;0;8;0;"1.0;1.0;0.041666666666666664;0.9887118193891102";;;;baseline_mean
MWUD_8;1;8;1;"0.8;1.0;0.5;0.2898230643815549";0.7060220408612125;0.7060220408612125;-0.7060220408612125;baseline_mean
OMND_8;0;8;0;"1.0;1.0;0.041666666666666664;0.9887118193891102";;;;baseline_mean
PEKD_8;0;8;0;"0.96;1.0;0.06666666666666667;0.7886034271982851";0.25263887881758573;0.25263887881758573;-0.25263887881758573;baseline_mean
