Case ID;Actual;Prefix Length;Prediction;Prediction Probability;SHAP Precision;SHAP Recall;SHAP Correlation;MAPE Correctness;RMSE Correctness;R2 Correctness;Mode
DI_10;0;10;0;0.9762100082034455;1.0;1.0;0.9999999999999999;0.9999999999999999;0.9999999999999999;-0.9999999999999999;baseline_min
DMBA_10;0;10;0;0.9762100082034455;1.0;1.0;0.9999999999999999;0.9999999999999999;0.9999999999999999;-0.9999999999999999;baseline_min
DQL_10;1;10;0;0.8051575931232091;1.0;1.0;0.9999999999999999;;;;baseline_min
EGT_10;0;10;0;0.9762100082034455;1.0;1.0;0.9999999999999999;0.9999999999999999;0.9999999999999999;-0.9999999999999999;baseline_min
HDKB_10;1;10;0;0.9762100082034455;1.0;1.0;0.9999999999999999;0.9999999999999999;0.9999999999999999;-0.9999999999999999;baseline_min
NEJA_10;1;10;0;0.8051575931232091;1.0;1.0;0.9999999999999999;;;;baseline_min
TOPC_10;0;10;0;0.9762100082034455;1.0;1.0;0.9999999999999999;0.9999999999999999;0.9999999999999999;-0.9999999999999999;baseline_min
VGH_10;1;10;0;0.8051575931232091;1.0;1.0;0.9999999999999999;;;;baseline_min
