Case ID;Actual;Prefix Length;Prediction;"Prediction Probability;SHAP Precision;SHAP Recall;SHAP Correlation";MAPE Correctness;RMSE Correctness;R2 Correctness;Mode
JSJD_4;0;4;0;"0.9697469746974697;1.0;0.25;0.40052535149547597";;;;baseline_min
MUZD_4;0;4;0;"0.9681274900398407;1.0;0.043478260869565216;0.9550069464377119";0.29150343532549344;0.29150343532549344;-0.29150343532549344;baseline_min
PBND_4;1;4;0;"0.9697469746974697;1.0;0.25;0.40052535149547597";;;;baseline_min
PQTD_4;0;4;0;"0.9697469746974697;1.0;0.25;0.40052535149547597";;;;baseline_min
PUME_4;1;4;0;"0.8644724104549855;1.0;0.3333333333333333;0.3468484321114118";0.5761791974990168;0.5761791974990168;-0.5761791974990168;baseline_min
QZPD_4;0;4;0;"0.9697469746974697;1.0;0.25;0.40052535149547597";;;;baseline_min
STCE_4;1;4;0;"0.9697469746974697;1.0;0.25;0.40052535149547597";;;;baseline_min
SYGE_4;1;4;0;"0.9878280113815997;1.0;0.04;0.9950874573309574";0.20000355066242628;0.20000355066242628;-0.20000355066242628;baseline_min
