Case ID;Actual;Prefix Length;Prediction;Prediction Probability;SHAP Precision;SHAP Recall;SHAP Correlation;MAPE Correctness;RMSE Correctness;R2 Correctness;Mode
DI_10;0;10;0;0.9762100082034455;1.0;1.0;0.9999999999999999;;;;baseline_mean
DMBA_10;0;10;0;0.9762100082034455;1.0;1.0;0.9999999999999999;;;;baseline_mean
DQL_10;1;10;0;0.8051575931232091;1.0;1.0;0.9999999999999999;0.9999999999999999;0.9999999999999999;-0.9999999999999999;baseline_mean
EGT_10;0;10;0;0.9762100082034455;1.0;1.0;0.9999999999999999;;;;baseline_mean
HDKB_10;1;10;0;0.9762100082034455;1.0;1.0;0.9999999999999999;;;;baseline_mean
NEJA_10;1;10;0;0.8051575931232091;1.0;1.0;0.9999999999999999;0.9999999999999999;0.9999999999999999;-0.9999999999999999;baseline_mean
TOPC_10;0;10;0;0.9762100082034455;1.0;1.0;0.9999999999999999;;;;baseline_mean
VGH_10;1;10;0;0.8051575931232091;1.0;1.0;0.9999999999999999;0.9999999999999999;0.9999999999999999;-0.9999999999999999;baseline_mean
