Case ID;Actual;Prefix Length;Prediction;Prediction Probability;SHAP Precision;SHAP Recall;SHAP Correlation;MAPE Correctness;RMSE Correctness;R2 Correctness;Mode
EJSD_9;1;9;0;0.775;1.0;0.25;0.3224772041349512;0.8656849287753791;0.8656849287753791;-0.8656849287753791;baseline_max
IULE_9;0;9;0;1.0;1.0;0.02564102564102564;0.9770165854618829;0.991831715463676;0.991831715463676;-0.9908409735839658;baseline_max
KUMD_9;0;9;0;1.0;1.0;0.02564102564102564;0.9770165854618829;0.991831715463676;0.991831715463676;-0.9908409735839658;baseline_max
LTID_9;0;9;0;1.0;1.0;0.02564102564102564;0.9770165854618829;0.991831715463676;0.991831715463676;-0.9908409735839658;baseline_max
UQWD_9;1;9;1;0.8333333333333334;1.0;0.3333333333333333;0.2792075767732193;0.8159190299848817;0.8159190299848817;-0.8159190299848817;baseline_max
WRLE_9;0;9;0;1.0;1.0;0.02564102564102564;0.9770165854618829;0.991831715463676;0.991831715463676;-0.9908409735839658;baseline_max
YJZD_9;1;9;0;0.775;1.0;0.25;0.3224772041349512;0.8656849287753791;0.8656849287753791;-0.8656849287753791;baseline_max
ZDMD_9;1;9;1;0.9629629629629629;1.0;1.0;0.16158146036923873;;;;baseline_max
