Case ID;Actual;Prefix Length;Prediction;Prediction Probability;SHAP Precision;SHAP Recall;SHAP Correlation;MAPE Correctness;RMSE Correctness;R2 Correctness;Mode
EJSD_8;1;8;0;0.7925170068027211;1.0;1.0;0.20516065820851973;;;;baseline_max
GSTD_8;0;8;0;1.0;1.0;0.041666666666666664;0.9887118193891102;0.9950911354217326;0.9950911354217326;-0.9948962276351875;baseline_max
HISD_8;1;8;0;0.7925170068027211;1.0;1.0;0.20516065820851973;;;;baseline_max
JEZD_8;1;8;0;0.96;1.0;0.06666666666666667;0.7886034271982851;0.9610689134356324;0.9610689134356324;-0.9610689134356324;baseline_max
LZOD_8;0;8;0;1.0;1.0;0.041666666666666664;0.9887118193891102;0.9950911354217326;0.9950911354217326;-0.9948962276351875;baseline_max
MWUD_8;1;8;1;0.8;1.0;0.5;0.2898230643815549;0.707261763496614;0.707261763496614;-0.707261763496614;baseline_max
OMND_8;0;8;0;1.0;1.0;0.041666666666666664;0.9887118193891102;0.9950911354217326;0.9950911354217326;-0.9948962276351875;baseline_max
PEKD_8;0;8;0;0.96;1.0;0.06666666666666667;0.7886034271982851;0.9610689134356324;0.9610689134356324;-0.9610689134356324;baseline_max
