Case ID;Actual;Prefix Length;Prediction;Prediction Probability;SHAP Precision;SHAP Recall;SHAP Correlation;MAPE Correctness;RMSE Correctness;R2 Correctness;Mode
CVFE_5;0;5;0;0.9859930563869268;0.0;0.0;0.4432006143296414;0.25452905032230566;0.25452905032230566;-0.25452905032230566;baseline_mean
IDKD_5;0;5;0;1.0;1.0;0.028169014084507043;0.9730296673658976;;;;baseline_mean
LJOE_5;1;5;0;0.9674279296143766;1.0;0.125;0.32634990065236846;0.35104319354043306;0.35104319354043306;-0.35104319354043306;baseline_mean
RDBE_5;1;5;0;0.678030303030303;1.0;1.0;0.11989934623723243;1.0;1.0;-1.0;baseline_mean
SEWD_5;0;5;0;0.9133004926108375;1.0;0.25;0.23205431054953826;0.4984794098276433;0.4984794098276433;-0.4984794098276433;baseline_mean
SLND_5;1;5;0;0.9859930563869268;1.0;0.06666666666666667;0.4426976712640165;0.25452905032230566;0.25452905032230566;-0.25452905032230566;baseline_mean
TFPD_5;1;5;0;0.678030303030303;1.0;1.0;0.11989934623723243;1.0;1.0;-1.0;baseline_mean
TYLD_5;0;5;0;0.9763313609467456;1.0;0.024390243902439025;0.7341750364012873;0.149809288525202;0.149809288525202;-0.149809288525202;baseline_mean
