Case ID;Actual;Prefix Length;Prediction;"Prediction Probability;SHAP Precision;SHAP Recall;SHAP Correlation";MAPE Correctness;RMSE Correctness;R2 Correctness;Mode
DQL_12;1;12;1;"0.5666666666666667;1.0;1.0;0.577804696862647";;;;baseline_min
JXCE_12;1;12;0;"0.990506329113924;1.0;0.3333333333333333;0.9989501312335957";0.577804696862647;0.577804696862647;-0.577804696862647;baseline_min
KUM_12;1;12;1;"0.5666666666666667;1.0;1.0;0.577804696862647";;;;baseline_min
MROA_12;0;12;0;"0.9313725490196079;1.0;0.3333333333333333;0.9979002624671914";0.8155326575636839;0.8155326575636839;-0.8155326575636839;baseline_min
PJUB_12;0;12;0;"0.9313725490196079;1.0;0.3333333333333333;0.9979002624671914";0.8155326575636839;0.8155326575636839;-0.8155326575636839;baseline_min
QXKB_12;1;12;1;"0.5666666666666667;1.0;1.0;0.577804696862647";;;;baseline_min
SMR_12;0;12;0;"0.990506329113924;1.0;0.3333333333333333;0.9989501312335957";0.577804696862647;0.577804696862647;-0.577804696862647;baseline_min
WMBE_12;0;12;0;"0.990506329113924;1.0;0.3333333333333333;0.9989501312335957";0.577804696862647;0.577804696862647;-0.577804696862647;baseline_min
