Case ID;Actual;Prefix Length;Prediction;Prediction Probability;SHAP Precision;SHAP Recall;SHAP Correlation;MAPE Correctness;RMSE Correctness;R2 Correctness;Mode
ELJ_13;1;13;1;0.6666666666666666;1.0;0.5;0.47202185172619937;0.7074133525346543;0.7074133525346543;-0.7074133525346543;baseline_max
FJMA_13;1;13;0;0.8918918918918919;1.0;0.14285714285714285;0.8747777410765745;0.9963907980091053;0.9963907980091053;-0.9963907980091053;baseline_max
KUM_13;1;13;1;0.6666666666666666;1.0;0.5;0.47202185172619937;0.7074133525346543;0.7074133525346543;-0.7074133525346543;baseline_max
LBNA_13;0;13;0;0.9448818897637795;1.0;0.1111111111111111;0.991080085320923;0.8767534387381635;0.8767534387381635;-0.8767534387381635;baseline_max
NCTB_13;0;13;0;0.993006993006993;1.0;0.1111111111111111;0.9906922629435718;0.9368458223799551;0.9368458223799551;-0.9368458223799551;baseline_max
NRHA_13;0;13;0;0.9448818897637795;1.0;0.1111111111111111;0.991080085320923;0.8767534387381635;0.8767534387381635;-0.8767534387381635;baseline_max
SKO_13;1;13;1;0.6666666666666666;1.0;0.5;0.47202185172619937;0.7074133525346543;0.7074133525346543;-0.7074133525346543;baseline_max
SMCA_13;0;13;0;0.9448818897637795;1.0;0.1111111111111111;0.991080085320923;0.8767534387381635;0.8767534387381635;-0.8767534387381635;baseline_max
