Case ID;Actual;Prefix Length;Prediction;"Prediction Probability;SHAP Precision;SHAP Recall;SHAP Correlation";MAPE Correctness;RMSE Correctness;R2 Correctness;Mode
AKME_2;1;2;1;"0.9447236180904522;1.0;1.0;0.5775175928474466";0.9999999999999998;0.9999999999999998;-0.9999999999999998;baseline_min
DVUD_2;1;2;0;"0.9559886081957703;1.0;0.3333333333333333;0.9996135265700484";0.5768483951732317;0.5768483951732317;-0.5768483951732317;baseline_min
ELIE_2;0;2;0;"0.9559886081957703;1.0;0.3333333333333333;0.9996135265700484";0.5768483951732317;0.5768483951732317;-0.5768483951732317;baseline_min
JSVD_2;1;2;0;"0.9559886081957703;1.0;0.3333333333333333;0.9996135265700484";0.5768483951732317;0.5768483951732317;-0.5768483951732317;baseline_min
KQLE_2;0;2;0;"0.9559886081957703;1.0;0.3333333333333333;0.9996135265700484";0.5768483951732317;0.5768483951732317;-0.5768483951732317;baseline_min
LLOE_2;1;2;0;"0.9559886081957703;1.0;0.3333333333333333;0.9996135265700484";0.5768483951732317;0.5768483951732317;-0.5768483951732317;baseline_min
LZDE_2;0;2;0;"0.8266190719020907;1.0;0.5;0.8161416424245158";;;;baseline_min
NHVD_2;0;2;0;"0.9559886081957703;1.0;0.3333333333333333;0.9996135265700484";0.5768483951732317;0.5768483951732317;-0.5768483951732317;baseline_min
