Case ID;Actual;Prefix Length;Prediction;"Prediction Probability;SHAP Precision;SHAP Recall;SHAP Correlation";MAPE Correctness;RMSE Correctness;R2 Correctness;Mode
DSXD_6;1;6;0;"0.7327971403038427;1.0;1.0;0.35391662158863174";1.0;1.0;-1.0;baseline_mean
EHEE_6;0;6;0;"0.9763079960513327;1.0;0.25;0.7064842670631577";0.49846068448147546;0.49846068448147546;-0.49846068448147546;baseline_mean
JXFE_6;1;6;0;"0.7327971403038427;1.0;1.0;0.35391662158863174";1.0;1.0;-1.0;baseline_mean
OAKE_6;0;6;0;"0.9947209653092006;1.0;0.2;0.7903606225993687";0.4453776045561338;0.4453776045561338;-0.4453776045561338;baseline_mean
QOID_6;0;6;0;"0.9997150455927052;1.0;0.125;0.9992657856093979";;;;baseline_mean
SCOD_6;1;6;0;"0.7327971403038427;1.0;1.0;0.35391662158863174";1.0;1.0;-1.0;baseline_mean
TCGE_6;0;6;0;"0.9997150455927052;1.0;0.125;0.9992657856093979";;;;baseline_mean
WOND_6;1;6;0;"0.9151624548736462;1.0;0.5;0.4998534800522087";0.7063813384628794;0.7063813384628794;-0.7063813384628794;baseline_mean
