Case ID;Actual;Prefix Length;Prediction;"Prediction Probability;SHAP Precision;SHAP Recall;SHAP Correlation";MAPE Correctness;RMSE Correctness;R2 Correctness;Mode
AHS_14;0;14;0;"1.0;1.0;0.16666666666666666;0.9979402677651905";0.9938208032955715;0.9951939581187779;-0.9974220116946368;permutation
BEV_14;0;14;0;"1.0;1.0;0.16666666666666666;0.9979402677651905";0.9938208032955715;0.9951939581187779;-0.9974220116946368;permutation
KUM_14;1;14;1;"0.6666666666666666;1.0;1.0;0.4092980435222854";1.0;1.0;-1.0;permutation
OLK_14;0;14;0;"0.8666666666666667;1.0;0.25;0.8139769605262404";0.9979445015416238;0.9979445015416238;-0.9979445015416238;permutation
PBE_14;1;14;0;"0.6666666666666666;1.0;0.16666666666666666;0.995880535530381";0.9938208032955715;0.9938208032955715;-0.9938208032955715;permutation
VGH_14;1;14;1;"0.6666666666666666;1.0;1.0;0.4092980435222854";1.0;1.0;-1.0;permutation
WMBE_14;0;14;0;"1.0;1.0;0.16666666666666666;0.9979402677651905";0.9938208032955715;0.9951939581187779;-0.9974220116946368;permutation
ZVMD_14;1;14;1;"1.0;1.0;0.3333333333333333;0.7033509237154738";0.995893223819302;0.995893223819302;-0.9989727783626793;permutation
