Case ID;Actual;Prefix Length;Prediction;Prediction Probability;SHAP Precision;SHAP Recall;SHAP Correlation;MAPE Correctness;RMSE Correctness;R2 Correctness;Mode
JSJD_4;0;4;0;0.9697469746974697;1.0;0.25;0.40052535149547597;1.0;0.9997100608872137;-0.9997100608872137;permutation
MUZD_4;0;4;0;0.9681274900398407;1.0;0.043478260869565216;0.9550069464377119;0.9938014172609455;0.9936493047991198;-0.9936493047991198;permutation
PBND_4;1;4;0;0.9697469746974697;1.0;0.25;0.40052535149547597;1.0;0.9997100608872137;-0.9997100608872137;permutation
PQTD_4;0;4;0;0.9697469746974697;1.0;0.25;0.40052535149547597;1.0;0.9997100608872137;-0.9997100608872137;permutation
PUME_4;1;4;0;0.8644724104549855;1.0;0.3333333333333333;0.3468484321114118;1.0;0.9996135265700484;-0.9996135265700484;permutation
QZPD_4;0;4;0;0.9697469746974697;1.0;0.25;0.40052535149547597;1.0;0.9997100608872137;-0.9997100608872137;permutation
STCE_4;1;4;0;0.9697469746974697;1.0;0.25;0.40052535149547597;1.0;0.9997100608872137;-0.9997100608872137;permutation
SYGE_4;1;4;0;0.9878280113815997;1.0;0.04;0.9950874573309574;0.9942473075041811;0.9941072825330517;-0.9941072825330517;permutation
