Case ID;Actual;Prefix Length;Prediction;Prediction Probability;SHAP Precision;SHAP Recall;SHAP Correlation;MAPE Correctness;RMSE Correctness;R2 Correctness;Mode
EJSD_8;1;8;0;0.7925170068027211;1.0;1.0;0.20516065820851973;1.0;1.0;-1.0;permutation
GSTD_8;0;8;0;1.0;1.0;0.041666666666666664;0.9887118193891102;0.9940239043824701;0.9943927991736756;-0.9948962276351875;permutation
HISD_8;1;8;0;0.7925170068027211;1.0;1.0;0.20516065820851973;1.0;1.0;-1.0;permutation
JEZD_8;1;8;0;0.96;1.0;0.06666666666666667;0.7886034271982851;0.9944738389182833;0.9948265726043504;-0.9948265726043504;permutation
LZOD_8;0;8;0;1.0;1.0;0.041666666666666664;0.9887118193891102;0.9940239043824701;0.9943927991736756;-0.9948962276351875;permutation
MWUD_8;1;8;1;0.8;1.0;0.5;0.2898230643815549;0.9991231915826393;0.9991231915826393;-0.9991231915826393;permutation
OMND_8;0;8;0;1.0;1.0;0.041666666666666664;0.9887118193891102;0.9940239043824701;0.9943927991736756;-0.9948962276351875;permutation
PEKD_8;0;8;0;0.96;1.0;0.06666666666666667;0.7886034271982851;0.9944738389182833;0.9948265726043504;-0.9948265726043504;permutation
