Case ID;Actual;Prefix Length;Prediction;"Prediction Probability;SHAP Precision;SHAP Recall;SHAP Correlation";MAPE Correctness;RMSE Correctness;R2 Correctness;Mode
ECSB_11;1;11;1;"0.9285714285714286;1.0;1.0;0.2308028755697345";1.0;1.0;-1.0;permutation
EDB_11;1;11;1;"0.9285714285714286;1.0;1.0;0.2308028755697345";1.0;1.0;-1.0;permutation
FIL_11;1;11;1;"0.5714285714285714;1.0;0.3333333333333333;0.3987858498008118";0.9982222222222223;0.9982222222222223;-0.9982222222222223;permutation
LQLD_11;0;11;0;"1.0;1.0;0.10526315789473684;0.9836856291672578";0.9908849092949813;0.9934385535597545;-0.993916807356678;permutation
LTMB_11;0;11;0;"1.0;1.0;0.10526315789473684;0.9836856291672578";0.9908849092949813;0.9934385535597545;-0.993916807356678;permutation
SKO_11;1;11;1;"0.65;1.0;0.5;0.3258611108020263";0.9986675549633576;0.9986675549633576;-0.9986675549633576;permutation
VDV_11;0;11;0;"1.0;1.0;0.10526315789473684;0.9836856291672578";0.9908849092949813;0.9934385535597545;-0.993916807356678;permutation
XGFB_11;0;11;0;"1.0;1.0;0.10526315789473684;0.9836856291672578";0.9908849092949813;0.9934385535597545;-0.993916807356678;permutation
