Case ID;Actual;Prefix Length;Prediction;Prediction Probability;SHAP Precision;SHAP Recall;SHAP Correlation;MAPE Correctness;RMSE Correctness;R2 Correctness;Mode
EJSD_9;1;9;0;0.775;1.0;0.25;0.3224772041349512;1.0;1.0;-1.0;permutation
IULE_9;0;9;0;1.0;1.0;0.02564102564102564;0.9770165854618829;0.9909936512623652;0.9917318765687286;-0.9908409735839658;permutation
KUMD_9;0;9;0;1.0;1.0;0.02564102564102564;0.9770165854618829;0.9909936512623652;0.9917318765687286;-0.9908409735839658;permutation
LTID_9;0;9;0;1.0;1.0;0.02564102564102564;0.9770165854618829;0.9909936512623652;0.9917318765687286;-0.9908409735839658;permutation
UQWD_9;1;9;1;0.8333333333333334;1.0;0.3333333333333333;0.2792075767732193;0.9987421383647799;0.9981132075471699;-0.9981132075471699;permutation
WRLE_9;0;9;0;1.0;1.0;0.02564102564102564;0.9770165854618829;0.9909936512623652;0.9917318765687286;-0.9908409735839658;permutation
YJZD_9;1;9;0;0.775;1.0;0.25;0.3224772041349512;1.0;1.0;-1.0;permutation
ZDMD_9;1;9;1;0.9629629629629629;1.0;1.0;0.16158146036923873;1.0;1.0;-1.0;permutation
