Case ID;Actual;Prefix Length;Prediction;"Prediction Probability;SHAP Precision;SHAP Recall;SHAP Correlation";MAPE Correctness;RMSE Correctness;R2 Correctness;Mode
CVFE_5;0;5;0;"0.9859930563869268;0.0;0.0;0.4432006143296414";0.9607766537621316;0.9606161967200436;-0.9606161967200436;permutation
IDKD_5;0;5;0;"1.0;1.0;0.028169014084507043;0.9730296673658976";0.9833058439810222;0.9842446488001398;-0.9817371569991964;permutation
LJOE_5;1;5;0;"0.9674279296143766;1.0;0.125;0.32634990065236846";0.9335344188419589;0.9333793724345777;-0.9333793724345777;permutation
RDBE_5;1;5;0;"0.678030303030303;1.0;1.0;0.11989934623723243";1.0;1.0;-1.0;permutation
SEWD_5;0;5;0;"0.9133004926108375;1.0;0.25;0.23205431054953826";0.8654817685445547;0.865147218189493;-0.865147218189493;permutation
SLND_5;1;5;0;"0.9859930563869268;1.0;0.06666666666666667;0.4426976712640165";0.9607766537621316;0.9606161967200436;-0.9606161967200436;permutation
TFPD_5;1;5;0;"0.678030303030303;1.0;1.0;0.11989934623723243";1.0;1.0;-1.0;permutation
TYLD_5;0;5;0;"0.9763313609467456;1.0;0.024390243902439025;0.7341750364012873";0.9785885161313908;0.9793117037190606;-0.9793117037190606;permutation
