Case ID;Actual;Prefix Length;Prediction;"Prediction Probability;SHAP Precision;SHAP Recall;SHAP Correlation";MAPE Correctness;RMSE Correctness;R2 Correctness;Mode
AKME_2;1;2;1;"0.9447236180904522;1.0;1.0;0.5775175928474466";0.9999999999999998;0.9999999999999998;-0.9999999999999998;permutation
DVUD_2;1;2;0;"0.9559886081957703;1.0;0.3333333333333333;0.9996135265700484";1.0;1.0;-1.0;permutation
ELIE_2;0;2;0;"0.9559886081957703;1.0;0.3333333333333333;0.9996135265700484";1.0;1.0;-1.0;permutation
JSVD_2;1;2;0;"0.9559886081957703;1.0;0.3333333333333333;0.9996135265700484";1.0;1.0;-1.0;permutation
KQLE_2;0;2;0;"0.9559886081957703;1.0;0.3333333333333333;0.9996135265700484";1.0;1.0;-1.0;permutation
LLOE_2;1;2;0;"0.9559886081957703;1.0;0.3333333333333333;0.9996135265700484";1.0;1.0;-1.0;permutation
LZDE_2;0;2;0;"0.8266190719020907;1.0;0.5;0.8161416424245158";1.0;1.0;-1.0;permutation
NHVD_2;0;2;0;"0.9559886081957703;1.0;0.3333333333333333;0.9996135265700484";1.0;1.0;-1.0;permutation
