Case ID;Actual;Prefix Length;Prediction;Prediction Probability;SHAP Precision;SHAP Recall;SHAP Correlation;MAPE Correctness;RMSE Correctness;R2 Correctness;Mode
DSXD_6;1;6;0;0.7327971403038427;1.0;1.0;0.35391662158863174;1.0;1.0;-1.0;permutation
EHEE_6;0;6;0;0.9763079960513327;1.0;0.25;0.7064842670631577;0.9991199765327076;0.9997066588442359;-0.9997066588442359;permutation
JXFE_6;1;6;0;0.7327971403038427;1.0;1.0;0.35391662158863174;1.0;1.0;-1.0;permutation
OAKE_6;0;6;0;0.9947209653092006;1.0;0.2;0.7903606225993687;0.9995305164319249;0.9997652582159624;-0.9994129732396975;permutation
QOID_6;0;6;0;0.9997150455927052;1.0;0.125;0.9992657856093979;0.9989720998531572;0.9992657856093979;-0.9992657856093979;permutation
SCOD_6;1;6;0;0.7327971403038427;1.0;1.0;0.35391662158863174;1.0;1.0;-1.0;permutation
TCGE_6;0;6;0;0.9997150455927052;1.0;0.125;0.9992657856093979;0.9989720998531572;0.9992657856093979;-0.9992657856093979;permutation
WOND_6;1;6;0;0.9151624548736462;1.0;0.5;0.4998534800522087;1.0;1.0;-1.0;permutation
