Case ID,Actual,Prefix Length,Prediction,Prediction Probability;SHAP Precision;SHAP Recall;SHAP Correlation;LIME Precision;LIME Recall;LIME Correlation
AHS_14,0,14,0,1.0;1.0;0.1666666666666666;0.9979402677651904;1.0;0.16666666666666666;0.14393506727930147
BEV_14,0,14,0,1.0;1.0;0.1666666666666666;0.9979402677651904;1.0;0.16666666666666666;0.15273318544322448
KUM_14,1,14,1,0.6666666666666666;1.0;1.0;0.4092980435222854;0.0;0.0;0.06343831446766779
OLK_14,0,14,0,0.8666666666666667;1.0;0.25;0.8139769605262404;1.0;0.25;0.12680952882760577
PBE_14,1,14,0,0.6666666666666666;1.0;0.1666666666666666;0.995880535530381;1.0;0.16666666666666666;0.1492997734768155
VGH_14,1,14,1,0.6666666666666666;1.0;1.0;0.4092980435222854;0.0;0.0;0.06343831446766779
WMBE_14,0,14,0,1.0;1.0;0.1666666666666666;0.9979402677651904;1.0;0.16666666666666666;0.15444989142642898
ZVMD_14,1,14,1,1.0;1.0;0.3333333333333333;0.7033509237154738;1.0;0.3333333333333333;0.1099153859627579
