Case ID,Actual,Prefix Length,Prediction,Prediction Probability;SHAP Precision;SHAP Recall;SHAP Correlation
ELJ_13,1,13,1,0.6666666666666666;1.0;0.5;0.47202185172619937
FJMA_13,1,13,0,0.8918918918918919;1.0;0.14285714285714285;0.8747777410765745
KUM_13,1,13,1,0.6666666666666666;1.0;0.5;0.47202185172619937
LBNA_13,0,13,0,0.9448818897637795;1.0;0.1111111111111111;0.991080085320923
NCTB_13,0,13,0,0.993006993006993;1.0;0.1111111111111111;0.9906922629435718
NRHA_13,0,13,0,0.9448818897637795;1.0;0.1111111111111111;0.991080085320923
SKO_13,1,13,1,0.6666666666666666;1.0;0.5;0.47202185172619937
SMCA_13,0,13,0,0.9448818897637795;1.0;0.1111111111111111;0.991080085320923
