Case ID,Actual,Prefix Length,Prediction,Prediction Probability;SHAP Precision;SHAP Recall;SHAP Correlation;LIME Precision;LIME Recall;LIME Correlation
EJSD_8,1,8,0,0.7925170068027211;1.0;1.0;0.20516065820851973;0.0;0.0;0.041042680849587565
GSTD_8,0,8,0,1.0;1.0;0.04166666666666666;0.9887118193891102;1.0;0.041666666666666664;0.18476596271606444
HISD_8,1,8,0,0.7925170068027211;1.0;1.0;0.20516065820851973;0.0;0.0;0.041042680849587565
JEZD_8,1,8,0,0.96;1.0;0.06666666666666668;0.7886034271982851;1.0;0.06666666666666667;0.1438209570988248
LZOD_8,0,8,0,1.0;1.0;0.04166666666666666;0.9887118193891102;1.0;0.041666666666666664;0.1846907138919559
MWUD_8,1,8,1,0.8;1.0;0.5;0.2898230643815549;0.0;0.0;0.058393069973663364
OMND_8,0,8,0,1.0;1.0;0.04166666666666666;0.9887118193891102;1.0;0.041666666666666664;0.18441981812516525
PEKD_8,0,8,0,0.96;1.0;0.06666666666666668;0.7886034271982851;1.0;0.06666666666666667;0.13823530830264852
