Case ID,Actual,Prefix Length,Prediction,Prediction Probability;SHAP Precision;SHAP Recall;SHAP Correlation;LIME Precision;LIME Recall;LIME Correlation
DI_10,0,10,0,0.9762100082034455;1.0;1.0;1.0;1.0;1.0;0.04547940549946976
DMBA_10,0,10,0,0.9762100082034455;1.0;1.0;1.0;1.0;1.0;0.04547940549946976
DQL_10,1,10,0,0.8051575931232091;1.0;1.0;1.0;1.0;1.0;0.04547940549946976
EGT_10,0,10,0,0.9762100082034455;1.0;1.0;1.0;1.0;1.0;0.04547940549946976
HDKB_10,1,10,0,0.9762100082034455;1.0;1.0;1.0;1.0;1.0;0.04547940549946976
NEJA_10,1,10,0,0.8051575931232091;1.0;1.0;1.0;1.0;1.0;0.04547940549946976
TOPC_10,0,10,0,0.9762100082034455;1.0;1.0;1.0;1.0;1.0;0.04547940549946976
VGH_10,1,10,0,0.8051575931232091;1.0;1.0;1.0;1.0;1.0;0.04547940549946976
