Case ID,Actual,Prefix Length,Prediction,Prediction Probability
ECSB_11,1,11,1,0.9285714285714286
EDB_11,1,11,1,0.9285714285714286
FIL_11,1,11,1,0.5714285714285714
LQLD_11,0,11,0,1.0
LTMB_11,0,11,0,1.0
SKO_11,1,11,1,0.65
VDV_11,0,11,0,1.0
XGFB_11,0,11,0,1.0
