Case ID,Actual,Prefix Length,Prediction,Prediction Probability;SHAP Precision;SHAP Recall;SHAP Correlation;LIME Precision;LIME Recall;LIME Correlation
CVFE_5,0,5,0,0.9859930563869268;0.0;0.0;0.4432006143296414;1.0;0.06666666666666667;0.07020040091012779
IDKD_5,0,5,0,1.0;1.0;0.028169014084507043;0.9730296673658976;1.0;0.014084507042253521;0.18095692779918404
LJOE_5,1,5,0,0.9674279296143766;1.0;0.125;0.3263499006523685;1.0;0.125;0.07113096887519672
RDBE_5,1,5,0,0.678030303030303;1.0;1.0;0.11989934623723245;1.0;1.0;0.03406956543860893
SEWD_5,0,5,0,0.9133004926108375;1.0;0.25;0.23205431054953826;1.0;0.25;0.03676849031290387
SLND_5,1,5,0,0.9859930563869268;1.0;0.06666666666666668;0.4426976712640165;1.0;0.06666666666666667;0.07505940786566376
TFPD_5,1,5,0,0.678030303030303;1.0;1.0;0.11989934623723245;1.0;1.0;0.03406956543860893
TYLD_5,0,5,0,0.9763313609467456;1.0;0.024390243902439025;0.7341750364012873;1.0;0.024390243902439025;0.16318034577909044
