Case ID,Actual,Prefix Length,Prediction,Prediction Probability
AKME_2,1,2,1,0.9447236180904522
DVUD_2,1,2,0,0.9559886081957703
ELIE_2,0,2,0,0.9559886081957703
JSVD_2,1,2,0,0.9559886081957703
KQLE_2,0,2,0,0.9559886081957703
LLOE_2,1,2,0,0.9559886081957703
LZDE_2,0,2,0,0.8266190719020907
NHVD_2,0,2,0,0.9559886081957703
