Case ID,Actual,Prefix Length,Prediction,Prediction Probability;SHAP Precision;SHAP Recall;SHAP Correlation;LIME Precision;LIME Recall;LIME Correlation
ECSB_11,1,11,1,0.9285714285714286;1.0;1.0;0.2308028755697345;1.0;1.0;0.05157197550018112
EDB_11,1,11,1,0.9285714285714286;1.0;1.0;0.2308028755697345;1.0;1.0;0.05157197550018112
FIL_11,1,11,1,0.5714285714285714;1.0;0.3333333333333333;0.3987858498008118;1.0;0.3333333333333333;0.08831362267073532
LQLD_11,0,11,0,1.0;1.0;0.10526315789473684;0.9836856291672578;1.0;0.05263157894736842;0.1986890940372361
LTMB_11,0,11,0,1.0;1.0;0.10526315789473684;0.9836856291672578;1.0;0.05263157894736842;0.19916457846776559
SKO_11,1,11,1,0.65;1.0;0.5;0.3258611108020263;1.0;0.5;0.07252091262945771
VDV_11,0,11,0,1.0;1.0;0.10526315789473684;0.9836856291672578;1.0;0.05263157894736842;0.1868336822360354
XGFB_11,0,11,0,1.0;1.0;0.10526315789473684;0.9836856291672578;1.0;0.05263157894736842;0.19865739507520083
