Case ID,Actual,Prefix Length,Prediction,Prediction Probability;SHAP Precision;SHAP Recall;SHAP Correlation;LIME Precision;LIME Recall;LIME Correlation
EJSD_9,1,9,0,0.775;1.0;0.25;0.3224772041349512;1.0;0.25;0.08484889321385647
IULE_9,0,9,0,1.0;1.0;0.02564102564102564;0.9770165854618827;1.0;0.02564102564102564;0.2076261664579945
KUMD_9,0,9,0,1.0;1.0;0.02564102564102564;0.9770165854618827;1.0;0.02564102564102564;0.2141954435607207
LTID_9,0,9,0,1.0;1.0;0.02564102564102564;0.9770165854618827;1.0;0.02564102564102564;0.21181622851345566
UQWD_9,1,9,1,0.8333333333333334;1.0;0.3333333333333333;0.2792075767732193;1.0;0.3333333333333333;0.07432630076043627
WRLE_9,0,9,0,1.0;1.0;0.02564102564102564;0.9770165854618827;1.0;0.02564102564102564;0.21435405789720505
YJZD_9,1,9,0,0.775;1.0;0.25;0.3224772041349512;1.0;0.25;0.08484889321385647
ZDMD_9,1,9,1,0.9629629629629629;1.0;1.0;0.16158146036923873;1.0;1.0;0.043396534743041046
