Case ID,Actual,Prefix Length,Prediction,Prediction Probability
CVFE_5,0,5,0,0.9859930563869268
IDKD_5,0,5,0,1.0
LJOE_5,1,5,0,0.9674279296143766
RDBE_5,1,5,0,0.678030303030303
SEWD_5,0,5,0,0.9133004926108375
SLND_5,1,5,0,0.9859930563869268
TFPD_5,1,5,0,0.678030303030303
TYLD_5,0,5,0,0.9763313609467456
