Case ID,Actual,Prefix Length,Prediction,Prediction Probability
AROD,1,1,1,0.5990718321226796
EHOE,1,1,1,0.5990718321226796
GQWD,1,1,1,0.5990718321226796
NCYD,0,1,1,0.5990718321226796
PLJE,1,1,1,0.5990718321226796
PNTD,0,1,0,0.9553483807654564
XRSD,0,1,0,0.9553483807654564
YQLD,0,1,0,0.9553483807654564
