Case ID,Actual,Prefix Length,Prediction,Prediction Probability;SHAP Precision;SHAP Recall;SHAP Correlation;LIME Precision;LIME Recall;LIME Correlation
DSXD_6,1,6,0,0.7327971403038427;1.0;1.0;0.3539166215886317;1.0;1.0;0.03427755169417493
EHEE_6,0,6,0,0.9763079960513327;1.0;0.25;0.7064842670631577;1.0;0.25;0.06002215467431198
JXFE_6,1,6,0,0.7327971403038427;1.0;1.0;0.3539166215886317;1.0;1.0;0.03427648940518248
OAKE_6,0,6,0,0.9947209653092006;1.0;0.2;0.7903606225993687;1.0;0.2;0.05457442576681748
QOID_6,0,6,0,0.9997150455927052;1.0;0.125;0.999265785609398;1.0;0.125;0.02963871956434517
SCOD_6,1,6,0,0.7327971403038427;1.0;1.0;0.3539166215886317;1.0;1.0;0.03427755169417493
TCGE_6,0,6,0,0.9997150455927052;1.0;0.125;0.999265785609398;1.0;0.125;0.01999618028189506
WOND_6,1,6,0,0.9151624548736462;1.0;0.5;0.4998534800522087;0.5;0.5;0.04306905648068034
