Case ID,Actual,Prefix Length,Prediction,Prediction Probability
DQL_12,1,12,1,0.5666666666666667
JXCE_12,1,12,0,0.990506329113924
KUM_12,1,12,1,0.5666666666666667
MROA_12,0,12,0,0.9313725490196079
PJUB_12,0,12,0,0.9313725490196079
QXKB_12,1,12,1,0.5666666666666667
SMR_12,0,12,0,0.990506329113924
WMBE_12,0,12,0,0.990506329113924
