Case ID,Actual,Prefix Length,Prediction,Prediction Probability;SHAP Precision;SHAP Recall;SHAP Correlation;LIME Precision;LIME Recall;LIME Correlation
AKME_2,1,2,1,0.9447236180904522;1.0;1.0;0.5775175928474466;1.0;1.0;0.034091851555188415
DVUD_2,1,2,0,0.9559886081957703;1.0;0.3333333333333333;0.9996135265700484;1.0;0.3333333333333333;0.058894825729316605
ELIE_2,0,2,0,0.9559886081957703;1.0;0.3333333333333333;0.9996135265700484;1.0;0.3333333333333333;0.05891763991708701
JSVD_2,1,2,0,0.9559886081957703;1.0;0.3333333333333333;0.9996135265700484;1.0;0.3333333333333333;0.05891763991708701
KQLE_2,0,2,0,0.9559886081957703;1.0;0.3333333333333333;0.9996135265700484;1.0;0.3333333333333333;0.058894825729316605
LLOE_2,1,2,0,0.9559886081957703;1.0;0.3333333333333333;0.9996135265700484;1.0;0.3333333333333333;0.05891763991708701
LZDE_2,0,2,0,0.8266190719020907;1.0;0.5;0.8161416424245158;1.0;0.5;0.04820617496394075
NHVD_2,0,2,0,0.9559886081957703;1.0;0.3333333333333333;0.9996135265700484;1.0;0.3333333333333333;0.05889484555863338
