Case ID,Actual,Prefix Length,Prediction,Prediction Probability;SHAP Precision;SHAP Recall;SHAP Correlation;LIME Precision;LIME Recall;LIME Correlation
ELJ_13,1,13,1,0.6666666666666666;1.0;0.5;0.4720218517261993;0.0;0.0;0.08243426523424821
FJMA_13,1,13,0,0.8918918918918919;1.0;0.1428571428571428;0.8747777410765745;1.0;0.14285714285714285;0.1344468007203474
KUM_13,1,13,1,0.6666666666666666;1.0;0.5;0.4720218517261993;0.0;0.0;0.08243426523424821
LBNA_13,0,13,0,0.9448818897637795;1.0;0.1111111111111111;0.991080085320923;1.0;0.1111111111111111;0.1492636905739339
NCTB_13,0,13,0,0.993006993006993;1.0;0.1111111111111111;0.9906922629435718;1.0;0.1111111111111111;0.14094284513184116
NRHA_13,0,13,0,0.9448818897637795;1.0;0.1111111111111111;0.991080085320923;1.0;0.1111111111111111;0.13480451652701866
SKO_13,1,13,1,0.6666666666666666;1.0;0.5;0.4720218517261993;0.0;0.0;0.08243426523424821
SMCA_13,0,13,0,0.9448818897637795;1.0;0.1111111111111111;0.991080085320923;1.0;0.1111111111111111;0.14101104878300585
