Case ID,Actual,Prefix Length,Prediction,Prediction Probability;SHAP Precision;SHAP Recall;SHAP Correlation;LIME Precision;LIME Recall;LIME Correlation
BRHE_3,0,3,0,1.0;1.0;0.03125;0.7111920144312989;1.0;0.03125;0.10200067607650118
EGAE_3,0,3,0,1.0;1.0;0.03125;0.7111920144312989;1.0;0.03125;0.09925632670283205
ETEE_3,1,3,1,0.9219391947411668;1.0;1.0;0.128143366723675;1.0;1.0;0.034194305801025934
LUDE_3,0,3,0,1.0;1.0;0.03125;0.7111920144312989;1.0;0.03125;0.10458234494606106
NMND_3,1,3,1,0.9219391947411668;1.0;1.0;0.128143366723675;1.0;1.0;0.034194305801025934
SECE_3,1,3,0,0.9700996677740864;1.0;0.125;0.3611765208279784;1.0;0.125;0.08398700420656083
VYTD_3,0,3,0,1.0;1.0;0.03125;0.7111920144312989;1.0;0.03125;0.10357398466221199
YPNE_3,1,3,0,0.8455538221528861;1.0;0.25;0.25587610178800435;1.0;0.25;0.06098690753162632
