Case ID,Actual,Prefix Length,Prediction,Prediction Probability;SHAP Precision;SHAP Recall;SHAP Correlation;LIME Precision;LIME Recall;LIME Correlation
ASKE_7,1,7,0,0.8858695652173914;1.0;0.09090909090909093;0.9960899315738028;1.0;0.09090909090909091;0.12218765371651776
CCXD_7,0,7,0,0.8858695652173914;1.0;0.09090909090909093;0.9960899315738028;1.0;0.09090909090909091;0.12186158085317392
CDPD_7,1,7,0,0.8858695652173914;1.0;0.09090909090909093;0.9960899315738028;1.0;0.09090909090909091;0.11160658930101038
FGLE_7,0,7,0,0.8858695652173914;1.0;0.09090909090909093;0.9960899315738028;1.0;0.09090909090909091;0.12204092092801302
QXAE_7,0,7,0,0.9825540823447313;1.0;0.09090909090909093;0.9960899315738028;1.0;0.09090909090909091;0.12200831364167865
QXSD_7,0,7,0,0.8858695652173914;1.0;0.09090909090909093;0.9960899315738028;1.0;0.09090909090909091;0.12194309906900988
UQWD_7,1,7,0,0.8858695652173914;1.0;0.09090909090909093;0.9960899315738028;1.0;0.09090909090909091;0.12197570635534426
WHPD_7,1,7,0,0.5454545454545454;1.0;0.14285714285714285;0.7950303287202246;0.0;0.0;0.09520210987971384
