Case ID,Actual,Prefix Length,Prediction,Prediction Probability
ELJ_13,1,13,1,0.6666666666666666
FJMA_13,1,13,0,0.8918918918918919
KUM_13,1,13,1,0.6666666666666666
LBNA_13,0,13,0,0.9448818897637795
NCTB_13,0,13,0,0.993006993006993
NRHA_13,0,13,0,0.9448818897637795
SKO_13,1,13,1,0.6666666666666666
SMCA_13,0,13,0,0.9448818897637795
