Case ID,Actual,Prefix Length,Prediction,Prediction Probability;SHAP Precision;SHAP Recall;SHAP Correlation
AKME_2,1,2,1,0.9447236180904522;1.0;1.0;0.5775175928474466
DVUD_2,1,2,0,0.9559886081957703;1.0;0.3333333333333333;0.9996135265700484
ELIE_2,0,2,0,0.9559886081957703;1.0;0.3333333333333333;0.9996135265700484
JSVD_2,1,2,0,0.9559886081957703;1.0;0.3333333333333333;0.9996135265700484
KQLE_2,0,2,0,0.9559886081957703;1.0;0.3333333333333333;0.9996135265700484
LLOE_2,1,2,0,0.9559886081957703;1.0;0.3333333333333333;0.9996135265700484
LZDE_2,0,2,0,0.8266190719020907;1.0;0.5;0.8161416424245158
NHVD_2,0,2,0,0.9559886081957703;1.0;0.3333333333333333;0.9996135265700484
