Case ID,Actual,Prefix Length,Prediction,Prediction Probability;SHAP Precision;SHAP Recall;SHAP Correlation
ASKE_7,1,7,0,0.8858695652173914;1.0;0.09090909090909091;0.9960899315738027
CCXD_7,0,7,0,0.8858695652173914;1.0;0.09090909090909091;0.9960899315738027
CDPD_7,1,7,0,0.8858695652173914;1.0;0.09090909090909091;0.9960899315738027
FGLE_7,0,7,0,0.8858695652173914;1.0;0.09090909090909091;0.9960899315738027
QXAE_7,0,7,0,0.9825540823447313;1.0;0.09090909090909091;0.9960899315738027
QXSD_7,0,7,0,0.8858695652173914;1.0;0.09090909090909091;0.9960899315738027
UQWD_7,1,7,0,0.8858695652173914;1.0;0.09090909090909091;0.9960899315738027
WHPD_7,1,7,0,0.5454545454545454;1.0;0.14285714285714285;0.7950303287202246
