Case ID,Actual,Prefix Length,Prediction,Prediction Probability
DSXD_6,1,6,0,0.7327971403038427
EHEE_6,0,6,0,0.9763079960513327
JXFE_6,1,6,0,0.7327971403038427
OAKE_6,0,6,0,0.9947209653092006
QOID_6,0,6,0,0.9997150455927052
SCOD_6,1,6,0,0.7327971403038427
TCGE_6,0,6,0,0.9997150455927052
WOND_6,1,6,0,0.9151624548736462
