Case ID,Actual,Prefix Length,Prediction,Prediction Probability
ASKE_7,1,7,0,0.8858695652173914
CCXD_7,0,7,0,0.8858695652173914
CDPD_7,1,7,0,0.8858695652173914
FGLE_7,0,7,0,0.8858695652173914
QXAE_7,0,7,0,0.9825540823447313
QXSD_7,0,7,0,0.8858695652173914
UQWD_7,1,7,0,0.8858695652173914
WHPD_7,1,7,0,0.5454545454545454
