Case ID,Actual,Prefix Length,Prediction,Prediction Probability;SHAP Precision;SHAP Recall;SHAP Correlation
AROD,1,1,1,0.5990718321226796;1.0;1.0;0.9999999999999998
EHOE,1,1,1,0.5990718321226796;1.0;1.0;0.9999999999999998
GQWD,1,1,1,0.5990718321226796;1.0;1.0;0.9999999999999998
NCYD,0,1,1,0.5990718321226796;1.0;1.0;0.9999999999999998
PLJE,1,1,1,0.5990718321226796;1.0;1.0;0.9999999999999998
PNTD,0,1,0,0.9553483807654564;1.0;1.0;0.9999999999999998
XRSD,0,1,0,0.9553483807654564;1.0;1.0;0.9999999999999998
YQLD,0,1,0,0.9553483807654564;1.0;1.0;0.9999999999999998
