Case ID,Actual,Prefix Length,Prediction,Prediction Probability;SHAP Precision;SHAP Recall;SHAP Correlation
BRHE_3,0,3,0,1.0;1.0;0.03125;0.7111920144312989
EGAE_3,0,3,0,1.0;1.0;0.03125;0.7111920144312989
ETEE_3,1,3,1,0.9219391947411668;1.0;1.0;0.128143366723675
LUDE_3,0,3,0,1.0;1.0;0.03125;0.7111920144312989
NMND_3,1,3,1,0.9219391947411668;1.0;1.0;0.128143366723675
SECE_3,1,3,0,0.9700996677740864;1.0;0.125;0.36117652082797835
VYTD_3,0,3,0,1.0;1.0;0.03125;0.7111920144312989
YPNE_3,1,3,0,0.8455538221528861;1.0;0.25;0.25587610178800435
