"Case ID;Actual;Prefix Length;Prediction;Prediction Probability;SHAP Subset Stability;SHAP Weight Stability;SHAP Adjusted Weight Stability;LIME Subset Stability;LIME Weight Stability;LIME Adjusted Weight Stability;ACV Subset Stability;ACV Weight Stability;ACV Adjusted Weight Stability;LINDA Subset Stability;LINDA Weight Stability;LINDA Adjusted Weight Stability";MAPE Correctness;RMSE Correctness;R2 Correctness;Mode
"Case100_5;0;5;0;1.0;1.0;0.7807033445628238;0.7807033445628238;;1.0;1.0;;1.0;1.0;1.0;1.0;1.0";0.3621389781610763;0.3621389781610763;-0.3600454025974259;baseline_max
"Case110_5;1;5;1;1.0;1.0;0.9849338864934644;0.9849338864934644;;1.0;1.0;;1.0;1.0;;1.0;1.0";0.4126586546550629;0.4126586546550629;-0.3849612648090698;baseline_max
"Case211_5;0;5;0;1.0;1.0;0.98412598028338;0.98412598028338;;1.0;1.0;;1.0;1.0;;1.0;1.0";;;;baseline_max
"Case240_5;1;5;1;1.0;1.0;0.9958584726835832;0.9958584726835832;;1.0;1.0;;1.0;1.0;;1.0;1.0";0.4209722273057017;0.4209722273057017;-0.420060745723897;baseline_max
"Case33_5;1;5;1;1.0;1.0;0.917335972815038;0.917335972815038;;1.0;1.0;;1.0;1.0;;1.0;1.0";0.4252189674290675;0.4252189674290675;-0.4243135387890512;baseline_max
"Case58_5;0;5;0;1.0;1.0;0.9929558171316528;0.9929558171316528;;1.0;1.0;;1.0;1.0;;1.0;1.0";0.3541810479055608;0.3541810479055608;-0.3541810479055608;baseline_max
"Case70_5;1;5;1;1.0;1.0;0.9916317899330296;0.9916317899330296;;1.0;1.0;;1.0;1.0;;1.0;1.0";;;;baseline_max
"Case96_5;0;5;0;1.0;1.0;0.8685696921604776;0.8685696921604776;;1.0;1.0;;1.0;1.0;;1.0;1.0";;;;baseline_max
