"Case ID;Actual;Prefix Length;Prediction;Prediction Probability;SHAP Subset Stability;SHAP Weight Stability;SHAP Adjusted Weight Stability;LIME Subset Stability;LIME Weight Stability;LIME Adjusted Weight Stability;ACV Subset Stability;ACV Weight Stability;ACV Adjusted Weight Stability;LINDA Subset Stability;LINDA Weight Stability;LINDA Adjusted Weight Stability";MAPE Correctness;RMSE Correctness;R2 Correctness;Mode
"Case111_4;1;4;1;1.0;1.0;0.7369515094504313;0.7369515094504313;;1.0;1.0;;1.0;1.0;1.0;1.0;1.0";0.4153928934461681;0.4153928934461681;-0.4153928934461681;baseline_mean
"Case188_4;1;4;1;1.0;1.0;0.8122019146796824;0.8122019146796824;;1.0;1.0;;1.0;1.0;;1.0;1.0";;;;baseline_mean
"Case190_4;0;4;0;1.0;1.0;0.985279199264123;0.985279199264123;;1.0;1.0;;1.0;1.0;;1.0;1.0";;;;baseline_mean
"Case210_4;0;4;1;1.0;0.8327447518147929;0.7908463841945221;0.7908463841945221;;1.0;1.0;;1.0;1.0;1.0;1.0;1.0";0.44882727723620225;0.44882727723620225;-0.4514247772295718;baseline_mean
"Case225_4;1;4;1;1.0;1.0;0.827280777951652;0.827280777951652;;1.0;1.0;;1.0;1.0;;1.0;1.0";;;;baseline_mean
"Case236_4;0;4;0;1.0;1.0;0.4719335546640932;0.4719335546640932;;1.0;1.0;;1.0;1.0;1.0;1.0;1.0";0.3810169485876426;0.3810169485876426;-0.3810169485876426;baseline_mean
"Case242_4;1;4;1;1.0;1.0;0.8457261777027998;0.8457261777027998;;1.0;1.0;;1.0;1.0;1.0;1.0;1.0";0.4433541887637398;0.4433541887637398;-0.4433541887637398;baseline_mean
"Case72_4;0;4;0;1.0;1.0;0.8848895120131;0.8848895120131;;1.0;1.0;;1.0;1.0;;1.0;1.0";;;;baseline_mean
