Case ID;Actual;Prefix Length;Prediction;Prediction Probability;SHAP Subset Stability;SHAP Weight Stability;SHAP Adjusted Weight Stability;LIME Subset Stability;LIME Weight Stability;LIME Adjusted Weight Stability;ACV Subset Stability;ACV Weight Stability;ACV Adjusted Weight Stability;MAPE Correctness;RMSE Correctness;R2 Correctness;Mode
Case210_9;0;9;0;1.0;1.0;0.9998861650776236;0.9998861650776236;;1.0;1.0;;1.0;1.0;0.44833121651069713;0.44833121651069713;-0.44833121651069713;baseline_max
Case211_9;0;9;0;1.0;1.0;0.9979079069479014;0.9979079069479014;;1.0;1.0;;1.0;1.0;;;;baseline_max
Case249_9;1;9;0;1.0;1.0;0.999916959732832;0.999916959732832;;1.0;1.0;;1.0;1.0;0.4550303982600314;0.4550303982600314;-0.4550303982600314;baseline_max
Case250_9;0;9;0;1.0;1.0;0.9692701473620036;0.9692701473620036;;1.0;1.0;;1.0;1.0;;;;baseline_max
Case274_9;0;9;0;1.0;1.0;0.9997644199705178;0.9997644199705178;;1.0;1.0;;1.0;1.0;;;;baseline_max
Case37_9;1;9;1;1.0;1.0;0.9998518888343058;0.9998518888343058;;1.0;1.0;;1.0;1.0;;;;baseline_max
Case6_9;1;9;1;1.0;1.0;0.999861251209628;0.999861251209628;;1.0;1.0;;1.0;1.0;0.39577902538918613;0.39577902538918613;-0.39577902538918613;baseline_max
Case73_9;1;9;1;1.0;1.0;0.9997427277177359;0.9997427277177359;;1.0;1.0;;1.0;1.0;;;;baseline_max
