"Case ID;Actual;Prefix Length;Prediction;Prediction Probability;SHAP Subset Stability;SHAP Weight Stability;SHAP Adjusted Weight Stability;LIME Subset Stability;LIME Weight Stability;LIME Adjusted Weight Stability;ACV Subset Stability;ACV Weight Stability;ACV Adjusted Weight Stability";MAPE Correctness;RMSE Correctness;R2 Correctness;Mode
"Case12_6;0;6;0;1.0;1.0;0.7574921195863435;0.7574921195863435;;1.0;1.0;;1.0;1.0";;;;baseline_max
"Case18_6;1;6;1;1.0;1.0;0.976950502998956;0.976950502998956;;1.0;1.0;;1.0;1.0";0.3805750345251185;0.3805750345251185;-0.37982614018550154;baseline_max
"Case207_6;1;6;1;1.0;1.0;0.8981892972805768;0.8981892972805768;;1.0;1.0;;1.0;1.0";0.40534809470058286;0.40534809470058286;-0.3920077873085713;baseline_max
"Case208_6;1;6;1;1.0;1.0;0.7616172006172387;0.7616172006172387;;1.0;1.0;;1.0;1.0";0.3806544857155731;0.3806544857155731;-0.3806544857155731;baseline_max
"Case254_6;0;6;0;1.0;1.0;0.9982202521736356;0.9982202521736356;;1.0;1.0;;1.0;1.0";;;;baseline_max
"Case268_6;1;6;1;1.0;1.0;0.9476495809006862;0.9476495809006862;;1.0;1.0;;1.0;1.0";0.39984176461289284;0.39984176461289284;-0.39984176461289284;baseline_max
"Case56_6;0;6;0;1.0;1.0;0.9974211279507004;0.9974211279507004;;1.0;1.0;;1.0;1.0";;;;baseline_max
"Case62_6;0;6;0;1.0;1.0;0.997550457626562;0.997550457626562;;1.0;1.0;;1.0;1.0";;;;baseline_max
