Case ID;Actual;Prefix Length;Prediction;Prediction Probability;SHAP Subset Stability;SHAP Weight Stability;SHAP Adjusted Weight Stability;LIME Subset Stability;LIME Weight Stability;LIME Adjusted Weight Stability;ACV Subset Stability;ACV Weight Stability;ACV Adjusted Weight Stability;LINDA Subset Stability;LINDA Weight Stability;LINDA Adjusted Weight Stability;MAPE Correctness;RMSE Correctness;R2 Correctness;Mode
Case100_5;0;5;0;1.0;1.0;0.7807033445628238;0.7807033445628238;;1.0;1.0;;1.0;1.0;1.0;1.0;1.0;0.355302157433833;0.3547719165835701;-0.36161771139431975;permutation
Case110_5;1;5;1;1.0;1.0;0.9849338864934644;0.9849338864934644;;1.0;1.0;;1.0;1.0;;1.0;1.0;0.41366051066632187;0.41423777011167195;-0.39830063366737867;permutation
Case211_5;0;5;0;1.0;1.0;0.98412598028338;0.98412598028338;;1.0;1.0;;1.0;1.0;;1.0;1.0;;;;permutation
Case240_5;1;5;1;1.0;1.0;0.9958584726835832;0.9958584726835832;;1.0;1.0;;1.0;1.0;;1.0;1.0;0.4104704948857055;0.4097079322984475;-0.420060745723897;permutation
Case33_5;1;5;1;1.0;1.0;0.917335972815038;0.917335972815038;;1.0;1.0;;1.0;1.0;;1.0;1.0;0.4154757416013685;0.4156875245260302;-0.4243135387890512;permutation
Case58_5;0;5;0;1.0;1.0;0.9929558171316528;0.9929558171316528;;1.0;1.0;;1.0;1.0;;1.0;1.0;0.3415567202135495;0.3416392866534391;-0.3556216558313455;permutation
Case70_5;1;5;1;1.0;1.0;0.9916317899330296;0.9916317899330296;;1.0;1.0;;1.0;1.0;;1.0;1.0;;;;permutation
Case96_5;0;5;0;1.0;1.0;0.8685696921604776;0.8685696921604776;;1.0;1.0;;1.0;1.0;;1.0;1.0;;;;permutation
