Case ID;Actual;Prefix Length;Prediction;Prediction Probability;SHAP Subset Stability;SHAP Weight Stability;SHAP Adjusted Weight Stability;LIME Subset Stability;LIME Weight Stability;LIME Adjusted Weight Stability;ACV Subset Stability;ACV Weight Stability;ACV Adjusted Weight Stability;LINDA Subset Stability;LINDA Weight Stability;LINDA Adjusted Weight Stability;MAPE Correctness;RMSE Correctness;R2 Correctness;Mode
Case118_3;1;3;1;1.0;1.0;0.9634820732267779;0.9634820732267779;0.9342040170179085;0.9844648606476616;0.9844648606476616;;1.0;1.0;1.0;1.0;1.0;0.3983168468036097;0.39902670084113;-0.39529499635051224;permutation
Case125_3;0;3;1;1.0;0.5814451158106748;0.7826602069395782;0.7826602069395782;0.9160441263539164;0.9786375569593186;0.9786375569593186;;1.0;1.0;1.0;1.0;1.0;0.4025316051513868;0.40324145918890714;-0.3990044537272374;permutation
Case127_3;1;3;1;1.0;0.5984905660377359;0.8985974339834716;0.8985974339834716;0.9427861017547032;0.982624386757396;0.982624386757396;;1.0;1.0;1.0;1.0;1.0;0.4093093698704288;0.40911595729163597;-0.4269497053850336;permutation
Case248_3;1;3;1;1.0;0.8325780463242698;0.8287979356737555;0.8287979356737555;0.960869364200722;0.9551831084546896;0.9551831084546896;;1.0;1.0;1.0;1.0;1.0;0.40858041173057924;0.4088814656996795;-0.4300114059920641;permutation
Case34_3;0;3;1;1.0;0.5814451158106748;0.9170770641513312;0.9170770641513312;0.900365312498623;0.9758599803264169;0.9758599803264169;;1.0;1.0;1.0;1.0;1.0;0.4040441929632743;0.4038415883786118;-0.4203327844513761;permutation
Case87_3;1;3;1;1.0;0.3303121852970795;0.8930162679770811;0.8930162679770811;0.9109672459662096;0.9701099195942472;0.9701099195942472;;1.0;1.0;;1.0;1.0;;;;permutation
Case90_3;0;3;0;1.0;0.7845804988662132;0.9297317483268046;0.9297317483268046;0.9487093788564376;0.9726888901559;0.9726888901559;;1.0;1.0;;1.0;1.0;0.35998599937682163;0.3600212490336837;-0.38414839404270934;permutation
Case99_3;0;3;1;1.0;0.7845804988662132;0.9312209750994676;0.9312209750994676;0.8617869648706653;0.9392748505962234;0.9392748505962234;;1.0;1.0;;1.0;1.0;0.3068017576745681;0.3068017576745681;-0.3068523902415527;permutation
