"Case ID;Actual;Prefix Length;Prediction;Prediction Probability;SHAP Subset Stability;SHAP Weight Stability;SHAP Adjusted Weight Stability;LIME Subset Stability;LIME Weight Stability;LIME Adjusted Weight Stability;ACV Subset Stability;ACV Weight Stability;ACV Adjusted Weight Stability;LINDA Subset Stability;LINDA Weight Stability;LINDA Adjusted Weight Stability";MAPE Correctness;RMSE Correctness;R2 Correctness;Mode
"Case111_4;1;4;1;1.0;1.0;0.7369515094504313;0.7369515094504313;;1.0;1.0;;1.0;1.0;1.0;1.0;1.0";0.40271182891805507;0.40297600242119735;-0.4151515871156414;permutation
"Case188_4;1;4;1;1.0;1.0;0.8122019146796824;0.8122019146796824;;1.0;1.0;;1.0;1.0;;1.0;1.0";;;;permutation
"Case190_4;0;4;0;1.0;1.0;0.985279199264123;0.985279199264123;;1.0;1.0;;1.0;1.0;;1.0;1.0";;;;permutation
"Case210_4;0;4;1;1.0;0.8327447518147929;0.7908463841945221;0.7908463841945221;;1.0;1.0;;1.0;1.0;1.0;1.0;1.0";0.42505608970753817;0.4252299054832152;-0.41497546909471644;permutation
"Case225_4;1;4;1;1.0;1.0;0.827280777951652;0.827280777951652;;1.0;1.0;;1.0;1.0;;1.0;1.0";;;;permutation
"Case236_4;0;4;0;1.0;1.0;0.4719335546640932;0.4719335546640932;;1.0;1.0;;1.0;1.0;1.0;1.0;1.0";0.3748878307129958;0.37493068976624044;-0.3810169485876426;permutation
"Case242_4;1;4;1;1.0;1.0;0.8457261777027998;0.8457261777027998;;1.0;1.0;;1.0;1.0;1.0;1.0;1.0";0.4183574369423301;0.41852337497509623;-0.4066425673015231;permutation
"Case72_4;0;4;0;1.0;1.0;0.8848895120131;0.8848895120131;;1.0;1.0;;1.0;1.0;;1.0;1.0";;;;permutation
