"Case ID;Actual;Prefix Length;Prediction;Prediction Probability;SHAP Subset Stability;SHAP Weight Stability;SHAP Adjusted Weight Stability;LIME Subset Stability;LIME Weight Stability;LIME Adjusted Weight Stability;ACV Subset Stability;ACV Weight Stability;ACV Adjusted Weight Stability";MAPE Correctness;RMSE Correctness;R2 Correctness;Mode
"Case210_9;0;9;0;1.0;1.0;0.9998861650776236;0.9998861650776236;;1.0;1.0;;1.0;1.0";0.4297510720716521;0.4297668957269287;-0.4494018165087468;permutation
"Case211_9;0;9;0;1.0;1.0;0.9979079069479014;0.9979079069479014;;1.0;1.0;;1.0;1.0";;;;permutation
"Case249_9;1;9;0;1.0;1.0;0.999916959732832;0.999916959732832;;1.0;1.0;;1.0;1.0";0.4349578401450103;0.43507900076734835;-0.4561336163042949;permutation
"Case250_9;0;9;0;1.0;1.0;0.9692701473620036;0.9692701473620036;;1.0;1.0;;1.0;1.0";;;;permutation
"Case274_9;0;9;0;1.0;1.0;0.9997644199705178;0.9997644199705178;;1.0;1.0;;1.0;1.0";;;;permutation
"Case37_9;1;9;1;1.0;1.0;0.9998518888343058;0.9998518888343058;;1.0;1.0;;1.0;1.0";;;;permutation
"Case6_9;1;9;1;1.0;1.0;0.999861251209628;0.999861251209628;;1.0;1.0;;1.0;1.0";0.28055904994055286;0.28055904994055286;-0.2842620026219618;permutation
"Case73_9;1;9;1;1.0;1.0;0.9997427277177359;0.9997427277177359;;1.0;1.0;;1.0;1.0";;;;permutation
