Case ID;Actual;Prefix Length;Prediction;Prediction Probability;SHAP Subset Stability;SHAP Weight Stability;SHAP Adjusted Weight Stability;LIME Subset Stability;LIME Weight Stability;LIME Adjusted Weight Stability;ACV Subset Stability;ACV Weight Stability;ACV Adjusted Weight Stability;SHAP Precision;SHAP Recall;SHAP Correlation
Case12_6;0;6;0;1.0;1.0;0.7574921195863435;0.7574921195863435;;1.0;1.0;;1.0;1.0;1.0;0.5;0.18334735775260322
Case18_6;1;6;1;1.0;1.0;0.976950502998956;0.976950502998956;;1.0;1.0;;1.0;1.0;1.0;0.3333333333333333;0.17261188378592762
Case207_6;1;6;1;1.0;1.0;0.8981892972805768;0.8981892972805768;;1.0;1.0;;1.0;1.0;1.0;1.0;0.22201517719711197
Case208_6;1;6;1;1.0;1.0;0.7616172006172387;0.7616172006172387;;1.0;1.0;;1.0;1.0;1.0;0.3333333333333333;0.1563180248374298
Case254_6;0;6;0;1.0;1.0;0.9982202521736356;0.9982202521736356;;1.0;1.0;;1.0;1.0;1.0;0.125;0.2056028961756571
Case268_6;1;6;1;1.0;1.0;0.9476495809006862;0.9476495809006862;;1.0;1.0;;1.0;1.0;1.0;1.0;0.25826222810420907
Case56_6;0;6;0;1.0;1.0;0.9974211279507004;0.9974211279507004;;1.0;1.0;;1.0;1.0;1.0;0.3333333333333333;0.20687724469862087
Case62_6;0;6;0;1.0;1.0;0.9975504576265619;0.9975504576265619;;1.0;1.0;;1.0;1.0;1.0;0.5;0.17853535381149355
