Case ID;Actual;Prefix Length;Prediction;Prediction Probability;SHAP Subset Stability;SHAP Weight Stability;SHAP Adjusted Weight Stability;LIME Subset Stability;LIME Weight Stability;LIME Adjusted Weight Stability;ACV Subset Stability;ACV Weight Stability;ACV Adjusted Weight Stability;LINDA Subset Stability;LINDA Weight Stability;LINDA Adjusted Weight Stability;SHAP Precision;SHAP Recall;SHAP Correlation
Case111_4;1;4;1;1.0;1.0;0.7369515094504313;0.7369515094504313;;1.0;1.0;;1.0;1.0;1.0;1.0;1.0;1.0;1.0;0.11894275734977439
Case188_4;1;4;1;1.0;1.0;0.8122019146796824;0.8122019146796824;;1.0;1.0;;1.0;1.0;;1.0;1.0;1.0;0.5;0.06636637832980913
Case190_4;0;4;0;1.0;1.0;0.985279199264123;0.985279199264123;;1.0;1.0;;1.0;1.0;;1.0;1.0;1.0;0.5;0.12081913753150417
Case210_4;0;4;1;1.0;0.8327447518147929;0.7908463841945221;0.7908463841945221;;1.0;1.0;;1.0;1.0;1.0;1.0;1.0;1.0;1.0;0.06863303568194801
Case225_4;1;4;1;1.0;1.0;0.827280777951652;0.827280777951652;;1.0;1.0;;1.0;1.0;;1.0;1.0;1.0;0.5;0.07027878790811902
Case236_4;0;4;0;1.0;1.0;0.4719335546640932;0.4719335546640932;;1.0;1.0;;1.0;1.0;1.0;1.0;1.0;1.0;0.3333333333333333;0.11748587545937451
Case242_4;1;4;1;1.0;1.0;0.8457261777027998;0.8457261777027998;;1.0;1.0;;1.0;1.0;1.0;1.0;1.0;1.0;1.0;0.0857722124839538
Case72_4;0;4;0;1.0;1.0;0.8848895120131;0.8848895120131;;1.0;1.0;;1.0;1.0;;1.0;1.0;1.0;0.5;0.1164064134733616
