Case ID;Actual;Prefix Length;Prediction;Prediction Probability;SHAP Subset Stability;SHAP Weight Stability;SHAP Adjusted Weight Stability;LIME Subset Stability;LIME Weight Stability;LIME Adjusted Weight Stability;ACV Subset Stability;ACV Weight Stability;ACV Adjusted Weight Stability;LINDA Subset Stability;LINDA Weight Stability;LINDA Adjusted Weight Stability;SHAP Precision;SHAP Recall;SHAP Correlation
Case100_5;0;5;0;1.0;1.0;0.7807033445628238;0.7807033445628238;;1.0;1.0;;1.0;1.0;1.0;1.0;1.0;0.0;0.0;0.10745160055883882
Case110_5;1;5;1;1.0;1.0;0.9849338864934644;0.9849338864934644;;1.0;1.0;;1.0;1.0;;1.0;1.0;1.0;1.0;0.10563055443118545
Case211_5;0;5;0;1.0;1.0;0.98412598028338;0.98412598028338;;1.0;1.0;;1.0;1.0;;1.0;1.0;1.0;0.6666666666666666;0.12729770404137142
Case240_5;1;5;1;1.0;1.0;0.9958584726835832;0.9958584726835832;;1.0;1.0;;1.0;1.0;;1.0;1.0;1.0;0.5;0.06482770262584256
Case33_5;1;5;1;1.0;1.0;0.917335972815038;0.917335972815038;;1.0;1.0;;1.0;1.0;;1.0;1.0;1.0;1.0;0.08703035237582345
Case58_5;0;5;0;1.0;1.0;0.9929558171316528;0.9929558171316528;;1.0;1.0;;1.0;1.0;;1.0;1.0;1.0;1.0;0.10479250013848794
Case70_5;1;5;1;1.0;1.0;0.9916317899330296;0.9916317899330296;;1.0;1.0;;1.0;1.0;;1.0;1.0;1.0;1.0;0.12600352862865896
Case96_5;0;5;0;1.0;1.0;0.8685696921604776;0.8685696921604776;;1.0;1.0;;1.0;1.0;;1.0;1.0;1.0;1.0;0.13054160877522236
