Case ID;Actual;Prefix Length;Prediction;Prediction Probability;SHAP Subset Stability;SHAP Weight Stability;SHAP Adjusted Weight Stability;LIME Subset Stability;LIME Weight Stability;LIME Adjusted Weight Stability;ACV Subset Stability;ACV Weight Stability;ACV Adjusted Weight Stability;SHAP Precision;SHAP Recall;SHAP Correlation;LIME Precision;LIME Recall;LIME Correlation
Case115_8;1;8;1;1.0;1.0;0.9703189312246718;0.9703189312246718;;1.0;1.0;;1.0;1.0;1.0;0.16666666666666666;0.20724751278410986;0.0;0.0;0.5172344456349578
Case119_8;0;8;1;1.0;1.0;0.8552523328573449;0.8552523328573449;;1.0;1.0;;1.0;1.0;0.0;0.0;0.2509253282203628;0.0;0.0;0.4876996445616398
Case127_8;1;8;1;1.0;1.0;0.9634964333582308;0.9634964333582308;;1.0;1.0;;1.0;1.0;1.0;0.3333333333333333;0.22499907040495254;0.0;0.0;0.5185882461093737
Case251_8;0;8;0;1.0;1.0;0.9385891428036296;0.9385891428036296;;1.0;1.0;;1.0;1.0;1.0;1.0;0.2832150187412413;0.0;0.0;0.5101927144241272
Case27_8;0;8;0;1.0;1.0;0.9656715291073408;0.9656715291073408;;1.0;1.0;;1.0;1.0;0.0;0.0;0.2513251304223271;0.0;0.0;0.5236077453144845
Case28_8;1;8;1;1.0;1.0;0.9797220197577352;0.9797220197577352;;1.0;1.0;;1.0;1.0;1.0;0.5;0.2386429072641984;0.0;0.0;0.5299942088554463
Case61_8;1;8;1;1.0;1.0;0.9789439215809232;0.9789439215809232;;1.0;1.0;;1.0;1.0;1.0;0.5;0.2882545928719236;0.0;0.0;0.49403875189642865
Case9_8;0;8;0;1.0;1.0;0.9615073113461914;0.9615073113461914;;1.0;1.0;;1.0;1.0;1.0;0.4;0.29475344092348305;0.16666666666666666;0.2;0.5097673456622671
