Case ID;Actual;Prefix Length;Prediction;Prediction Probability;SHAP Subset Stability;SHAP Weight Stability;SHAP Adjusted Weight Stability;LIME Subset Stability;LIME Weight Stability;LIME Adjusted Weight Stability;ACV Subset Stability;ACV Weight Stability;ACV Adjusted Weight Stability;SHAP Precision;SHAP Recall;SHAP Correlation;LIME Precision;LIME Recall;LIME Correlation
Case135_12;1;12;1;1.0;1.0;0.9998417412946996;0.9998417412946996;;1.0;1.0;;1.0;1.0;1.0;0.08333333333333333;0.3862408959875275;0.0;0.0;0.4983639084441882
Case210_12;0;12;0;1.0;1.0;0.999832940551486;0.999832940551486;;1.0;1.0;;1.0;1.0;1.0;1.0;0.4953994950735048;0.0;0.0;0.5100857368619872
Case240_12;1;12;1;1.0;1.0;0.9998561501303244;0.9998561501303244;;1.0;1.0;;1.0;1.0;1.0;0.1111111111111111;0.3905443830393315;0.0;0.0;0.5010879876147173
Case263_12;0;12;0;1.0;1.0;0.9997892098053536;0.9997892098053536;;1.0;1.0;;1.0;1.0;1.0;0.5;0.4947816625808269;0.0;0.0;0.5193535622167126
Case265_12;0;12;0;1.0;1.0;0.9998335739287162;0.9998335739287162;;1.0;1.0;;1.0;1.0;1.0;0.5;0.495374954248166;0.0;0.0;0.4994848703033873
Case55_12;1;12;1;1.0;1.0;0.9998366575328372;0.9998366575328372;;1.0;1.0;;1.0;1.0;1.0;0.07142857142857142;0.3870391127779592;0.0;0.0;0.49875801983153695
Case61_12;1;12;1;1.0;1.0;0.9998468172266856;0.9998468172266856;;1.0;1.0;;1.0;1.0;1.0;0.16666666666666666;0.38759597127687306;0.0;0.0;0.5003947334666955
Case90_12;0;12;0;1.0;1.0;0.9998077495764184;0.9998077495764184;;1.0;1.0;;1.0;1.0;1.0;1.0;0.5028376613118053;0.0;0.0;0.5056813528588132
