Case ID;Actual;Prefix Length;Prediction;Prediction Probability;SHAP Subset Stability;SHAP Weight Stability;SHAP Adjusted Weight Stability;LIME Subset Stability;LIME Weight Stability;LIME Adjusted Weight Stability;ACV Subset Stability;ACV Weight Stability;ACV Adjusted Weight Stability;SHAP Precision;SHAP Recall;SHAP Correlation;LIME Precision;LIME Recall;LIME Correlation
Case12_6;0;6;0;1.0;1.0;0.7574921195863435;0.7574921195863435;;1.0;1.0;;1.0;1.0;1.0;0.5;0.1833473577526032;0.125;0.25;0.6122433233733998
Case18_6;1;6;1;1.0;1.0;0.976950502998956;0.976950502998956;;1.0;1.0;;1.0;1.0;1.0;0.3333333333333333;0.17261188378592762;0.0;0.0;0.5806271443107515
Case207_6;1;6;1;1.0;1.0;0.8981892972805768;0.8981892972805768;;1.0;1.0;;1.0;1.0;1.0;1.0;0.222015177197112;0.0;0.0;0.5989422462839904
Case208_6;1;6;1;1.0;1.0;0.7616172006172387;0.7616172006172387;;1.0;1.0;;1.0;1.0;1.0;0.3333333333333333;0.1563180248374298;0.0;0.0;0.5882887830522521
Case254_6;0;6;0;1.0;1.0;0.9982202521736356;0.9982202521736356;;1.0;1.0;;1.0;1.0;1.0;0.125;0.2056028961756571;0.0;0.0;0.5813296442550149
Case268_6;1;6;1;1.0;1.0;0.9476495809006862;0.9476495809006862;;1.0;1.0;;1.0;1.0;1.0;1.0;0.2582622281042091;0.0;0.0;0.6066913854715175
Case56_6;0;6;0;1.0;1.0;0.9974211279507004;0.9974211279507004;;1.0;1.0;;1.0;1.0;1.0;0.3333333333333333;0.20687724469862087;0.0;0.0;0.5746708628488965
Case62_6;0;6;0;1.0;1.0;0.997550457626562;0.997550457626562;;1.0;1.0;;1.0;1.0;1.0;0.5;0.17853535381149355;0.1;0.5;0.5829195000927024
