Case ID;Actual;Prefix Length;Prediction;Prediction Probability;SHAP Subset Stability;SHAP Weight Stability;SHAP Adjusted Weight Stability;LIME Subset Stability;LIME Weight Stability;LIME Adjusted Weight Stability;ACV Subset Stability;ACV Weight Stability;ACV Adjusted Weight Stability;SHAP Precision;SHAP Recall;SHAP Correlation
Case127_10;1;10;1;1.0;1.0;0.9998445734620988;0.9998445734620988;;1.0;1.0;;1.0;1.0;1.0;0.25;0.4456575734492009
Case251_10;0;10;0;1.0;1.0;0.9997953419794156;0.9997953419794156;;1.0;1.0;;1.0;1.0;1.0;0.16666666666666666;0.4772343406049846
Case274_10;0;10;0;1.0;1.0;0.9997742868302903;0.9997742868302903;;1.0;1.0;;1.0;1.0;1.0;0.2857142857142857;0.4875228788117517
Case32_10;1;10;1;1.0;1.0;0.9998593238994692;0.9998593238994692;;1.0;1.0;;1.0;1.0;1.0;0.14285714285714285;0.42811170263491877
Case38_10;1;10;1;1.0;1.0;0.9998410839627216;0.9998410839627216;;1.0;1.0;;1.0;1.0;1.0;0.08333333333333333;0.42829221388105804
Case44_10;1;10;1;1.0;1.0;0.9997874786160996;0.9997874786160996;;1.0;1.0;;1.0;1.0;1.0;0.1;0.42101770392715526
Case67_10;0;10;0;1.0;1.0;0.9998553801334652;0.9998553801334652;;1.0;1.0;;1.0;1.0;1.0;0.5;0.45922870430408325
Case9_10;0;10;0;1.0;1.0;0.9997267781869692;0.9997267781869692;;1.0;1.0;;1.0;1.0;1.0;0.125;0.4780525841787405
