Case ID;Actual;Prefix Length;Prediction;Prediction Probability;SHAP Subset Stability;SHAP Weight Stability;SHAP Adjusted Weight Stability;LIME Subset Stability;LIME Weight Stability;LIME Adjusted Weight Stability;ACV Subset Stability;ACV Weight Stability;ACV Adjusted Weight Stability;SHAP Precision;SHAP Recall;SHAP Correlation;LIME Precision;LIME Recall;LIME Correlation
Case17_13;1;13;1;1.0;1.0;0.9997989945330842;0.9997989945330842;;1.0;1.0;;1.0;1.0;1.0;0.10344827586206896;0.4039239472169303;0.0;0.0;0.49966354081507725
Case19_13;1;13;1;1.0;1.0;0.999891390831072;0.999891390831072;;1.0;1.0;;1.0;1.0;1.0;0.5;0.3642523525277274;0.0;0.0;0.5000822667137116
Case21_13;1;13;1;1.0;1.0;0.9998307183981824;0.9998307183981824;;1.0;1.0;;1.0;1.0;1.0;0.05882352941176471;0.38204855483182576;0.0;0.0;0.5016703889436821
Case265_13;0;13;0;1.0;1.0;0.9997297186993;0.9997297186993;;1.0;1.0;;1.0;1.0;1.0;0.2;0.4931663544789858;0.0;0.0;0.5069146227162664
Case269_13;0;13;0;1.0;1.0;0.9998858698755873;0.9998858698755873;;1.0;1.0;;1.0;1.0;0.0;0.0;0.4924624318414623;0.0;0.0;0.5153919069762836
Case273_13;0;13;0;1.0;1.0;0.9996880476176898;0.9996880476176898;;1.0;1.0;;1.0;1.0;1.0;0.1111111111111111;0.4991577950871214;0.0;0.0;0.512132911532937
Case89_13;0;13;0;1.0;1.0;0.9997963237163792;0.9997963237163792;;1.0;1.0;;1.0;1.0;1.0;0.3333333333333333;0.5044299961458211;0.0;0.0;0.5108732313700018
Case95_13;1;13;1;1.0;1.0;0.9997941573728374;0.9997941573728374;;1.0;1.0;;1.0;1.0;1.0;0.15;0.4063585188029172;0.0;0.0;0.5040131330558137
