Case ID;Actual;Prefix Length;Prediction;Prediction Probability;SHAP Subset Stability;SHAP Weight Stability;SHAP Adjusted Weight Stability;LIME Subset Stability;LIME Weight Stability;LIME Adjusted Weight Stability;ACV Subset Stability;ACV Weight Stability;ACV Adjusted Weight Stability;SHAP Precision;SHAP Recall;SHAP Correlation;LIME Precision;LIME Recall;LIME Correlation
Case19_7;1;7;0;1.0;1.0;0.9847023930688222;0.9847023930688222;;1.0;1.0;;1.0;1.0;0.0;0.0;0.20346284731819653;0.0;0.0;0.5867335653108651
Case264_7;1;7;1;1.0;1.0;0.9668205155563178;0.9668205155563178;;1.0;1.0;;1.0;1.0;1.0;0.5;0.1412505926674857;0.0;0.0;0.5879292997742486
Case63_7;1;7;1;1.0;1.0;0.9759744338515676;0.9759744338515676;;1.0;1.0;;1.0;1.0;1.0;0.09090909090909093;0.15216770308831093;0.0;0.0;0.5970994212619137
Case64_7;0;7;1;1.0;1.0;0.8622833045454485;0.8622833045454485;;1.0;1.0;;1.0;1.0;1.0;0.3333333333333333;0.1409566993038683;0.0;0.0;0.5784881918093902
Case6_7;1;7;0;1.0;1.0;0.9900997410802092;0.9900997410802092;;1.0;1.0;;1.0;1.0;0.0;0.0;0.19733657171362232;0.0;0.0;0.5761190488429714
Case89_7;0;7;0;1.0;1.0;0.8224257088931959;0.8224257088931959;;1.0;1.0;;1.0;1.0;1.0;0.5;0.2189704166994924;0.0;0.0;0.5752062324157509
Case96_7;0;7;0;1.0;1.0;0.9836196087372842;0.9836196087372842;;1.0;1.0;;1.0;1.0;1.0;0.2;0.27630207379857885;0.16666666666666666;0.2;0.557714265683221
Case99_7;0;7;1;1.0;1.0;0.8657314775867456;0.8657314775867456;;1.0;1.0;;1.0;1.0;1.0;1.0;0.2302484417337489;0.0;0.0;0.5730351386449364
