Case ID;Actual;Prefix Length;Prediction;Prediction Probability;SHAP Subset Stability;SHAP Weight Stability;SHAP Adjusted Weight Stability;LIME Subset Stability;LIME Weight Stability;LIME Adjusted Weight Stability;ACV Subset Stability;ACV Weight Stability;ACV Adjusted Weight Stability;LINDA Subset Stability;LINDA Weight Stability;LINDA Adjusted Weight Stability;SHAP Precision;SHAP Recall;SHAP Correlation;LIME Precision;LIME Recall;LIME Correlation
Case118_3;1;3;1;1.0;1.0;0.9634820732267779;0.9634820732267779;0.9342040170179085;0.9844648606476616;0.9844648606476616;;1.0;1.0;1.0;1.0;1.0;1.0;1.0;0.03982018004090279;0.0;0.0;0.629131677866111
Case125_3;0;3;1;1.0;0.5814451158106748;0.7826602069395782;0.7826602069395782;0.9160441263539164;0.9786375569593186;0.9786375569593186;;1.0;1.0;1.0;1.0;1.0;1.0;1.0;0.054856856075462604;0.0;0.0;0.6341483132097335
Case127_3;1;3;1;1.0;0.5984905660377359;0.8985974339834716;0.8985974339834716;0.9427861017547032;0.982624386757396;0.982624386757396;;1.0;1.0;1.0;1.0;1.0;1.0;1.0;0.05953840114344025;0.0;0.0;0.6247991291602553
Case248_3;1;3;1;1.0;0.8325780463242698;0.8287979356737555;0.8287979356737555;0.960869364200722;0.9551831084546896;0.9551831084546896;;1.0;1.0;1.0;1.0;1.0;1.0;1.0;0.0380121828348842;0.0;0.0;0.6435738031973373
Case34_3;0;3;1;1.0;0.5814451158106748;0.9170770641513312;0.9170770641513312;0.900365312498623;0.9758599803264169;0.9758599803264169;;1.0;1.0;1.0;1.0;1.0;0.0;0.0;0.043499151791222025;0.0;0.0;0.636029551463592
Case87_3;1;3;1;1.0;0.3303121852970795;0.8930162679770811;0.8930162679770811;0.9109672459662096;0.9701099195942472;0.9701099195942472;;1.0;1.0;;1.0;1.0;1.0;1.0;0.09335629929832373;0.0;0.0;0.6312034134286298
Case90_3;0;3;0;1.0;0.7845804988662132;0.9297317483268046;0.9297317483268046;0.9487093788564376;0.9726888901559;0.9726888901559;;1.0;1.0;;1.0;1.0;1.0;1.0;0.15989678521253806;0.0;0.0;0.6575406627344684
Case99_3;0;3;1;1.0;0.7845804988662132;0.9312209750994676;0.9312209750994676;0.8617869648706653;0.9392748505962234;0.9392748505962234;;1.0;1.0;;1.0;1.0;1.0;1.0;0.10182620105587087;0.0;0.0;0.6172585384659955
