Case ID;Actual;Prefix Length;Prediction;Prediction Probability;SHAP Subset Stability;SHAP Weight Stability;SHAP Adjusted Weight Stability;LIME Subset Stability;LIME Weight Stability;LIME Adjusted Weight Stability;ACV Subset Stability;ACV Weight Stability;ACV Adjusted Weight Stability;SHAP Precision;SHAP Recall;SHAP Correlation;LIME Precision;LIME Recall;LIME Correlation
Case210_9;0;9;0;1.0;1.0;0.9998861650776236;0.9998861650776236;;1.0;1.0;;1.0;1.0;0.0;0.0;0.4177041686119716;0.0;0.0;0.49270622655189816
Case211_9;0;9;0;1.0;1.0;0.9979079069479014;0.9979079069479014;;1.0;1.0;;1.0;1.0;1.0;0.25;0.4744765161745018;0.0;0.0;0.4633233657015791
Case249_9;1;9;0;1.0;1.0;0.999916959732832;0.999916959732832;;1.0;1.0;;1.0;1.0;0.0;0.0;0.4496276536318493;0.0;0.0;0.5086974100372867
Case250_9;0;9;0;1.0;1.0;0.9692701473620036;0.9692701473620036;;1.0;1.0;;1.0;1.0;1.0;0.09523809523809523;0.4760067972413515;0.0;0.0;0.4948053361296795
Case274_9;0;9;0;1.0;1.0;0.9997644199705178;0.9997644199705178;;1.0;1.0;;1.0;1.0;1.0;0.3333333333333333;0.4770417487999171;0.5;0.16666666666666666;0.48768953254784553
Case37_9;1;9;1;1.0;1.0;0.9998518888343058;0.9998518888343058;;1.0;1.0;;1.0;1.0;1.0;0.5;0.4709950410132202;0.0;0.0;0.4757029137807468
Case6_9;1;9;1;1.0;1.0;0.999861251209628;0.999861251209628;;1.0;1.0;;1.0;1.0;1.0;1.0;0.5473772978785678;0.0;0.0;0.49649915472537737
Case73_9;1;9;1;1.0;1.0;0.9997427277177359;0.9997427277177359;;1.0;1.0;;1.0;1.0;1.0;0.1875;0.4576954916455781;0.0;0.0;0.4947351577174154
