Case ID;Actual;Prefix Length;Prediction;Prediction Probability;SHAP Subset Stability;SHAP Weight Stability;SHAP Adjusted Weight Stability;LIME Subset Stability;LIME Weight Stability;LIME Adjusted Weight Stability;ACV Subset Stability;ACV Weight Stability;ACV Adjusted Weight Stability;SHAP Precision;SHAP Recall;SHAP Correlation;LIME Precision;LIME Recall;LIME Correlation
Case207_11;1;11;1;1.0;1.0;0.9998595895848404;0.9998595895848404;;1.0;1.0;;1.0;1.0;1.0;0.16666666666666666;0.3818649927491057;0.0;0.0;0.4834874267291519
Case209_11;0;11;0;1.0;1.0;0.9998378491997943;0.9998378491997943;;1.0;1.0;;1.0;1.0;1.0;0.5;0.4729532819553388;0.0;0.0;0.48452944303156875
Case263_11;0;11;0;1.0;1.0;0.9998115642449372;0.9998115642449372;;1.0;1.0;;1.0;1.0;1.0;0.5;0.4733900310617944;0.0;0.0;0.4840854944080556
Case277_11;1;11;1;1.0;1.0;0.9998112878242564;0.9998112878242564;;1.0;1.0;;1.0;1.0;1.0;0.15384615384615385;0.3912979476533429;0.0;0.0;0.4813256370381634
Case27_11;0;11;0;1.0;1.0;0.9998735929354432;0.9998735929354432;;1.0;1.0;;1.0;1.0;0.0;0.0;0.464218215899853;0.0;0.0;0.4895297355261284
Case3_11;0;11;0;1.0;1.0;0.9998495215652154;0.9998495215652154;;1.0;1.0;;1.0;1.0;1.0;1.0;0.4704923228147727;0.0;0.0;0.4629919695904747
Case44_11;1;11;1;1.0;1.0;0.9998358416952572;0.9998358416952572;;1.0;1.0;;1.0;1.0;1.0;0.16666666666666666;0.3823016966998884;0.0;0.0;0.482608436689798
Case95_11;1;11;1;1.0;1.0;0.9998164996178448;0.9998164996178448;;1.0;1.0;;1.0;1.0;1.0;0.05882352941176471;0.4169633666272345;0.0;0.0;0.4867641674321455
